mode,event,java,model,n_adm,agree,camActive,hcmActive,inOpez,momReturn,velBelowOrAtOne,odistCdynAboveOne,odistCstcAboveOne,cdaAboveOrAtMinSafe,cause
OCM,ReqVel,OCM,MOM|OCM,2,False,False,False,False,False,True,True,True,False,C2: event not in guard (OCMToMOM fires on any event)
OCM,ReqHdng,OCM,MOM|OCM,2,False,False,False,False,False,True,True,True,False,C2: event not in guard (OCMToMOM fires on any event)
OCM,ReqOCM,OCM,MOM,1,False,False,False,False,False,True,True,True,False,C2: event not in guard (OCMToMOM fires on any event)
OCM,EndTask,OCM,MOM,1,False,False,False,False,False,True,True,True,False,C2: event not in guard (OCMToMOM fires on any event)
OCM,ReqHCM,OCM,MOM,1,False,False,False,False,False,True,True,True,False,C2: event not in guard (OCMToMOM fires on any event)
OCM,tick,OCM,MOM,1,False,False,False,False,False,True,True,True,False,C2: event not in guard (OCMToMOM fires on any event)
OCM,ReqVel,OCM,MOM|OCM,2,False,False,False,False,False,True,True,True,True,C2: event not in guard (OCMToMOM fires on any event)
OCM,ReqHdng,OCM,MOM|OCM,2,False,False,False,False,False,True,True,True,True,C2: event not in guard (OCMToMOM fires on any event)
OCM,ReqOCM,OCM,MOM,1,False,False,False,False,False,True,True,True,True,C2: event not in guard (OCMToMOM fires on any event)
OCM,EndTask,OCM,MOM,1,False,False,False,False,False,True,True,True,True,C2: event not in guard (OCMToMOM fires on any event)
OCM,ReqHCM,OCM,MOM,1,False,False,False,False,False,True,True,True,True,C2: event not in guard (OCMToMOM fires on any event)
OCM,tick,OCM,MOM,1,False,False,False,False,False,True,True,True,True,C2: event not in guard (OCMToMOM fires on any event)
HCM,ReqOCM,MOM,MOM|OCM,2,False,False,False,False,True,False,False,False,False,C1: priority not encoded (event-triggered op stays enabled under higher-priority autonomous guard)
HCM,ReqOCM,MOM,MOM|OCM,2,False,False,False,False,True,False,False,False,True,C1: priority not encoded (event-triggered op stays enabled under higher-priority autonomous guard)
HCM,ReqOCM,MOM,MOM|OCM,2,False,False,False,False,True,False,False,True,False,C1: priority not encoded (event-triggered op stays enabled under higher-priority autonomous guard)
HCM,ReqOCM,MOM,MOM|OCM,2,False,False,False,False,True,False,False,True,True,C1: priority not encoded (event-triggered op stays enabled under higher-priority autonomous guard)
HCM,ReqOCM,MOM,MOM|OCM,2,False,False,False,False,True,False,True,False,False,C1: priority not encoded (event-triggered op stays enabled under higher-priority autonomous guard)
HCM,ReqOCM,MOM,MOM|OCM,2,False,False,False,False,True,False,True,False,True,C1: priority not encoded (event-triggered op stays enabled under higher-priority autonomous guard)
HCM,ReqOCM,MOM,MOM|OCM,2,False,False,False,False,True,False,True,True,False,C1: priority not encoded (event-triggered op stays enabled under higher-priority autonomous guard)
HCM,ReqOCM,MOM,MOM|OCM,2,False,False,False,False,True,False,True,True,True,C1: priority not encoded (event-triggered op stays enabled under higher-priority autonomous guard)
HCM,ReqOCM,MOM,MOM|OCM,2,False,False,False,False,True,True,False,False,False,C1: priority not encoded (event-triggered op stays enabled under higher-priority autonomous guard)
HCM,ReqOCM,MOM,MOM|OCM,2,False,False,False,False,True,True,False,False,True,C1: priority not encoded (event-triggered op stays enabled under higher-priority autonomous guard)
HCM,ReqOCM,MOM,MOM|OCM,2,False,False,False,False,True,True,False,True,False,C1: priority not encoded (event-triggered op stays enabled under higher-priority autonomous guard)
HCM,ReqOCM,MOM,MOM|OCM,2,False,False,False,False,True,True,False,True,True,C1: priority not encoded (event-triggered op stays enabled under higher-priority autonomous guard)
HCM,ReqOCM,MOM,MOM|OCM,2,False,False,False,False,True,True,True,False,False,C1: priority not encoded (event-triggered op stays enabled under higher-priority autonomous guard)
HCM,ReqOCM,MOM,MOM|OCM,2,False,False,False,False,True,True,True,False,True,C1: priority not encoded (event-triggered op stays enabled under higher-priority autonomous guard)
OCM,ReqVel,OCM,MOM|OCM,2,False,False,False,False,True,True,True,True,False,C2: event not in guard (OCMToMOM fires on any event)
OCM,ReqHdng,OCM,MOM|OCM,2,False,False,False,False,True,True,True,True,False,C2: event not in guard (OCMToMOM fires on any event)
OCM,ReqOCM,OCM,MOM,1,False,False,False,False,True,True,True,True,False,C2: event not in guard (OCMToMOM fires on any event)
OCM,EndTask,OCM,MOM,1,False,False,False,False,True,True,True,True,False,C2: event not in guard (OCMToMOM fires on any event)
OCM,ReqHCM,OCM,MOM,1,False,False,False,False,True,True,True,True,False,C2: event not in guard (OCMToMOM fires on any event)
OCM,tick,OCM,MOM,1,False,False,False,False,True,True,True,True,False,C2: event not in guard (OCMToMOM fires on any event)
HCM,ReqOCM,MOM,MOM|OCM,2,False,False,False,False,True,True,True,True,False,C1: priority not encoded (event-triggered op stays enabled under higher-priority autonomous guard)
OCM,ReqVel,OCM,MOM|OCM,2,False,False,False,False,True,True,True,True,True,C2: event not in guard (OCMToMOM fires on any event)
OCM,ReqHdng,OCM,MOM|OCM,2,False,False,False,False,True,True,True,True,True,C2: event not in guard (OCMToMOM fires on any event)
OCM,ReqOCM,OCM,MOM,1,False,False,False,False,True,True,True,True,True,C2: event not in guard (OCMToMOM fires on any event)
OCM,EndTask,OCM,MOM,1,False,False,False,False,True,True,True,True,True,C2: event not in guard (OCMToMOM fires on any event)
OCM,ReqHCM,OCM,MOM,1,False,False,False,False,True,True,True,True,True,C2: event not in guard (OCMToMOM fires on any event)
OCM,tick,OCM,MOM,1,False,False,False,False,True,True,True,True,True,C2: event not in guard (OCMToMOM fires on any event)
HCM,ReqOCM,MOM,MOM|OCM,2,False,False,False,False,True,True,True,True,True,C1: priority not encoded (event-triggered op stays enabled under higher-priority autonomous guard)
MOM,ReqHCM,OCM,HCM|OCM,2,False,False,False,True,False,False,False,False,False,C1: priority not encoded (event-triggered op stays enabled under higher-priority autonomous guard)
MOM,ReqHCM,OCM,HCM|OCM,2,False,False,False,True,False,False,False,False,True,C1: priority not encoded (event-triggered op stays enabled under higher-priority autonomous guard)
MOM,ReqHCM,OCM,HCM|OCM,2,False,False,False,True,False,False,False,True,False,C1: priority not encoded (event-triggered op stays enabled under higher-priority autonomous guard)
MOM,ReqHCM,OCM,HCM|OCM,2,False,False,False,True,False,False,False,True,True,C1: priority not encoded (event-triggered op stays enabled under higher-priority autonomous guard)
MOM,ReqHCM,OCM,HCM|OCM,2,False,False,False,True,False,False,True,False,False,C1: priority not encoded (event-triggered op stays enabled under higher-priority autonomous guard)
MOM,ReqHCM,OCM,HCM|OCM,2,False,False,False,True,False,False,True,False,True,C1: priority not encoded (event-triggered op stays enabled under higher-priority autonomous guard)
MOM,ReqHCM,OCM,HCM|OCM,2,False,False,False,True,False,False,True,True,False,C1: priority not encoded (event-triggered op stays enabled under higher-priority autonomous guard)
MOM,ReqHCM,OCM,HCM|OCM,2,False,False,False,True,False,False,True,True,True,C1: priority not encoded (event-triggered op stays enabled under higher-priority autonomous guard)
MOM,ReqHCM,OCM,HCM|OCM,2,False,False,False,True,False,True,False,False,False,C1: priority not encoded (event-triggered op stays enabled under higher-priority autonomous guard)
MOM,ReqHCM,OCM,HCM|OCM,2,False,False,False,True,False,True,False,False,True,C1: priority not encoded (event-triggered op stays enabled under higher-priority autonomous guard)
MOM,ReqHCM,OCM,HCM|OCM,2,False,False,False,True,False,True,False,True,False,C1: priority not encoded (event-triggered op stays enabled under higher-priority autonomous guard)
MOM,ReqHCM,OCM,HCM|OCM,2,False,False,False,True,False,True,False,True,True,C1: priority not encoded (event-triggered op stays enabled under higher-priority autonomous guard)
MOM,ReqHCM,OCM,HCM|OCM,2,False,False,False,True,False,True,True,False,False,C1: priority not encoded (event-triggered op stays enabled under higher-priority autonomous guard)
MOM,ReqHCM,OCM,HCM|OCM,2,False,False,False,True,False,True,True,False,True,C1: priority not encoded (event-triggered op stays enabled under higher-priority autonomous guard)
MOM,ReqHCM,OCM,HCM|OCM,2,False,False,False,True,False,True,True,True,False,C1: priority not encoded (event-triggered op stays enabled under higher-priority autonomous guard)
MOM,ReqHCM,OCM,HCM|OCM,2,False,False,False,True,False,True,True,True,True,C1: priority not encoded (event-triggered op stays enabled under higher-priority autonomous guard)
MOM,ReqHCM,OCM,HCM|OCM,2,False,False,False,True,True,False,False,False,False,C1: priority not encoded (event-triggered op stays enabled under higher-priority autonomous guard)
MOM,ReqHCM,OCM,HCM|OCM,2,False,False,False,True,True,False,False,False,True,C1: priority not encoded (event-triggered op stays enabled under higher-priority autonomous guard)
MOM,ReqHCM,OCM,HCM|OCM,2,False,False,False,True,True,False,False,True,False,C1: priority not encoded (event-triggered op stays enabled under higher-priority autonomous guard)
MOM,ReqHCM,OCM,HCM|OCM,2,False,False,False,True,True,False,False,True,True,C1: priority not encoded (event-triggered op stays enabled under higher-priority autonomous guard)
MOM,ReqHCM,OCM,HCM|OCM,2,False,False,False,True,True,False,True,False,False,C1: priority not encoded (event-triggered op stays enabled under higher-priority autonomous guard)
MOM,ReqHCM,OCM,HCM|OCM,2,False,False,False,True,True,False,True,False,True,C1: priority not encoded (event-triggered op stays enabled under higher-priority autonomous guard)
MOM,ReqHCM,OCM,HCM|OCM,2,False,False,False,True,True,False,True,True,False,C1: priority not encoded (event-triggered op stays enabled under higher-priority autonomous guard)
MOM,ReqHCM,OCM,HCM|OCM,2,False,False,False,True,True,False,True,True,True,C1: priority not encoded (event-triggered op stays enabled under higher-priority autonomous guard)
MOM,ReqHCM,OCM,HCM|OCM,2,False,False,False,True,True,True,False,False,False,C1: priority not encoded (event-triggered op stays enabled under higher-priority autonomous guard)
MOM,ReqHCM,OCM,HCM|OCM,2,False,False,False,True,True,True,False,False,True,C1: priority not encoded (event-triggered op stays enabled under higher-priority autonomous guard)
MOM,ReqHCM,OCM,HCM|OCM,2,False,False,False,True,True,True,False,True,False,C1: priority not encoded (event-triggered op stays enabled under higher-priority autonomous guard)
MOM,ReqHCM,OCM,HCM|OCM,2,False,False,False,True,True,True,False,True,True,C1: priority not encoded (event-triggered op stays enabled under higher-priority autonomous guard)
MOM,ReqHCM,OCM,HCM|OCM,2,False,False,False,True,True,True,True,False,False,C1: priority not encoded (event-triggered op stays enabled under higher-priority autonomous guard)
MOM,ReqHCM,OCM,HCM|OCM,2,False,False,False,True,True,True,True,False,True,C1: priority not encoded (event-triggered op stays enabled under higher-priority autonomous guard)
MOM,ReqHCM,OCM,HCM|OCM,2,False,False,False,True,True,True,True,True,False,C1: priority not encoded (event-triggered op stays enabled under higher-priority autonomous guard)
MOM,ReqHCM,OCM,HCM|OCM,2,False,False,False,True,True,True,True,True,True,C1: priority not encoded (event-triggered op stays enabled under higher-priority autonomous guard)
MOM,ReqOCM,HCM,HCM|OCM,2,False,False,True,False,False,False,False,False,False,C1: priority not encoded (event-triggered op stays enabled under higher-priority autonomous guard)
MOM,EndTask,HCM,HCM|OCM,2,False,False,True,False,False,False,False,False,False,C1: priority not encoded (event-triggered op stays enabled under higher-priority autonomous guard)
MOM,ReqOCM,HCM,HCM|OCM,2,False,False,True,False,False,False,False,False,True,C1: priority not encoded (event-triggered op stays enabled under higher-priority autonomous guard)
MOM,EndTask,HCM,HCM|OCM,2,False,False,True,False,False,False,False,False,True,C1: priority not encoded (event-triggered op stays enabled under higher-priority autonomous guard)
MOM,ReqOCM,HCM,HCM|OCM,2,False,False,True,False,False,False,False,True,False,C1: priority not encoded (event-triggered op stays enabled under higher-priority autonomous guard)
MOM,EndTask,HCM,HCM|OCM,2,False,False,True,False,False,False,False,True,False,C1: priority not encoded (event-triggered op stays enabled under higher-priority autonomous guard)
MOM,ReqOCM,HCM,HCM|OCM,2,False,False,True,False,False,False,False,True,True,C1: priority not encoded (event-triggered op stays enabled under higher-priority autonomous guard)
MOM,EndTask,HCM,HCM|OCM,2,False,False,True,False,False,False,False,True,True,C1: priority not encoded (event-triggered op stays enabled under higher-priority autonomous guard)
MOM,ReqOCM,HCM,HCM|OCM,2,False,False,True,False,False,False,True,False,False,C1: priority not encoded (event-triggered op stays enabled under higher-priority autonomous guard)
MOM,EndTask,HCM,HCM|OCM,2,False,False,True,False,False,False,True,False,False,C1: priority not encoded (event-triggered op stays enabled under higher-priority autonomous guard)
MOM,ReqOCM,HCM,HCM|OCM,2,False,False,True,False,False,False,True,False,True,C1: priority not encoded (event-triggered op stays enabled under higher-priority autonomous guard)
MOM,EndTask,HCM,HCM|OCM,2,False,False,True,False,False,False,True,False,True,C1: priority not encoded (event-triggered op stays enabled under higher-priority autonomous guard)
MOM,ReqOCM,HCM,HCM|OCM,2,False,False,True,False,False,False,True,True,False,C1: priority not encoded (event-triggered op stays enabled under higher-priority autonomous guard)
MOM,EndTask,HCM,HCM|OCM,2,False,False,True,False,False,False,True,True,False,C1: priority not encoded (event-triggered op stays enabled under higher-priority autonomous guard)
MOM,ReqOCM,HCM,HCM|OCM,2,False,False,True,False,False,False,True,True,True,C1: priority not encoded (event-triggered op stays enabled under higher-priority autonomous guard)
MOM,EndTask,HCM,HCM|OCM,2,False,False,True,False,False,False,True,True,True,C1: priority not encoded (event-triggered op stays enabled under higher-priority autonomous guard)
MOM,ReqOCM,HCM,HCM|OCM,2,False,False,True,False,False,True,False,False,False,C1: priority not encoded (event-triggered op stays enabled under higher-priority autonomous guard)
MOM,EndTask,HCM,HCM|OCM,2,False,False,True,False,False,True,False,False,False,C1: priority not encoded (event-triggered op stays enabled under higher-priority autonomous guard)
MOM,ReqOCM,HCM,HCM|OCM,2,False,False,True,False,False,True,False,False,True,C1: priority not encoded (event-triggered op stays enabled under higher-priority autonomous guard)
MOM,EndTask,HCM,HCM|OCM,2,False,False,True,False,False,True,False,False,True,C1: priority not encoded (event-triggered op stays enabled under higher-priority autonomous guard)
MOM,ReqOCM,HCM,HCM|OCM,2,False,False,True,False,False,True,False,True,False,C1: priority not encoded (event-triggered op stays enabled under higher-priority autonomous guard)
MOM,EndTask,HCM,HCM|OCM,2,False,False,True,False,False,True,False,True,False,C1: priority not encoded (event-triggered op stays enabled under higher-priority autonomous guard)
MOM,ReqOCM,HCM,HCM|OCM,2,False,False,True,False,False,True,False,True,True,C1: priority not encoded (event-triggered op stays enabled under higher-priority autonomous guard)
MOM,EndTask,HCM,HCM|OCM,2,False,False,True,False,False,True,False,True,True,C1: priority not encoded (event-triggered op stays enabled under higher-priority autonomous guard)
MOM,ReqOCM,HCM,HCM|OCM,2,False,False,True,False,False,True,True,False,False,C1: priority not encoded (event-triggered op stays enabled under higher-priority autonomous guard)
MOM,EndTask,HCM,HCM|OCM,2,False,False,True,False,False,True,True,False,False,C1: priority not encoded (event-triggered op stays enabled under higher-priority autonomous guard)
MOM,ReqOCM,HCM,HCM|OCM,2,False,False,True,False,False,True,True,False,True,C1: priority not encoded (event-triggered op stays enabled under higher-priority autonomous guard)
MOM,EndTask,HCM,HCM|OCM,2,False,False,True,False,False,True,True,False,True,C1: priority not encoded (event-triggered op stays enabled under higher-priority autonomous guard)
OCM,ReqVel,OCM,MOM|OCM,2,False,False,True,False,False,True,True,True,False,C2: event not in guard (OCMToMOM fires on any event)
OCM,ReqHdng,OCM,MOM|OCM,2,False,False,True,False,False,True,True,True,False,C2: event not in guard (OCMToMOM fires on any event)
OCM,ReqOCM,OCM,MOM,1,False,False,True,False,False,True,True,True,False,C2: event not in guard (OCMToMOM fires on any event)
OCM,EndTask,OCM,MOM,1,False,False,True,False,False,True,True,True,False,C2: event not in guard (OCMToMOM fires on any event)
OCM,ReqHCM,OCM,MOM,1,False,False,True,False,False,True,True,True,False,C2: event not in guard (OCMToMOM fires on any event)
OCM,tick,OCM,MOM,1,False,False,True,False,False,True,True,True,False,C2: event not in guard (OCMToMOM fires on any event)
MOM,ReqOCM,HCM,HCM|OCM,2,False,False,True,False,False,True,True,True,False,C1: priority not encoded (event-triggered op stays enabled under higher-priority autonomous guard)
MOM,EndTask,HCM,HCM|OCM,2,False,False,True,False,False,True,True,True,False,C1: priority not encoded (event-triggered op stays enabled under higher-priority autonomous guard)
OCM,ReqVel,OCM,MOM|OCM,2,False,False,True,False,False,True,True,True,True,C2: event not in guard (OCMToMOM fires on any event)
OCM,ReqHdng,OCM,MOM|OCM,2,False,False,True,False,False,True,True,True,True,C2: event not in guard (OCMToMOM fires on any event)
OCM,ReqOCM,OCM,MOM,1,False,False,True,False,False,True,True,True,True,C2: event not in guard (OCMToMOM fires on any event)
OCM,EndTask,OCM,MOM,1,False,False,True,False,False,True,True,True,True,C2: event not in guard (OCMToMOM fires on any event)
OCM,ReqHCM,OCM,MOM,1,False,False,True,False,False,True,True,True,True,C2: event not in guard (OCMToMOM fires on any event)
OCM,tick,OCM,MOM,1,False,False,True,False,False,True,True,True,True,C2: event not in guard (OCMToMOM fires on any event)
MOM,ReqOCM,HCM,HCM|OCM,2,False,False,True,False,False,True,True,True,True,C1: priority not encoded (event-triggered op stays enabled under higher-priority autonomous guard)
MOM,EndTask,HCM,HCM|OCM,2,False,False,True,False,False,True,True,True,True,C1: priority not encoded (event-triggered op stays enabled under higher-priority autonomous guard)
MOM,ReqOCM,HCM,HCM|OCM,2,False,False,True,False,True,False,False,False,False,C1: priority not encoded (event-triggered op stays enabled under higher-priority autonomous guard)
MOM,EndTask,HCM,HCM|OCM,2,False,False,True,False,True,False,False,False,False,C1: priority not encoded (event-triggered op stays enabled under higher-priority autonomous guard)
HCM,ReqOCM,MOM,MOM|OCM,2,False,False,True,False,True,False,False,False,False,C1: priority not encoded (event-triggered op stays enabled under higher-priority autonomous guard)
MOM,ReqOCM,HCM,HCM|OCM,2,False,False,True,False,True,False,False,False,True,C1: priority not encoded (event-triggered op stays enabled under higher-priority autonomous guard)
MOM,EndTask,HCM,HCM|OCM,2,False,False,True,False,True,False,False,False,True,C1: priority not encoded (event-triggered op stays enabled under higher-priority autonomous guard)
HCM,ReqOCM,MOM,MOM|OCM,2,False,False,True,False,True,False,False,False,True,C1: priority not encoded (event-triggered op stays enabled under higher-priority autonomous guard)
MOM,ReqOCM,HCM,HCM|OCM,2,False,False,True,False,True,False,False,True,False,C1: priority not encoded (event-triggered op stays enabled under higher-priority autonomous guard)
MOM,EndTask,HCM,HCM|OCM,2,False,False,True,False,True,False,False,True,False,C1: priority not encoded (event-triggered op stays enabled under higher-priority autonomous guard)
HCM,ReqOCM,MOM,MOM|OCM,2,False,False,True,False,True,False,False,True,False,C1: priority not encoded (event-triggered op stays enabled under higher-priority autonomous guard)
MOM,ReqOCM,HCM,HCM|OCM,2,False,False,True,False,True,False,False,True,True,C1: priority not encoded (event-triggered op stays enabled under higher-priority autonomous guard)
MOM,EndTask,HCM,HCM|OCM,2,False,False,True,False,True,False,False,True,True,C1: priority not encoded (event-triggered op stays enabled under higher-priority autonomous guard)
HCM,ReqOCM,MOM,MOM|OCM,2,False,False,True,False,True,False,False,True,True,C1: priority not encoded (event-triggered op stays enabled under higher-priority autonomous guard)
MOM,ReqOCM,HCM,HCM|OCM,2,False,False,True,False,True,False,True,False,False,C1: priority not encoded (event-triggered op stays enabled under higher-priority autonomous guard)
MOM,EndTask,HCM,HCM|OCM,2,False,False,True,False,True,False,True,False,False,C1: priority not encoded (event-triggered op stays enabled under higher-priority autonomous guard)
HCM,ReqOCM,MOM,MOM|OCM,2,False,False,True,False,True,False,True,False,False,C1: priority not encoded (event-triggered op stays enabled under higher-priority autonomous guard)
MOM,ReqOCM,HCM,HCM|OCM,2,False,False,True,False,True,False,True,False,True,C1: priority not encoded (event-triggered op stays enabled under higher-priority autonomous guard)
MOM,EndTask,HCM,HCM|OCM,2,False,False,True,False,True,False,True,False,True,C1: priority not encoded (event-triggered op stays enabled under higher-priority autonomous guard)
HCM,ReqOCM,MOM,MOM|OCM,2,False,False,True,False,True,False,True,False,True,C1: priority not encoded (event-triggered op stays enabled under higher-priority autonomous guard)
MOM,ReqOCM,HCM,HCM|OCM,2,False,False,True,False,True,False,True,True,False,C1: priority not encoded (event-triggered op stays enabled under higher-priority autonomous guard)
MOM,EndTask,HCM,HCM|OCM,2,False,False,True,False,True,False,True,True,False,C1: priority not encoded (event-triggered op stays enabled under higher-priority autonomous guard)
HCM,ReqOCM,MOM,MOM|OCM,2,False,False,True,False,True,False,True,True,False,C1: priority not encoded (event-triggered op stays enabled under higher-priority autonomous guard)
MOM,ReqOCM,HCM,HCM|OCM,2,False,False,True,False,True,False,True,True,True,C1: priority not encoded (event-triggered op stays enabled under higher-priority autonomous guard)
MOM,EndTask,HCM,HCM|OCM,2,False,False,True,False,True,False,True,True,True,C1: priority not encoded (event-triggered op stays enabled under higher-priority autonomous guard)
HCM,ReqOCM,MOM,MOM|OCM,2,False,False,True,False,True,False,True,True,True,C1: priority not encoded (event-triggered op stays enabled under higher-priority autonomous guard)
MOM,ReqOCM,HCM,HCM|OCM,2,False,False,True,False,True,True,False,False,False,C1: priority not encoded (event-triggered op stays enabled under higher-priority autonomous guard)
MOM,EndTask,HCM,HCM|OCM,2,False,False,True,False,True,True,False,False,False,C1: priority not encoded (event-triggered op stays enabled under higher-priority autonomous guard)
HCM,ReqOCM,MOM,MOM|OCM,2,False,False,True,False,True,True,False,False,False,C1: priority not encoded (event-triggered op stays enabled under higher-priority autonomous guard)
MOM,ReqOCM,HCM,HCM|OCM,2,False,False,True,False,True,True,False,False,True,C1: priority not encoded (event-triggered op stays enabled under higher-priority autonomous guard)
MOM,EndTask,HCM,HCM|OCM,2,False,False,True,False,True,True,False,False,True,C1: priority not encoded (event-triggered op stays enabled under higher-priority autonomous guard)
HCM,ReqOCM,MOM,MOM|OCM,2,False,False,True,False,True,True,False,False,True,C1: priority not encoded (event-triggered op stays enabled under higher-priority autonomous guard)
MOM,ReqOCM,HCM,HCM|OCM,2,False,False,True,False,True,True,False,True,False,C1: priority not encoded (event-triggered op stays enabled under higher-priority autonomous guard)
MOM,EndTask,HCM,HCM|OCM,2,False,False,True,False,True,True,False,True,False,C1: priority not encoded (event-triggered op stays enabled under higher-priority autonomous guard)
HCM,ReqOCM,MOM,MOM|OCM,2,False,False,True,False,True,True,False,True,False,C1: priority not encoded (event-triggered op stays enabled under higher-priority autonomous guard)
MOM,ReqOCM,HCM,HCM|OCM,2,False,False,True,False,True,True,False,True,True,C1: priority not encoded (event-triggered op stays enabled under higher-priority autonomous guard)
MOM,EndTask,HCM,HCM|OCM,2,False,False,True,False,True,True,False,True,True,C1: priority not encoded (event-triggered op stays enabled under higher-priority autonomous guard)
HCM,ReqOCM,MOM,MOM|OCM,2,False,False,True,False,True,True,False,True,True,C1: priority not encoded (event-triggered op stays enabled under higher-priority autonomous guard)
MOM,ReqOCM,HCM,HCM|OCM,2,False,False,True,False,True,True,True,False,False,C1: priority not encoded (event-triggered op stays enabled under higher-priority autonomous guard)
MOM,EndTask,HCM,HCM|OCM,2,False,False,True,False,True,True,True,False,False,C1: priority not encoded (event-triggered op stays enabled under higher-priority autonomous guard)
HCM,ReqOCM,MOM,MOM|OCM,2,False,False,True,False,True,True,True,False,False,C1: priority not encoded (event-triggered op stays enabled under higher-priority autonomous guard)
MOM,ReqOCM,HCM,HCM|OCM,2,False,False,True,False,True,True,True,False,True,C1: priority not encoded (event-triggered op stays enabled under higher-priority autonomous guard)
MOM,EndTask,HCM,HCM|OCM,2,False,False,True,False,True,True,True,False,True,C1: priority not encoded (event-triggered op stays enabled under higher-priority autonomous guard)
HCM,ReqOCM,MOM,MOM|OCM,2,False,False,True,False,True,True,True,False,True,C1: priority not encoded (event-triggered op stays enabled under higher-priority autonomous guard)
OCM,ReqVel,OCM,MOM|OCM,2,False,False,True,False,True,True,True,True,False,C2: event not in guard (OCMToMOM fires on any event)
OCM,ReqHdng,OCM,MOM|OCM,2,False,False,True,False,True,True,True,True,False,C2: event not in guard (OCMToMOM fires on any event)
OCM,ReqOCM,OCM,MOM,1,False,False,True,False,True,True,True,True,False,C2: event not in guard (OCMToMOM fires on any event)
OCM,EndTask,OCM,MOM,1,False,False,True,False,True,True,True,True,False,C2: event not in guard (OCMToMOM fires on any event)
OCM,ReqHCM,OCM,MOM,1,False,False,True,False,True,True,True,True,False,C2: event not in guard (OCMToMOM fires on any event)
OCM,tick,OCM,MOM,1,False,False,True,False,True,True,True,True,False,C2: event not in guard (OCMToMOM fires on any event)
MOM,ReqOCM,HCM,HCM|OCM,2,False,False,True,False,True,True,True,True,False,C1: priority not encoded (event-triggered op stays enabled under higher-priority autonomous guard)
MOM,EndTask,HCM,HCM|OCM,2,False,False,True,False,True,True,True,True,False,C1: priority not encoded (event-triggered op stays enabled under higher-priority autonomous guard)
HCM,ReqOCM,MOM,MOM|OCM,2,False,False,True,False,True,True,True,True,False,C1: priority not encoded (event-triggered op stays enabled under higher-priority autonomous guard)
OCM,ReqVel,OCM,MOM|OCM,2,False,False,True,False,True,True,True,True,True,C2: event not in guard (OCMToMOM fires on any event)
OCM,ReqHdng,OCM,MOM|OCM,2,False,False,True,False,True,True,True,True,True,C2: event not in guard (OCMToMOM fires on any event)
OCM,ReqOCM,OCM,MOM,1,False,False,True,False,True,True,True,True,True,C2: event not in guard (OCMToMOM fires on any event)
OCM,EndTask,OCM,MOM,1,False,False,True,False,True,True,True,True,True,C2: event not in guard (OCMToMOM fires on any event)
OCM,ReqHCM,OCM,MOM,1,False,False,True,False,True,True,True,True,True,C2: event not in guard (OCMToMOM fires on any event)
OCM,tick,OCM,MOM,1,False,False,True,False,True,True,True,True,True,C2: event not in guard (OCMToMOM fires on any event)
MOM,ReqOCM,HCM,HCM|OCM,2,False,False,True,False,True,True,True,True,True,C1: priority not encoded (event-triggered op stays enabled under higher-priority autonomous guard)
MOM,EndTask,HCM,HCM|OCM,2,False,False,True,False,True,True,True,True,True,C1: priority not encoded (event-triggered op stays enabled under higher-priority autonomous guard)
HCM,ReqOCM,MOM,MOM|OCM,2,False,False,True,False,True,True,True,True,True,C1: priority not encoded (event-triggered op stays enabled under higher-priority autonomous guard)
MOM,ReqOCM,HCM,HCM|OCM,2,False,False,True,True,False,False,False,False,False,C1: priority not encoded (event-triggered op stays enabled under higher-priority autonomous guard)
MOM,EndTask,HCM,HCM|OCM,2,False,False,True,True,False,False,False,False,False,C1: priority not encoded (event-triggered op stays enabled under higher-priority autonomous guard)
MOM,ReqOCM,HCM,HCM|OCM,2,False,False,True,True,False,False,False,False,True,C1: priority not encoded (event-triggered op stays enabled under higher-priority autonomous guard)
MOM,EndTask,HCM,HCM|OCM,2,False,False,True,True,False,False,False,False,True,C1: priority not encoded (event-triggered op stays enabled under higher-priority autonomous guard)
MOM,ReqOCM,HCM,HCM|OCM,2,False,False,True,True,False,False,False,True,False,C1: priority not encoded (event-triggered op stays enabled under higher-priority autonomous guard)
MOM,EndTask,HCM,HCM|OCM,2,False,False,True,True,False,False,False,True,False,C1: priority not encoded (event-triggered op stays enabled under higher-priority autonomous guard)
MOM,ReqOCM,HCM,HCM|OCM,2,False,False,True,True,False,False,False,True,True,C1: priority not encoded (event-triggered op stays enabled under higher-priority autonomous guard)
MOM,EndTask,HCM,HCM|OCM,2,False,False,True,True,False,False,False,True,True,C1: priority not encoded (event-triggered op stays enabled under higher-priority autonomous guard)
MOM,ReqOCM,HCM,HCM|OCM,2,False,False,True,True,False,False,True,False,False,C1: priority not encoded (event-triggered op stays enabled under higher-priority autonomous guard)
MOM,EndTask,HCM,HCM|OCM,2,False,False,True,True,False,False,True,False,False,C1: priority not encoded (event-triggered op stays enabled under higher-priority autonomous guard)
MOM,ReqOCM,HCM,HCM|OCM,2,False,False,True,True,False,False,True,False,True,C1: priority not encoded (event-triggered op stays enabled under higher-priority autonomous guard)
MOM,EndTask,HCM,HCM|OCM,2,False,False,True,True,False,False,True,False,True,C1: priority not encoded (event-triggered op stays enabled under higher-priority autonomous guard)
MOM,ReqOCM,HCM,HCM|OCM,2,False,False,True,True,False,False,True,True,False,C1: priority not encoded (event-triggered op stays enabled under higher-priority autonomous guard)
MOM,EndTask,HCM,HCM|OCM,2,False,False,True,True,False,False,True,True,False,C1: priority not encoded (event-triggered op stays enabled under higher-priority autonomous guard)
MOM,ReqOCM,HCM,HCM|OCM,2,False,False,True,True,False,False,True,True,True,C1: priority not encoded (event-triggered op stays enabled under higher-priority autonomous guard)
MOM,EndTask,HCM,HCM|OCM,2,False,False,True,True,False,False,True,True,True,C1: priority not encoded (event-triggered op stays enabled under higher-priority autonomous guard)
MOM,ReqOCM,HCM,HCM|OCM,2,False,False,True,True,False,True,False,False,False,C1: priority not encoded (event-triggered op stays enabled under higher-priority autonomous guard)
MOM,EndTask,HCM,HCM|OCM,2,False,False,True,True,False,True,False,False,False,C1: priority not encoded (event-triggered op stays enabled under higher-priority autonomous guard)
MOM,ReqOCM,HCM,HCM|OCM,2,False,False,True,True,False,True,False,False,True,C1: priority not encoded (event-triggered op stays enabled under higher-priority autonomous guard)
MOM,EndTask,HCM,HCM|OCM,2,False,False,True,True,False,True,False,False,True,C1: priority not encoded (event-triggered op stays enabled under higher-priority autonomous guard)
MOM,ReqOCM,HCM,HCM|OCM,2,False,False,True,True,False,True,False,True,False,C1: priority not encoded (event-triggered op stays enabled under higher-priority autonomous guard)
MOM,EndTask,HCM,HCM|OCM,2,False,False,True,True,False,True,False,True,False,C1: priority not encoded (event-triggered op stays enabled under higher-priority autonomous guard)
MOM,ReqOCM,HCM,HCM|OCM,2,False,False,True,True,False,True,False,True,True,C1: priority not encoded (event-triggered op stays enabled under higher-priority autonomous guard)
MOM,EndTask,HCM,HCM|OCM,2,False,False,True,True,False,True,False,True,True,C1: priority not encoded (event-triggered op stays enabled under higher-priority autonomous guard)
MOM,ReqOCM,HCM,HCM|OCM,2,False,False,True,True,False,True,True,False,False,C1: priority not encoded (event-triggered op stays enabled under higher-priority autonomous guard)
MOM,EndTask,HCM,HCM|OCM,2,False,False,True,True,False,True,True,False,False,C1: priority not encoded (event-triggered op stays enabled under higher-priority autonomous guard)
MOM,ReqOCM,HCM,HCM|OCM,2,False,False,True,True,False,True,True,False,True,C1: priority not encoded (event-triggered op stays enabled under higher-priority autonomous guard)
MOM,EndTask,HCM,HCM|OCM,2,False,False,True,True,False,True,True,False,True,C1: priority not encoded (event-triggered op stays enabled under higher-priority autonomous guard)
MOM,ReqOCM,HCM,HCM|OCM,2,False,False,True,True,False,True,True,True,False,C1: priority not encoded (event-triggered op stays enabled under higher-priority autonomous guard)
MOM,EndTask,HCM,HCM|OCM,2,False,False,True,True,False,True,True,True,False,C1: priority not encoded (event-triggered op stays enabled under higher-priority autonomous guard)
MOM,ReqOCM,HCM,HCM|OCM,2,False,False,True,True,False,True,True,True,True,C1: priority not encoded (event-triggered op stays enabled under higher-priority autonomous guard)
MOM,EndTask,HCM,HCM|OCM,2,False,False,True,True,False,True,True,True,True,C1: priority not encoded (event-triggered op stays enabled under higher-priority autonomous guard)
MOM,ReqOCM,HCM,HCM|OCM,2,False,False,True,True,True,False,False,False,False,C1: priority not encoded (event-triggered op stays enabled under higher-priority autonomous guard)
MOM,EndTask,HCM,HCM|OCM,2,False,False,True,True,True,False,False,False,False,C1: priority not encoded (event-triggered op stays enabled under higher-priority autonomous guard)
MOM,ReqOCM,HCM,HCM|OCM,2,False,False,True,True,True,False,False,False,True,C1: priority not encoded (event-triggered op stays enabled under higher-priority autonomous guard)
MOM,EndTask,HCM,HCM|OCM,2,False,False,True,True,True,False,False,False,True,C1: priority not encoded (event-triggered op stays enabled under higher-priority autonomous guard)
MOM,ReqOCM,HCM,HCM|OCM,2,False,False,True,True,True,False,False,True,False,C1: priority not encoded (event-triggered op stays enabled under higher-priority autonomous guard)
MOM,EndTask,HCM,HCM|OCM,2,False,False,True,True,True,False,False,True,False,C1: priority not encoded (event-triggered op stays enabled under higher-priority autonomous guard)
MOM,ReqOCM,HCM,HCM|OCM,2,False,False,True,True,True,False,False,True,True,C1: priority not encoded (event-triggered op stays enabled under higher-priority autonomous guard)
MOM,EndTask,HCM,HCM|OCM,2,False,False,True,True,True,False,False,True,True,C1: priority not encoded (event-triggered op stays enabled under higher-priority autonomous guard)
MOM,ReqOCM,HCM,HCM|OCM,2,False,False,True,True,True,False,True,False,False,C1: priority not encoded (event-triggered op stays enabled under higher-priority autonomous guard)
MOM,EndTask,HCM,HCM|OCM,2,False,False,True,True,True,False,True,False,False,C1: priority not encoded (event-triggered op stays enabled under higher-priority autonomous guard)
MOM,ReqOCM,HCM,HCM|OCM,2,False,False,True,True,True,False,True,False,True,C1: priority not encoded (event-triggered op stays enabled under higher-priority autonomous guard)
MOM,EndTask,HCM,HCM|OCM,2,False,False,True,True,True,False,True,False,True,C1: priority not encoded (event-triggered op stays enabled under higher-priority autonomous guard)
MOM,ReqOCM,HCM,HCM|OCM,2,False,False,True,True,True,False,True,True,False,C1: priority not encoded (event-triggered op stays enabled under higher-priority autonomous guard)
MOM,EndTask,HCM,HCM|OCM,2,False,False,True,True,True,False,True,True,False,C1: priority not encoded (event-triggered op stays enabled under higher-priority autonomous guard)
MOM,ReqOCM,HCM,HCM|OCM,2,False,False,True,True,True,False,True,True,True,C1: priority not encoded (event-triggered op stays enabled under higher-priority autonomous guard)
MOM,EndTask,HCM,HCM|OCM,2,False,False,True,True,True,False,True,True,True,C1: priority not encoded (event-triggered op stays enabled under higher-priority autonomous guard)
MOM,ReqOCM,HCM,HCM|OCM,2,False,False,True,True,True,True,False,False,False,C1: priority not encoded (event-triggered op stays enabled under higher-priority autonomous guard)
MOM,EndTask,HCM,HCM|OCM,2,False,False,True,True,True,True,False,False,False,C1: priority not encoded (event-triggered op stays enabled under higher-priority autonomous guard)
MOM,ReqOCM,HCM,HCM|OCM,2,False,False,True,True,True,True,False,False,True,C1: priority not encoded (event-triggered op stays enabled under higher-priority autonomous guard)
MOM,EndTask,HCM,HCM|OCM,2,False,False,True,True,True,True,False,False,True,C1: priority not encoded (event-triggered op stays enabled under higher-priority autonomous guard)
MOM,ReqOCM,HCM,HCM|OCM,2,False,False,True,True,True,True,False,True,False,C1: priority not encoded (event-triggered op stays enabled under higher-priority autonomous guard)
MOM,EndTask,HCM,HCM|OCM,2,False,False,True,True,True,True,False,True,False,C1: priority not encoded (event-triggered op stays enabled under higher-priority autonomous guard)
MOM,ReqOCM,HCM,HCM|OCM,2,False,False,True,True,True,True,False,True,True,C1: priority not encoded (event-triggered op stays enabled under higher-priority autonomous guard)
MOM,EndTask,HCM,HCM|OCM,2,False,False,True,True,True,True,False,True,True,C1: priority not encoded (event-triggered op stays enabled under higher-priority autonomous guard)
MOM,ReqOCM,HCM,HCM|OCM,2,False,False,True,True,True,True,True,False,False,C1: priority not encoded (event-triggered op stays enabled under higher-priority autonomous guard)
MOM,EndTask,HCM,HCM|OCM,2,False,False,True,True,True,True,True,False,False,C1: priority not encoded (event-triggered op stays enabled under higher-priority autonomous guard)
MOM,ReqOCM,HCM,HCM|OCM,2,False,False,True,True,True,True,True,False,True,C1: priority not encoded (event-triggered op stays enabled under higher-priority autonomous guard)
MOM,EndTask,HCM,HCM|OCM,2,False,False,True,True,True,True,True,False,True,C1: priority not encoded (event-triggered op stays enabled under higher-priority autonomous guard)
MOM,ReqOCM,HCM,HCM|OCM,2,False,False,True,True,True,True,True,True,False,C1: priority not encoded (event-triggered op stays enabled under higher-priority autonomous guard)
MOM,EndTask,HCM,HCM|OCM,2,False,False,True,True,True,True,True,True,False,C1: priority not encoded (event-triggered op stays enabled under higher-priority autonomous guard)
MOM,ReqOCM,HCM,HCM|OCM,2,False,False,True,True,True,True,True,True,True,C1: priority not encoded (event-triggered op stays enabled under higher-priority autonomous guard)
MOM,EndTask,HCM,HCM|OCM,2,False,False,True,True,True,True,True,True,True,C1: priority not encoded (event-triggered op stays enabled under higher-priority autonomous guard)
MOM,ReqOCM,CAM,CAM|OCM,2,False,True,False,False,False,False,False,False,False,C1: priority not encoded (event-triggered op stays enabled under higher-priority autonomous guard)
MOM,EndTask,CAM,CAM|OCM,2,False,True,False,False,False,False,False,False,False,C1: priority not encoded (event-triggered op stays enabled under higher-priority autonomous guard)
MOM,ReqHCM,CAM,CAM|HCM,2,False,True,False,False,False,False,False,False,False,C1: priority not encoded (event-triggered op stays enabled under higher-priority autonomous guard)
HCM,ReqOCM,CAM,CAM|OCM,2,False,True,False,False,False,False,False,False,False,C1: priority not encoded (event-triggered op stays enabled under higher-priority autonomous guard)
MOM,ReqOCM,CAM,CAM|OCM,2,False,True,False,False,False,False,False,False,True,C1: priority not encoded (event-triggered op stays enabled under higher-priority autonomous guard)
MOM,EndTask,CAM,CAM|OCM,2,False,True,False,False,False,False,False,False,True,C1: priority not encoded (event-triggered op stays enabled under higher-priority autonomous guard)
MOM,ReqHCM,CAM,CAM|HCM,2,False,True,False,False,False,False,False,False,True,C1: priority not encoded (event-triggered op stays enabled under higher-priority autonomous guard)
HCM,ReqOCM,CAM,CAM|OCM,2,False,True,False,False,False,False,False,False,True,C1: priority not encoded (event-triggered op stays enabled under higher-priority autonomous guard)
MOM,ReqOCM,CAM,CAM|OCM,2,False,True,False,False,False,False,False,True,False,C1: priority not encoded (event-triggered op stays enabled under higher-priority autonomous guard)
MOM,EndTask,CAM,CAM|OCM,2,False,True,False,False,False,False,False,True,False,C1: priority not encoded (event-triggered op stays enabled under higher-priority autonomous guard)
MOM,ReqHCM,CAM,CAM|HCM,2,False,True,False,False,False,False,False,True,False,C1: priority not encoded (event-triggered op stays enabled under higher-priority autonomous guard)
HCM,ReqOCM,CAM,CAM|OCM,2,False,True,False,False,False,False,False,True,False,C1: priority not encoded (event-triggered op stays enabled under higher-priority autonomous guard)
MOM,ReqOCM,CAM,CAM|OCM,2,False,True,False,False,False,False,False,True,True,C1: priority not encoded (event-triggered op stays enabled under higher-priority autonomous guard)
MOM,EndTask,CAM,CAM|OCM,2,False,True,False,False,False,False,False,True,True,C1: priority not encoded (event-triggered op stays enabled under higher-priority autonomous guard)
MOM,ReqHCM,CAM,CAM|HCM,2,False,True,False,False,False,False,False,True,True,C1: priority not encoded (event-triggered op stays enabled under higher-priority autonomous guard)
HCM,ReqOCM,CAM,CAM|OCM,2,False,True,False,False,False,False,False,True,True,C1: priority not encoded (event-triggered op stays enabled under higher-priority autonomous guard)
MOM,ReqOCM,CAM,CAM|OCM,2,False,True,False,False,False,False,True,False,False,C1: priority not encoded (event-triggered op stays enabled under higher-priority autonomous guard)
MOM,EndTask,CAM,CAM|OCM,2,False,True,False,False,False,False,True,False,False,C1: priority not encoded (event-triggered op stays enabled under higher-priority autonomous guard)
MOM,ReqHCM,CAM,CAM|HCM,2,False,True,False,False,False,False,True,False,False,C1: priority not encoded (event-triggered op stays enabled under higher-priority autonomous guard)
HCM,ReqOCM,CAM,CAM|OCM,2,False,True,False,False,False,False,True,False,False,C1: priority not encoded (event-triggered op stays enabled under higher-priority autonomous guard)
MOM,ReqOCM,CAM,CAM|OCM,2,False,True,False,False,False,False,True,False,True,C1: priority not encoded (event-triggered op stays enabled under higher-priority autonomous guard)
MOM,EndTask,CAM,CAM|OCM,2,False,True,False,False,False,False,True,False,True,C1: priority not encoded (event-triggered op stays enabled under higher-priority autonomous guard)
MOM,ReqHCM,CAM,CAM|HCM,2,False,True,False,False,False,False,True,False,True,C1: priority not encoded (event-triggered op stays enabled under higher-priority autonomous guard)
HCM,ReqOCM,CAM,CAM|OCM,2,False,True,False,False,False,False,True,False,True,C1: priority not encoded (event-triggered op stays enabled under higher-priority autonomous guard)
MOM,ReqOCM,CAM,CAM|OCM,2,False,True,False,False,False,False,True,True,False,C1: priority not encoded (event-triggered op stays enabled under higher-priority autonomous guard)
MOM,EndTask,CAM,CAM|OCM,2,False,True,False,False,False,False,True,True,False,C1: priority not encoded (event-triggered op stays enabled under higher-priority autonomous guard)
MOM,ReqHCM,CAM,CAM|HCM,2,False,True,False,False,False,False,True,True,False,C1: priority not encoded (event-triggered op stays enabled under higher-priority autonomous guard)
HCM,ReqOCM,CAM,CAM|OCM,2,False,True,False,False,False,False,True,True,False,C1: priority not encoded (event-triggered op stays enabled under higher-priority autonomous guard)
MOM,ReqOCM,CAM,CAM|OCM,2,False,True,False,False,False,False,True,True,True,C1: priority not encoded (event-triggered op stays enabled under higher-priority autonomous guard)
MOM,EndTask,CAM,CAM|OCM,2,False,True,False,False,False,False,True,True,True,C1: priority not encoded (event-triggered op stays enabled under higher-priority autonomous guard)
MOM,ReqHCM,CAM,CAM|HCM,2,False,True,False,False,False,False,True,True,True,C1: priority not encoded (event-triggered op stays enabled under higher-priority autonomous guard)
HCM,ReqOCM,CAM,CAM|OCM,2,False,True,False,False,False,False,True,True,True,C1: priority not encoded (event-triggered op stays enabled under higher-priority autonomous guard)
MOM,ReqOCM,CAM,CAM|OCM,2,False,True,False,False,False,True,False,False,False,C1: priority not encoded (event-triggered op stays enabled under higher-priority autonomous guard)
MOM,EndTask,CAM,CAM|OCM,2,False,True,False,False,False,True,False,False,False,C1: priority not encoded (event-triggered op stays enabled under higher-priority autonomous guard)
MOM,ReqHCM,CAM,CAM|HCM,2,False,True,False,False,False,True,False,False,False,C1: priority not encoded (event-triggered op stays enabled under higher-priority autonomous guard)
HCM,ReqOCM,CAM,CAM|OCM,2,False,True,False,False,False,True,False,False,False,C1: priority not encoded (event-triggered op stays enabled under higher-priority autonomous guard)
MOM,ReqOCM,CAM,CAM|OCM,2,False,True,False,False,False,True,False,False,True,C1: priority not encoded (event-triggered op stays enabled under higher-priority autonomous guard)
MOM,EndTask,CAM,CAM|OCM,2,False,True,False,False,False,True,False,False,True,C1: priority not encoded (event-triggered op stays enabled under higher-priority autonomous guard)
MOM,ReqHCM,CAM,CAM|HCM,2,False,True,False,False,False,True,False,False,True,C1: priority not encoded (event-triggered op stays enabled under higher-priority autonomous guard)
HCM,ReqOCM,CAM,CAM|OCM,2,False,True,False,False,False,True,False,False,True,C1: priority not encoded (event-triggered op stays enabled under higher-priority autonomous guard)
MOM,ReqOCM,CAM,CAM|OCM,2,False,True,False,False,False,True,False,True,False,C1: priority not encoded (event-triggered op stays enabled under higher-priority autonomous guard)
MOM,EndTask,CAM,CAM|OCM,2,False,True,False,False,False,True,False,True,False,C1: priority not encoded (event-triggered op stays enabled under higher-priority autonomous guard)
MOM,ReqHCM,CAM,CAM|HCM,2,False,True,False,False,False,True,False,True,False,C1: priority not encoded (event-triggered op stays enabled under higher-priority autonomous guard)
HCM,ReqOCM,CAM,CAM|OCM,2,False,True,False,False,False,True,False,True,False,C1: priority not encoded (event-triggered op stays enabled under higher-priority autonomous guard)
MOM,ReqOCM,CAM,CAM|OCM,2,False,True,False,False,False,True,False,True,True,C1: priority not encoded (event-triggered op stays enabled under higher-priority autonomous guard)
MOM,EndTask,CAM,CAM|OCM,2,False,True,False,False,False,True,False,True,True,C1: priority not encoded (event-triggered op stays enabled under higher-priority autonomous guard)
MOM,ReqHCM,CAM,CAM|HCM,2,False,True,False,False,False,True,False,True,True,C1: priority not encoded (event-triggered op stays enabled under higher-priority autonomous guard)
HCM,ReqOCM,CAM,CAM|OCM,2,False,True,False,False,False,True,False,True,True,C1: priority not encoded (event-triggered op stays enabled under higher-priority autonomous guard)
MOM,ReqOCM,CAM,CAM|OCM,2,False,True,False,False,False,True,True,False,False,C1: priority not encoded (event-triggered op stays enabled under higher-priority autonomous guard)
MOM,EndTask,CAM,CAM|OCM,2,False,True,False,False,False,True,True,False,False,C1: priority not encoded (event-triggered op stays enabled under higher-priority autonomous guard)
MOM,ReqHCM,CAM,CAM|HCM,2,False,True,False,False,False,True,True,False,False,C1: priority not encoded (event-triggered op stays enabled under higher-priority autonomous guard)
HCM,ReqOCM,CAM,CAM|OCM,2,False,True,False,False,False,True,True,False,False,C1: priority not encoded (event-triggered op stays enabled under higher-priority autonomous guard)
MOM,ReqOCM,CAM,CAM|OCM,2,False,True,False,False,False,True,True,False,True,C1: priority not encoded (event-triggered op stays enabled under higher-priority autonomous guard)
MOM,EndTask,CAM,CAM|OCM,2,False,True,False,False,False,True,True,False,True,C1: priority not encoded (event-triggered op stays enabled under higher-priority autonomous guard)
MOM,ReqHCM,CAM,CAM|HCM,2,False,True,False,False,False,True,True,False,True,C1: priority not encoded (event-triggered op stays enabled under higher-priority autonomous guard)
HCM,ReqOCM,CAM,CAM|OCM,2,False,True,False,False,False,True,True,False,True,C1: priority not encoded (event-triggered op stays enabled under higher-priority autonomous guard)
OCM,ReqVel,OCM,MOM|OCM,2,False,True,False,False,False,True,True,True,False,C2: event not in guard (OCMToMOM fires on any event)
OCM,ReqHdng,OCM,MOM|OCM,2,False,True,False,False,False,True,True,True,False,C2: event not in guard (OCMToMOM fires on any event)
OCM,ReqOCM,OCM,MOM,1,False,True,False,False,False,True,True,True,False,C2: event not in guard (OCMToMOM fires on any event)
OCM,EndTask,OCM,MOM,1,False,True,False,False,False,True,True,True,False,C2: event not in guard (OCMToMOM fires on any event)
OCM,ReqHCM,OCM,MOM,1,False,True,False,False,False,True,True,True,False,C2: event not in guard (OCMToMOM fires on any event)
OCM,tick,OCM,MOM,1,False,True,False,False,False,True,True,True,False,C2: event not in guard (OCMToMOM fires on any event)
MOM,ReqOCM,CAM,CAM|OCM,2,False,True,False,False,False,True,True,True,False,C1: priority not encoded (event-triggered op stays enabled under higher-priority autonomous guard)
MOM,EndTask,CAM,CAM|OCM,2,False,True,False,False,False,True,True,True,False,C1: priority not encoded (event-triggered op stays enabled under higher-priority autonomous guard)
MOM,ReqHCM,CAM,CAM|HCM,2,False,True,False,False,False,True,True,True,False,C1: priority not encoded (event-triggered op stays enabled under higher-priority autonomous guard)
HCM,ReqOCM,CAM,CAM|OCM,2,False,True,False,False,False,True,True,True,False,C1: priority not encoded (event-triggered op stays enabled under higher-priority autonomous guard)
OCM,ReqVel,OCM,MOM|OCM,2,False,True,False,False,False,True,True,True,True,C2: event not in guard (OCMToMOM fires on any event)
OCM,ReqHdng,OCM,MOM|OCM,2,False,True,False,False,False,True,True,True,True,C2: event not in guard (OCMToMOM fires on any event)
OCM,ReqOCM,OCM,MOM,1,False,True,False,False,False,True,True,True,True,C2: event not in guard (OCMToMOM fires on any event)
OCM,EndTask,OCM,MOM,1,False,True,False,False,False,True,True,True,True,C2: event not in guard (OCMToMOM fires on any event)
OCM,ReqHCM,OCM,MOM,1,False,True,False,False,False,True,True,True,True,C2: event not in guard (OCMToMOM fires on any event)
OCM,tick,OCM,MOM,1,False,True,False,False,False,True,True,True,True,C2: event not in guard (OCMToMOM fires on any event)
MOM,ReqOCM,CAM,CAM|OCM,2,False,True,False,False,False,True,True,True,True,C1: priority not encoded (event-triggered op stays enabled under higher-priority autonomous guard)
MOM,EndTask,CAM,CAM|OCM,2,False,True,False,False,False,True,True,True,True,C1: priority not encoded (event-triggered op stays enabled under higher-priority autonomous guard)
MOM,ReqHCM,CAM,CAM|HCM,2,False,True,False,False,False,True,True,True,True,C1: priority not encoded (event-triggered op stays enabled under higher-priority autonomous guard)
HCM,ReqOCM,CAM,CAM|OCM,2,False,True,False,False,False,True,True,True,True,C1: priority not encoded (event-triggered op stays enabled under higher-priority autonomous guard)
MOM,ReqOCM,CAM,CAM|OCM,2,False,True,False,False,True,False,False,False,False,C1: priority not encoded (event-triggered op stays enabled under higher-priority autonomous guard)
MOM,EndTask,CAM,CAM|OCM,2,False,True,False,False,True,False,False,False,False,C1: priority not encoded (event-triggered op stays enabled under higher-priority autonomous guard)
MOM,ReqHCM,CAM,CAM|HCM,2,False,True,False,False,True,False,False,False,False,C1: priority not encoded (event-triggered op stays enabled under higher-priority autonomous guard)
HCM,ReqOCM,CAM,CAM|OCM,2,False,True,False,False,True,False,False,False,False,C1: priority not encoded (event-triggered op stays enabled under higher-priority autonomous guard)
MOM,ReqOCM,CAM,CAM|OCM,2,False,True,False,False,True,False,False,False,True,C1: priority not encoded (event-triggered op stays enabled under higher-priority autonomous guard)
MOM,EndTask,CAM,CAM|OCM,2,False,True,False,False,True,False,False,False,True,C1: priority not encoded (event-triggered op stays enabled under higher-priority autonomous guard)
MOM,ReqHCM,CAM,CAM|HCM,2,False,True,False,False,True,False,False,False,True,C1: priority not encoded (event-triggered op stays enabled under higher-priority autonomous guard)
HCM,ReqOCM,CAM,CAM|OCM,2,False,True,False,False,True,False,False,False,True,C1: priority not encoded (event-triggered op stays enabled under higher-priority autonomous guard)
MOM,ReqOCM,CAM,CAM|OCM,2,False,True,False,False,True,False,False,True,False,C1: priority not encoded (event-triggered op stays enabled under higher-priority autonomous guard)
MOM,EndTask,CAM,CAM|OCM,2,False,True,False,False,True,False,False,True,False,C1: priority not encoded (event-triggered op stays enabled under higher-priority autonomous guard)
MOM,ReqHCM,CAM,CAM|HCM,2,False,True,False,False,True,False,False,True,False,C1: priority not encoded (event-triggered op stays enabled under higher-priority autonomous guard)
HCM,ReqOCM,CAM,CAM|OCM,2,False,True,False,False,True,False,False,True,False,C1: priority not encoded (event-triggered op stays enabled under higher-priority autonomous guard)
MOM,ReqOCM,CAM,CAM|OCM,2,False,True,False,False,True,False,False,True,True,C1: priority not encoded (event-triggered op stays enabled under higher-priority autonomous guard)
MOM,EndTask,CAM,CAM|OCM,2,False,True,False,False,True,False,False,True,True,C1: priority not encoded (event-triggered op stays enabled under higher-priority autonomous guard)
MOM,ReqHCM,CAM,CAM|HCM,2,False,True,False,False,True,False,False,True,True,C1: priority not encoded (event-triggered op stays enabled under higher-priority autonomous guard)
HCM,ReqOCM,CAM,CAM|OCM,2,False,True,False,False,True,False,False,True,True,C1: priority not encoded (event-triggered op stays enabled under higher-priority autonomous guard)
MOM,ReqOCM,CAM,CAM|OCM,2,False,True,False,False,True,False,True,False,False,C1: priority not encoded (event-triggered op stays enabled under higher-priority autonomous guard)
MOM,EndTask,CAM,CAM|OCM,2,False,True,False,False,True,False,True,False,False,C1: priority not encoded (event-triggered op stays enabled under higher-priority autonomous guard)
MOM,ReqHCM,CAM,CAM|HCM,2,False,True,False,False,True,False,True,False,False,C1: priority not encoded (event-triggered op stays enabled under higher-priority autonomous guard)
HCM,ReqOCM,CAM,CAM|OCM,2,False,True,False,False,True,False,True,False,False,C1: priority not encoded (event-triggered op stays enabled under higher-priority autonomous guard)
MOM,ReqOCM,CAM,CAM|OCM,2,False,True,False,False,True,False,True,False,True,C1: priority not encoded (event-triggered op stays enabled under higher-priority autonomous guard)
MOM,EndTask,CAM,CAM|OCM,2,False,True,False,False,True,False,True,False,True,C1: priority not encoded (event-triggered op stays enabled under higher-priority autonomous guard)
MOM,ReqHCM,CAM,CAM|HCM,2,False,True,False,False,True,False,True,False,True,C1: priority not encoded (event-triggered op stays enabled under higher-priority autonomous guard)
HCM,ReqOCM,CAM,CAM|OCM,2,False,True,False,False,True,False,True,False,True,C1: priority not encoded (event-triggered op stays enabled under higher-priority autonomous guard)
MOM,ReqOCM,CAM,CAM|OCM,2,False,True,False,False,True,False,True,True,False,C1: priority not encoded (event-triggered op stays enabled under higher-priority autonomous guard)
MOM,EndTask,CAM,CAM|OCM,2,False,True,False,False,True,False,True,True,False,C1: priority not encoded (event-triggered op stays enabled under higher-priority autonomous guard)
MOM,ReqHCM,CAM,CAM|HCM,2,False,True,False,False,True,False,True,True,False,C1: priority not encoded (event-triggered op stays enabled under higher-priority autonomous guard)
HCM,ReqOCM,CAM,CAM|OCM,2,False,True,False,False,True,False,True,True,False,C1: priority not encoded (event-triggered op stays enabled under higher-priority autonomous guard)
MOM,ReqOCM,CAM,CAM|OCM,2,False,True,False,False,True,False,True,True,True,C1: priority not encoded (event-triggered op stays enabled under higher-priority autonomous guard)
MOM,EndTask,CAM,CAM|OCM,2,False,True,False,False,True,False,True,True,True,C1: priority not encoded (event-triggered op stays enabled under higher-priority autonomous guard)
MOM,ReqHCM,CAM,CAM|HCM,2,False,True,False,False,True,False,True,True,True,C1: priority not encoded (event-triggered op stays enabled under higher-priority autonomous guard)
HCM,ReqOCM,CAM,CAM|OCM,2,False,True,False,False,True,False,True,True,True,C1: priority not encoded (event-triggered op stays enabled under higher-priority autonomous guard)
MOM,ReqOCM,CAM,CAM|OCM,2,False,True,False,False,True,True,False,False,False,C1: priority not encoded (event-triggered op stays enabled under higher-priority autonomous guard)
MOM,EndTask,CAM,CAM|OCM,2,False,True,False,False,True,True,False,False,False,C1: priority not encoded (event-triggered op stays enabled under higher-priority autonomous guard)
MOM,ReqHCM,CAM,CAM|HCM,2,False,True,False,False,True,True,False,False,False,C1: priority not encoded (event-triggered op stays enabled under higher-priority autonomous guard)
HCM,ReqOCM,CAM,CAM|OCM,2,False,True,False,False,True,True,False,False,False,C1: priority not encoded (event-triggered op stays enabled under higher-priority autonomous guard)
MOM,ReqOCM,CAM,CAM|OCM,2,False,True,False,False,True,True,False,False,True,C1: priority not encoded (event-triggered op stays enabled under higher-priority autonomous guard)
MOM,EndTask,CAM,CAM|OCM,2,False,True,False,False,True,True,False,False,True,C1: priority not encoded (event-triggered op stays enabled under higher-priority autonomous guard)
MOM,ReqHCM,CAM,CAM|HCM,2,False,True,False,False,True,True,False,False,True,C1: priority not encoded (event-triggered op stays enabled under higher-priority autonomous guard)
HCM,ReqOCM,CAM,CAM|OCM,2,False,True,False,False,True,True,False,False,True,C1: priority not encoded (event-triggered op stays enabled under higher-priority autonomous guard)
MOM,ReqOCM,CAM,CAM|OCM,2,False,True,False,False,True,True,False,True,False,C1: priority not encoded (event-triggered op stays enabled under higher-priority autonomous guard)
MOM,EndTask,CAM,CAM|OCM,2,False,True,False,False,True,True,False,True,False,C1: priority not encoded (event-triggered op stays enabled under higher-priority autonomous guard)
MOM,ReqHCM,CAM,CAM|HCM,2,False,True,False,False,True,True,False,True,False,C1: priority not encoded (event-triggered op stays enabled under higher-priority autonomous guard)
HCM,ReqOCM,CAM,CAM|OCM,2,False,True,False,False,True,True,False,True,False,C1: priority not encoded (event-triggered op stays enabled under higher-priority autonomous guard)
MOM,ReqOCM,CAM,CAM|OCM,2,False,True,False,False,True,True,False,True,True,C1: priority not encoded (event-triggered op stays enabled under higher-priority autonomous guard)
MOM,EndTask,CAM,CAM|OCM,2,False,True,False,False,True,True,False,True,True,C1: priority not encoded (event-triggered op stays enabled under higher-priority autonomous guard)
MOM,ReqHCM,CAM,CAM|HCM,2,False,True,False,False,True,True,False,True,True,C1: priority not encoded (event-triggered op stays enabled under higher-priority autonomous guard)
HCM,ReqOCM,CAM,CAM|OCM,2,False,True,False,False,True,True,False,True,True,C1: priority not encoded (event-triggered op stays enabled under higher-priority autonomous guard)
MOM,ReqOCM,CAM,CAM|OCM,2,False,True,False,False,True,True,True,False,False,C1: priority not encoded (event-triggered op stays enabled under higher-priority autonomous guard)
MOM,EndTask,CAM,CAM|OCM,2,False,True,False,False,True,True,True,False,False,C1: priority not encoded (event-triggered op stays enabled under higher-priority autonomous guard)
MOM,ReqHCM,CAM,CAM|HCM,2,False,True,False,False,True,True,True,False,False,C1: priority not encoded (event-triggered op stays enabled under higher-priority autonomous guard)
HCM,ReqOCM,CAM,CAM|OCM,2,False,True,False,False,True,True,True,False,False,C1: priority not encoded (event-triggered op stays enabled under higher-priority autonomous guard)
MOM,ReqOCM,CAM,CAM|OCM,2,False,True,False,False,True,True,True,False,True,C1: priority not encoded (event-triggered op stays enabled under higher-priority autonomous guard)
MOM,EndTask,CAM,CAM|OCM,2,False,True,False,False,True,True,True,False,True,C1: priority not encoded (event-triggered op stays enabled under higher-priority autonomous guard)
MOM,ReqHCM,CAM,CAM|HCM,2,False,True,False,False,True,True,True,False,True,C1: priority not encoded (event-triggered op stays enabled under higher-priority autonomous guard)
HCM,ReqOCM,CAM,CAM|OCM,2,False,True,False,False,True,True,True,False,True,C1: priority not encoded (event-triggered op stays enabled under higher-priority autonomous guard)
OCM,ReqVel,OCM,MOM|OCM,2,False,True,False,False,True,True,True,True,False,C2: event not in guard (OCMToMOM fires on any event)
OCM,ReqHdng,OCM,MOM|OCM,2,False,True,False,False,True,True,True,True,False,C2: event not in guard (OCMToMOM fires on any event)
OCM,ReqOCM,OCM,MOM,1,False,True,False,False,True,True,True,True,False,C2: event not in guard (OCMToMOM fires on any event)
OCM,EndTask,OCM,MOM,1,False,True,False,False,True,True,True,True,False,C2: event not in guard (OCMToMOM fires on any event)
OCM,ReqHCM,OCM,MOM,1,False,True,False,False,True,True,True,True,False,C2: event not in guard (OCMToMOM fires on any event)
OCM,tick,OCM,MOM,1,False,True,False,False,True,True,True,True,False,C2: event not in guard (OCMToMOM fires on any event)
MOM,ReqOCM,CAM,CAM|OCM,2,False,True,False,False,True,True,True,True,False,C1: priority not encoded (event-triggered op stays enabled under higher-priority autonomous guard)
MOM,EndTask,CAM,CAM|OCM,2,False,True,False,False,True,True,True,True,False,C1: priority not encoded (event-triggered op stays enabled under higher-priority autonomous guard)
MOM,ReqHCM,CAM,CAM|HCM,2,False,True,False,False,True,True,True,True,False,C1: priority not encoded (event-triggered op stays enabled under higher-priority autonomous guard)
HCM,ReqOCM,CAM,CAM|OCM,2,False,True,False,False,True,True,True,True,False,C1: priority not encoded (event-triggered op stays enabled under higher-priority autonomous guard)
OCM,ReqVel,OCM,MOM|OCM,2,False,True,False,False,True,True,True,True,True,C2: event not in guard (OCMToMOM fires on any event)
OCM,ReqHdng,OCM,MOM|OCM,2,False,True,False,False,True,True,True,True,True,C2: event not in guard (OCMToMOM fires on any event)
OCM,ReqOCM,OCM,MOM,1,False,True,False,False,True,True,True,True,True,C2: event not in guard (OCMToMOM fires on any event)
OCM,EndTask,OCM,MOM,1,False,True,False,False,True,True,True,True,True,C2: event not in guard (OCMToMOM fires on any event)
OCM,ReqHCM,OCM,MOM,1,False,True,False,False,True,True,True,True,True,C2: event not in guard (OCMToMOM fires on any event)
OCM,tick,OCM,MOM,1,False,True,False,False,True,True,True,True,True,C2: event not in guard (OCMToMOM fires on any event)
MOM,ReqOCM,CAM,CAM|OCM,2,False,True,False,False,True,True,True,True,True,C1: priority not encoded (event-triggered op stays enabled under higher-priority autonomous guard)
MOM,EndTask,CAM,CAM|OCM,2,False,True,False,False,True,True,True,True,True,C1: priority not encoded (event-triggered op stays enabled under higher-priority autonomous guard)
MOM,ReqHCM,CAM,CAM|HCM,2,False,True,False,False,True,True,True,True,True,C1: priority not encoded (event-triggered op stays enabled under higher-priority autonomous guard)
HCM,ReqOCM,CAM,CAM|OCM,2,False,True,False,False,True,True,True,True,True,C1: priority not encoded (event-triggered op stays enabled under higher-priority autonomous guard)
MOM,ReqOCM,CAM,CAM|OCM,2,False,True,False,True,False,False,False,False,False,C1: priority not encoded (event-triggered op stays enabled under higher-priority autonomous guard)
MOM,EndTask,CAM,CAM|OCM,2,False,True,False,True,False,False,False,False,False,C1: priority not encoded (event-triggered op stays enabled under higher-priority autonomous guard)
MOM,ReqHCM,CAM,CAM|HCM,2,False,True,False,True,False,False,False,False,False,C1: priority not encoded (event-triggered op stays enabled under higher-priority autonomous guard)
HCM,ReqOCM,CAM,CAM|OCM,2,False,True,False,True,False,False,False,False,False,C1: priority not encoded (event-triggered op stays enabled under higher-priority autonomous guard)
MOM,ReqOCM,CAM,CAM|OCM,2,False,True,False,True,False,False,False,False,True,C1: priority not encoded (event-triggered op stays enabled under higher-priority autonomous guard)
MOM,EndTask,CAM,CAM|OCM,2,False,True,False,True,False,False,False,False,True,C1: priority not encoded (event-triggered op stays enabled under higher-priority autonomous guard)
MOM,ReqHCM,CAM,CAM|HCM,2,False,True,False,True,False,False,False,False,True,C1: priority not encoded (event-triggered op stays enabled under higher-priority autonomous guard)
HCM,ReqOCM,CAM,CAM|OCM,2,False,True,False,True,False,False,False,False,True,C1: priority not encoded (event-triggered op stays enabled under higher-priority autonomous guard)
MOM,ReqOCM,CAM,CAM|OCM,2,False,True,False,True,False,False,False,True,False,C1: priority not encoded (event-triggered op stays enabled under higher-priority autonomous guard)
MOM,EndTask,CAM,CAM|OCM,2,False,True,False,True,False,False,False,True,False,C1: priority not encoded (event-triggered op stays enabled under higher-priority autonomous guard)
MOM,ReqHCM,CAM,CAM|HCM,2,False,True,False,True,False,False,False,True,False,C1: priority not encoded (event-triggered op stays enabled under higher-priority autonomous guard)
HCM,ReqOCM,CAM,CAM|OCM,2,False,True,False,True,False,False,False,True,False,C1: priority not encoded (event-triggered op stays enabled under higher-priority autonomous guard)
MOM,ReqOCM,CAM,CAM|OCM,2,False,True,False,True,False,False,False,True,True,C1: priority not encoded (event-triggered op stays enabled under higher-priority autonomous guard)
MOM,EndTask,CAM,CAM|OCM,2,False,True,False,True,False,False,False,True,True,C1: priority not encoded (event-triggered op stays enabled under higher-priority autonomous guard)
MOM,ReqHCM,CAM,CAM|HCM,2,False,True,False,True,False,False,False,True,True,C1: priority not encoded (event-triggered op stays enabled under higher-priority autonomous guard)
HCM,ReqOCM,CAM,CAM|OCM,2,False,True,False,True,False,False,False,True,True,C1: priority not encoded (event-triggered op stays enabled under higher-priority autonomous guard)
MOM,ReqOCM,CAM,CAM|OCM,2,False,True,False,True,False,False,True,False,False,C1: priority not encoded (event-triggered op stays enabled under higher-priority autonomous guard)
MOM,EndTask,CAM,CAM|OCM,2,False,True,False,True,False,False,True,False,False,C1: priority not encoded (event-triggered op stays enabled under higher-priority autonomous guard)
MOM,ReqHCM,CAM,CAM|HCM,2,False,True,False,True,False,False,True,False,False,C1: priority not encoded (event-triggered op stays enabled under higher-priority autonomous guard)
HCM,ReqOCM,CAM,CAM|OCM,2,False,True,False,True,False,False,True,False,False,C1: priority not encoded (event-triggered op stays enabled under higher-priority autonomous guard)
MOM,ReqOCM,CAM,CAM|OCM,2,False,True,False,True,False,False,True,False,True,C1: priority not encoded (event-triggered op stays enabled under higher-priority autonomous guard)
MOM,EndTask,CAM,CAM|OCM,2,False,True,False,True,False,False,True,False,True,C1: priority not encoded (event-triggered op stays enabled under higher-priority autonomous guard)
MOM,ReqHCM,CAM,CAM|HCM,2,False,True,False,True,False,False,True,False,True,C1: priority not encoded (event-triggered op stays enabled under higher-priority autonomous guard)
HCM,ReqOCM,CAM,CAM|OCM,2,False,True,False,True,False,False,True,False,True,C1: priority not encoded (event-triggered op stays enabled under higher-priority autonomous guard)
MOM,ReqOCM,CAM,CAM|OCM,2,False,True,False,True,False,False,True,True,False,C1: priority not encoded (event-triggered op stays enabled under higher-priority autonomous guard)
MOM,EndTask,CAM,CAM|OCM,2,False,True,False,True,False,False,True,True,False,C1: priority not encoded (event-triggered op stays enabled under higher-priority autonomous guard)
MOM,ReqHCM,CAM,CAM|HCM,2,False,True,False,True,False,False,True,True,False,C1: priority not encoded (event-triggered op stays enabled under higher-priority autonomous guard)
HCM,ReqOCM,CAM,CAM|OCM,2,False,True,False,True,False,False,True,True,False,C1: priority not encoded (event-triggered op stays enabled under higher-priority autonomous guard)
MOM,ReqOCM,CAM,CAM|OCM,2,False,True,False,True,False,False,True,True,True,C1: priority not encoded (event-triggered op stays enabled under higher-priority autonomous guard)
MOM,EndTask,CAM,CAM|OCM,2,False,True,False,True,False,False,True,True,True,C1: priority not encoded (event-triggered op stays enabled under higher-priority autonomous guard)
MOM,ReqHCM,CAM,CAM|HCM,2,False,True,False,True,False,False,True,True,True,C1: priority not encoded (event-triggered op stays enabled under higher-priority autonomous guard)
HCM,ReqOCM,CAM,CAM|OCM,2,False,True,False,True,False,False,True,True,True,C1: priority not encoded (event-triggered op stays enabled under higher-priority autonomous guard)
MOM,ReqOCM,CAM,CAM|OCM,2,False,True,False,True,False,True,False,False,False,C1: priority not encoded (event-triggered op stays enabled under higher-priority autonomous guard)
MOM,EndTask,CAM,CAM|OCM,2,False,True,False,True,False,True,False,False,False,C1: priority not encoded (event-triggered op stays enabled under higher-priority autonomous guard)
MOM,ReqHCM,CAM,CAM|HCM,2,False,True,False,True,False,True,False,False,False,C1: priority not encoded (event-triggered op stays enabled under higher-priority autonomous guard)
HCM,ReqOCM,CAM,CAM|OCM,2,False,True,False,True,False,True,False,False,False,C1: priority not encoded (event-triggered op stays enabled under higher-priority autonomous guard)
MOM,ReqOCM,CAM,CAM|OCM,2,False,True,False,True,False,True,False,False,True,C1: priority not encoded (event-triggered op stays enabled under higher-priority autonomous guard)
MOM,EndTask,CAM,CAM|OCM,2,False,True,False,True,False,True,False,False,True,C1: priority not encoded (event-triggered op stays enabled under higher-priority autonomous guard)
MOM,ReqHCM,CAM,CAM|HCM,2,False,True,False,True,False,True,False,False,True,C1: priority not encoded (event-triggered op stays enabled under higher-priority autonomous guard)
HCM,ReqOCM,CAM,CAM|OCM,2,False,True,False,True,False,True,False,False,True,C1: priority not encoded (event-triggered op stays enabled under higher-priority autonomous guard)
MOM,ReqOCM,CAM,CAM|OCM,2,False,True,False,True,False,True,False,True,False,C1: priority not encoded (event-triggered op stays enabled under higher-priority autonomous guard)
MOM,EndTask,CAM,CAM|OCM,2,False,True,False,True,False,True,False,True,False,C1: priority not encoded (event-triggered op stays enabled under higher-priority autonomous guard)
MOM,ReqHCM,CAM,CAM|HCM,2,False,True,False,True,False,True,False,True,False,C1: priority not encoded (event-triggered op stays enabled under higher-priority autonomous guard)
HCM,ReqOCM,CAM,CAM|OCM,2,False,True,False,True,False,True,False,True,False,C1: priority not encoded (event-triggered op stays enabled under higher-priority autonomous guard)
MOM,ReqOCM,CAM,CAM|OCM,2,False,True,False,True,False,True,False,True,True,C1: priority not encoded (event-triggered op stays enabled under higher-priority autonomous guard)
MOM,EndTask,CAM,CAM|OCM,2,False,True,False,True,False,True,False,True,True,C1: priority not encoded (event-triggered op stays enabled under higher-priority autonomous guard)
MOM,ReqHCM,CAM,CAM|HCM,2,False,True,False,True,False,True,False,True,True,C1: priority not encoded (event-triggered op stays enabled under higher-priority autonomous guard)
HCM,ReqOCM,CAM,CAM|OCM,2,False,True,False,True,False,True,False,True,True,C1: priority not encoded (event-triggered op stays enabled under higher-priority autonomous guard)
MOM,ReqOCM,CAM,CAM|OCM,2,False,True,False,True,False,True,True,False,False,C1: priority not encoded (event-triggered op stays enabled under higher-priority autonomous guard)
MOM,EndTask,CAM,CAM|OCM,2,False,True,False,True,False,True,True,False,False,C1: priority not encoded (event-triggered op stays enabled under higher-priority autonomous guard)
MOM,ReqHCM,CAM,CAM|HCM,2,False,True,False,True,False,True,True,False,False,C1: priority not encoded (event-triggered op stays enabled under higher-priority autonomous guard)
HCM,ReqOCM,CAM,CAM|OCM,2,False,True,False,True,False,True,True,False,False,C1: priority not encoded (event-triggered op stays enabled under higher-priority autonomous guard)
MOM,ReqOCM,CAM,CAM|OCM,2,False,True,False,True,False,True,True,False,True,C1: priority not encoded (event-triggered op stays enabled under higher-priority autonomous guard)
MOM,EndTask,CAM,CAM|OCM,2,False,True,False,True,False,True,True,False,True,C1: priority not encoded (event-triggered op stays enabled under higher-priority autonomous guard)
MOM,ReqHCM,CAM,CAM|HCM,2,False,True,False,True,False,True,True,False,True,C1: priority not encoded (event-triggered op stays enabled under higher-priority autonomous guard)
HCM,ReqOCM,CAM,CAM|OCM,2,False,True,False,True,False,True,True,False,True,C1: priority not encoded (event-triggered op stays enabled under higher-priority autonomous guard)
MOM,ReqOCM,CAM,CAM|OCM,2,False,True,False,True,False,True,True,True,False,C1: priority not encoded (event-triggered op stays enabled under higher-priority autonomous guard)
MOM,EndTask,CAM,CAM|OCM,2,False,True,False,True,False,True,True,True,False,C1: priority not encoded (event-triggered op stays enabled under higher-priority autonomous guard)
MOM,ReqHCM,CAM,CAM|HCM,2,False,True,False,True,False,True,True,True,False,C1: priority not encoded (event-triggered op stays enabled under higher-priority autonomous guard)
HCM,ReqOCM,CAM,CAM|OCM,2,False,True,False,True,False,True,True,True,False,C1: priority not encoded (event-triggered op stays enabled under higher-priority autonomous guard)
MOM,ReqOCM,CAM,CAM|OCM,2,False,True,False,True,False,True,True,True,True,C1: priority not encoded (event-triggered op stays enabled under higher-priority autonomous guard)
MOM,EndTask,CAM,CAM|OCM,2,False,True,False,True,False,True,True,True,True,C1: priority not encoded (event-triggered op stays enabled under higher-priority autonomous guard)
MOM,ReqHCM,CAM,CAM|HCM,2,False,True,False,True,False,True,True,True,True,C1: priority not encoded (event-triggered op stays enabled under higher-priority autonomous guard)
HCM,ReqOCM,CAM,CAM|OCM,2,False,True,False,True,False,True,True,True,True,C1: priority not encoded (event-triggered op stays enabled under higher-priority autonomous guard)
MOM,ReqOCM,CAM,CAM|OCM,2,False,True,False,True,True,False,False,False,False,C1: priority not encoded (event-triggered op stays enabled under higher-priority autonomous guard)
MOM,EndTask,CAM,CAM|OCM,2,False,True,False,True,True,False,False,False,False,C1: priority not encoded (event-triggered op stays enabled under higher-priority autonomous guard)
MOM,ReqHCM,CAM,CAM|HCM,2,False,True,False,True,True,False,False,False,False,C1: priority not encoded (event-triggered op stays enabled under higher-priority autonomous guard)
HCM,ReqOCM,CAM,CAM|OCM,2,False,True,False,True,True,False,False,False,False,C1: priority not encoded (event-triggered op stays enabled under higher-priority autonomous guard)
MOM,ReqOCM,CAM,CAM|OCM,2,False,True,False,True,True,False,False,False,True,C1: priority not encoded (event-triggered op stays enabled under higher-priority autonomous guard)
MOM,EndTask,CAM,CAM|OCM,2,False,True,False,True,True,False,False,False,True,C1: priority not encoded (event-triggered op stays enabled under higher-priority autonomous guard)
MOM,ReqHCM,CAM,CAM|HCM,2,False,True,False,True,True,False,False,False,True,C1: priority not encoded (event-triggered op stays enabled under higher-priority autonomous guard)
HCM,ReqOCM,CAM,CAM|OCM,2,False,True,False,True,True,False,False,False,True,C1: priority not encoded (event-triggered op stays enabled under higher-priority autonomous guard)
MOM,ReqOCM,CAM,CAM|OCM,2,False,True,False,True,True,False,False,True,False,C1: priority not encoded (event-triggered op stays enabled under higher-priority autonomous guard)
MOM,EndTask,CAM,CAM|OCM,2,False,True,False,True,True,False,False,True,False,C1: priority not encoded (event-triggered op stays enabled under higher-priority autonomous guard)
MOM,ReqHCM,CAM,CAM|HCM,2,False,True,False,True,True,False,False,True,False,C1: priority not encoded (event-triggered op stays enabled under higher-priority autonomous guard)
HCM,ReqOCM,CAM,CAM|OCM,2,False,True,False,True,True,False,False,True,False,C1: priority not encoded (event-triggered op stays enabled under higher-priority autonomous guard)
MOM,ReqOCM,CAM,CAM|OCM,2,False,True,False,True,True,False,False,True,True,C1: priority not encoded (event-triggered op stays enabled under higher-priority autonomous guard)
MOM,EndTask,CAM,CAM|OCM,2,False,True,False,True,True,False,False,True,True,C1: priority not encoded (event-triggered op stays enabled under higher-priority autonomous guard)
MOM,ReqHCM,CAM,CAM|HCM,2,False,True,False,True,True,False,False,True,True,C1: priority not encoded (event-triggered op stays enabled under higher-priority autonomous guard)
HCM,ReqOCM,CAM,CAM|OCM,2,False,True,False,True,True,False,False,True,True,C1: priority not encoded (event-triggered op stays enabled under higher-priority autonomous guard)
MOM,ReqOCM,CAM,CAM|OCM,2,False,True,False,True,True,False,True,False,False,C1: priority not encoded (event-triggered op stays enabled under higher-priority autonomous guard)
MOM,EndTask,CAM,CAM|OCM,2,False,True,False,True,True,False,True,False,False,C1: priority not encoded (event-triggered op stays enabled under higher-priority autonomous guard)
MOM,ReqHCM,CAM,CAM|HCM,2,False,True,False,True,True,False,True,False,False,C1: priority not encoded (event-triggered op stays enabled under higher-priority autonomous guard)
HCM,ReqOCM,CAM,CAM|OCM,2,False,True,False,True,True,False,True,False,False,C1: priority not encoded (event-triggered op stays enabled under higher-priority autonomous guard)
MOM,ReqOCM,CAM,CAM|OCM,2,False,True,False,True,True,False,True,False,True,C1: priority not encoded (event-triggered op stays enabled under higher-priority autonomous guard)
MOM,EndTask,CAM,CAM|OCM,2,False,True,False,True,True,False,True,False,True,C1: priority not encoded (event-triggered op stays enabled under higher-priority autonomous guard)
MOM,ReqHCM,CAM,CAM|HCM,2,False,True,False,True,True,False,True,False,True,C1: priority not encoded (event-triggered op stays enabled under higher-priority autonomous guard)
HCM,ReqOCM,CAM,CAM|OCM,2,False,True,False,True,True,False,True,False,True,C1: priority not encoded (event-triggered op stays enabled under higher-priority autonomous guard)
MOM,ReqOCM,CAM,CAM|OCM,2,False,True,False,True,True,False,True,True,False,C1: priority not encoded (event-triggered op stays enabled under higher-priority autonomous guard)
MOM,EndTask,CAM,CAM|OCM,2,False,True,False,True,True,False,True,True,False,C1: priority not encoded (event-triggered op stays enabled under higher-priority autonomous guard)
MOM,ReqHCM,CAM,CAM|HCM,2,False,True,False,True,True,False,True,True,False,C1: priority not encoded (event-triggered op stays enabled under higher-priority autonomous guard)
HCM,ReqOCM,CAM,CAM|OCM,2,False,True,False,True,True,False,True,True,False,C1: priority not encoded (event-triggered op stays enabled under higher-priority autonomous guard)
MOM,ReqOCM,CAM,CAM|OCM,2,False,True,False,True,True,False,True,True,True,C1: priority not encoded (event-triggered op stays enabled under higher-priority autonomous guard)
MOM,EndTask,CAM,CAM|OCM,2,False,True,False,True,True,False,True,True,True,C1: priority not encoded (event-triggered op stays enabled under higher-priority autonomous guard)
MOM,ReqHCM,CAM,CAM|HCM,2,False,True,False,True,True,False,True,True,True,C1: priority not encoded (event-triggered op stays enabled under higher-priority autonomous guard)
HCM,ReqOCM,CAM,CAM|OCM,2,False,True,False,True,True,False,True,True,True,C1: priority not encoded (event-triggered op stays enabled under higher-priority autonomous guard)
MOM,ReqOCM,CAM,CAM|OCM,2,False,True,False,True,True,True,False,False,False,C1: priority not encoded (event-triggered op stays enabled under higher-priority autonomous guard)
MOM,EndTask,CAM,CAM|OCM,2,False,True,False,True,True,True,False,False,False,C1: priority not encoded (event-triggered op stays enabled under higher-priority autonomous guard)
MOM,ReqHCM,CAM,CAM|HCM,2,False,True,False,True,True,True,False,False,False,C1: priority not encoded (event-triggered op stays enabled under higher-priority autonomous guard)
HCM,ReqOCM,CAM,CAM|OCM,2,False,True,False,True,True,True,False,False,False,C1: priority not encoded (event-triggered op stays enabled under higher-priority autonomous guard)
MOM,ReqOCM,CAM,CAM|OCM,2,False,True,False,True,True,True,False,False,True,C1: priority not encoded (event-triggered op stays enabled under higher-priority autonomous guard)
MOM,EndTask,CAM,CAM|OCM,2,False,True,False,True,True,True,False,False,True,C1: priority not encoded (event-triggered op stays enabled under higher-priority autonomous guard)
MOM,ReqHCM,CAM,CAM|HCM,2,False,True,False,True,True,True,False,False,True,C1: priority not encoded (event-triggered op stays enabled under higher-priority autonomous guard)
HCM,ReqOCM,CAM,CAM|OCM,2,False,True,False,True,True,True,False,False,True,C1: priority not encoded (event-triggered op stays enabled under higher-priority autonomous guard)
MOM,ReqOCM,CAM,CAM|OCM,2,False,True,False,True,True,True,False,True,False,C1: priority not encoded (event-triggered op stays enabled under higher-priority autonomous guard)
MOM,EndTask,CAM,CAM|OCM,2,False,True,False,True,True,True,False,True,False,C1: priority not encoded (event-triggered op stays enabled under higher-priority autonomous guard)
MOM,ReqHCM,CAM,CAM|HCM,2,False,True,False,True,True,True,False,True,False,C1: priority not encoded (event-triggered op stays enabled under higher-priority autonomous guard)
HCM,ReqOCM,CAM,CAM|OCM,2,False,True,False,True,True,True,False,True,False,C1: priority not encoded (event-triggered op stays enabled under higher-priority autonomous guard)
MOM,ReqOCM,CAM,CAM|OCM,2,False,True,False,True,True,True,False,True,True,C1: priority not encoded (event-triggered op stays enabled under higher-priority autonomous guard)
MOM,EndTask,CAM,CAM|OCM,2,False,True,False,True,True,True,False,True,True,C1: priority not encoded (event-triggered op stays enabled under higher-priority autonomous guard)
MOM,ReqHCM,CAM,CAM|HCM,2,False,True,False,True,True,True,False,True,True,C1: priority not encoded (event-triggered op stays enabled under higher-priority autonomous guard)
HCM,ReqOCM,CAM,CAM|OCM,2,False,True,False,True,True,True,False,True,True,C1: priority not encoded (event-triggered op stays enabled under higher-priority autonomous guard)
MOM,ReqOCM,CAM,CAM|OCM,2,False,True,False,True,True,True,True,False,False,C1: priority not encoded (event-triggered op stays enabled under higher-priority autonomous guard)
MOM,EndTask,CAM,CAM|OCM,2,False,True,False,True,True,True,True,False,False,C1: priority not encoded (event-triggered op stays enabled under higher-priority autonomous guard)
MOM,ReqHCM,CAM,CAM|HCM,2,False,True,False,True,True,True,True,False,False,C1: priority not encoded (event-triggered op stays enabled under higher-priority autonomous guard)
HCM,ReqOCM,CAM,CAM|OCM,2,False,True,False,True,True,True,True,False,False,C1: priority not encoded (event-triggered op stays enabled under higher-priority autonomous guard)
MOM,ReqOCM,CAM,CAM|OCM,2,False,True,False,True,True,True,True,False,True,C1: priority not encoded (event-triggered op stays enabled under higher-priority autonomous guard)
MOM,EndTask,CAM,CAM|OCM,2,False,True,False,True,True,True,True,False,True,C1: priority not encoded (event-triggered op stays enabled under higher-priority autonomous guard)
MOM,ReqHCM,CAM,CAM|HCM,2,False,True,False,True,True,True,True,False,True,C1: priority not encoded (event-triggered op stays enabled under higher-priority autonomous guard)
HCM,ReqOCM,CAM,CAM|OCM,2,False,True,False,True,True,True,True,False,True,C1: priority not encoded (event-triggered op stays enabled under higher-priority autonomous guard)
MOM,ReqOCM,CAM,CAM|OCM,2,False,True,False,True,True,True,True,True,False,C1: priority not encoded (event-triggered op stays enabled under higher-priority autonomous guard)
MOM,EndTask,CAM,CAM|OCM,2,False,True,False,True,True,True,True,True,False,C1: priority not encoded (event-triggered op stays enabled under higher-priority autonomous guard)
MOM,ReqHCM,CAM,CAM|HCM,2,False,True,False,True,True,True,True,True,False,C1: priority not encoded (event-triggered op stays enabled under higher-priority autonomous guard)
HCM,ReqOCM,CAM,CAM|OCM,2,False,True,False,True,True,True,True,True,False,C1: priority not encoded (event-triggered op stays enabled under higher-priority autonomous guard)
MOM,ReqOCM,CAM,CAM|OCM,2,False,True,False,True,True,True,True,True,True,C1: priority not encoded (event-triggered op stays enabled under higher-priority autonomous guard)
MOM,EndTask,CAM,CAM|OCM,2,False,True,False,True,True,True,True,True,True,C1: priority not encoded (event-triggered op stays enabled under higher-priority autonomous guard)
MOM,ReqHCM,CAM,CAM|HCM,2,False,True,False,True,True,True,True,True,True,C1: priority not encoded (event-triggered op stays enabled under higher-priority autonomous guard)
HCM,ReqOCM,CAM,CAM|OCM,2,False,True,False,True,True,True,True,True,True,C1: priority not encoded (event-triggered op stays enabled under higher-priority autonomous guard)
MOM,ReqOCM,CAM,CAM|OCM,2,False,True,True,False,False,False,False,False,False,C1: priority not encoded (event-triggered op stays enabled under higher-priority autonomous guard)
MOM,EndTask,CAM,CAM|OCM,2,False,True,True,False,False,False,False,False,False,C1: priority not encoded (event-triggered op stays enabled under higher-priority autonomous guard)
MOM,ReqHCM,CAM,CAM|HCM,2,False,True,True,False,False,False,False,False,False,C1: priority not encoded (event-triggered op stays enabled under higher-priority autonomous guard)
HCM,ReqOCM,CAM,CAM|OCM,2,False,True,True,False,False,False,False,False,False,C1: priority not encoded (event-triggered op stays enabled under higher-priority autonomous guard)
MOM,ReqOCM,CAM,CAM|OCM,2,False,True,True,False,False,False,False,False,True,C1: priority not encoded (event-triggered op stays enabled under higher-priority autonomous guard)
MOM,EndTask,CAM,CAM|OCM,2,False,True,True,False,False,False,False,False,True,C1: priority not encoded (event-triggered op stays enabled under higher-priority autonomous guard)
MOM,ReqHCM,CAM,CAM|HCM,2,False,True,True,False,False,False,False,False,True,C1: priority not encoded (event-triggered op stays enabled under higher-priority autonomous guard)
HCM,ReqOCM,CAM,CAM|OCM,2,False,True,True,False,False,False,False,False,True,C1: priority not encoded (event-triggered op stays enabled under higher-priority autonomous guard)
MOM,ReqOCM,CAM,CAM|OCM,2,False,True,True,False,False,False,False,True,False,C1: priority not encoded (event-triggered op stays enabled under higher-priority autonomous guard)
MOM,EndTask,CAM,CAM|OCM,2,False,True,True,False,False,False,False,True,False,C1: priority not encoded (event-triggered op stays enabled under higher-priority autonomous guard)
MOM,ReqHCM,CAM,CAM|HCM,2,False,True,True,False,False,False,False,True,False,C1: priority not encoded (event-triggered op stays enabled under higher-priority autonomous guard)
HCM,ReqOCM,CAM,CAM|OCM,2,False,True,True,False,False,False,False,True,False,C1: priority not encoded (event-triggered op stays enabled under higher-priority autonomous guard)
MOM,ReqOCM,CAM,CAM|OCM,2,False,True,True,False,False,False,False,True,True,C1: priority not encoded (event-triggered op stays enabled under higher-priority autonomous guard)
MOM,EndTask,CAM,CAM|OCM,2,False,True,True,False,False,False,False,True,True,C1: priority not encoded (event-triggered op stays enabled under higher-priority autonomous guard)
MOM,ReqHCM,CAM,CAM|HCM,2,False,True,True,False,False,False,False,True,True,C1: priority not encoded (event-triggered op stays enabled under higher-priority autonomous guard)
HCM,ReqOCM,CAM,CAM|OCM,2,False,True,True,False,False,False,False,True,True,C1: priority not encoded (event-triggered op stays enabled under higher-priority autonomous guard)
MOM,ReqOCM,CAM,CAM|OCM,2,False,True,True,False,False,False,True,False,False,C1: priority not encoded (event-triggered op stays enabled under higher-priority autonomous guard)
MOM,EndTask,CAM,CAM|OCM,2,False,True,True,False,False,False,True,False,False,C1: priority not encoded (event-triggered op stays enabled under higher-priority autonomous guard)
MOM,ReqHCM,CAM,CAM|HCM,2,False,True,True,False,False,False,True,False,False,C1: priority not encoded (event-triggered op stays enabled under higher-priority autonomous guard)
HCM,ReqOCM,CAM,CAM|OCM,2,False,True,True,False,False,False,True,False,False,C1: priority not encoded (event-triggered op stays enabled under higher-priority autonomous guard)
MOM,ReqOCM,CAM,CAM|OCM,2,False,True,True,False,False,False,True,False,True,C1: priority not encoded (event-triggered op stays enabled under higher-priority autonomous guard)
MOM,EndTask,CAM,CAM|OCM,2,False,True,True,False,False,False,True,False,True,C1: priority not encoded (event-triggered op stays enabled under higher-priority autonomous guard)
MOM,ReqHCM,CAM,CAM|HCM,2,False,True,True,False,False,False,True,False,True,C1: priority not encoded (event-triggered op stays enabled under higher-priority autonomous guard)
HCM,ReqOCM,CAM,CAM|OCM,2,False,True,True,False,False,False,True,False,True,C1: priority not encoded (event-triggered op stays enabled under higher-priority autonomous guard)
MOM,ReqOCM,CAM,CAM|OCM,2,False,True,True,False,False,False,True,True,False,C1: priority not encoded (event-triggered op stays enabled under higher-priority autonomous guard)
MOM,EndTask,CAM,CAM|OCM,2,False,True,True,False,False,False,True,True,False,C1: priority not encoded (event-triggered op stays enabled under higher-priority autonomous guard)
MOM,ReqHCM,CAM,CAM|HCM,2,False,True,True,False,False,False,True,True,False,C1: priority not encoded (event-triggered op stays enabled under higher-priority autonomous guard)
HCM,ReqOCM,CAM,CAM|OCM,2,False,True,True,False,False,False,True,True,False,C1: priority not encoded (event-triggered op stays enabled under higher-priority autonomous guard)
MOM,ReqOCM,CAM,CAM|OCM,2,False,True,True,False,False,False,True,True,True,C1: priority not encoded (event-triggered op stays enabled under higher-priority autonomous guard)
MOM,EndTask,CAM,CAM|OCM,2,False,True,True,False,False,False,True,True,True,C1: priority not encoded (event-triggered op stays enabled under higher-priority autonomous guard)
MOM,ReqHCM,CAM,CAM|HCM,2,False,True,True,False,False,False,True,True,True,C1: priority not encoded (event-triggered op stays enabled under higher-priority autonomous guard)
HCM,ReqOCM,CAM,CAM|OCM,2,False,True,True,False,False,False,True,True,True,C1: priority not encoded (event-triggered op stays enabled under higher-priority autonomous guard)
MOM,ReqOCM,CAM,CAM|OCM,2,False,True,True,False,False,True,False,False,False,C1: priority not encoded (event-triggered op stays enabled under higher-priority autonomous guard)
MOM,EndTask,CAM,CAM|OCM,2,False,True,True,False,False,True,False,False,False,C1: priority not encoded (event-triggered op stays enabled under higher-priority autonomous guard)
MOM,ReqHCM,CAM,CAM|HCM,2,False,True,True,False,False,True,False,False,False,C1: priority not encoded (event-triggered op stays enabled under higher-priority autonomous guard)
HCM,ReqOCM,CAM,CAM|OCM,2,False,True,True,False,False,True,False,False,False,C1: priority not encoded (event-triggered op stays enabled under higher-priority autonomous guard)
MOM,ReqOCM,CAM,CAM|OCM,2,False,True,True,False,False,True,False,False,True,C1: priority not encoded (event-triggered op stays enabled under higher-priority autonomous guard)
MOM,EndTask,CAM,CAM|OCM,2,False,True,True,False,False,True,False,False,True,C1: priority not encoded (event-triggered op stays enabled under higher-priority autonomous guard)
MOM,ReqHCM,CAM,CAM|HCM,2,False,True,True,False,False,True,False,False,True,C1: priority not encoded (event-triggered op stays enabled under higher-priority autonomous guard)
HCM,ReqOCM,CAM,CAM|OCM,2,False,True,True,False,False,True,False,False,True,C1: priority not encoded (event-triggered op stays enabled under higher-priority autonomous guard)
MOM,ReqOCM,CAM,CAM|OCM,2,False,True,True,False,False,True,False,True,False,C1: priority not encoded (event-triggered op stays enabled under higher-priority autonomous guard)
MOM,EndTask,CAM,CAM|OCM,2,False,True,True,False,False,True,False,True,False,C1: priority not encoded (event-triggered op stays enabled under higher-priority autonomous guard)
MOM,ReqHCM,CAM,CAM|HCM,2,False,True,True,False,False,True,False,True,False,C1: priority not encoded (event-triggered op stays enabled under higher-priority autonomous guard)
HCM,ReqOCM,CAM,CAM|OCM,2,False,True,True,False,False,True,False,True,False,C1: priority not encoded (event-triggered op stays enabled under higher-priority autonomous guard)
MOM,ReqOCM,CAM,CAM|OCM,2,False,True,True,False,False,True,False,True,True,C1: priority not encoded (event-triggered op stays enabled under higher-priority autonomous guard)
MOM,EndTask,CAM,CAM|OCM,2,False,True,True,False,False,True,False,True,True,C1: priority not encoded (event-triggered op stays enabled under higher-priority autonomous guard)
MOM,ReqHCM,CAM,CAM|HCM,2,False,True,True,False,False,True,False,True,True,C1: priority not encoded (event-triggered op stays enabled under higher-priority autonomous guard)
HCM,ReqOCM,CAM,CAM|OCM,2,False,True,True,False,False,True,False,True,True,C1: priority not encoded (event-triggered op stays enabled under higher-priority autonomous guard)
MOM,ReqOCM,CAM,CAM|OCM,2,False,True,True,False,False,True,True,False,False,C1: priority not encoded (event-triggered op stays enabled under higher-priority autonomous guard)
MOM,EndTask,CAM,CAM|OCM,2,False,True,True,False,False,True,True,False,False,C1: priority not encoded (event-triggered op stays enabled under higher-priority autonomous guard)
MOM,ReqHCM,CAM,CAM|HCM,2,False,True,True,False,False,True,True,False,False,C1: priority not encoded (event-triggered op stays enabled under higher-priority autonomous guard)
HCM,ReqOCM,CAM,CAM|OCM,2,False,True,True,False,False,True,True,False,False,C1: priority not encoded (event-triggered op stays enabled under higher-priority autonomous guard)
MOM,ReqOCM,CAM,CAM|OCM,2,False,True,True,False,False,True,True,False,True,C1: priority not encoded (event-triggered op stays enabled under higher-priority autonomous guard)
MOM,EndTask,CAM,CAM|OCM,2,False,True,True,False,False,True,True,False,True,C1: priority not encoded (event-triggered op stays enabled under higher-priority autonomous guard)
MOM,ReqHCM,CAM,CAM|HCM,2,False,True,True,False,False,True,True,False,True,C1: priority not encoded (event-triggered op stays enabled under higher-priority autonomous guard)
HCM,ReqOCM,CAM,CAM|OCM,2,False,True,True,False,False,True,True,False,True,C1: priority not encoded (event-triggered op stays enabled under higher-priority autonomous guard)
OCM,ReqVel,OCM,MOM|OCM,2,False,True,True,False,False,True,True,True,False,C2: event not in guard (OCMToMOM fires on any event)
OCM,ReqHdng,OCM,MOM|OCM,2,False,True,True,False,False,True,True,True,False,C2: event not in guard (OCMToMOM fires on any event)
OCM,ReqOCM,OCM,MOM,1,False,True,True,False,False,True,True,True,False,C2: event not in guard (OCMToMOM fires on any event)
OCM,EndTask,OCM,MOM,1,False,True,True,False,False,True,True,True,False,C2: event not in guard (OCMToMOM fires on any event)
OCM,ReqHCM,OCM,MOM,1,False,True,True,False,False,True,True,True,False,C2: event not in guard (OCMToMOM fires on any event)
OCM,tick,OCM,MOM,1,False,True,True,False,False,True,True,True,False,C2: event not in guard (OCMToMOM fires on any event)
MOM,ReqOCM,CAM,CAM|OCM,2,False,True,True,False,False,True,True,True,False,C1: priority not encoded (event-triggered op stays enabled under higher-priority autonomous guard)
MOM,EndTask,CAM,CAM|OCM,2,False,True,True,False,False,True,True,True,False,C1: priority not encoded (event-triggered op stays enabled under higher-priority autonomous guard)
MOM,ReqHCM,CAM,CAM|HCM,2,False,True,True,False,False,True,True,True,False,C1: priority not encoded (event-triggered op stays enabled under higher-priority autonomous guard)
HCM,ReqOCM,CAM,CAM|OCM,2,False,True,True,False,False,True,True,True,False,C1: priority not encoded (event-triggered op stays enabled under higher-priority autonomous guard)
OCM,ReqVel,OCM,MOM|OCM,2,False,True,True,False,False,True,True,True,True,C2: event not in guard (OCMToMOM fires on any event)
OCM,ReqHdng,OCM,MOM|OCM,2,False,True,True,False,False,True,True,True,True,C2: event not in guard (OCMToMOM fires on any event)
OCM,ReqOCM,OCM,MOM,1,False,True,True,False,False,True,True,True,True,C2: event not in guard (OCMToMOM fires on any event)
OCM,EndTask,OCM,MOM,1,False,True,True,False,False,True,True,True,True,C2: event not in guard (OCMToMOM fires on any event)
OCM,ReqHCM,OCM,MOM,1,False,True,True,False,False,True,True,True,True,C2: event not in guard (OCMToMOM fires on any event)
OCM,tick,OCM,MOM,1,False,True,True,False,False,True,True,True,True,C2: event not in guard (OCMToMOM fires on any event)
MOM,ReqOCM,CAM,CAM|OCM,2,False,True,True,False,False,True,True,True,True,C1: priority not encoded (event-triggered op stays enabled under higher-priority autonomous guard)
MOM,EndTask,CAM,CAM|OCM,2,False,True,True,False,False,True,True,True,True,C1: priority not encoded (event-triggered op stays enabled under higher-priority autonomous guard)
MOM,ReqHCM,CAM,CAM|HCM,2,False,True,True,False,False,True,True,True,True,C1: priority not encoded (event-triggered op stays enabled under higher-priority autonomous guard)
HCM,ReqOCM,CAM,CAM|OCM,2,False,True,True,False,False,True,True,True,True,C1: priority not encoded (event-triggered op stays enabled under higher-priority autonomous guard)
MOM,ReqOCM,CAM,CAM|OCM,2,False,True,True,False,True,False,False,False,False,C1: priority not encoded (event-triggered op stays enabled under higher-priority autonomous guard)
MOM,EndTask,CAM,CAM|OCM,2,False,True,True,False,True,False,False,False,False,C1: priority not encoded (event-triggered op stays enabled under higher-priority autonomous guard)
MOM,ReqHCM,CAM,CAM|HCM,2,False,True,True,False,True,False,False,False,False,C1: priority not encoded (event-triggered op stays enabled under higher-priority autonomous guard)
HCM,ReqOCM,CAM,CAM|OCM,2,False,True,True,False,True,False,False,False,False,C1: priority not encoded (event-triggered op stays enabled under higher-priority autonomous guard)
MOM,ReqOCM,CAM,CAM|OCM,2,False,True,True,False,True,False,False,False,True,C1: priority not encoded (event-triggered op stays enabled under higher-priority autonomous guard)
MOM,EndTask,CAM,CAM|OCM,2,False,True,True,False,True,False,False,False,True,C1: priority not encoded (event-triggered op stays enabled under higher-priority autonomous guard)
MOM,ReqHCM,CAM,CAM|HCM,2,False,True,True,False,True,False,False,False,True,C1: priority not encoded (event-triggered op stays enabled under higher-priority autonomous guard)
HCM,ReqOCM,CAM,CAM|OCM,2,False,True,True,False,True,False,False,False,True,C1: priority not encoded (event-triggered op stays enabled under higher-priority autonomous guard)
MOM,ReqOCM,CAM,CAM|OCM,2,False,True,True,False,True,False,False,True,False,C1: priority not encoded (event-triggered op stays enabled under higher-priority autonomous guard)
MOM,EndTask,CAM,CAM|OCM,2,False,True,True,False,True,False,False,True,False,C1: priority not encoded (event-triggered op stays enabled under higher-priority autonomous guard)
MOM,ReqHCM,CAM,CAM|HCM,2,False,True,True,False,True,False,False,True,False,C1: priority not encoded (event-triggered op stays enabled under higher-priority autonomous guard)
HCM,ReqOCM,CAM,CAM|OCM,2,False,True,True,False,True,False,False,True,False,C1: priority not encoded (event-triggered op stays enabled under higher-priority autonomous guard)
MOM,ReqOCM,CAM,CAM|OCM,2,False,True,True,False,True,False,False,True,True,C1: priority not encoded (event-triggered op stays enabled under higher-priority autonomous guard)
MOM,EndTask,CAM,CAM|OCM,2,False,True,True,False,True,False,False,True,True,C1: priority not encoded (event-triggered op stays enabled under higher-priority autonomous guard)
MOM,ReqHCM,CAM,CAM|HCM,2,False,True,True,False,True,False,False,True,True,C1: priority not encoded (event-triggered op stays enabled under higher-priority autonomous guard)
HCM,ReqOCM,CAM,CAM|OCM,2,False,True,True,False,True,False,False,True,True,C1: priority not encoded (event-triggered op stays enabled under higher-priority autonomous guard)
MOM,ReqOCM,CAM,CAM|OCM,2,False,True,True,False,True,False,True,False,False,C1: priority not encoded (event-triggered op stays enabled under higher-priority autonomous guard)
MOM,EndTask,CAM,CAM|OCM,2,False,True,True,False,True,False,True,False,False,C1: priority not encoded (event-triggered op stays enabled under higher-priority autonomous guard)
MOM,ReqHCM,CAM,CAM|HCM,2,False,True,True,False,True,False,True,False,False,C1: priority not encoded (event-triggered op stays enabled under higher-priority autonomous guard)
HCM,ReqOCM,CAM,CAM|OCM,2,False,True,True,False,True,False,True,False,False,C1: priority not encoded (event-triggered op stays enabled under higher-priority autonomous guard)
MOM,ReqOCM,CAM,CAM|OCM,2,False,True,True,False,True,False,True,False,True,C1: priority not encoded (event-triggered op stays enabled under higher-priority autonomous guard)
MOM,EndTask,CAM,CAM|OCM,2,False,True,True,False,True,False,True,False,True,C1: priority not encoded (event-triggered op stays enabled under higher-priority autonomous guard)
MOM,ReqHCM,CAM,CAM|HCM,2,False,True,True,False,True,False,True,False,True,C1: priority not encoded (event-triggered op stays enabled under higher-priority autonomous guard)
HCM,ReqOCM,CAM,CAM|OCM,2,False,True,True,False,True,False,True,False,True,C1: priority not encoded (event-triggered op stays enabled under higher-priority autonomous guard)
MOM,ReqOCM,CAM,CAM|OCM,2,False,True,True,False,True,False,True,True,False,C1: priority not encoded (event-triggered op stays enabled under higher-priority autonomous guard)
MOM,EndTask,CAM,CAM|OCM,2,False,True,True,False,True,False,True,True,False,C1: priority not encoded (event-triggered op stays enabled under higher-priority autonomous guard)
MOM,ReqHCM,CAM,CAM|HCM,2,False,True,True,False,True,False,True,True,False,C1: priority not encoded (event-triggered op stays enabled under higher-priority autonomous guard)
HCM,ReqOCM,CAM,CAM|OCM,2,False,True,True,False,True,False,True,True,False,C1: priority not encoded (event-triggered op stays enabled under higher-priority autonomous guard)
MOM,ReqOCM,CAM,CAM|OCM,2,False,True,True,False,True,False,True,True,True,C1: priority not encoded (event-triggered op stays enabled under higher-priority autonomous guard)
MOM,EndTask,CAM,CAM|OCM,2,False,True,True,False,True,False,True,True,True,C1: priority not encoded (event-triggered op stays enabled under higher-priority autonomous guard)
MOM,ReqHCM,CAM,CAM|HCM,2,False,True,True,False,True,False,True,True,True,C1: priority not encoded (event-triggered op stays enabled under higher-priority autonomous guard)
HCM,ReqOCM,CAM,CAM|OCM,2,False,True,True,False,True,False,True,True,True,C1: priority not encoded (event-triggered op stays enabled under higher-priority autonomous guard)
MOM,ReqOCM,CAM,CAM|OCM,2,False,True,True,False,True,True,False,False,False,C1: priority not encoded (event-triggered op stays enabled under higher-priority autonomous guard)
MOM,EndTask,CAM,CAM|OCM,2,False,True,True,False,True,True,False,False,False,C1: priority not encoded (event-triggered op stays enabled under higher-priority autonomous guard)
MOM,ReqHCM,CAM,CAM|HCM,2,False,True,True,False,True,True,False,False,False,C1: priority not encoded (event-triggered op stays enabled under higher-priority autonomous guard)
HCM,ReqOCM,CAM,CAM|OCM,2,False,True,True,False,True,True,False,False,False,C1: priority not encoded (event-triggered op stays enabled under higher-priority autonomous guard)
MOM,ReqOCM,CAM,CAM|OCM,2,False,True,True,False,True,True,False,False,True,C1: priority not encoded (event-triggered op stays enabled under higher-priority autonomous guard)
MOM,EndTask,CAM,CAM|OCM,2,False,True,True,False,True,True,False,False,True,C1: priority not encoded (event-triggered op stays enabled under higher-priority autonomous guard)
MOM,ReqHCM,CAM,CAM|HCM,2,False,True,True,False,True,True,False,False,True,C1: priority not encoded (event-triggered op stays enabled under higher-priority autonomous guard)
HCM,ReqOCM,CAM,CAM|OCM,2,False,True,True,False,True,True,False,False,True,C1: priority not encoded (event-triggered op stays enabled under higher-priority autonomous guard)
MOM,ReqOCM,CAM,CAM|OCM,2,False,True,True,False,True,True,False,True,False,C1: priority not encoded (event-triggered op stays enabled under higher-priority autonomous guard)
MOM,EndTask,CAM,CAM|OCM,2,False,True,True,False,True,True,False,True,False,C1: priority not encoded (event-triggered op stays enabled under higher-priority autonomous guard)
MOM,ReqHCM,CAM,CAM|HCM,2,False,True,True,False,True,True,False,True,False,C1: priority not encoded (event-triggered op stays enabled under higher-priority autonomous guard)
HCM,ReqOCM,CAM,CAM|OCM,2,False,True,True,False,True,True,False,True,False,C1: priority not encoded (event-triggered op stays enabled under higher-priority autonomous guard)
MOM,ReqOCM,CAM,CAM|OCM,2,False,True,True,False,True,True,False,True,True,C1: priority not encoded (event-triggered op stays enabled under higher-priority autonomous guard)
MOM,EndTask,CAM,CAM|OCM,2,False,True,True,False,True,True,False,True,True,C1: priority not encoded (event-triggered op stays enabled under higher-priority autonomous guard)
MOM,ReqHCM,CAM,CAM|HCM,2,False,True,True,False,True,True,False,True,True,C1: priority not encoded (event-triggered op stays enabled under higher-priority autonomous guard)
HCM,ReqOCM,CAM,CAM|OCM,2,False,True,True,False,True,True,False,True,True,C1: priority not encoded (event-triggered op stays enabled under higher-priority autonomous guard)
MOM,ReqOCM,CAM,CAM|OCM,2,False,True,True,False,True,True,True,False,False,C1: priority not encoded (event-triggered op stays enabled under higher-priority autonomous guard)
MOM,EndTask,CAM,CAM|OCM,2,False,True,True,False,True,True,True,False,False,C1: priority not encoded (event-triggered op stays enabled under higher-priority autonomous guard)
MOM,ReqHCM,CAM,CAM|HCM,2,False,True,True,False,True,True,True,False,False,C1: priority not encoded (event-triggered op stays enabled under higher-priority autonomous guard)
HCM,ReqOCM,CAM,CAM|OCM,2,False,True,True,False,True,True,True,False,False,C1: priority not encoded (event-triggered op stays enabled under higher-priority autonomous guard)
MOM,ReqOCM,CAM,CAM|OCM,2,False,True,True,False,True,True,True,False,True,C1: priority not encoded (event-triggered op stays enabled under higher-priority autonomous guard)
MOM,EndTask,CAM,CAM|OCM,2,False,True,True,False,True,True,True,False,True,C1: priority not encoded (event-triggered op stays enabled under higher-priority autonomous guard)
MOM,ReqHCM,CAM,CAM|HCM,2,False,True,True,False,True,True,True,False,True,C1: priority not encoded (event-triggered op stays enabled under higher-priority autonomous guard)
HCM,ReqOCM,CAM,CAM|OCM,2,False,True,True,False,True,True,True,False,True,C1: priority not encoded (event-triggered op stays enabled under higher-priority autonomous guard)
OCM,ReqVel,OCM,MOM|OCM,2,False,True,True,False,True,True,True,True,False,C2: event not in guard (OCMToMOM fires on any event)
OCM,ReqHdng,OCM,MOM|OCM,2,False,True,True,False,True,True,True,True,False,C2: event not in guard (OCMToMOM fires on any event)
OCM,ReqOCM,OCM,MOM,1,False,True,True,False,True,True,True,True,False,C2: event not in guard (OCMToMOM fires on any event)
OCM,EndTask,OCM,MOM,1,False,True,True,False,True,True,True,True,False,C2: event not in guard (OCMToMOM fires on any event)
OCM,ReqHCM,OCM,MOM,1,False,True,True,False,True,True,True,True,False,C2: event not in guard (OCMToMOM fires on any event)
OCM,tick,OCM,MOM,1,False,True,True,False,True,True,True,True,False,C2: event not in guard (OCMToMOM fires on any event)
MOM,ReqOCM,CAM,CAM|OCM,2,False,True,True,False,True,True,True,True,False,C1: priority not encoded (event-triggered op stays enabled under higher-priority autonomous guard)
MOM,EndTask,CAM,CAM|OCM,2,False,True,True,False,True,True,True,True,False,C1: priority not encoded (event-triggered op stays enabled under higher-priority autonomous guard)
MOM,ReqHCM,CAM,CAM|HCM,2,False,True,True,False,True,True,True,True,False,C1: priority not encoded (event-triggered op stays enabled under higher-priority autonomous guard)
HCM,ReqOCM,CAM,CAM|OCM,2,False,True,True,False,True,True,True,True,False,C1: priority not encoded (event-triggered op stays enabled under higher-priority autonomous guard)
OCM,ReqVel,OCM,MOM|OCM,2,False,True,True,False,True,True,True,True,True,C2: event not in guard (OCMToMOM fires on any event)
OCM,ReqHdng,OCM,MOM|OCM,2,False,True,True,False,True,True,True,True,True,C2: event not in guard (OCMToMOM fires on any event)
OCM,ReqOCM,OCM,MOM,1,False,True,True,False,True,True,True,True,True,C2: event not in guard (OCMToMOM fires on any event)
OCM,EndTask,OCM,MOM,1,False,True,True,False,True,True,True,True,True,C2: event not in guard (OCMToMOM fires on any event)
OCM,ReqHCM,OCM,MOM,1,False,True,True,False,True,True,True,True,True,C2: event not in guard (OCMToMOM fires on any event)
OCM,tick,OCM,MOM,1,False,True,True,False,True,True,True,True,True,C2: event not in guard (OCMToMOM fires on any event)
MOM,ReqOCM,CAM,CAM|OCM,2,False,True,True,False,True,True,True,True,True,C1: priority not encoded (event-triggered op stays enabled under higher-priority autonomous guard)
MOM,EndTask,CAM,CAM|OCM,2,False,True,True,False,True,True,True,True,True,C1: priority not encoded (event-triggered op stays enabled under higher-priority autonomous guard)
MOM,ReqHCM,CAM,CAM|HCM,2,False,True,True,False,True,True,True,True,True,C1: priority not encoded (event-triggered op stays enabled under higher-priority autonomous guard)
HCM,ReqOCM,CAM,CAM|OCM,2,False,True,True,False,True,True,True,True,True,C1: priority not encoded (event-triggered op stays enabled under higher-priority autonomous guard)
MOM,ReqOCM,CAM,CAM|OCM,2,False,True,True,True,False,False,False,False,False,C1: priority not encoded (event-triggered op stays enabled under higher-priority autonomous guard)
MOM,EndTask,CAM,CAM|OCM,2,False,True,True,True,False,False,False,False,False,C1: priority not encoded (event-triggered op stays enabled under higher-priority autonomous guard)
MOM,ReqHCM,CAM,CAM|HCM,2,False,True,True,True,False,False,False,False,False,C1: priority not encoded (event-triggered op stays enabled under higher-priority autonomous guard)
HCM,ReqOCM,CAM,CAM|OCM,2,False,True,True,True,False,False,False,False,False,C1: priority not encoded (event-triggered op stays enabled under higher-priority autonomous guard)
MOM,ReqOCM,CAM,CAM|OCM,2,False,True,True,True,False,False,False,False,True,C1: priority not encoded (event-triggered op stays enabled under higher-priority autonomous guard)
MOM,EndTask,CAM,CAM|OCM,2,False,True,True,True,False,False,False,False,True,C1: priority not encoded (event-triggered op stays enabled under higher-priority autonomous guard)
MOM,ReqHCM,CAM,CAM|HCM,2,False,True,True,True,False,False,False,False,True,C1: priority not encoded (event-triggered op stays enabled under higher-priority autonomous guard)
HCM,ReqOCM,CAM,CAM|OCM,2,False,True,True,True,False,False,False,False,True,C1: priority not encoded (event-triggered op stays enabled under higher-priority autonomous guard)
MOM,ReqOCM,CAM,CAM|OCM,2,False,True,True,True,False,False,False,True,False,C1: priority not encoded (event-triggered op stays enabled under higher-priority autonomous guard)
MOM,EndTask,CAM,CAM|OCM,2,False,True,True,True,False,False,False,True,False,C1: priority not encoded (event-triggered op stays enabled under higher-priority autonomous guard)
MOM,ReqHCM,CAM,CAM|HCM,2,False,True,True,True,False,False,False,True,False,C1: priority not encoded (event-triggered op stays enabled under higher-priority autonomous guard)
HCM,ReqOCM,CAM,CAM|OCM,2,False,True,True,True,False,False,False,True,False,C1: priority not encoded (event-triggered op stays enabled under higher-priority autonomous guard)
MOM,ReqOCM,CAM,CAM|OCM,2,False,True,True,True,False,False,False,True,True,C1: priority not encoded (event-triggered op stays enabled under higher-priority autonomous guard)
MOM,EndTask,CAM,CAM|OCM,2,False,True,True,True,False,False,False,True,True,C1: priority not encoded (event-triggered op stays enabled under higher-priority autonomous guard)
MOM,ReqHCM,CAM,CAM|HCM,2,False,True,True,True,False,False,False,True,True,C1: priority not encoded (event-triggered op stays enabled under higher-priority autonomous guard)
HCM,ReqOCM,CAM,CAM|OCM,2,False,True,True,True,False,False,False,True,True,C1: priority not encoded (event-triggered op stays enabled under higher-priority autonomous guard)
MOM,ReqOCM,CAM,CAM|OCM,2,False,True,True,True,False,False,True,False,False,C1: priority not encoded (event-triggered op stays enabled under higher-priority autonomous guard)
MOM,EndTask,CAM,CAM|OCM,2,False,True,True,True,False,False,True,False,False,C1: priority not encoded (event-triggered op stays enabled under higher-priority autonomous guard)
MOM,ReqHCM,CAM,CAM|HCM,2,False,True,True,True,False,False,True,False,False,C1: priority not encoded (event-triggered op stays enabled under higher-priority autonomous guard)
HCM,ReqOCM,CAM,CAM|OCM,2,False,True,True,True,False,False,True,False,False,C1: priority not encoded (event-triggered op stays enabled under higher-priority autonomous guard)
MOM,ReqOCM,CAM,CAM|OCM,2,False,True,True,True,False,False,True,False,True,C1: priority not encoded (event-triggered op stays enabled under higher-priority autonomous guard)
MOM,EndTask,CAM,CAM|OCM,2,False,True,True,True,False,False,True,False,True,C1: priority not encoded (event-triggered op stays enabled under higher-priority autonomous guard)
MOM,ReqHCM,CAM,CAM|HCM,2,False,True,True,True,False,False,True,False,True,C1: priority not encoded (event-triggered op stays enabled under higher-priority autonomous guard)
HCM,ReqOCM,CAM,CAM|OCM,2,False,True,True,True,False,False,True,False,True,C1: priority not encoded (event-triggered op stays enabled under higher-priority autonomous guard)
MOM,ReqOCM,CAM,CAM|OCM,2,False,True,True,True,False,False,True,True,False,C1: priority not encoded (event-triggered op stays enabled under higher-priority autonomous guard)
MOM,EndTask,CAM,CAM|OCM,2,False,True,True,True,False,False,True,True,False,C1: priority not encoded (event-triggered op stays enabled under higher-priority autonomous guard)
MOM,ReqHCM,CAM,CAM|HCM,2,False,True,True,True,False,False,True,True,False,C1: priority not encoded (event-triggered op stays enabled under higher-priority autonomous guard)
HCM,ReqOCM,CAM,CAM|OCM,2,False,True,True,True,False,False,True,True,False,C1: priority not encoded (event-triggered op stays enabled under higher-priority autonomous guard)
MOM,ReqOCM,CAM,CAM|OCM,2,False,True,True,True,False,False,True,True,True,C1: priority not encoded (event-triggered op stays enabled under higher-priority autonomous guard)
MOM,EndTask,CAM,CAM|OCM,2,False,True,True,True,False,False,True,True,True,C1: priority not encoded (event-triggered op stays enabled under higher-priority autonomous guard)
MOM,ReqHCM,CAM,CAM|HCM,2,False,True,True,True,False,False,True,True,True,C1: priority not encoded (event-triggered op stays enabled under higher-priority autonomous guard)
HCM,ReqOCM,CAM,CAM|OCM,2,False,True,True,True,False,False,True,True,True,C1: priority not encoded (event-triggered op stays enabled under higher-priority autonomous guard)
MOM,ReqOCM,CAM,CAM|OCM,2,False,True,True,True,False,True,False,False,False,C1: priority not encoded (event-triggered op stays enabled under higher-priority autonomous guard)
MOM,EndTask,CAM,CAM|OCM,2,False,True,True,True,False,True,False,False,False,C1: priority not encoded (event-triggered op stays enabled under higher-priority autonomous guard)
MOM,ReqHCM,CAM,CAM|HCM,2,False,True,True,True,False,True,False,False,False,C1: priority not encoded (event-triggered op stays enabled under higher-priority autonomous guard)
HCM,ReqOCM,CAM,CAM|OCM,2,False,True,True,True,False,True,False,False,False,C1: priority not encoded (event-triggered op stays enabled under higher-priority autonomous guard)
MOM,ReqOCM,CAM,CAM|OCM,2,False,True,True,True,False,True,False,False,True,C1: priority not encoded (event-triggered op stays enabled under higher-priority autonomous guard)
MOM,EndTask,CAM,CAM|OCM,2,False,True,True,True,False,True,False,False,True,C1: priority not encoded (event-triggered op stays enabled under higher-priority autonomous guard)
MOM,ReqHCM,CAM,CAM|HCM,2,False,True,True,True,False,True,False,False,True,C1: priority not encoded (event-triggered op stays enabled under higher-priority autonomous guard)
HCM,ReqOCM,CAM,CAM|OCM,2,False,True,True,True,False,True,False,False,True,C1: priority not encoded (event-triggered op stays enabled under higher-priority autonomous guard)
MOM,ReqOCM,CAM,CAM|OCM,2,False,True,True,True,False,True,False,True,False,C1: priority not encoded (event-triggered op stays enabled under higher-priority autonomous guard)
MOM,EndTask,CAM,CAM|OCM,2,False,True,True,True,False,True,False,True,False,C1: priority not encoded (event-triggered op stays enabled under higher-priority autonomous guard)
MOM,ReqHCM,CAM,CAM|HCM,2,False,True,True,True,False,True,False,True,False,C1: priority not encoded (event-triggered op stays enabled under higher-priority autonomous guard)
HCM,ReqOCM,CAM,CAM|OCM,2,False,True,True,True,False,True,False,True,False,C1: priority not encoded (event-triggered op stays enabled under higher-priority autonomous guard)
MOM,ReqOCM,CAM,CAM|OCM,2,False,True,True,True,False,True,False,True,True,C1: priority not encoded (event-triggered op stays enabled under higher-priority autonomous guard)
MOM,EndTask,CAM,CAM|OCM,2,False,True,True,True,False,True,False,True,True,C1: priority not encoded (event-triggered op stays enabled under higher-priority autonomous guard)
MOM,ReqHCM,CAM,CAM|HCM,2,False,True,True,True,False,True,False,True,True,C1: priority not encoded (event-triggered op stays enabled under higher-priority autonomous guard)
HCM,ReqOCM,CAM,CAM|OCM,2,False,True,True,True,False,True,False,True,True,C1: priority not encoded (event-triggered op stays enabled under higher-priority autonomous guard)
MOM,ReqOCM,CAM,CAM|OCM,2,False,True,True,True,False,True,True,False,False,C1: priority not encoded (event-triggered op stays enabled under higher-priority autonomous guard)
MOM,EndTask,CAM,CAM|OCM,2,False,True,True,True,False,True,True,False,False,C1: priority not encoded (event-triggered op stays enabled under higher-priority autonomous guard)
MOM,ReqHCM,CAM,CAM|HCM,2,False,True,True,True,False,True,True,False,False,C1: priority not encoded (event-triggered op stays enabled under higher-priority autonomous guard)
HCM,ReqOCM,CAM,CAM|OCM,2,False,True,True,True,False,True,True,False,False,C1: priority not encoded (event-triggered op stays enabled under higher-priority autonomous guard)
MOM,ReqOCM,CAM,CAM|OCM,2,False,True,True,True,False,True,True,False,True,C1: priority not encoded (event-triggered op stays enabled under higher-priority autonomous guard)
MOM,EndTask,CAM,CAM|OCM,2,False,True,True,True,False,True,True,False,True,C1: priority not encoded (event-triggered op stays enabled under higher-priority autonomous guard)
MOM,ReqHCM,CAM,CAM|HCM,2,False,True,True,True,False,True,True,False,True,C1: priority not encoded (event-triggered op stays enabled under higher-priority autonomous guard)
HCM,ReqOCM,CAM,CAM|OCM,2,False,True,True,True,False,True,True,False,True,C1: priority not encoded (event-triggered op stays enabled under higher-priority autonomous guard)
MOM,ReqOCM,CAM,CAM|OCM,2,False,True,True,True,False,True,True,True,False,C1: priority not encoded (event-triggered op stays enabled under higher-priority autonomous guard)
MOM,EndTask,CAM,CAM|OCM,2,False,True,True,True,False,True,True,True,False,C1: priority not encoded (event-triggered op stays enabled under higher-priority autonomous guard)
MOM,ReqHCM,CAM,CAM|HCM,2,False,True,True,True,False,True,True,True,False,C1: priority not encoded (event-triggered op stays enabled under higher-priority autonomous guard)
HCM,ReqOCM,CAM,CAM|OCM,2,False,True,True,True,False,True,True,True,False,C1: priority not encoded (event-triggered op stays enabled under higher-priority autonomous guard)
MOM,ReqOCM,CAM,CAM|OCM,2,False,True,True,True,False,True,True,True,True,C1: priority not encoded (event-triggered op stays enabled under higher-priority autonomous guard)
MOM,EndTask,CAM,CAM|OCM,2,False,True,True,True,False,True,True,True,True,C1: priority not encoded (event-triggered op stays enabled under higher-priority autonomous guard)
MOM,ReqHCM,CAM,CAM|HCM,2,False,True,True,True,False,True,True,True,True,C1: priority not encoded (event-triggered op stays enabled under higher-priority autonomous guard)
HCM,ReqOCM,CAM,CAM|OCM,2,False,True,True,True,False,True,True,True,True,C1: priority not encoded (event-triggered op stays enabled under higher-priority autonomous guard)
MOM,ReqOCM,CAM,CAM|OCM,2,False,True,True,True,True,False,False,False,False,C1: priority not encoded (event-triggered op stays enabled under higher-priority autonomous guard)
MOM,EndTask,CAM,CAM|OCM,2,False,True,True,True,True,False,False,False,False,C1: priority not encoded (event-triggered op stays enabled under higher-priority autonomous guard)
MOM,ReqHCM,CAM,CAM|HCM,2,False,True,True,True,True,False,False,False,False,C1: priority not encoded (event-triggered op stays enabled under higher-priority autonomous guard)
HCM,ReqOCM,CAM,CAM|OCM,2,False,True,True,True,True,False,False,False,False,C1: priority not encoded (event-triggered op stays enabled under higher-priority autonomous guard)
MOM,ReqOCM,CAM,CAM|OCM,2,False,True,True,True,True,False,False,False,True,C1: priority not encoded (event-triggered op stays enabled under higher-priority autonomous guard)
MOM,EndTask,CAM,CAM|OCM,2,False,True,True,True,True,False,False,False,True,C1: priority not encoded (event-triggered op stays enabled under higher-priority autonomous guard)
MOM,ReqHCM,CAM,CAM|HCM,2,False,True,True,True,True,False,False,False,True,C1: priority not encoded (event-triggered op stays enabled under higher-priority autonomous guard)
HCM,ReqOCM,CAM,CAM|OCM,2,False,True,True,True,True,False,False,False,True,C1: priority not encoded (event-triggered op stays enabled under higher-priority autonomous guard)
MOM,ReqOCM,CAM,CAM|OCM,2,False,True,True,True,True,False,False,True,False,C1: priority not encoded (event-triggered op stays enabled under higher-priority autonomous guard)
MOM,EndTask,CAM,CAM|OCM,2,False,True,True,True,True,False,False,True,False,C1: priority not encoded (event-triggered op stays enabled under higher-priority autonomous guard)
MOM,ReqHCM,CAM,CAM|HCM,2,False,True,True,True,True,False,False,True,False,C1: priority not encoded (event-triggered op stays enabled under higher-priority autonomous guard)
HCM,ReqOCM,CAM,CAM|OCM,2,False,True,True,True,True,False,False,True,False,C1: priority not encoded (event-triggered op stays enabled under higher-priority autonomous guard)
MOM,ReqOCM,CAM,CAM|OCM,2,False,True,True,True,True,False,False,True,True,C1: priority not encoded (event-triggered op stays enabled under higher-priority autonomous guard)
MOM,EndTask,CAM,CAM|OCM,2,False,True,True,True,True,False,False,True,True,C1: priority not encoded (event-triggered op stays enabled under higher-priority autonomous guard)
MOM,ReqHCM,CAM,CAM|HCM,2,False,True,True,True,True,False,False,True,True,C1: priority not encoded (event-triggered op stays enabled under higher-priority autonomous guard)
HCM,ReqOCM,CAM,CAM|OCM,2,False,True,True,True,True,False,False,True,True,C1: priority not encoded (event-triggered op stays enabled under higher-priority autonomous guard)
MOM,ReqOCM,CAM,CAM|OCM,2,False,True,True,True,True,False,True,False,False,C1: priority not encoded (event-triggered op stays enabled under higher-priority autonomous guard)
MOM,EndTask,CAM,CAM|OCM,2,False,True,True,True,True,False,True,False,False,C1: priority not encoded (event-triggered op stays enabled under higher-priority autonomous guard)
MOM,ReqHCM,CAM,CAM|HCM,2,False,True,True,True,True,False,True,False,False,C1: priority not encoded (event-triggered op stays enabled under higher-priority autonomous guard)
HCM,ReqOCM,CAM,CAM|OCM,2,False,True,True,True,True,False,True,False,False,C1: priority not encoded (event-triggered op stays enabled under higher-priority autonomous guard)
MOM,ReqOCM,CAM,CAM|OCM,2,False,True,True,True,True,False,True,False,True,C1: priority not encoded (event-triggered op stays enabled under higher-priority autonomous guard)
MOM,EndTask,CAM,CAM|OCM,2,False,True,True,True,True,False,True,False,True,C1: priority not encoded (event-triggered op stays enabled under higher-priority autonomous guard)
MOM,ReqHCM,CAM,CAM|HCM,2,False,True,True,True,True,False,True,False,True,C1: priority not encoded (event-triggered op stays enabled under higher-priority autonomous guard)
HCM,ReqOCM,CAM,CAM|OCM,2,False,True,True,True,True,False,True,False,True,C1: priority not encoded (event-triggered op stays enabled under higher-priority autonomous guard)
MOM,ReqOCM,CAM,CAM|OCM,2,False,True,True,True,True,False,True,True,False,C1: priority not encoded (event-triggered op stays enabled under higher-priority autonomous guard)
MOM,EndTask,CAM,CAM|OCM,2,False,True,True,True,True,False,True,True,False,C1: priority not encoded (event-triggered op stays enabled under higher-priority autonomous guard)
MOM,ReqHCM,CAM,CAM|HCM,2,False,True,True,True,True,False,True,True,False,C1: priority not encoded (event-triggered op stays enabled under higher-priority autonomous guard)
HCM,ReqOCM,CAM,CAM|OCM,2,False,True,True,True,True,False,True,True,False,C1: priority not encoded (event-triggered op stays enabled under higher-priority autonomous guard)
MOM,ReqOCM,CAM,CAM|OCM,2,False,True,True,True,True,False,True,True,True,C1: priority not encoded (event-triggered op stays enabled under higher-priority autonomous guard)
MOM,EndTask,CAM,CAM|OCM,2,False,True,True,True,True,False,True,True,True,C1: priority not encoded (event-triggered op stays enabled under higher-priority autonomous guard)
MOM,ReqHCM,CAM,CAM|HCM,2,False,True,True,True,True,False,True,True,True,C1: priority not encoded (event-triggered op stays enabled under higher-priority autonomous guard)
HCM,ReqOCM,CAM,CAM|OCM,2,False,True,True,True,True,False,True,True,True,C1: priority not encoded (event-triggered op stays enabled under higher-priority autonomous guard)
MOM,ReqOCM,CAM,CAM|OCM,2,False,True,True,True,True,True,False,False,False,C1: priority not encoded (event-triggered op stays enabled under higher-priority autonomous guard)
MOM,EndTask,CAM,CAM|OCM,2,False,True,True,True,True,True,False,False,False,C1: priority not encoded (event-triggered op stays enabled under higher-priority autonomous guard)
MOM,ReqHCM,CAM,CAM|HCM,2,False,True,True,True,True,True,False,False,False,C1: priority not encoded (event-triggered op stays enabled under higher-priority autonomous guard)
HCM,ReqOCM,CAM,CAM|OCM,2,False,True,True,True,True,True,False,False,False,C1: priority not encoded (event-triggered op stays enabled under higher-priority autonomous guard)
MOM,ReqOCM,CAM,CAM|OCM,2,False,True,True,True,True,True,False,False,True,C1: priority not encoded (event-triggered op stays enabled under higher-priority autonomous guard)
MOM,EndTask,CAM,CAM|OCM,2,False,True,True,True,True,True,False,False,True,C1: priority not encoded (event-triggered op stays enabled under higher-priority autonomous guard)
MOM,ReqHCM,CAM,CAM|HCM,2,False,True,True,True,True,True,False,False,True,C1: priority not encoded (event-triggered op stays enabled under higher-priority autonomous guard)
HCM,ReqOCM,CAM,CAM|OCM,2,False,True,True,True,True,True,False,False,True,C1: priority not encoded (event-triggered op stays enabled under higher-priority autonomous guard)
MOM,ReqOCM,CAM,CAM|OCM,2,False,True,True,True,True,True,False,True,False,C1: priority not encoded (event-triggered op stays enabled under higher-priority autonomous guard)
MOM,EndTask,CAM,CAM|OCM,2,False,True,True,True,True,True,False,True,False,C1: priority not encoded (event-triggered op stays enabled under higher-priority autonomous guard)
MOM,ReqHCM,CAM,CAM|HCM,2,False,True,True,True,True,True,False,True,False,C1: priority not encoded (event-triggered op stays enabled under higher-priority autonomous guard)
HCM,ReqOCM,CAM,CAM|OCM,2,False,True,True,True,True,True,False,True,False,C1: priority not encoded (event-triggered op stays enabled under higher-priority autonomous guard)
MOM,ReqOCM,CAM,CAM|OCM,2,False,True,True,True,True,True,False,True,True,C1: priority not encoded (event-triggered op stays enabled under higher-priority autonomous guard)
MOM,EndTask,CAM,CAM|OCM,2,False,True,True,True,True,True,False,True,True,C1: priority not encoded (event-triggered op stays enabled under higher-priority autonomous guard)
MOM,ReqHCM,CAM,CAM|HCM,2,False,True,True,True,True,True,False,True,True,C1: priority not encoded (event-triggered op stays enabled under higher-priority autonomous guard)
HCM,ReqOCM,CAM,CAM|OCM,2,False,True,True,True,True,True,False,True,True,C1: priority not encoded (event-triggered op stays enabled under higher-priority autonomous guard)
MOM,ReqOCM,CAM,CAM|OCM,2,False,True,True,True,True,True,True,False,False,C1: priority not encoded (event-triggered op stays enabled under higher-priority autonomous guard)
MOM,EndTask,CAM,CAM|OCM,2,False,True,True,True,True,True,True,False,False,C1: priority not encoded (event-triggered op stays enabled under higher-priority autonomous guard)
MOM,ReqHCM,CAM,CAM|HCM,2,False,True,True,True,True,True,True,False,False,C1: priority not encoded (event-triggered op stays enabled under higher-priority autonomous guard)
HCM,ReqOCM,CAM,CAM|OCM,2,False,True,True,True,True,True,True,False,False,C1: priority not encoded (event-triggered op stays enabled under higher-priority autonomous guard)
MOM,ReqOCM,CAM,CAM|OCM,2,False,True,True,True,True,True,True,False,True,C1: priority not encoded (event-triggered op stays enabled under higher-priority autonomous guard)
MOM,EndTask,CAM,CAM|OCM,2,False,True,True,True,True,True,True,False,True,C1: priority not encoded (event-triggered op stays enabled under higher-priority autonomous guard)
MOM,ReqHCM,CAM,CAM|HCM,2,False,True,True,True,True,True,True,False,True,C1: priority not encoded (event-triggered op stays enabled under higher-priority autonomous guard)
HCM,ReqOCM,CAM,CAM|OCM,2,False,True,True,True,True,True,True,False,True,C1: priority not encoded (event-triggered op stays enabled under higher-priority autonomous guard)
MOM,ReqOCM,CAM,CAM|OCM,2,False,True,True,True,True,True,True,True,False,C1: priority not encoded (event-triggered op stays enabled under higher-priority autonomous guard)
MOM,EndTask,CAM,CAM|OCM,2,False,True,True,True,True,True,True,True,False,C1: priority not encoded (event-triggered op stays enabled under higher-priority autonomous guard)
MOM,ReqHCM,CAM,CAM|HCM,2,False,True,True,True,True,True,True,True,False,C1: priority not encoded (event-triggered op stays enabled under higher-priority autonomous guard)
HCM,ReqOCM,CAM,CAM|OCM,2,False,True,True,True,True,True,True,True,False,C1: priority not encoded (event-triggered op stays enabled under higher-priority autonomous guard)
MOM,ReqOCM,CAM,CAM|OCM,2,False,True,True,True,True,True,True,True,True,C1: priority not encoded (event-triggered op stays enabled under higher-priority autonomous guard)
MOM,EndTask,CAM,CAM|OCM,2,False,True,True,True,True,True,True,True,True,C1: priority not encoded (event-triggered op stays enabled under higher-priority autonomous guard)
MOM,ReqHCM,CAM,CAM|HCM,2,False,True,True,True,True,True,True,True,True,C1: priority not encoded (event-triggered op stays enabled under higher-priority autonomous guard)
HCM,ReqOCM,CAM,CAM|OCM,2,False,True,True,True,True,True,True,True,True,C1: priority not encoded (event-triggered op stays enabled under higher-priority autonomous guard)
