mode,event,java,model,n_adm,agree,camActive,hcmActive,inOpez,momReturn,velBelowOrAtOne,odistCdynAboveOne,odistCstcAboveOne,cdaAboveOrAtMinSafe
OCM,ReqVel,OCM,OCM,1,True,False,False,False,False,False,False,False,False
OCM,ReqHdng,OCM,OCM,1,True,False,False,False,False,False,False,False,False
OCM,ReqMOM,OCM,OCM,1,True,False,False,False,False,False,False,False,False
OCM,ReqOCM,OCM,OCM,1,True,False,False,False,False,False,False,False,False
OCM,EndTask,OCM,OCM,1,True,False,False,False,False,False,False,False,False
OCM,ReqHCM,OCM,OCM,1,True,False,False,False,False,False,False,False,False
OCM,tick,OCM,OCM,1,True,False,False,False,False,False,False,False,False
MOM,ReqVel,MOM,MOM,1,True,False,False,False,False,False,False,False,False
MOM,ReqHdng,MOM,MOM,1,True,False,False,False,False,False,False,False,False
MOM,ReqMOM,MOM,MOM,1,True,False,False,False,False,False,False,False,False
MOM,ReqOCM,OCM,OCM,1,True,False,False,False,False,False,False,False,False
MOM,EndTask,OCM,OCM,1,True,False,False,False,False,False,False,False,False
MOM,ReqHCM,HCM,HCM,1,True,False,False,False,False,False,False,False,False
MOM,tick,MOM,MOM,1,True,False,False,False,False,False,False,False,False
HCM,ReqVel,HCM,HCM,1,True,False,False,False,False,False,False,False,False
HCM,ReqHdng,HCM,HCM,1,True,False,False,False,False,False,False,False,False
HCM,ReqMOM,HCM,HCM,1,True,False,False,False,False,False,False,False,False
HCM,ReqOCM,OCM,OCM,1,True,False,False,False,False,False,False,False,False
HCM,EndTask,HCM,HCM,1,True,False,False,False,False,False,False,False,False
HCM,ReqHCM,HCM,HCM,1,True,False,False,False,False,False,False,False,False
HCM,tick,HCM,HCM,1,True,False,False,False,False,False,False,False,False
CAM,ReqVel,CAM,CAM,1,True,False,False,False,False,False,False,False,False
CAM,ReqHdng,CAM,CAM,1,True,False,False,False,False,False,False,False,False
CAM,ReqMOM,CAM,CAM,1,True,False,False,False,False,False,False,False,False
CAM,ReqOCM,OCM,OCM,1,True,False,False,False,False,False,False,False,False
CAM,EndTask,CAM,CAM,1,True,False,False,False,False,False,False,False,False
CAM,ReqHCM,CAM,CAM,1,True,False,False,False,False,False,False,False,False
CAM,tick,CAM,CAM,1,True,False,False,False,False,False,False,False,False
OCM,ReqVel,OCM,OCM,1,True,False,False,False,False,False,False,False,True
OCM,ReqHdng,OCM,OCM,1,True,False,False,False,False,False,False,False,True
OCM,ReqMOM,OCM,OCM,1,True,False,False,False,False,False,False,False,True
OCM,ReqOCM,OCM,OCM,1,True,False,False,False,False,False,False,False,True
OCM,EndTask,OCM,OCM,1,True,False,False,False,False,False,False,False,True
OCM,ReqHCM,OCM,OCM,1,True,False,False,False,False,False,False,False,True
OCM,tick,OCM,OCM,1,True,False,False,False,False,False,False,False,True
MOM,ReqVel,MOM,MOM,1,True,False,False,False,False,False,False,False,True
MOM,ReqHdng,MOM,MOM,1,True,False,False,False,False,False,False,False,True
MOM,ReqMOM,MOM,MOM,1,True,False,False,False,False,False,False,False,True
MOM,ReqOCM,OCM,OCM,1,True,False,False,False,False,False,False,False,True
MOM,EndTask,OCM,OCM,1,True,False,False,False,False,False,False,False,True
MOM,ReqHCM,HCM,HCM,1,True,False,False,False,False,False,False,False,True
MOM,tick,MOM,MOM,1,True,False,False,False,False,False,False,False,True
HCM,ReqVel,HCM,HCM,1,True,False,False,False,False,False,False,False,True
HCM,ReqHdng,HCM,HCM,1,True,False,False,False,False,False,False,False,True
HCM,ReqMOM,HCM,HCM,1,True,False,False,False,False,False,False,False,True
HCM,ReqOCM,OCM,OCM,1,True,False,False,False,False,False,False,False,True
HCM,EndTask,HCM,HCM,1,True,False,False,False,False,False,False,False,True
HCM,ReqHCM,HCM,HCM,1,True,False,False,False,False,False,False,False,True
HCM,tick,HCM,HCM,1,True,False,False,False,False,False,False,False,True
CAM,ReqVel,OCM,OCM,1,True,False,False,False,False,False,False,False,True
CAM,ReqHdng,OCM,OCM,1,True,False,False,False,False,False,False,False,True
CAM,ReqMOM,OCM,OCM,1,True,False,False,False,False,False,False,False,True
CAM,ReqOCM,OCM,OCM,1,True,False,False,False,False,False,False,False,True
CAM,EndTask,OCM,OCM,1,True,False,False,False,False,False,False,False,True
CAM,ReqHCM,OCM,OCM,1,True,False,False,False,False,False,False,False,True
CAM,tick,OCM,OCM,1,True,False,False,False,False,False,False,False,True
OCM,ReqVel,OCM,OCM,1,True,False,False,False,False,False,False,True,False
OCM,ReqHdng,OCM,OCM,1,True,False,False,False,False,False,False,True,False
OCM,ReqMOM,OCM,OCM,1,True,False,False,False,False,False,False,True,False
OCM,ReqOCM,OCM,OCM,1,True,False,False,False,False,False,False,True,False
OCM,EndTask,OCM,OCM,1,True,False,False,False,False,False,False,True,False
OCM,ReqHCM,OCM,OCM,1,True,False,False,False,False,False,False,True,False
OCM,tick,OCM,OCM,1,True,False,False,False,False,False,False,True,False
MOM,ReqVel,MOM,MOM,1,True,False,False,False,False,False,False,True,False
MOM,ReqHdng,MOM,MOM,1,True,False,False,False,False,False,False,True,False
MOM,ReqMOM,MOM,MOM,1,True,False,False,False,False,False,False,True,False
MOM,ReqOCM,OCM,OCM,1,True,False,False,False,False,False,False,True,False
MOM,EndTask,OCM,OCM,1,True,False,False,False,False,False,False,True,False
MOM,ReqHCM,HCM,HCM,1,True,False,False,False,False,False,False,True,False
MOM,tick,MOM,MOM,1,True,False,False,False,False,False,False,True,False
HCM,ReqVel,HCM,HCM,1,True,False,False,False,False,False,False,True,False
HCM,ReqHdng,HCM,HCM,1,True,False,False,False,False,False,False,True,False
HCM,ReqMOM,HCM,HCM,1,True,False,False,False,False,False,False,True,False
HCM,ReqOCM,OCM,OCM,1,True,False,False,False,False,False,False,True,False
HCM,EndTask,HCM,HCM,1,True,False,False,False,False,False,False,True,False
HCM,ReqHCM,HCM,HCM,1,True,False,False,False,False,False,False,True,False
HCM,tick,HCM,HCM,1,True,False,False,False,False,False,False,True,False
CAM,ReqVel,CAM,CAM,1,True,False,False,False,False,False,False,True,False
CAM,ReqHdng,CAM,CAM,1,True,False,False,False,False,False,False,True,False
CAM,ReqMOM,CAM,CAM,1,True,False,False,False,False,False,False,True,False
CAM,ReqOCM,OCM,OCM,1,True,False,False,False,False,False,False,True,False
CAM,EndTask,CAM,CAM,1,True,False,False,False,False,False,False,True,False
CAM,ReqHCM,CAM,CAM,1,True,False,False,False,False,False,False,True,False
CAM,tick,CAM,CAM,1,True,False,False,False,False,False,False,True,False
OCM,ReqVel,OCM,OCM,1,True,False,False,False,False,False,False,True,True
OCM,ReqHdng,OCM,OCM,1,True,False,False,False,False,False,False,True,True
OCM,ReqMOM,OCM,OCM,1,True,False,False,False,False,False,False,True,True
OCM,ReqOCM,OCM,OCM,1,True,False,False,False,False,False,False,True,True
OCM,EndTask,OCM,OCM,1,True,False,False,False,False,False,False,True,True
OCM,ReqHCM,OCM,OCM,1,True,False,False,False,False,False,False,True,True
OCM,tick,OCM,OCM,1,True,False,False,False,False,False,False,True,True
MOM,ReqVel,MOM,MOM,1,True,False,False,False,False,False,False,True,True
MOM,ReqHdng,MOM,MOM,1,True,False,False,False,False,False,False,True,True
MOM,ReqMOM,MOM,MOM,1,True,False,False,False,False,False,False,True,True
MOM,ReqOCM,OCM,OCM,1,True,False,False,False,False,False,False,True,True
MOM,EndTask,OCM,OCM,1,True,False,False,False,False,False,False,True,True
MOM,ReqHCM,HCM,HCM,1,True,False,False,False,False,False,False,True,True
MOM,tick,MOM,MOM,1,True,False,False,False,False,False,False,True,True
HCM,ReqVel,HCM,HCM,1,True,False,False,False,False,False,False,True,True
HCM,ReqHdng,HCM,HCM,1,True,False,False,False,False,False,False,True,True
HCM,ReqMOM,HCM,HCM,1,True,False,False,False,False,False,False,True,True
HCM,ReqOCM,OCM,OCM,1,True,False,False,False,False,False,False,True,True
HCM,EndTask,HCM,HCM,1,True,False,False,False,False,False,False,True,True
HCM,ReqHCM,HCM,HCM,1,True,False,False,False,False,False,False,True,True
HCM,tick,HCM,HCM,1,True,False,False,False,False,False,False,True,True
CAM,ReqVel,OCM,OCM,1,True,False,False,False,False,False,False,True,True
CAM,ReqHdng,OCM,OCM,1,True,False,False,False,False,False,False,True,True
CAM,ReqMOM,OCM,OCM,1,True,False,False,False,False,False,False,True,True
CAM,ReqOCM,OCM,OCM,1,True,False,False,False,False,False,False,True,True
CAM,EndTask,OCM,OCM,1,True,False,False,False,False,False,False,True,True
CAM,ReqHCM,OCM,OCM,1,True,False,False,False,False,False,False,True,True
CAM,tick,OCM,OCM,1,True,False,False,False,False,False,False,True,True
OCM,ReqVel,OCM,OCM,1,True,False,False,False,False,False,True,False,False
OCM,ReqHdng,OCM,OCM,1,True,False,False,False,False,False,True,False,False
OCM,ReqMOM,OCM,OCM,1,True,False,False,False,False,False,True,False,False
OCM,ReqOCM,OCM,OCM,1,True,False,False,False,False,False,True,False,False
OCM,EndTask,OCM,OCM,1,True,False,False,False,False,False,True,False,False
OCM,ReqHCM,OCM,OCM,1,True,False,False,False,False,False,True,False,False
OCM,tick,OCM,OCM,1,True,False,False,False,False,False,True,False,False
MOM,ReqVel,MOM,MOM,1,True,False,False,False,False,False,True,False,False
MOM,ReqHdng,MOM,MOM,1,True,False,False,False,False,False,True,False,False
MOM,ReqMOM,MOM,MOM,1,True,False,False,False,False,False,True,False,False
MOM,ReqOCM,OCM,OCM,1,True,False,False,False,False,False,True,False,False
MOM,EndTask,OCM,OCM,1,True,False,False,False,False,False,True,False,False
MOM,ReqHCM,HCM,HCM,1,True,False,False,False,False,False,True,False,False
MOM,tick,MOM,MOM,1,True,False,False,False,False,False,True,False,False
HCM,ReqVel,HCM,HCM,1,True,False,False,False,False,False,True,False,False
HCM,ReqHdng,HCM,HCM,1,True,False,False,False,False,False,True,False,False
HCM,ReqMOM,HCM,HCM,1,True,False,False,False,False,False,True,False,False
HCM,ReqOCM,OCM,OCM,1,True,False,False,False,False,False,True,False,False
HCM,EndTask,HCM,HCM,1,True,False,False,False,False,False,True,False,False
HCM,ReqHCM,HCM,HCM,1,True,False,False,False,False,False,True,False,False
HCM,tick,HCM,HCM,1,True,False,False,False,False,False,True,False,False
CAM,ReqVel,CAM,CAM,1,True,False,False,False,False,False,True,False,False
CAM,ReqHdng,CAM,CAM,1,True,False,False,False,False,False,True,False,False
CAM,ReqMOM,CAM,CAM,1,True,False,False,False,False,False,True,False,False
CAM,ReqOCM,OCM,OCM,1,True,False,False,False,False,False,True,False,False
CAM,EndTask,CAM,CAM,1,True,False,False,False,False,False,True,False,False
CAM,ReqHCM,CAM,CAM,1,True,False,False,False,False,False,True,False,False
CAM,tick,CAM,CAM,1,True,False,False,False,False,False,True,False,False
OCM,ReqVel,OCM,OCM,1,True,False,False,False,False,False,True,False,True
OCM,ReqHdng,OCM,OCM,1,True,False,False,False,False,False,True,False,True
OCM,ReqMOM,OCM,OCM,1,True,False,False,False,False,False,True,False,True
OCM,ReqOCM,OCM,OCM,1,True,False,False,False,False,False,True,False,True
OCM,EndTask,OCM,OCM,1,True,False,False,False,False,False,True,False,True
OCM,ReqHCM,OCM,OCM,1,True,False,False,False,False,False,True,False,True
OCM,tick,OCM,OCM,1,True,False,False,False,False,False,True,False,True
MOM,ReqVel,MOM,MOM,1,True,False,False,False,False,False,True,False,True
MOM,ReqHdng,MOM,MOM,1,True,False,False,False,False,False,True,False,True
MOM,ReqMOM,MOM,MOM,1,True,False,False,False,False,False,True,False,True
MOM,ReqOCM,OCM,OCM,1,True,False,False,False,False,False,True,False,True
MOM,EndTask,OCM,OCM,1,True,False,False,False,False,False,True,False,True
MOM,ReqHCM,HCM,HCM,1,True,False,False,False,False,False,True,False,True
MOM,tick,MOM,MOM,1,True,False,False,False,False,False,True,False,True
HCM,ReqVel,HCM,HCM,1,True,False,False,False,False,False,True,False,True
HCM,ReqHdng,HCM,HCM,1,True,False,False,False,False,False,True,False,True
HCM,ReqMOM,HCM,HCM,1,True,False,False,False,False,False,True,False,True
HCM,ReqOCM,OCM,OCM,1,True,False,False,False,False,False,True,False,True
HCM,EndTask,HCM,HCM,1,True,False,False,False,False,False,True,False,True
HCM,ReqHCM,HCM,HCM,1,True,False,False,False,False,False,True,False,True
HCM,tick,HCM,HCM,1,True,False,False,False,False,False,True,False,True
CAM,ReqVel,OCM,OCM,1,True,False,False,False,False,False,True,False,True
CAM,ReqHdng,OCM,OCM,1,True,False,False,False,False,False,True,False,True
CAM,ReqMOM,OCM,OCM,1,True,False,False,False,False,False,True,False,True
CAM,ReqOCM,OCM,OCM,1,True,False,False,False,False,False,True,False,True
CAM,EndTask,OCM,OCM,1,True,False,False,False,False,False,True,False,True
CAM,ReqHCM,OCM,OCM,1,True,False,False,False,False,False,True,False,True
CAM,tick,OCM,OCM,1,True,False,False,False,False,False,True,False,True
OCM,ReqVel,OCM,OCM,1,True,False,False,False,False,False,True,True,False
OCM,ReqHdng,OCM,OCM,1,True,False,False,False,False,False,True,True,False
OCM,ReqMOM,OCM,OCM,1,True,False,False,False,False,False,True,True,False
OCM,ReqOCM,OCM,OCM,1,True,False,False,False,False,False,True,True,False
OCM,EndTask,OCM,OCM,1,True,False,False,False,False,False,True,True,False
OCM,ReqHCM,OCM,OCM,1,True,False,False,False,False,False,True,True,False
OCM,tick,OCM,OCM,1,True,False,False,False,False,False,True,True,False
MOM,ReqVel,MOM,MOM,1,True,False,False,False,False,False,True,True,False
MOM,ReqHdng,MOM,MOM,1,True,False,False,False,False,False,True,True,False
MOM,ReqMOM,MOM,MOM,1,True,False,False,False,False,False,True,True,False
MOM,ReqOCM,OCM,OCM,1,True,False,False,False,False,False,True,True,False
MOM,EndTask,OCM,OCM,1,True,False,False,False,False,False,True,True,False
MOM,ReqHCM,HCM,HCM,1,True,False,False,False,False,False,True,True,False
MOM,tick,MOM,MOM,1,True,False,False,False,False,False,True,True,False
HCM,ReqVel,HCM,HCM,1,True,False,False,False,False,False,True,True,False
HCM,ReqHdng,HCM,HCM,1,True,False,False,False,False,False,True,True,False
HCM,ReqMOM,HCM,HCM,1,True,False,False,False,False,False,True,True,False
HCM,ReqOCM,OCM,OCM,1,True,False,False,False,False,False,True,True,False
HCM,EndTask,HCM,HCM,1,True,False,False,False,False,False,True,True,False
HCM,ReqHCM,HCM,HCM,1,True,False,False,False,False,False,True,True,False
HCM,tick,HCM,HCM,1,True,False,False,False,False,False,True,True,False
CAM,ReqVel,CAM,CAM,1,True,False,False,False,False,False,True,True,False
CAM,ReqHdng,CAM,CAM,1,True,False,False,False,False,False,True,True,False
CAM,ReqMOM,CAM,CAM,1,True,False,False,False,False,False,True,True,False
CAM,ReqOCM,OCM,OCM,1,True,False,False,False,False,False,True,True,False
CAM,EndTask,CAM,CAM,1,True,False,False,False,False,False,True,True,False
CAM,ReqHCM,CAM,CAM,1,True,False,False,False,False,False,True,True,False
CAM,tick,CAM,CAM,1,True,False,False,False,False,False,True,True,False
OCM,ReqVel,OCM,OCM,1,True,False,False,False,False,False,True,True,True
OCM,ReqHdng,OCM,OCM,1,True,False,False,False,False,False,True,True,True
OCM,ReqMOM,OCM,OCM,1,True,False,False,False,False,False,True,True,True
OCM,ReqOCM,OCM,OCM,1,True,False,False,False,False,False,True,True,True
OCM,EndTask,OCM,OCM,1,True,False,False,False,False,False,True,True,True
OCM,ReqHCM,OCM,OCM,1,True,False,False,False,False,False,True,True,True
OCM,tick,OCM,OCM,1,True,False,False,False,False,False,True,True,True
MOM,ReqVel,MOM,MOM,1,True,False,False,False,False,False,True,True,True
MOM,ReqHdng,MOM,MOM,1,True,False,False,False,False,False,True,True,True
MOM,ReqMOM,MOM,MOM,1,True,False,False,False,False,False,True,True,True
MOM,ReqOCM,OCM,OCM,1,True,False,False,False,False,False,True,True,True
MOM,EndTask,OCM,OCM,1,True,False,False,False,False,False,True,True,True
MOM,ReqHCM,HCM,HCM,1,True,False,False,False,False,False,True,True,True
MOM,tick,MOM,MOM,1,True,False,False,False,False,False,True,True,True
HCM,ReqVel,HCM,HCM,1,True,False,False,False,False,False,True,True,True
HCM,ReqHdng,HCM,HCM,1,True,False,False,False,False,False,True,True,True
HCM,ReqMOM,HCM,HCM,1,True,False,False,False,False,False,True,True,True
HCM,ReqOCM,OCM,OCM,1,True,False,False,False,False,False,True,True,True
HCM,EndTask,HCM,HCM,1,True,False,False,False,False,False,True,True,True
HCM,ReqHCM,HCM,HCM,1,True,False,False,False,False,False,True,True,True
HCM,tick,HCM,HCM,1,True,False,False,False,False,False,True,True,True
CAM,ReqVel,OCM,OCM,1,True,False,False,False,False,False,True,True,True
CAM,ReqHdng,OCM,OCM,1,True,False,False,False,False,False,True,True,True
CAM,ReqMOM,OCM,OCM,1,True,False,False,False,False,False,True,True,True
CAM,ReqOCM,OCM,OCM,1,True,False,False,False,False,False,True,True,True
CAM,EndTask,OCM,OCM,1,True,False,False,False,False,False,True,True,True
CAM,ReqHCM,OCM,OCM,1,True,False,False,False,False,False,True,True,True
CAM,tick,OCM,OCM,1,True,False,False,False,False,False,True,True,True
OCM,ReqVel,OCM,OCM,1,True,False,False,False,False,True,False,False,False
OCM,ReqHdng,OCM,OCM,1,True,False,False,False,False,True,False,False,False
OCM,ReqMOM,OCM,OCM,1,True,False,False,False,False,True,False,False,False
OCM,ReqOCM,OCM,OCM,1,True,False,False,False,False,True,False,False,False
OCM,EndTask,OCM,OCM,1,True,False,False,False,False,True,False,False,False
OCM,ReqHCM,OCM,OCM,1,True,False,False,False,False,True,False,False,False
OCM,tick,OCM,OCM,1,True,False,False,False,False,True,False,False,False
MOM,ReqVel,MOM,MOM,1,True,False,False,False,False,True,False,False,False
MOM,ReqHdng,MOM,MOM,1,True,False,False,False,False,True,False,False,False
MOM,ReqMOM,MOM,MOM,1,True,False,False,False,False,True,False,False,False
MOM,ReqOCM,OCM,OCM,1,True,False,False,False,False,True,False,False,False
MOM,EndTask,OCM,OCM,1,True,False,False,False,False,True,False,False,False
MOM,ReqHCM,HCM,HCM,1,True,False,False,False,False,True,False,False,False
MOM,tick,MOM,MOM,1,True,False,False,False,False,True,False,False,False
HCM,ReqVel,HCM,HCM,1,True,False,False,False,False,True,False,False,False
HCM,ReqHdng,HCM,HCM,1,True,False,False,False,False,True,False,False,False
HCM,ReqMOM,HCM,HCM,1,True,False,False,False,False,True,False,False,False
HCM,ReqOCM,OCM,OCM,1,True,False,False,False,False,True,False,False,False
HCM,EndTask,HCM,HCM,1,True,False,False,False,False,True,False,False,False
HCM,ReqHCM,HCM,HCM,1,True,False,False,False,False,True,False,False,False
HCM,tick,HCM,HCM,1,True,False,False,False,False,True,False,False,False
CAM,ReqVel,CAM,CAM,1,True,False,False,False,False,True,False,False,False
CAM,ReqHdng,CAM,CAM,1,True,False,False,False,False,True,False,False,False
CAM,ReqMOM,CAM,CAM,1,True,False,False,False,False,True,False,False,False
CAM,ReqOCM,OCM,OCM,1,True,False,False,False,False,True,False,False,False
CAM,EndTask,CAM,CAM,1,True,False,False,False,False,True,False,False,False
CAM,ReqHCM,CAM,CAM,1,True,False,False,False,False,True,False,False,False
CAM,tick,CAM,CAM,1,True,False,False,False,False,True,False,False,False
OCM,ReqVel,OCM,OCM,1,True,False,False,False,False,True,False,False,True
OCM,ReqHdng,OCM,OCM,1,True,False,False,False,False,True,False,False,True
OCM,ReqMOM,OCM,OCM,1,True,False,False,False,False,True,False,False,True
OCM,ReqOCM,OCM,OCM,1,True,False,False,False,False,True,False,False,True
OCM,EndTask,OCM,OCM,1,True,False,False,False,False,True,False,False,True
OCM,ReqHCM,OCM,OCM,1,True,False,False,False,False,True,False,False,True
OCM,tick,OCM,OCM,1,True,False,False,False,False,True,False,False,True
MOM,ReqVel,MOM,MOM,1,True,False,False,False,False,True,False,False,True
MOM,ReqHdng,MOM,MOM,1,True,False,False,False,False,True,False,False,True
MOM,ReqMOM,MOM,MOM,1,True,False,False,False,False,True,False,False,True
MOM,ReqOCM,OCM,OCM,1,True,False,False,False,False,True,False,False,True
MOM,EndTask,OCM,OCM,1,True,False,False,False,False,True,False,False,True
MOM,ReqHCM,HCM,HCM,1,True,False,False,False,False,True,False,False,True
MOM,tick,MOM,MOM,1,True,False,False,False,False,True,False,False,True
HCM,ReqVel,HCM,HCM,1,True,False,False,False,False,True,False,False,True
HCM,ReqHdng,HCM,HCM,1,True,False,False,False,False,True,False,False,True
HCM,ReqMOM,HCM,HCM,1,True,False,False,False,False,True,False,False,True
HCM,ReqOCM,OCM,OCM,1,True,False,False,False,False,True,False,False,True
HCM,EndTask,HCM,HCM,1,True,False,False,False,False,True,False,False,True
HCM,ReqHCM,HCM,HCM,1,True,False,False,False,False,True,False,False,True
HCM,tick,HCM,HCM,1,True,False,False,False,False,True,False,False,True
CAM,ReqVel,OCM,OCM,1,True,False,False,False,False,True,False,False,True
CAM,ReqHdng,OCM,OCM,1,True,False,False,False,False,True,False,False,True
CAM,ReqMOM,OCM,OCM,1,True,False,False,False,False,True,False,False,True
CAM,ReqOCM,OCM,OCM,1,True,False,False,False,False,True,False,False,True
CAM,EndTask,OCM,OCM,1,True,False,False,False,False,True,False,False,True
CAM,ReqHCM,OCM,OCM,1,True,False,False,False,False,True,False,False,True
CAM,tick,OCM,OCM,1,True,False,False,False,False,True,False,False,True
OCM,ReqVel,OCM,OCM,1,True,False,False,False,False,True,False,True,False
OCM,ReqHdng,OCM,OCM,1,True,False,False,False,False,True,False,True,False
OCM,ReqMOM,OCM,OCM,1,True,False,False,False,False,True,False,True,False
OCM,ReqOCM,OCM,OCM,1,True,False,False,False,False,True,False,True,False
OCM,EndTask,OCM,OCM,1,True,False,False,False,False,True,False,True,False
OCM,ReqHCM,OCM,OCM,1,True,False,False,False,False,True,False,True,False
OCM,tick,OCM,OCM,1,True,False,False,False,False,True,False,True,False
MOM,ReqVel,MOM,MOM,1,True,False,False,False,False,True,False,True,False
MOM,ReqHdng,MOM,MOM,1,True,False,False,False,False,True,False,True,False
MOM,ReqMOM,MOM,MOM,1,True,False,False,False,False,True,False,True,False
MOM,ReqOCM,OCM,OCM,1,True,False,False,False,False,True,False,True,False
MOM,EndTask,OCM,OCM,1,True,False,False,False,False,True,False,True,False
MOM,ReqHCM,HCM,HCM,1,True,False,False,False,False,True,False,True,False
MOM,tick,MOM,MOM,1,True,False,False,False,False,True,False,True,False
HCM,ReqVel,HCM,HCM,1,True,False,False,False,False,True,False,True,False
HCM,ReqHdng,HCM,HCM,1,True,False,False,False,False,True,False,True,False
HCM,ReqMOM,HCM,HCM,1,True,False,False,False,False,True,False,True,False
HCM,ReqOCM,OCM,OCM,1,True,False,False,False,False,True,False,True,False
HCM,EndTask,HCM,HCM,1,True,False,False,False,False,True,False,True,False
HCM,ReqHCM,HCM,HCM,1,True,False,False,False,False,True,False,True,False
HCM,tick,HCM,HCM,1,True,False,False,False,False,True,False,True,False
CAM,ReqVel,CAM,CAM,1,True,False,False,False,False,True,False,True,False
CAM,ReqHdng,CAM,CAM,1,True,False,False,False,False,True,False,True,False
CAM,ReqMOM,CAM,CAM,1,True,False,False,False,False,True,False,True,False
CAM,ReqOCM,OCM,OCM,1,True,False,False,False,False,True,False,True,False
CAM,EndTask,CAM,CAM,1,True,False,False,False,False,True,False,True,False
CAM,ReqHCM,CAM,CAM,1,True,False,False,False,False,True,False,True,False
CAM,tick,CAM,CAM,1,True,False,False,False,False,True,False,True,False
OCM,ReqVel,OCM,OCM,1,True,False,False,False,False,True,False,True,True
OCM,ReqHdng,OCM,OCM,1,True,False,False,False,False,True,False,True,True
OCM,ReqMOM,OCM,OCM,1,True,False,False,False,False,True,False,True,True
OCM,ReqOCM,OCM,OCM,1,True,False,False,False,False,True,False,True,True
OCM,EndTask,OCM,OCM,1,True,False,False,False,False,True,False,True,True
OCM,ReqHCM,OCM,OCM,1,True,False,False,False,False,True,False,True,True
OCM,tick,OCM,OCM,1,True,False,False,False,False,True,False,True,True
MOM,ReqVel,MOM,MOM,1,True,False,False,False,False,True,False,True,True
MOM,ReqHdng,MOM,MOM,1,True,False,False,False,False,True,False,True,True
MOM,ReqMOM,MOM,MOM,1,True,False,False,False,False,True,False,True,True
MOM,ReqOCM,OCM,OCM,1,True,False,False,False,False,True,False,True,True
MOM,EndTask,OCM,OCM,1,True,False,False,False,False,True,False,True,True
MOM,ReqHCM,HCM,HCM,1,True,False,False,False,False,True,False,True,True
MOM,tick,MOM,MOM,1,True,False,False,False,False,True,False,True,True
HCM,ReqVel,HCM,HCM,1,True,False,False,False,False,True,False,True,True
HCM,ReqHdng,HCM,HCM,1,True,False,False,False,False,True,False,True,True
HCM,ReqMOM,HCM,HCM,1,True,False,False,False,False,True,False,True,True
HCM,ReqOCM,OCM,OCM,1,True,False,False,False,False,True,False,True,True
HCM,EndTask,HCM,HCM,1,True,False,False,False,False,True,False,True,True
HCM,ReqHCM,HCM,HCM,1,True,False,False,False,False,True,False,True,True
HCM,tick,HCM,HCM,1,True,False,False,False,False,True,False,True,True
CAM,ReqVel,OCM,OCM,1,True,False,False,False,False,True,False,True,True
CAM,ReqHdng,OCM,OCM,1,True,False,False,False,False,True,False,True,True
CAM,ReqMOM,OCM,OCM,1,True,False,False,False,False,True,False,True,True
CAM,ReqOCM,OCM,OCM,1,True,False,False,False,False,True,False,True,True
CAM,EndTask,OCM,OCM,1,True,False,False,False,False,True,False,True,True
CAM,ReqHCM,OCM,OCM,1,True,False,False,False,False,True,False,True,True
CAM,tick,OCM,OCM,1,True,False,False,False,False,True,False,True,True
OCM,ReqVel,OCM,OCM,1,True,False,False,False,False,True,True,False,False
OCM,ReqHdng,OCM,OCM,1,True,False,False,False,False,True,True,False,False
OCM,ReqMOM,OCM,OCM,1,True,False,False,False,False,True,True,False,False
OCM,ReqOCM,OCM,OCM,1,True,False,False,False,False,True,True,False,False
OCM,EndTask,OCM,OCM,1,True,False,False,False,False,True,True,False,False
OCM,ReqHCM,OCM,OCM,1,True,False,False,False,False,True,True,False,False
OCM,tick,OCM,OCM,1,True,False,False,False,False,True,True,False,False
MOM,ReqVel,MOM,MOM,1,True,False,False,False,False,True,True,False,False
MOM,ReqHdng,MOM,MOM,1,True,False,False,False,False,True,True,False,False
MOM,ReqMOM,MOM,MOM,1,True,False,False,False,False,True,True,False,False
MOM,ReqOCM,OCM,OCM,1,True,False,False,False,False,True,True,False,False
MOM,EndTask,OCM,OCM,1,True,False,False,False,False,True,True,False,False
MOM,ReqHCM,HCM,HCM,1,True,False,False,False,False,True,True,False,False
MOM,tick,MOM,MOM,1,True,False,False,False,False,True,True,False,False
HCM,ReqVel,HCM,HCM,1,True,False,False,False,False,True,True,False,False
HCM,ReqHdng,HCM,HCM,1,True,False,False,False,False,True,True,False,False
HCM,ReqMOM,HCM,HCM,1,True,False,False,False,False,True,True,False,False
HCM,ReqOCM,OCM,OCM,1,True,False,False,False,False,True,True,False,False
HCM,EndTask,HCM,HCM,1,True,False,False,False,False,True,True,False,False
HCM,ReqHCM,HCM,HCM,1,True,False,False,False,False,True,True,False,False
HCM,tick,HCM,HCM,1,True,False,False,False,False,True,True,False,False
CAM,ReqVel,CAM,CAM,1,True,False,False,False,False,True,True,False,False
CAM,ReqHdng,CAM,CAM,1,True,False,False,False,False,True,True,False,False
CAM,ReqMOM,CAM,CAM,1,True,False,False,False,False,True,True,False,False
CAM,ReqOCM,OCM,OCM,1,True,False,False,False,False,True,True,False,False
CAM,EndTask,CAM,CAM,1,True,False,False,False,False,True,True,False,False
CAM,ReqHCM,CAM,CAM,1,True,False,False,False,False,True,True,False,False
CAM,tick,CAM,CAM,1,True,False,False,False,False,True,True,False,False
OCM,ReqVel,OCM,OCM,1,True,False,False,False,False,True,True,False,True
OCM,ReqHdng,OCM,OCM,1,True,False,False,False,False,True,True,False,True
OCM,ReqMOM,OCM,OCM,1,True,False,False,False,False,True,True,False,True
OCM,ReqOCM,OCM,OCM,1,True,False,False,False,False,True,True,False,True
OCM,EndTask,OCM,OCM,1,True,False,False,False,False,True,True,False,True
OCM,ReqHCM,OCM,OCM,1,True,False,False,False,False,True,True,False,True
OCM,tick,OCM,OCM,1,True,False,False,False,False,True,True,False,True
MOM,ReqVel,MOM,MOM,1,True,False,False,False,False,True,True,False,True
MOM,ReqHdng,MOM,MOM,1,True,False,False,False,False,True,True,False,True
MOM,ReqMOM,MOM,MOM,1,True,False,False,False,False,True,True,False,True
MOM,ReqOCM,OCM,OCM,1,True,False,False,False,False,True,True,False,True
MOM,EndTask,OCM,OCM,1,True,False,False,False,False,True,True,False,True
MOM,ReqHCM,HCM,HCM,1,True,False,False,False,False,True,True,False,True
MOM,tick,MOM,MOM,1,True,False,False,False,False,True,True,False,True
HCM,ReqVel,HCM,HCM,1,True,False,False,False,False,True,True,False,True
HCM,ReqHdng,HCM,HCM,1,True,False,False,False,False,True,True,False,True
HCM,ReqMOM,HCM,HCM,1,True,False,False,False,False,True,True,False,True
HCM,ReqOCM,OCM,OCM,1,True,False,False,False,False,True,True,False,True
HCM,EndTask,HCM,HCM,1,True,False,False,False,False,True,True,False,True
HCM,ReqHCM,HCM,HCM,1,True,False,False,False,False,True,True,False,True
HCM,tick,HCM,HCM,1,True,False,False,False,False,True,True,False,True
CAM,ReqVel,OCM,OCM,1,True,False,False,False,False,True,True,False,True
CAM,ReqHdng,OCM,OCM,1,True,False,False,False,False,True,True,False,True
CAM,ReqMOM,OCM,OCM,1,True,False,False,False,False,True,True,False,True
CAM,ReqOCM,OCM,OCM,1,True,False,False,False,False,True,True,False,True
CAM,EndTask,OCM,OCM,1,True,False,False,False,False,True,True,False,True
CAM,ReqHCM,OCM,OCM,1,True,False,False,False,False,True,True,False,True
CAM,tick,OCM,OCM,1,True,False,False,False,False,True,True,False,True
OCM,ReqVel,OCM,MOM|OCM,2,False,False,False,False,False,True,True,True,False
OCM,ReqHdng,OCM,MOM|OCM,2,False,False,False,False,False,True,True,True,False
OCM,ReqMOM,MOM,MOM,1,True,False,False,False,False,True,True,True,False
OCM,ReqOCM,OCM,MOM,1,False,False,False,False,False,True,True,True,False
OCM,EndTask,OCM,MOM,1,False,False,False,False,False,True,True,True,False
OCM,ReqHCM,OCM,MOM,1,False,False,False,False,False,True,True,True,False
OCM,tick,OCM,MOM,1,False,False,False,False,False,True,True,True,False
MOM,ReqVel,MOM,MOM,1,True,False,False,False,False,True,True,True,False
MOM,ReqHdng,MOM,MOM,1,True,False,False,False,False,True,True,True,False
MOM,ReqMOM,MOM,MOM,1,True,False,False,False,False,True,True,True,False
MOM,ReqOCM,OCM,OCM,1,True,False,False,False,False,True,True,True,False
MOM,EndTask,OCM,OCM,1,True,False,False,False,False,True,True,True,False
MOM,ReqHCM,HCM,HCM,1,True,False,False,False,False,True,True,True,False
MOM,tick,MOM,MOM,1,True,False,False,False,False,True,True,True,False
HCM,ReqVel,HCM,HCM,1,True,False,False,False,False,True,True,True,False
HCM,ReqHdng,HCM,HCM,1,True,False,False,False,False,True,True,True,False
HCM,ReqMOM,HCM,HCM,1,True,False,False,False,False,True,True,True,False
HCM,ReqOCM,OCM,OCM,1,True,False,False,False,False,True,True,True,False
HCM,EndTask,HCM,HCM,1,True,False,False,False,False,True,True,True,False
HCM,ReqHCM,HCM,HCM,1,True,False,False,False,False,True,True,True,False
HCM,tick,HCM,HCM,1,True,False,False,False,False,True,True,True,False
CAM,ReqVel,CAM,CAM,1,True,False,False,False,False,True,True,True,False
CAM,ReqHdng,CAM,CAM,1,True,False,False,False,False,True,True,True,False
CAM,ReqMOM,CAM,CAM,1,True,False,False,False,False,True,True,True,False
CAM,ReqOCM,OCM,OCM,1,True,False,False,False,False,True,True,True,False
CAM,EndTask,CAM,CAM,1,True,False,False,False,False,True,True,True,False
CAM,ReqHCM,CAM,CAM,1,True,False,False,False,False,True,True,True,False
CAM,tick,CAM,CAM,1,True,False,False,False,False,True,True,True,False
OCM,ReqVel,OCM,MOM|OCM,2,False,False,False,False,False,True,True,True,True
OCM,ReqHdng,OCM,MOM|OCM,2,False,False,False,False,False,True,True,True,True
OCM,ReqMOM,MOM,MOM,1,True,False,False,False,False,True,True,True,True
OCM,ReqOCM,OCM,MOM,1,False,False,False,False,False,True,True,True,True
OCM,EndTask,OCM,MOM,1,False,False,False,False,False,True,True,True,True
OCM,ReqHCM,OCM,MOM,1,False,False,False,False,False,True,True,True,True
OCM,tick,OCM,MOM,1,False,False,False,False,False,True,True,True,True
MOM,ReqVel,MOM,MOM,1,True,False,False,False,False,True,True,True,True
MOM,ReqHdng,MOM,MOM,1,True,False,False,False,False,True,True,True,True
MOM,ReqMOM,MOM,MOM,1,True,False,False,False,False,True,True,True,True
MOM,ReqOCM,OCM,OCM,1,True,False,False,False,False,True,True,True,True
MOM,EndTask,OCM,OCM,1,True,False,False,False,False,True,True,True,True
MOM,ReqHCM,HCM,HCM,1,True,False,False,False,False,True,True,True,True
MOM,tick,MOM,MOM,1,True,False,False,False,False,True,True,True,True
HCM,ReqVel,HCM,HCM,1,True,False,False,False,False,True,True,True,True
HCM,ReqHdng,HCM,HCM,1,True,False,False,False,False,True,True,True,True
HCM,ReqMOM,HCM,HCM,1,True,False,False,False,False,True,True,True,True
HCM,ReqOCM,OCM,OCM,1,True,False,False,False,False,True,True,True,True
HCM,EndTask,HCM,HCM,1,True,False,False,False,False,True,True,True,True
HCM,ReqHCM,HCM,HCM,1,True,False,False,False,False,True,True,True,True
HCM,tick,HCM,HCM,1,True,False,False,False,False,True,True,True,True
CAM,ReqVel,OCM,OCM,1,True,False,False,False,False,True,True,True,True
CAM,ReqHdng,OCM,OCM,1,True,False,False,False,False,True,True,True,True
CAM,ReqMOM,OCM,OCM,1,True,False,False,False,False,True,True,True,True
CAM,ReqOCM,OCM,OCM,1,True,False,False,False,False,True,True,True,True
CAM,EndTask,OCM,OCM,1,True,False,False,False,False,True,True,True,True
CAM,ReqHCM,OCM,OCM,1,True,False,False,False,False,True,True,True,True
CAM,tick,OCM,OCM,1,True,False,False,False,False,True,True,True,True
OCM,ReqVel,OCM,OCM,1,True,False,False,False,True,False,False,False,False
OCM,ReqHdng,OCM,OCM,1,True,False,False,False,True,False,False,False,False
OCM,ReqMOM,OCM,OCM,1,True,False,False,False,True,False,False,False,False
OCM,ReqOCM,OCM,OCM,1,True,False,False,False,True,False,False,False,False
OCM,EndTask,OCM,OCM,1,True,False,False,False,True,False,False,False,False
OCM,ReqHCM,OCM,OCM,1,True,False,False,False,True,False,False,False,False
OCM,tick,OCM,OCM,1,True,False,False,False,True,False,False,False,False
MOM,ReqVel,MOM,MOM,1,True,False,False,False,True,False,False,False,False
MOM,ReqHdng,MOM,MOM,1,True,False,False,False,True,False,False,False,False
MOM,ReqMOM,MOM,MOM,1,True,False,False,False,True,False,False,False,False
MOM,ReqOCM,OCM,OCM,1,True,False,False,False,True,False,False,False,False
MOM,EndTask,OCM,OCM,1,True,False,False,False,True,False,False,False,False
MOM,ReqHCM,HCM,HCM,1,True,False,False,False,True,False,False,False,False
MOM,tick,MOM,MOM,1,True,False,False,False,True,False,False,False,False
HCM,ReqVel,MOM,MOM,1,True,False,False,False,True,False,False,False,False
HCM,ReqHdng,MOM,MOM,1,True,False,False,False,True,False,False,False,False
HCM,ReqMOM,MOM,MOM,1,True,False,False,False,True,False,False,False,False
HCM,ReqOCM,MOM,MOM|OCM,2,False,False,False,False,True,False,False,False,False
HCM,EndTask,MOM,MOM,1,True,False,False,False,True,False,False,False,False
HCM,ReqHCM,MOM,MOM,1,True,False,False,False,True,False,False,False,False
HCM,tick,MOM,MOM,1,True,False,False,False,True,False,False,False,False
CAM,ReqVel,CAM,CAM,1,True,False,False,False,True,False,False,False,False
CAM,ReqHdng,CAM,CAM,1,True,False,False,False,True,False,False,False,False
CAM,ReqMOM,CAM,CAM,1,True,False,False,False,True,False,False,False,False
CAM,ReqOCM,OCM,OCM,1,True,False,False,False,True,False,False,False,False
CAM,EndTask,CAM,CAM,1,True,False,False,False,True,False,False,False,False
CAM,ReqHCM,CAM,CAM,1,True,False,False,False,True,False,False,False,False
CAM,tick,CAM,CAM,1,True,False,False,False,True,False,False,False,False
OCM,ReqVel,OCM,OCM,1,True,False,False,False,True,False,False,False,True
OCM,ReqHdng,OCM,OCM,1,True,False,False,False,True,False,False,False,True
OCM,ReqMOM,OCM,OCM,1,True,False,False,False,True,False,False,False,True
OCM,ReqOCM,OCM,OCM,1,True,False,False,False,True,False,False,False,True
OCM,EndTask,OCM,OCM,1,True,False,False,False,True,False,False,False,True
OCM,ReqHCM,OCM,OCM,1,True,False,False,False,True,False,False,False,True
OCM,tick,OCM,OCM,1,True,False,False,False,True,False,False,False,True
MOM,ReqVel,MOM,MOM,1,True,False,False,False,True,False,False,False,True
MOM,ReqHdng,MOM,MOM,1,True,False,False,False,True,False,False,False,True
MOM,ReqMOM,MOM,MOM,1,True,False,False,False,True,False,False,False,True
MOM,ReqOCM,OCM,OCM,1,True,False,False,False,True,False,False,False,True
MOM,EndTask,OCM,OCM,1,True,False,False,False,True,False,False,False,True
MOM,ReqHCM,HCM,HCM,1,True,False,False,False,True,False,False,False,True
MOM,tick,MOM,MOM,1,True,False,False,False,True,False,False,False,True
HCM,ReqVel,MOM,MOM,1,True,False,False,False,True,False,False,False,True
HCM,ReqHdng,MOM,MOM,1,True,False,False,False,True,False,False,False,True
HCM,ReqMOM,MOM,MOM,1,True,False,False,False,True,False,False,False,True
HCM,ReqOCM,MOM,MOM|OCM,2,False,False,False,False,True,False,False,False,True
HCM,EndTask,MOM,MOM,1,True,False,False,False,True,False,False,False,True
HCM,ReqHCM,MOM,MOM,1,True,False,False,False,True,False,False,False,True
HCM,tick,MOM,MOM,1,True,False,False,False,True,False,False,False,True
CAM,ReqVel,OCM,OCM,1,True,False,False,False,True,False,False,False,True
CAM,ReqHdng,OCM,OCM,1,True,False,False,False,True,False,False,False,True
CAM,ReqMOM,OCM,OCM,1,True,False,False,False,True,False,False,False,True
CAM,ReqOCM,OCM,OCM,1,True,False,False,False,True,False,False,False,True
CAM,EndTask,OCM,OCM,1,True,False,False,False,True,False,False,False,True
CAM,ReqHCM,OCM,OCM,1,True,False,False,False,True,False,False,False,True
CAM,tick,OCM,OCM,1,True,False,False,False,True,False,False,False,True
OCM,ReqVel,OCM,OCM,1,True,False,False,False,True,False,False,True,False
OCM,ReqHdng,OCM,OCM,1,True,False,False,False,True,False,False,True,False
OCM,ReqMOM,OCM,OCM,1,True,False,False,False,True,False,False,True,False
OCM,ReqOCM,OCM,OCM,1,True,False,False,False,True,False,False,True,False
OCM,EndTask,OCM,OCM,1,True,False,False,False,True,False,False,True,False
OCM,ReqHCM,OCM,OCM,1,True,False,False,False,True,False,False,True,False
OCM,tick,OCM,OCM,1,True,False,False,False,True,False,False,True,False
MOM,ReqVel,MOM,MOM,1,True,False,False,False,True,False,False,True,False
MOM,ReqHdng,MOM,MOM,1,True,False,False,False,True,False,False,True,False
MOM,ReqMOM,MOM,MOM,1,True,False,False,False,True,False,False,True,False
MOM,ReqOCM,OCM,OCM,1,True,False,False,False,True,False,False,True,False
MOM,EndTask,OCM,OCM,1,True,False,False,False,True,False,False,True,False
MOM,ReqHCM,HCM,HCM,1,True,False,False,False,True,False,False,True,False
MOM,tick,MOM,MOM,1,True,False,False,False,True,False,False,True,False
HCM,ReqVel,MOM,MOM,1,True,False,False,False,True,False,False,True,False
HCM,ReqHdng,MOM,MOM,1,True,False,False,False,True,False,False,True,False
HCM,ReqMOM,MOM,MOM,1,True,False,False,False,True,False,False,True,False
HCM,ReqOCM,MOM,MOM|OCM,2,False,False,False,False,True,False,False,True,False
HCM,EndTask,MOM,MOM,1,True,False,False,False,True,False,False,True,False
HCM,ReqHCM,MOM,MOM,1,True,False,False,False,True,False,False,True,False
HCM,tick,MOM,MOM,1,True,False,False,False,True,False,False,True,False
CAM,ReqVel,CAM,CAM,1,True,False,False,False,True,False,False,True,False
CAM,ReqHdng,CAM,CAM,1,True,False,False,False,True,False,False,True,False
CAM,ReqMOM,CAM,CAM,1,True,False,False,False,True,False,False,True,False
CAM,ReqOCM,OCM,OCM,1,True,False,False,False,True,False,False,True,False
CAM,EndTask,CAM,CAM,1,True,False,False,False,True,False,False,True,False
CAM,ReqHCM,CAM,CAM,1,True,False,False,False,True,False,False,True,False
CAM,tick,CAM,CAM,1,True,False,False,False,True,False,False,True,False
OCM,ReqVel,OCM,OCM,1,True,False,False,False,True,False,False,True,True
OCM,ReqHdng,OCM,OCM,1,True,False,False,False,True,False,False,True,True
OCM,ReqMOM,OCM,OCM,1,True,False,False,False,True,False,False,True,True
OCM,ReqOCM,OCM,OCM,1,True,False,False,False,True,False,False,True,True
OCM,EndTask,OCM,OCM,1,True,False,False,False,True,False,False,True,True
OCM,ReqHCM,OCM,OCM,1,True,False,False,False,True,False,False,True,True
OCM,tick,OCM,OCM,1,True,False,False,False,True,False,False,True,True
MOM,ReqVel,MOM,MOM,1,True,False,False,False,True,False,False,True,True
MOM,ReqHdng,MOM,MOM,1,True,False,False,False,True,False,False,True,True
MOM,ReqMOM,MOM,MOM,1,True,False,False,False,True,False,False,True,True
MOM,ReqOCM,OCM,OCM,1,True,False,False,False,True,False,False,True,True
MOM,EndTask,OCM,OCM,1,True,False,False,False,True,False,False,True,True
MOM,ReqHCM,HCM,HCM,1,True,False,False,False,True,False,False,True,True
MOM,tick,MOM,MOM,1,True,False,False,False,True,False,False,True,True
HCM,ReqVel,MOM,MOM,1,True,False,False,False,True,False,False,True,True
HCM,ReqHdng,MOM,MOM,1,True,False,False,False,True,False,False,True,True
HCM,ReqMOM,MOM,MOM,1,True,False,False,False,True,False,False,True,True
HCM,ReqOCM,MOM,MOM|OCM,2,False,False,False,False,True,False,False,True,True
HCM,EndTask,MOM,MOM,1,True,False,False,False,True,False,False,True,True
HCM,ReqHCM,MOM,MOM,1,True,False,False,False,True,False,False,True,True
HCM,tick,MOM,MOM,1,True,False,False,False,True,False,False,True,True
CAM,ReqVel,OCM,OCM,1,True,False,False,False,True,False,False,True,True
CAM,ReqHdng,OCM,OCM,1,True,False,False,False,True,False,False,True,True
CAM,ReqMOM,OCM,OCM,1,True,False,False,False,True,False,False,True,True
CAM,ReqOCM,OCM,OCM,1,True,False,False,False,True,False,False,True,True
CAM,EndTask,OCM,OCM,1,True,False,False,False,True,False,False,True,True
CAM,ReqHCM,OCM,OCM,1,True,False,False,False,True,False,False,True,True
CAM,tick,OCM,OCM,1,True,False,False,False,True,False,False,True,True
OCM,ReqVel,OCM,OCM,1,True,False,False,False,True,False,True,False,False
OCM,ReqHdng,OCM,OCM,1,True,False,False,False,True,False,True,False,False
OCM,ReqMOM,OCM,OCM,1,True,False,False,False,True,False,True,False,False
OCM,ReqOCM,OCM,OCM,1,True,False,False,False,True,False,True,False,False
OCM,EndTask,OCM,OCM,1,True,False,False,False,True,False,True,False,False
OCM,ReqHCM,OCM,OCM,1,True,False,False,False,True,False,True,False,False
OCM,tick,OCM,OCM,1,True,False,False,False,True,False,True,False,False
MOM,ReqVel,MOM,MOM,1,True,False,False,False,True,False,True,False,False
MOM,ReqHdng,MOM,MOM,1,True,False,False,False,True,False,True,False,False
MOM,ReqMOM,MOM,MOM,1,True,False,False,False,True,False,True,False,False
MOM,ReqOCM,OCM,OCM,1,True,False,False,False,True,False,True,False,False
MOM,EndTask,OCM,OCM,1,True,False,False,False,True,False,True,False,False
MOM,ReqHCM,HCM,HCM,1,True,False,False,False,True,False,True,False,False
MOM,tick,MOM,MOM,1,True,False,False,False,True,False,True,False,False
HCM,ReqVel,MOM,MOM,1,True,False,False,False,True,False,True,False,False
HCM,ReqHdng,MOM,MOM,1,True,False,False,False,True,False,True,False,False
HCM,ReqMOM,MOM,MOM,1,True,False,False,False,True,False,True,False,False
HCM,ReqOCM,MOM,MOM|OCM,2,False,False,False,False,True,False,True,False,False
HCM,EndTask,MOM,MOM,1,True,False,False,False,True,False,True,False,False
HCM,ReqHCM,MOM,MOM,1,True,False,False,False,True,False,True,False,False
HCM,tick,MOM,MOM,1,True,False,False,False,True,False,True,False,False
CAM,ReqVel,CAM,CAM,1,True,False,False,False,True,False,True,False,False
CAM,ReqHdng,CAM,CAM,1,True,False,False,False,True,False,True,False,False
CAM,ReqMOM,CAM,CAM,1,True,False,False,False,True,False,True,False,False
CAM,ReqOCM,OCM,OCM,1,True,False,False,False,True,False,True,False,False
CAM,EndTask,CAM,CAM,1,True,False,False,False,True,False,True,False,False
CAM,ReqHCM,CAM,CAM,1,True,False,False,False,True,False,True,False,False
CAM,tick,CAM,CAM,1,True,False,False,False,True,False,True,False,False
OCM,ReqVel,OCM,OCM,1,True,False,False,False,True,False,True,False,True
OCM,ReqHdng,OCM,OCM,1,True,False,False,False,True,False,True,False,True
OCM,ReqMOM,OCM,OCM,1,True,False,False,False,True,False,True,False,True
OCM,ReqOCM,OCM,OCM,1,True,False,False,False,True,False,True,False,True
OCM,EndTask,OCM,OCM,1,True,False,False,False,True,False,True,False,True
OCM,ReqHCM,OCM,OCM,1,True,False,False,False,True,False,True,False,True
OCM,tick,OCM,OCM,1,True,False,False,False,True,False,True,False,True
MOM,ReqVel,MOM,MOM,1,True,False,False,False,True,False,True,False,True
MOM,ReqHdng,MOM,MOM,1,True,False,False,False,True,False,True,False,True
MOM,ReqMOM,MOM,MOM,1,True,False,False,False,True,False,True,False,True
MOM,ReqOCM,OCM,OCM,1,True,False,False,False,True,False,True,False,True
MOM,EndTask,OCM,OCM,1,True,False,False,False,True,False,True,False,True
MOM,ReqHCM,HCM,HCM,1,True,False,False,False,True,False,True,False,True
MOM,tick,MOM,MOM,1,True,False,False,False,True,False,True,False,True
HCM,ReqVel,MOM,MOM,1,True,False,False,False,True,False,True,False,True
HCM,ReqHdng,MOM,MOM,1,True,False,False,False,True,False,True,False,True
HCM,ReqMOM,MOM,MOM,1,True,False,False,False,True,False,True,False,True
HCM,ReqOCM,MOM,MOM|OCM,2,False,False,False,False,True,False,True,False,True
HCM,EndTask,MOM,MOM,1,True,False,False,False,True,False,True,False,True
HCM,ReqHCM,MOM,MOM,1,True,False,False,False,True,False,True,False,True
HCM,tick,MOM,MOM,1,True,False,False,False,True,False,True,False,True
CAM,ReqVel,OCM,OCM,1,True,False,False,False,True,False,True,False,True
CAM,ReqHdng,OCM,OCM,1,True,False,False,False,True,False,True,False,True
CAM,ReqMOM,OCM,OCM,1,True,False,False,False,True,False,True,False,True
CAM,ReqOCM,OCM,OCM,1,True,False,False,False,True,False,True,False,True
CAM,EndTask,OCM,OCM,1,True,False,False,False,True,False,True,False,True
CAM,ReqHCM,OCM,OCM,1,True,False,False,False,True,False,True,False,True
CAM,tick,OCM,OCM,1,True,False,False,False,True,False,True,False,True
OCM,ReqVel,OCM,OCM,1,True,False,False,False,True,False,True,True,False
OCM,ReqHdng,OCM,OCM,1,True,False,False,False,True,False,True,True,False
OCM,ReqMOM,OCM,OCM,1,True,False,False,False,True,False,True,True,False
OCM,ReqOCM,OCM,OCM,1,True,False,False,False,True,False,True,True,False
OCM,EndTask,OCM,OCM,1,True,False,False,False,True,False,True,True,False
OCM,ReqHCM,OCM,OCM,1,True,False,False,False,True,False,True,True,False
OCM,tick,OCM,OCM,1,True,False,False,False,True,False,True,True,False
MOM,ReqVel,MOM,MOM,1,True,False,False,False,True,False,True,True,False
MOM,ReqHdng,MOM,MOM,1,True,False,False,False,True,False,True,True,False
MOM,ReqMOM,MOM,MOM,1,True,False,False,False,True,False,True,True,False
MOM,ReqOCM,OCM,OCM,1,True,False,False,False,True,False,True,True,False
MOM,EndTask,OCM,OCM,1,True,False,False,False,True,False,True,True,False
MOM,ReqHCM,HCM,HCM,1,True,False,False,False,True,False,True,True,False
MOM,tick,MOM,MOM,1,True,False,False,False,True,False,True,True,False
HCM,ReqVel,MOM,MOM,1,True,False,False,False,True,False,True,True,False
HCM,ReqHdng,MOM,MOM,1,True,False,False,False,True,False,True,True,False
HCM,ReqMOM,MOM,MOM,1,True,False,False,False,True,False,True,True,False
HCM,ReqOCM,MOM,MOM|OCM,2,False,False,False,False,True,False,True,True,False
HCM,EndTask,MOM,MOM,1,True,False,False,False,True,False,True,True,False
HCM,ReqHCM,MOM,MOM,1,True,False,False,False,True,False,True,True,False
HCM,tick,MOM,MOM,1,True,False,False,False,True,False,True,True,False
CAM,ReqVel,CAM,CAM,1,True,False,False,False,True,False,True,True,False
CAM,ReqHdng,CAM,CAM,1,True,False,False,False,True,False,True,True,False
CAM,ReqMOM,CAM,CAM,1,True,False,False,False,True,False,True,True,False
CAM,ReqOCM,OCM,OCM,1,True,False,False,False,True,False,True,True,False
CAM,EndTask,CAM,CAM,1,True,False,False,False,True,False,True,True,False
CAM,ReqHCM,CAM,CAM,1,True,False,False,False,True,False,True,True,False
CAM,tick,CAM,CAM,1,True,False,False,False,True,False,True,True,False
OCM,ReqVel,OCM,OCM,1,True,False,False,False,True,False,True,True,True
OCM,ReqHdng,OCM,OCM,1,True,False,False,False,True,False,True,True,True
OCM,ReqMOM,OCM,OCM,1,True,False,False,False,True,False,True,True,True
OCM,ReqOCM,OCM,OCM,1,True,False,False,False,True,False,True,True,True
OCM,EndTask,OCM,OCM,1,True,False,False,False,True,False,True,True,True
OCM,ReqHCM,OCM,OCM,1,True,False,False,False,True,False,True,True,True
OCM,tick,OCM,OCM,1,True,False,False,False,True,False,True,True,True
MOM,ReqVel,MOM,MOM,1,True,False,False,False,True,False,True,True,True
MOM,ReqHdng,MOM,MOM,1,True,False,False,False,True,False,True,True,True
MOM,ReqMOM,MOM,MOM,1,True,False,False,False,True,False,True,True,True
MOM,ReqOCM,OCM,OCM,1,True,False,False,False,True,False,True,True,True
MOM,EndTask,OCM,OCM,1,True,False,False,False,True,False,True,True,True
MOM,ReqHCM,HCM,HCM,1,True,False,False,False,True,False,True,True,True
MOM,tick,MOM,MOM,1,True,False,False,False,True,False,True,True,True
HCM,ReqVel,MOM,MOM,1,True,False,False,False,True,False,True,True,True
HCM,ReqHdng,MOM,MOM,1,True,False,False,False,True,False,True,True,True
HCM,ReqMOM,MOM,MOM,1,True,False,False,False,True,False,True,True,True
HCM,ReqOCM,MOM,MOM|OCM,2,False,False,False,False,True,False,True,True,True
HCM,EndTask,MOM,MOM,1,True,False,False,False,True,False,True,True,True
HCM,ReqHCM,MOM,MOM,1,True,False,False,False,True,False,True,True,True
HCM,tick,MOM,MOM,1,True,False,False,False,True,False,True,True,True
CAM,ReqVel,OCM,OCM,1,True,False,False,False,True,False,True,True,True
CAM,ReqHdng,OCM,OCM,1,True,False,False,False,True,False,True,True,True
CAM,ReqMOM,OCM,OCM,1,True,False,False,False,True,False,True,True,True
CAM,ReqOCM,OCM,OCM,1,True,False,False,False,True,False,True,True,True
CAM,EndTask,OCM,OCM,1,True,False,False,False,True,False,True,True,True
CAM,ReqHCM,OCM,OCM,1,True,False,False,False,True,False,True,True,True
CAM,tick,OCM,OCM,1,True,False,False,False,True,False,True,True,True
OCM,ReqVel,OCM,OCM,1,True,False,False,False,True,True,False,False,False
OCM,ReqHdng,OCM,OCM,1,True,False,False,False,True,True,False,False,False
OCM,ReqMOM,OCM,OCM,1,True,False,False,False,True,True,False,False,False
OCM,ReqOCM,OCM,OCM,1,True,False,False,False,True,True,False,False,False
OCM,EndTask,OCM,OCM,1,True,False,False,False,True,True,False,False,False
OCM,ReqHCM,OCM,OCM,1,True,False,False,False,True,True,False,False,False
OCM,tick,OCM,OCM,1,True,False,False,False,True,True,False,False,False
MOM,ReqVel,MOM,MOM,1,True,False,False,False,True,True,False,False,False
MOM,ReqHdng,MOM,MOM,1,True,False,False,False,True,True,False,False,False
MOM,ReqMOM,MOM,MOM,1,True,False,False,False,True,True,False,False,False
MOM,ReqOCM,OCM,OCM,1,True,False,False,False,True,True,False,False,False
MOM,EndTask,OCM,OCM,1,True,False,False,False,True,True,False,False,False
MOM,ReqHCM,HCM,HCM,1,True,False,False,False,True,True,False,False,False
MOM,tick,MOM,MOM,1,True,False,False,False,True,True,False,False,False
HCM,ReqVel,MOM,MOM,1,True,False,False,False,True,True,False,False,False
HCM,ReqHdng,MOM,MOM,1,True,False,False,False,True,True,False,False,False
HCM,ReqMOM,MOM,MOM,1,True,False,False,False,True,True,False,False,False
HCM,ReqOCM,MOM,MOM|OCM,2,False,False,False,False,True,True,False,False,False
HCM,EndTask,MOM,MOM,1,True,False,False,False,True,True,False,False,False
HCM,ReqHCM,MOM,MOM,1,True,False,False,False,True,True,False,False,False
HCM,tick,MOM,MOM,1,True,False,False,False,True,True,False,False,False
CAM,ReqVel,CAM,CAM,1,True,False,False,False,True,True,False,False,False
CAM,ReqHdng,CAM,CAM,1,True,False,False,False,True,True,False,False,False
CAM,ReqMOM,CAM,CAM,1,True,False,False,False,True,True,False,False,False
CAM,ReqOCM,OCM,OCM,1,True,False,False,False,True,True,False,False,False
CAM,EndTask,CAM,CAM,1,True,False,False,False,True,True,False,False,False
CAM,ReqHCM,CAM,CAM,1,True,False,False,False,True,True,False,False,False
CAM,tick,CAM,CAM,1,True,False,False,False,True,True,False,False,False
OCM,ReqVel,OCM,OCM,1,True,False,False,False,True,True,False,False,True
OCM,ReqHdng,OCM,OCM,1,True,False,False,False,True,True,False,False,True
OCM,ReqMOM,OCM,OCM,1,True,False,False,False,True,True,False,False,True
OCM,ReqOCM,OCM,OCM,1,True,False,False,False,True,True,False,False,True
OCM,EndTask,OCM,OCM,1,True,False,False,False,True,True,False,False,True
OCM,ReqHCM,OCM,OCM,1,True,False,False,False,True,True,False,False,True
OCM,tick,OCM,OCM,1,True,False,False,False,True,True,False,False,True
MOM,ReqVel,MOM,MOM,1,True,False,False,False,True,True,False,False,True
MOM,ReqHdng,MOM,MOM,1,True,False,False,False,True,True,False,False,True
MOM,ReqMOM,MOM,MOM,1,True,False,False,False,True,True,False,False,True
MOM,ReqOCM,OCM,OCM,1,True,False,False,False,True,True,False,False,True
MOM,EndTask,OCM,OCM,1,True,False,False,False,True,True,False,False,True
MOM,ReqHCM,HCM,HCM,1,True,False,False,False,True,True,False,False,True
MOM,tick,MOM,MOM,1,True,False,False,False,True,True,False,False,True
HCM,ReqVel,MOM,MOM,1,True,False,False,False,True,True,False,False,True
HCM,ReqHdng,MOM,MOM,1,True,False,False,False,True,True,False,False,True
HCM,ReqMOM,MOM,MOM,1,True,False,False,False,True,True,False,False,True
HCM,ReqOCM,MOM,MOM|OCM,2,False,False,False,False,True,True,False,False,True
HCM,EndTask,MOM,MOM,1,True,False,False,False,True,True,False,False,True
HCM,ReqHCM,MOM,MOM,1,True,False,False,False,True,True,False,False,True
HCM,tick,MOM,MOM,1,True,False,False,False,True,True,False,False,True
CAM,ReqVel,OCM,OCM,1,True,False,False,False,True,True,False,False,True
CAM,ReqHdng,OCM,OCM,1,True,False,False,False,True,True,False,False,True
CAM,ReqMOM,OCM,OCM,1,True,False,False,False,True,True,False,False,True
CAM,ReqOCM,OCM,OCM,1,True,False,False,False,True,True,False,False,True
CAM,EndTask,OCM,OCM,1,True,False,False,False,True,True,False,False,True
CAM,ReqHCM,OCM,OCM,1,True,False,False,False,True,True,False,False,True
CAM,tick,OCM,OCM,1,True,False,False,False,True,True,False,False,True
OCM,ReqVel,OCM,OCM,1,True,False,False,False,True,True,False,True,False
OCM,ReqHdng,OCM,OCM,1,True,False,False,False,True,True,False,True,False
OCM,ReqMOM,OCM,OCM,1,True,False,False,False,True,True,False,True,False
OCM,ReqOCM,OCM,OCM,1,True,False,False,False,True,True,False,True,False
OCM,EndTask,OCM,OCM,1,True,False,False,False,True,True,False,True,False
OCM,ReqHCM,OCM,OCM,1,True,False,False,False,True,True,False,True,False
OCM,tick,OCM,OCM,1,True,False,False,False,True,True,False,True,False
MOM,ReqVel,MOM,MOM,1,True,False,False,False,True,True,False,True,False
MOM,ReqHdng,MOM,MOM,1,True,False,False,False,True,True,False,True,False
MOM,ReqMOM,MOM,MOM,1,True,False,False,False,True,True,False,True,False
MOM,ReqOCM,OCM,OCM,1,True,False,False,False,True,True,False,True,False
MOM,EndTask,OCM,OCM,1,True,False,False,False,True,True,False,True,False
MOM,ReqHCM,HCM,HCM,1,True,False,False,False,True,True,False,True,False
MOM,tick,MOM,MOM,1,True,False,False,False,True,True,False,True,False
HCM,ReqVel,MOM,MOM,1,True,False,False,False,True,True,False,True,False
HCM,ReqHdng,MOM,MOM,1,True,False,False,False,True,True,False,True,False
HCM,ReqMOM,MOM,MOM,1,True,False,False,False,True,True,False,True,False
HCM,ReqOCM,MOM,MOM|OCM,2,False,False,False,False,True,True,False,True,False
HCM,EndTask,MOM,MOM,1,True,False,False,False,True,True,False,True,False
HCM,ReqHCM,MOM,MOM,1,True,False,False,False,True,True,False,True,False
HCM,tick,MOM,MOM,1,True,False,False,False,True,True,False,True,False
CAM,ReqVel,CAM,CAM,1,True,False,False,False,True,True,False,True,False
CAM,ReqHdng,CAM,CAM,1,True,False,False,False,True,True,False,True,False
CAM,ReqMOM,CAM,CAM,1,True,False,False,False,True,True,False,True,False
CAM,ReqOCM,OCM,OCM,1,True,False,False,False,True,True,False,True,False
CAM,EndTask,CAM,CAM,1,True,False,False,False,True,True,False,True,False
CAM,ReqHCM,CAM,CAM,1,True,False,False,False,True,True,False,True,False
CAM,tick,CAM,CAM,1,True,False,False,False,True,True,False,True,False
OCM,ReqVel,OCM,OCM,1,True,False,False,False,True,True,False,True,True
OCM,ReqHdng,OCM,OCM,1,True,False,False,False,True,True,False,True,True
OCM,ReqMOM,OCM,OCM,1,True,False,False,False,True,True,False,True,True
OCM,ReqOCM,OCM,OCM,1,True,False,False,False,True,True,False,True,True
OCM,EndTask,OCM,OCM,1,True,False,False,False,True,True,False,True,True
OCM,ReqHCM,OCM,OCM,1,True,False,False,False,True,True,False,True,True
OCM,tick,OCM,OCM,1,True,False,False,False,True,True,False,True,True
MOM,ReqVel,MOM,MOM,1,True,False,False,False,True,True,False,True,True
MOM,ReqHdng,MOM,MOM,1,True,False,False,False,True,True,False,True,True
MOM,ReqMOM,MOM,MOM,1,True,False,False,False,True,True,False,True,True
MOM,ReqOCM,OCM,OCM,1,True,False,False,False,True,True,False,True,True
MOM,EndTask,OCM,OCM,1,True,False,False,False,True,True,False,True,True
MOM,ReqHCM,HCM,HCM,1,True,False,False,False,True,True,False,True,True
MOM,tick,MOM,MOM,1,True,False,False,False,True,True,False,True,True
HCM,ReqVel,MOM,MOM,1,True,False,False,False,True,True,False,True,True
HCM,ReqHdng,MOM,MOM,1,True,False,False,False,True,True,False,True,True
HCM,ReqMOM,MOM,MOM,1,True,False,False,False,True,True,False,True,True
HCM,ReqOCM,MOM,MOM|OCM,2,False,False,False,False,True,True,False,True,True
HCM,EndTask,MOM,MOM,1,True,False,False,False,True,True,False,True,True
HCM,ReqHCM,MOM,MOM,1,True,False,False,False,True,True,False,True,True
HCM,tick,MOM,MOM,1,True,False,False,False,True,True,False,True,True
CAM,ReqVel,OCM,OCM,1,True,False,False,False,True,True,False,True,True
CAM,ReqHdng,OCM,OCM,1,True,False,False,False,True,True,False,True,True
CAM,ReqMOM,OCM,OCM,1,True,False,False,False,True,True,False,True,True
CAM,ReqOCM,OCM,OCM,1,True,False,False,False,True,True,False,True,True
CAM,EndTask,OCM,OCM,1,True,False,False,False,True,True,False,True,True
CAM,ReqHCM,OCM,OCM,1,True,False,False,False,True,True,False,True,True
CAM,tick,OCM,OCM,1,True,False,False,False,True,True,False,True,True
OCM,ReqVel,OCM,OCM,1,True,False,False,False,True,True,True,False,False
OCM,ReqHdng,OCM,OCM,1,True,False,False,False,True,True,True,False,False
OCM,ReqMOM,OCM,OCM,1,True,False,False,False,True,True,True,False,False
OCM,ReqOCM,OCM,OCM,1,True,False,False,False,True,True,True,False,False
OCM,EndTask,OCM,OCM,1,True,False,False,False,True,True,True,False,False
OCM,ReqHCM,OCM,OCM,1,True,False,False,False,True,True,True,False,False
OCM,tick,OCM,OCM,1,True,False,False,False,True,True,True,False,False
MOM,ReqVel,MOM,MOM,1,True,False,False,False,True,True,True,False,False
MOM,ReqHdng,MOM,MOM,1,True,False,False,False,True,True,True,False,False
MOM,ReqMOM,MOM,MOM,1,True,False,False,False,True,True,True,False,False
MOM,ReqOCM,OCM,OCM,1,True,False,False,False,True,True,True,False,False
MOM,EndTask,OCM,OCM,1,True,False,False,False,True,True,True,False,False
MOM,ReqHCM,HCM,HCM,1,True,False,False,False,True,True,True,False,False
MOM,tick,MOM,MOM,1,True,False,False,False,True,True,True,False,False
HCM,ReqVel,MOM,MOM,1,True,False,False,False,True,True,True,False,False
HCM,ReqHdng,MOM,MOM,1,True,False,False,False,True,True,True,False,False
HCM,ReqMOM,MOM,MOM,1,True,False,False,False,True,True,True,False,False
HCM,ReqOCM,MOM,MOM|OCM,2,False,False,False,False,True,True,True,False,False
HCM,EndTask,MOM,MOM,1,True,False,False,False,True,True,True,False,False
HCM,ReqHCM,MOM,MOM,1,True,False,False,False,True,True,True,False,False
HCM,tick,MOM,MOM,1,True,False,False,False,True,True,True,False,False
CAM,ReqVel,CAM,CAM,1,True,False,False,False,True,True,True,False,False
CAM,ReqHdng,CAM,CAM,1,True,False,False,False,True,True,True,False,False
CAM,ReqMOM,CAM,CAM,1,True,False,False,False,True,True,True,False,False
CAM,ReqOCM,OCM,OCM,1,True,False,False,False,True,True,True,False,False
CAM,EndTask,CAM,CAM,1,True,False,False,False,True,True,True,False,False
CAM,ReqHCM,CAM,CAM,1,True,False,False,False,True,True,True,False,False
CAM,tick,CAM,CAM,1,True,False,False,False,True,True,True,False,False
OCM,ReqVel,OCM,OCM,1,True,False,False,False,True,True,True,False,True
OCM,ReqHdng,OCM,OCM,1,True,False,False,False,True,True,True,False,True
OCM,ReqMOM,OCM,OCM,1,True,False,False,False,True,True,True,False,True
OCM,ReqOCM,OCM,OCM,1,True,False,False,False,True,True,True,False,True
OCM,EndTask,OCM,OCM,1,True,False,False,False,True,True,True,False,True
OCM,ReqHCM,OCM,OCM,1,True,False,False,False,True,True,True,False,True
OCM,tick,OCM,OCM,1,True,False,False,False,True,True,True,False,True
MOM,ReqVel,MOM,MOM,1,True,False,False,False,True,True,True,False,True
MOM,ReqHdng,MOM,MOM,1,True,False,False,False,True,True,True,False,True
MOM,ReqMOM,MOM,MOM,1,True,False,False,False,True,True,True,False,True
MOM,ReqOCM,OCM,OCM,1,True,False,False,False,True,True,True,False,True
MOM,EndTask,OCM,OCM,1,True,False,False,False,True,True,True,False,True
MOM,ReqHCM,HCM,HCM,1,True,False,False,False,True,True,True,False,True
MOM,tick,MOM,MOM,1,True,False,False,False,True,True,True,False,True
HCM,ReqVel,MOM,MOM,1,True,False,False,False,True,True,True,False,True
HCM,ReqHdng,MOM,MOM,1,True,False,False,False,True,True,True,False,True
HCM,ReqMOM,MOM,MOM,1,True,False,False,False,True,True,True,False,True
HCM,ReqOCM,MOM,MOM|OCM,2,False,False,False,False,True,True,True,False,True
HCM,EndTask,MOM,MOM,1,True,False,False,False,True,True,True,False,True
HCM,ReqHCM,MOM,MOM,1,True,False,False,False,True,True,True,False,True
HCM,tick,MOM,MOM,1,True,False,False,False,True,True,True,False,True
CAM,ReqVel,OCM,OCM,1,True,False,False,False,True,True,True,False,True
CAM,ReqHdng,OCM,OCM,1,True,False,False,False,True,True,True,False,True
CAM,ReqMOM,OCM,OCM,1,True,False,False,False,True,True,True,False,True
CAM,ReqOCM,OCM,OCM,1,True,False,False,False,True,True,True,False,True
CAM,EndTask,OCM,OCM,1,True,False,False,False,True,True,True,False,True
CAM,ReqHCM,OCM,OCM,1,True,False,False,False,True,True,True,False,True
CAM,tick,OCM,OCM,1,True,False,False,False,True,True,True,False,True
OCM,ReqVel,OCM,MOM|OCM,2,False,False,False,False,True,True,True,True,False
OCM,ReqHdng,OCM,MOM|OCM,2,False,False,False,False,True,True,True,True,False
OCM,ReqMOM,MOM,MOM,1,True,False,False,False,True,True,True,True,False
OCM,ReqOCM,OCM,MOM,1,False,False,False,False,True,True,True,True,False
OCM,EndTask,OCM,MOM,1,False,False,False,False,True,True,True,True,False
OCM,ReqHCM,OCM,MOM,1,False,False,False,False,True,True,True,True,False
OCM,tick,OCM,MOM,1,False,False,False,False,True,True,True,True,False
MOM,ReqVel,MOM,MOM,1,True,False,False,False,True,True,True,True,False
MOM,ReqHdng,MOM,MOM,1,True,False,False,False,True,True,True,True,False
MOM,ReqMOM,MOM,MOM,1,True,False,False,False,True,True,True,True,False
MOM,ReqOCM,OCM,OCM,1,True,False,False,False,True,True,True,True,False
MOM,EndTask,OCM,OCM,1,True,False,False,False,True,True,True,True,False
MOM,ReqHCM,HCM,HCM,1,True,False,False,False,True,True,True,True,False
MOM,tick,MOM,MOM,1,True,False,False,False,True,True,True,True,False
HCM,ReqVel,MOM,MOM,1,True,False,False,False,True,True,True,True,False
HCM,ReqHdng,MOM,MOM,1,True,False,False,False,True,True,True,True,False
HCM,ReqMOM,MOM,MOM,1,True,False,False,False,True,True,True,True,False
HCM,ReqOCM,MOM,MOM|OCM,2,False,False,False,False,True,True,True,True,False
HCM,EndTask,MOM,MOM,1,True,False,False,False,True,True,True,True,False
HCM,ReqHCM,MOM,MOM,1,True,False,False,False,True,True,True,True,False
HCM,tick,MOM,MOM,1,True,False,False,False,True,True,True,True,False
CAM,ReqVel,CAM,CAM,1,True,False,False,False,True,True,True,True,False
CAM,ReqHdng,CAM,CAM,1,True,False,False,False,True,True,True,True,False
CAM,ReqMOM,CAM,CAM,1,True,False,False,False,True,True,True,True,False
CAM,ReqOCM,OCM,OCM,1,True,False,False,False,True,True,True,True,False
CAM,EndTask,CAM,CAM,1,True,False,False,False,True,True,True,True,False
CAM,ReqHCM,CAM,CAM,1,True,False,False,False,True,True,True,True,False
CAM,tick,CAM,CAM,1,True,False,False,False,True,True,True,True,False
OCM,ReqVel,OCM,MOM|OCM,2,False,False,False,False,True,True,True,True,True
OCM,ReqHdng,OCM,MOM|OCM,2,False,False,False,False,True,True,True,True,True
OCM,ReqMOM,MOM,MOM,1,True,False,False,False,True,True,True,True,True
OCM,ReqOCM,OCM,MOM,1,False,False,False,False,True,True,True,True,True
OCM,EndTask,OCM,MOM,1,False,False,False,False,True,True,True,True,True
OCM,ReqHCM,OCM,MOM,1,False,False,False,False,True,True,True,True,True
OCM,tick,OCM,MOM,1,False,False,False,False,True,True,True,True,True
MOM,ReqVel,MOM,MOM,1,True,False,False,False,True,True,True,True,True
MOM,ReqHdng,MOM,MOM,1,True,False,False,False,True,True,True,True,True
MOM,ReqMOM,MOM,MOM,1,True,False,False,False,True,True,True,True,True
MOM,ReqOCM,OCM,OCM,1,True,False,False,False,True,True,True,True,True
MOM,EndTask,OCM,OCM,1,True,False,False,False,True,True,True,True,True
MOM,ReqHCM,HCM,HCM,1,True,False,False,False,True,True,True,True,True
MOM,tick,MOM,MOM,1,True,False,False,False,True,True,True,True,True
HCM,ReqVel,MOM,MOM,1,True,False,False,False,True,True,True,True,True
HCM,ReqHdng,MOM,MOM,1,True,False,False,False,True,True,True,True,True
HCM,ReqMOM,MOM,MOM,1,True,False,False,False,True,True,True,True,True
HCM,ReqOCM,MOM,MOM|OCM,2,False,False,False,False,True,True,True,True,True
HCM,EndTask,MOM,MOM,1,True,False,False,False,True,True,True,True,True
HCM,ReqHCM,MOM,MOM,1,True,False,False,False,True,True,True,True,True
HCM,tick,MOM,MOM,1,True,False,False,False,True,True,True,True,True
CAM,ReqVel,OCM,OCM,1,True,False,False,False,True,True,True,True,True
CAM,ReqHdng,OCM,OCM,1,True,False,False,False,True,True,True,True,True
CAM,ReqMOM,OCM,OCM,1,True,False,False,False,True,True,True,True,True
CAM,ReqOCM,OCM,OCM,1,True,False,False,False,True,True,True,True,True
CAM,EndTask,OCM,OCM,1,True,False,False,False,True,True,True,True,True
CAM,ReqHCM,OCM,OCM,1,True,False,False,False,True,True,True,True,True
CAM,tick,OCM,OCM,1,True,False,False,False,True,True,True,True,True
OCM,ReqVel,OCM,OCM,1,True,False,False,True,False,False,False,False,False
OCM,ReqHdng,OCM,OCM,1,True,False,False,True,False,False,False,False,False
OCM,ReqMOM,OCM,OCM,1,True,False,False,True,False,False,False,False,False
OCM,ReqOCM,OCM,OCM,1,True,False,False,True,False,False,False,False,False
OCM,EndTask,OCM,OCM,1,True,False,False,True,False,False,False,False,False
OCM,ReqHCM,OCM,OCM,1,True,False,False,True,False,False,False,False,False
OCM,tick,OCM,OCM,1,True,False,False,True,False,False,False,False,False
MOM,ReqVel,OCM,OCM,1,True,False,False,True,False,False,False,False,False
MOM,ReqHdng,OCM,OCM,1,True,False,False,True,False,False,False,False,False
MOM,ReqMOM,OCM,OCM,1,True,False,False,True,False,False,False,False,False
MOM,ReqOCM,OCM,OCM,1,True,False,False,True,False,False,False,False,False
MOM,EndTask,OCM,OCM,1,True,False,False,True,False,False,False,False,False
MOM,ReqHCM,OCM,HCM|OCM,2,False,False,False,True,False,False,False,False,False
MOM,tick,OCM,OCM,1,True,False,False,True,False,False,False,False,False
HCM,ReqVel,OCM,OCM,1,True,False,False,True,False,False,False,False,False
HCM,ReqHdng,OCM,OCM,1,True,False,False,True,False,False,False,False,False
HCM,ReqMOM,OCM,OCM,1,True,False,False,True,False,False,False,False,False
HCM,ReqOCM,OCM,OCM,1,True,False,False,True,False,False,False,False,False
HCM,EndTask,OCM,OCM,1,True,False,False,True,False,False,False,False,False
HCM,ReqHCM,OCM,OCM,1,True,False,False,True,False,False,False,False,False
HCM,tick,OCM,OCM,1,True,False,False,True,False,False,False,False,False
CAM,ReqVel,CAM,CAM,1,True,False,False,True,False,False,False,False,False
CAM,ReqHdng,CAM,CAM,1,True,False,False,True,False,False,False,False,False
CAM,ReqMOM,CAM,CAM,1,True,False,False,True,False,False,False,False,False
CAM,ReqOCM,OCM,OCM,1,True,False,False,True,False,False,False,False,False
CAM,EndTask,CAM,CAM,1,True,False,False,True,False,False,False,False,False
CAM,ReqHCM,CAM,CAM,1,True,False,False,True,False,False,False,False,False
CAM,tick,CAM,CAM,1,True,False,False,True,False,False,False,False,False
OCM,ReqVel,OCM,OCM,1,True,False,False,True,False,False,False,False,True
OCM,ReqHdng,OCM,OCM,1,True,False,False,True,False,False,False,False,True
OCM,ReqMOM,OCM,OCM,1,True,False,False,True,False,False,False,False,True
OCM,ReqOCM,OCM,OCM,1,True,False,False,True,False,False,False,False,True
OCM,EndTask,OCM,OCM,1,True,False,False,True,False,False,False,False,True
OCM,ReqHCM,OCM,OCM,1,True,False,False,True,False,False,False,False,True
OCM,tick,OCM,OCM,1,True,False,False,True,False,False,False,False,True
MOM,ReqVel,OCM,OCM,1,True,False,False,True,False,False,False,False,True
MOM,ReqHdng,OCM,OCM,1,True,False,False,True,False,False,False,False,True
MOM,ReqMOM,OCM,OCM,1,True,False,False,True,False,False,False,False,True
MOM,ReqOCM,OCM,OCM,1,True,False,False,True,False,False,False,False,True
MOM,EndTask,OCM,OCM,1,True,False,False,True,False,False,False,False,True
MOM,ReqHCM,OCM,HCM|OCM,2,False,False,False,True,False,False,False,False,True
MOM,tick,OCM,OCM,1,True,False,False,True,False,False,False,False,True
HCM,ReqVel,OCM,OCM,1,True,False,False,True,False,False,False,False,True
HCM,ReqHdng,OCM,OCM,1,True,False,False,True,False,False,False,False,True
HCM,ReqMOM,OCM,OCM,1,True,False,False,True,False,False,False,False,True
HCM,ReqOCM,OCM,OCM,1,True,False,False,True,False,False,False,False,True
HCM,EndTask,OCM,OCM,1,True,False,False,True,False,False,False,False,True
HCM,ReqHCM,OCM,OCM,1,True,False,False,True,False,False,False,False,True
HCM,tick,OCM,OCM,1,True,False,False,True,False,False,False,False,True
CAM,ReqVel,OCM,OCM,1,True,False,False,True,False,False,False,False,True
CAM,ReqHdng,OCM,OCM,1,True,False,False,True,False,False,False,False,True
CAM,ReqMOM,OCM,OCM,1,True,False,False,True,False,False,False,False,True
CAM,ReqOCM,OCM,OCM,1,True,False,False,True,False,False,False,False,True
CAM,EndTask,OCM,OCM,1,True,False,False,True,False,False,False,False,True
CAM,ReqHCM,OCM,OCM,1,True,False,False,True,False,False,False,False,True
CAM,tick,OCM,OCM,1,True,False,False,True,False,False,False,False,True
OCM,ReqVel,OCM,OCM,1,True,False,False,True,False,False,False,True,False
OCM,ReqHdng,OCM,OCM,1,True,False,False,True,False,False,False,True,False
OCM,ReqMOM,OCM,OCM,1,True,False,False,True,False,False,False,True,False
OCM,ReqOCM,OCM,OCM,1,True,False,False,True,False,False,False,True,False
OCM,EndTask,OCM,OCM,1,True,False,False,True,False,False,False,True,False
OCM,ReqHCM,OCM,OCM,1,True,False,False,True,False,False,False,True,False
OCM,tick,OCM,OCM,1,True,False,False,True,False,False,False,True,False
MOM,ReqVel,OCM,OCM,1,True,False,False,True,False,False,False,True,False
MOM,ReqHdng,OCM,OCM,1,True,False,False,True,False,False,False,True,False
MOM,ReqMOM,OCM,OCM,1,True,False,False,True,False,False,False,True,False
MOM,ReqOCM,OCM,OCM,1,True,False,False,True,False,False,False,True,False
MOM,EndTask,OCM,OCM,1,True,False,False,True,False,False,False,True,False
MOM,ReqHCM,OCM,HCM|OCM,2,False,False,False,True,False,False,False,True,False
MOM,tick,OCM,OCM,1,True,False,False,True,False,False,False,True,False
HCM,ReqVel,OCM,OCM,1,True,False,False,True,False,False,False,True,False
HCM,ReqHdng,OCM,OCM,1,True,False,False,True,False,False,False,True,False
HCM,ReqMOM,OCM,OCM,1,True,False,False,True,False,False,False,True,False
HCM,ReqOCM,OCM,OCM,1,True,False,False,True,False,False,False,True,False
HCM,EndTask,OCM,OCM,1,True,False,False,True,False,False,False,True,False
HCM,ReqHCM,OCM,OCM,1,True,False,False,True,False,False,False,True,False
HCM,tick,OCM,OCM,1,True,False,False,True,False,False,False,True,False
CAM,ReqVel,CAM,CAM,1,True,False,False,True,False,False,False,True,False
CAM,ReqHdng,CAM,CAM,1,True,False,False,True,False,False,False,True,False
CAM,ReqMOM,CAM,CAM,1,True,False,False,True,False,False,False,True,False
CAM,ReqOCM,OCM,OCM,1,True,False,False,True,False,False,False,True,False
CAM,EndTask,CAM,CAM,1,True,False,False,True,False,False,False,True,False
CAM,ReqHCM,CAM,CAM,1,True,False,False,True,False,False,False,True,False
CAM,tick,CAM,CAM,1,True,False,False,True,False,False,False,True,False
OCM,ReqVel,OCM,OCM,1,True,False,False,True,False,False,False,True,True
OCM,ReqHdng,OCM,OCM,1,True,False,False,True,False,False,False,True,True
OCM,ReqMOM,OCM,OCM,1,True,False,False,True,False,False,False,True,True
OCM,ReqOCM,OCM,OCM,1,True,False,False,True,False,False,False,True,True
OCM,EndTask,OCM,OCM,1,True,False,False,True,False,False,False,True,True
OCM,ReqHCM,OCM,OCM,1,True,False,False,True,False,False,False,True,True
OCM,tick,OCM,OCM,1,True,False,False,True,False,False,False,True,True
MOM,ReqVel,OCM,OCM,1,True,False,False,True,False,False,False,True,True
MOM,ReqHdng,OCM,OCM,1,True,False,False,True,False,False,False,True,True
MOM,ReqMOM,OCM,OCM,1,True,False,False,True,False,False,False,True,True
MOM,ReqOCM,OCM,OCM,1,True,False,False,True,False,False,False,True,True
MOM,EndTask,OCM,OCM,1,True,False,False,True,False,False,False,True,True
MOM,ReqHCM,OCM,HCM|OCM,2,False,False,False,True,False,False,False,True,True
MOM,tick,OCM,OCM,1,True,False,False,True,False,False,False,True,True
HCM,ReqVel,OCM,OCM,1,True,False,False,True,False,False,False,True,True
HCM,ReqHdng,OCM,OCM,1,True,False,False,True,False,False,False,True,True
HCM,ReqMOM,OCM,OCM,1,True,False,False,True,False,False,False,True,True
HCM,ReqOCM,OCM,OCM,1,True,False,False,True,False,False,False,True,True
HCM,EndTask,OCM,OCM,1,True,False,False,True,False,False,False,True,True
HCM,ReqHCM,OCM,OCM,1,True,False,False,True,False,False,False,True,True
HCM,tick,OCM,OCM,1,True,False,False,True,False,False,False,True,True
CAM,ReqVel,OCM,OCM,1,True,False,False,True,False,False,False,True,True
CAM,ReqHdng,OCM,OCM,1,True,False,False,True,False,False,False,True,True
CAM,ReqMOM,OCM,OCM,1,True,False,False,True,False,False,False,True,True
CAM,ReqOCM,OCM,OCM,1,True,False,False,True,False,False,False,True,True
CAM,EndTask,OCM,OCM,1,True,False,False,True,False,False,False,True,True
CAM,ReqHCM,OCM,OCM,1,True,False,False,True,False,False,False,True,True
CAM,tick,OCM,OCM,1,True,False,False,True,False,False,False,True,True
OCM,ReqVel,OCM,OCM,1,True,False,False,True,False,False,True,False,False
OCM,ReqHdng,OCM,OCM,1,True,False,False,True,False,False,True,False,False
OCM,ReqMOM,OCM,OCM,1,True,False,False,True,False,False,True,False,False
OCM,ReqOCM,OCM,OCM,1,True,False,False,True,False,False,True,False,False
OCM,EndTask,OCM,OCM,1,True,False,False,True,False,False,True,False,False
OCM,ReqHCM,OCM,OCM,1,True,False,False,True,False,False,True,False,False
OCM,tick,OCM,OCM,1,True,False,False,True,False,False,True,False,False
MOM,ReqVel,OCM,OCM,1,True,False,False,True,False,False,True,False,False
MOM,ReqHdng,OCM,OCM,1,True,False,False,True,False,False,True,False,False
MOM,ReqMOM,OCM,OCM,1,True,False,False,True,False,False,True,False,False
MOM,ReqOCM,OCM,OCM,1,True,False,False,True,False,False,True,False,False
MOM,EndTask,OCM,OCM,1,True,False,False,True,False,False,True,False,False
MOM,ReqHCM,OCM,HCM|OCM,2,False,False,False,True,False,False,True,False,False
MOM,tick,OCM,OCM,1,True,False,False,True,False,False,True,False,False
HCM,ReqVel,OCM,OCM,1,True,False,False,True,False,False,True,False,False
HCM,ReqHdng,OCM,OCM,1,True,False,False,True,False,False,True,False,False
HCM,ReqMOM,OCM,OCM,1,True,False,False,True,False,False,True,False,False
HCM,ReqOCM,OCM,OCM,1,True,False,False,True,False,False,True,False,False
HCM,EndTask,OCM,OCM,1,True,False,False,True,False,False,True,False,False
HCM,ReqHCM,OCM,OCM,1,True,False,False,True,False,False,True,False,False
HCM,tick,OCM,OCM,1,True,False,False,True,False,False,True,False,False
CAM,ReqVel,CAM,CAM,1,True,False,False,True,False,False,True,False,False
CAM,ReqHdng,CAM,CAM,1,True,False,False,True,False,False,True,False,False
CAM,ReqMOM,CAM,CAM,1,True,False,False,True,False,False,True,False,False
CAM,ReqOCM,OCM,OCM,1,True,False,False,True,False,False,True,False,False
CAM,EndTask,CAM,CAM,1,True,False,False,True,False,False,True,False,False
CAM,ReqHCM,CAM,CAM,1,True,False,False,True,False,False,True,False,False
CAM,tick,CAM,CAM,1,True,False,False,True,False,False,True,False,False
OCM,ReqVel,OCM,OCM,1,True,False,False,True,False,False,True,False,True
OCM,ReqHdng,OCM,OCM,1,True,False,False,True,False,False,True,False,True
OCM,ReqMOM,OCM,OCM,1,True,False,False,True,False,False,True,False,True
OCM,ReqOCM,OCM,OCM,1,True,False,False,True,False,False,True,False,True
OCM,EndTask,OCM,OCM,1,True,False,False,True,False,False,True,False,True
OCM,ReqHCM,OCM,OCM,1,True,False,False,True,False,False,True,False,True
OCM,tick,OCM,OCM,1,True,False,False,True,False,False,True,False,True
MOM,ReqVel,OCM,OCM,1,True,False,False,True,False,False,True,False,True
MOM,ReqHdng,OCM,OCM,1,True,False,False,True,False,False,True,False,True
MOM,ReqMOM,OCM,OCM,1,True,False,False,True,False,False,True,False,True
MOM,ReqOCM,OCM,OCM,1,True,False,False,True,False,False,True,False,True
MOM,EndTask,OCM,OCM,1,True,False,False,True,False,False,True,False,True
MOM,ReqHCM,OCM,HCM|OCM,2,False,False,False,True,False,False,True,False,True
MOM,tick,OCM,OCM,1,True,False,False,True,False,False,True,False,True
HCM,ReqVel,OCM,OCM,1,True,False,False,True,False,False,True,False,True
HCM,ReqHdng,OCM,OCM,1,True,False,False,True,False,False,True,False,True
HCM,ReqMOM,OCM,OCM,1,True,False,False,True,False,False,True,False,True
HCM,ReqOCM,OCM,OCM,1,True,False,False,True,False,False,True,False,True
HCM,EndTask,OCM,OCM,1,True,False,False,True,False,False,True,False,True
HCM,ReqHCM,OCM,OCM,1,True,False,False,True,False,False,True,False,True
HCM,tick,OCM,OCM,1,True,False,False,True,False,False,True,False,True
CAM,ReqVel,OCM,OCM,1,True,False,False,True,False,False,True,False,True
CAM,ReqHdng,OCM,OCM,1,True,False,False,True,False,False,True,False,True
CAM,ReqMOM,OCM,OCM,1,True,False,False,True,False,False,True,False,True
CAM,ReqOCM,OCM,OCM,1,True,False,False,True,False,False,True,False,True
CAM,EndTask,OCM,OCM,1,True,False,False,True,False,False,True,False,True
CAM,ReqHCM,OCM,OCM,1,True,False,False,True,False,False,True,False,True
CAM,tick,OCM,OCM,1,True,False,False,True,False,False,True,False,True
OCM,ReqVel,OCM,OCM,1,True,False,False,True,False,False,True,True,False
OCM,ReqHdng,OCM,OCM,1,True,False,False,True,False,False,True,True,False
OCM,ReqMOM,OCM,OCM,1,True,False,False,True,False,False,True,True,False
OCM,ReqOCM,OCM,OCM,1,True,False,False,True,False,False,True,True,False
OCM,EndTask,OCM,OCM,1,True,False,False,True,False,False,True,True,False
OCM,ReqHCM,OCM,OCM,1,True,False,False,True,False,False,True,True,False
OCM,tick,OCM,OCM,1,True,False,False,True,False,False,True,True,False
MOM,ReqVel,OCM,OCM,1,True,False,False,True,False,False,True,True,False
MOM,ReqHdng,OCM,OCM,1,True,False,False,True,False,False,True,True,False
MOM,ReqMOM,OCM,OCM,1,True,False,False,True,False,False,True,True,False
MOM,ReqOCM,OCM,OCM,1,True,False,False,True,False,False,True,True,False
MOM,EndTask,OCM,OCM,1,True,False,False,True,False,False,True,True,False
MOM,ReqHCM,OCM,HCM|OCM,2,False,False,False,True,False,False,True,True,False
MOM,tick,OCM,OCM,1,True,False,False,True,False,False,True,True,False
HCM,ReqVel,OCM,OCM,1,True,False,False,True,False,False,True,True,False
HCM,ReqHdng,OCM,OCM,1,True,False,False,True,False,False,True,True,False
HCM,ReqMOM,OCM,OCM,1,True,False,False,True,False,False,True,True,False
HCM,ReqOCM,OCM,OCM,1,True,False,False,True,False,False,True,True,False
HCM,EndTask,OCM,OCM,1,True,False,False,True,False,False,True,True,False
HCM,ReqHCM,OCM,OCM,1,True,False,False,True,False,False,True,True,False
HCM,tick,OCM,OCM,1,True,False,False,True,False,False,True,True,False
CAM,ReqVel,CAM,CAM,1,True,False,False,True,False,False,True,True,False
CAM,ReqHdng,CAM,CAM,1,True,False,False,True,False,False,True,True,False
CAM,ReqMOM,CAM,CAM,1,True,False,False,True,False,False,True,True,False
CAM,ReqOCM,OCM,OCM,1,True,False,False,True,False,False,True,True,False
CAM,EndTask,CAM,CAM,1,True,False,False,True,False,False,True,True,False
CAM,ReqHCM,CAM,CAM,1,True,False,False,True,False,False,True,True,False
CAM,tick,CAM,CAM,1,True,False,False,True,False,False,True,True,False
OCM,ReqVel,OCM,OCM,1,True,False,False,True,False,False,True,True,True
OCM,ReqHdng,OCM,OCM,1,True,False,False,True,False,False,True,True,True
OCM,ReqMOM,OCM,OCM,1,True,False,False,True,False,False,True,True,True
OCM,ReqOCM,OCM,OCM,1,True,False,False,True,False,False,True,True,True
OCM,EndTask,OCM,OCM,1,True,False,False,True,False,False,True,True,True
OCM,ReqHCM,OCM,OCM,1,True,False,False,True,False,False,True,True,True
OCM,tick,OCM,OCM,1,True,False,False,True,False,False,True,True,True
MOM,ReqVel,OCM,OCM,1,True,False,False,True,False,False,True,True,True
MOM,ReqHdng,OCM,OCM,1,True,False,False,True,False,False,True,True,True
MOM,ReqMOM,OCM,OCM,1,True,False,False,True,False,False,True,True,True
MOM,ReqOCM,OCM,OCM,1,True,False,False,True,False,False,True,True,True
MOM,EndTask,OCM,OCM,1,True,False,False,True,False,False,True,True,True
MOM,ReqHCM,OCM,HCM|OCM,2,False,False,False,True,False,False,True,True,True
MOM,tick,OCM,OCM,1,True,False,False,True,False,False,True,True,True
HCM,ReqVel,OCM,OCM,1,True,False,False,True,False,False,True,True,True
HCM,ReqHdng,OCM,OCM,1,True,False,False,True,False,False,True,True,True
HCM,ReqMOM,OCM,OCM,1,True,False,False,True,False,False,True,True,True
HCM,ReqOCM,OCM,OCM,1,True,False,False,True,False,False,True,True,True
HCM,EndTask,OCM,OCM,1,True,False,False,True,False,False,True,True,True
HCM,ReqHCM,OCM,OCM,1,True,False,False,True,False,False,True,True,True
HCM,tick,OCM,OCM,1,True,False,False,True,False,False,True,True,True
CAM,ReqVel,OCM,OCM,1,True,False,False,True,False,False,True,True,True
CAM,ReqHdng,OCM,OCM,1,True,False,False,True,False,False,True,True,True
CAM,ReqMOM,OCM,OCM,1,True,False,False,True,False,False,True,True,True
CAM,ReqOCM,OCM,OCM,1,True,False,False,True,False,False,True,True,True
CAM,EndTask,OCM,OCM,1,True,False,False,True,False,False,True,True,True
CAM,ReqHCM,OCM,OCM,1,True,False,False,True,False,False,True,True,True
CAM,tick,OCM,OCM,1,True,False,False,True,False,False,True,True,True
OCM,ReqVel,OCM,OCM,1,True,False,False,True,False,True,False,False,False
OCM,ReqHdng,OCM,OCM,1,True,False,False,True,False,True,False,False,False
OCM,ReqMOM,OCM,OCM,1,True,False,False,True,False,True,False,False,False
OCM,ReqOCM,OCM,OCM,1,True,False,False,True,False,True,False,False,False
OCM,EndTask,OCM,OCM,1,True,False,False,True,False,True,False,False,False
OCM,ReqHCM,OCM,OCM,1,True,False,False,True,False,True,False,False,False
OCM,tick,OCM,OCM,1,True,False,False,True,False,True,False,False,False
MOM,ReqVel,OCM,OCM,1,True,False,False,True,False,True,False,False,False
MOM,ReqHdng,OCM,OCM,1,True,False,False,True,False,True,False,False,False
MOM,ReqMOM,OCM,OCM,1,True,False,False,True,False,True,False,False,False
MOM,ReqOCM,OCM,OCM,1,True,False,False,True,False,True,False,False,False
MOM,EndTask,OCM,OCM,1,True,False,False,True,False,True,False,False,False
MOM,ReqHCM,OCM,HCM|OCM,2,False,False,False,True,False,True,False,False,False
MOM,tick,OCM,OCM,1,True,False,False,True,False,True,False,False,False
HCM,ReqVel,OCM,OCM,1,True,False,False,True,False,True,False,False,False
HCM,ReqHdng,OCM,OCM,1,True,False,False,True,False,True,False,False,False
HCM,ReqMOM,OCM,OCM,1,True,False,False,True,False,True,False,False,False
HCM,ReqOCM,OCM,OCM,1,True,False,False,True,False,True,False,False,False
HCM,EndTask,OCM,OCM,1,True,False,False,True,False,True,False,False,False
HCM,ReqHCM,OCM,OCM,1,True,False,False,True,False,True,False,False,False
HCM,tick,OCM,OCM,1,True,False,False,True,False,True,False,False,False
CAM,ReqVel,CAM,CAM,1,True,False,False,True,False,True,False,False,False
CAM,ReqHdng,CAM,CAM,1,True,False,False,True,False,True,False,False,False
CAM,ReqMOM,CAM,CAM,1,True,False,False,True,False,True,False,False,False
CAM,ReqOCM,OCM,OCM,1,True,False,False,True,False,True,False,False,False
CAM,EndTask,CAM,CAM,1,True,False,False,True,False,True,False,False,False
CAM,ReqHCM,CAM,CAM,1,True,False,False,True,False,True,False,False,False
CAM,tick,CAM,CAM,1,True,False,False,True,False,True,False,False,False
OCM,ReqVel,OCM,OCM,1,True,False,False,True,False,True,False,False,True
OCM,ReqHdng,OCM,OCM,1,True,False,False,True,False,True,False,False,True
OCM,ReqMOM,OCM,OCM,1,True,False,False,True,False,True,False,False,True
OCM,ReqOCM,OCM,OCM,1,True,False,False,True,False,True,False,False,True
OCM,EndTask,OCM,OCM,1,True,False,False,True,False,True,False,False,True
OCM,ReqHCM,OCM,OCM,1,True,False,False,True,False,True,False,False,True
OCM,tick,OCM,OCM,1,True,False,False,True,False,True,False,False,True
MOM,ReqVel,OCM,OCM,1,True,False,False,True,False,True,False,False,True
MOM,ReqHdng,OCM,OCM,1,True,False,False,True,False,True,False,False,True
MOM,ReqMOM,OCM,OCM,1,True,False,False,True,False,True,False,False,True
MOM,ReqOCM,OCM,OCM,1,True,False,False,True,False,True,False,False,True
MOM,EndTask,OCM,OCM,1,True,False,False,True,False,True,False,False,True
MOM,ReqHCM,OCM,HCM|OCM,2,False,False,False,True,False,True,False,False,True
MOM,tick,OCM,OCM,1,True,False,False,True,False,True,False,False,True
HCM,ReqVel,OCM,OCM,1,True,False,False,True,False,True,False,False,True
HCM,ReqHdng,OCM,OCM,1,True,False,False,True,False,True,False,False,True
HCM,ReqMOM,OCM,OCM,1,True,False,False,True,False,True,False,False,True
HCM,ReqOCM,OCM,OCM,1,True,False,False,True,False,True,False,False,True
HCM,EndTask,OCM,OCM,1,True,False,False,True,False,True,False,False,True
HCM,ReqHCM,OCM,OCM,1,True,False,False,True,False,True,False,False,True
HCM,tick,OCM,OCM,1,True,False,False,True,False,True,False,False,True
CAM,ReqVel,OCM,OCM,1,True,False,False,True,False,True,False,False,True
CAM,ReqHdng,OCM,OCM,1,True,False,False,True,False,True,False,False,True
CAM,ReqMOM,OCM,OCM,1,True,False,False,True,False,True,False,False,True
CAM,ReqOCM,OCM,OCM,1,True,False,False,True,False,True,False,False,True
CAM,EndTask,OCM,OCM,1,True,False,False,True,False,True,False,False,True
CAM,ReqHCM,OCM,OCM,1,True,False,False,True,False,True,False,False,True
CAM,tick,OCM,OCM,1,True,False,False,True,False,True,False,False,True
OCM,ReqVel,OCM,OCM,1,True,False,False,True,False,True,False,True,False
OCM,ReqHdng,OCM,OCM,1,True,False,False,True,False,True,False,True,False
OCM,ReqMOM,OCM,OCM,1,True,False,False,True,False,True,False,True,False
OCM,ReqOCM,OCM,OCM,1,True,False,False,True,False,True,False,True,False
OCM,EndTask,OCM,OCM,1,True,False,False,True,False,True,False,True,False
OCM,ReqHCM,OCM,OCM,1,True,False,False,True,False,True,False,True,False
OCM,tick,OCM,OCM,1,True,False,False,True,False,True,False,True,False
MOM,ReqVel,OCM,OCM,1,True,False,False,True,False,True,False,True,False
MOM,ReqHdng,OCM,OCM,1,True,False,False,True,False,True,False,True,False
MOM,ReqMOM,OCM,OCM,1,True,False,False,True,False,True,False,True,False
MOM,ReqOCM,OCM,OCM,1,True,False,False,True,False,True,False,True,False
MOM,EndTask,OCM,OCM,1,True,False,False,True,False,True,False,True,False
MOM,ReqHCM,OCM,HCM|OCM,2,False,False,False,True,False,True,False,True,False
MOM,tick,OCM,OCM,1,True,False,False,True,False,True,False,True,False
HCM,ReqVel,OCM,OCM,1,True,False,False,True,False,True,False,True,False
HCM,ReqHdng,OCM,OCM,1,True,False,False,True,False,True,False,True,False
HCM,ReqMOM,OCM,OCM,1,True,False,False,True,False,True,False,True,False
HCM,ReqOCM,OCM,OCM,1,True,False,False,True,False,True,False,True,False
HCM,EndTask,OCM,OCM,1,True,False,False,True,False,True,False,True,False
HCM,ReqHCM,OCM,OCM,1,True,False,False,True,False,True,False,True,False
HCM,tick,OCM,OCM,1,True,False,False,True,False,True,False,True,False
CAM,ReqVel,CAM,CAM,1,True,False,False,True,False,True,False,True,False
CAM,ReqHdng,CAM,CAM,1,True,False,False,True,False,True,False,True,False
CAM,ReqMOM,CAM,CAM,1,True,False,False,True,False,True,False,True,False
CAM,ReqOCM,OCM,OCM,1,True,False,False,True,False,True,False,True,False
CAM,EndTask,CAM,CAM,1,True,False,False,True,False,True,False,True,False
CAM,ReqHCM,CAM,CAM,1,True,False,False,True,False,True,False,True,False
CAM,tick,CAM,CAM,1,True,False,False,True,False,True,False,True,False
OCM,ReqVel,OCM,OCM,1,True,False,False,True,False,True,False,True,True
OCM,ReqHdng,OCM,OCM,1,True,False,False,True,False,True,False,True,True
OCM,ReqMOM,OCM,OCM,1,True,False,False,True,False,True,False,True,True
OCM,ReqOCM,OCM,OCM,1,True,False,False,True,False,True,False,True,True
OCM,EndTask,OCM,OCM,1,True,False,False,True,False,True,False,True,True
OCM,ReqHCM,OCM,OCM,1,True,False,False,True,False,True,False,True,True
OCM,tick,OCM,OCM,1,True,False,False,True,False,True,False,True,True
MOM,ReqVel,OCM,OCM,1,True,False,False,True,False,True,False,True,True
MOM,ReqHdng,OCM,OCM,1,True,False,False,True,False,True,False,True,True
MOM,ReqMOM,OCM,OCM,1,True,False,False,True,False,True,False,True,True
MOM,ReqOCM,OCM,OCM,1,True,False,False,True,False,True,False,True,True
MOM,EndTask,OCM,OCM,1,True,False,False,True,False,True,False,True,True
MOM,ReqHCM,OCM,HCM|OCM,2,False,False,False,True,False,True,False,True,True
MOM,tick,OCM,OCM,1,True,False,False,True,False,True,False,True,True
HCM,ReqVel,OCM,OCM,1,True,False,False,True,False,True,False,True,True
HCM,ReqHdng,OCM,OCM,1,True,False,False,True,False,True,False,True,True
HCM,ReqMOM,OCM,OCM,1,True,False,False,True,False,True,False,True,True
HCM,ReqOCM,OCM,OCM,1,True,False,False,True,False,True,False,True,True
HCM,EndTask,OCM,OCM,1,True,False,False,True,False,True,False,True,True
HCM,ReqHCM,OCM,OCM,1,True,False,False,True,False,True,False,True,True
HCM,tick,OCM,OCM,1,True,False,False,True,False,True,False,True,True
CAM,ReqVel,OCM,OCM,1,True,False,False,True,False,True,False,True,True
CAM,ReqHdng,OCM,OCM,1,True,False,False,True,False,True,False,True,True
CAM,ReqMOM,OCM,OCM,1,True,False,False,True,False,True,False,True,True
CAM,ReqOCM,OCM,OCM,1,True,False,False,True,False,True,False,True,True
CAM,EndTask,OCM,OCM,1,True,False,False,True,False,True,False,True,True
CAM,ReqHCM,OCM,OCM,1,True,False,False,True,False,True,False,True,True
CAM,tick,OCM,OCM,1,True,False,False,True,False,True,False,True,True
OCM,ReqVel,OCM,OCM,1,True,False,False,True,False,True,True,False,False
OCM,ReqHdng,OCM,OCM,1,True,False,False,True,False,True,True,False,False
OCM,ReqMOM,OCM,OCM,1,True,False,False,True,False,True,True,False,False
OCM,ReqOCM,OCM,OCM,1,True,False,False,True,False,True,True,False,False
OCM,EndTask,OCM,OCM,1,True,False,False,True,False,True,True,False,False
OCM,ReqHCM,OCM,OCM,1,True,False,False,True,False,True,True,False,False
OCM,tick,OCM,OCM,1,True,False,False,True,False,True,True,False,False
MOM,ReqVel,OCM,OCM,1,True,False,False,True,False,True,True,False,False
MOM,ReqHdng,OCM,OCM,1,True,False,False,True,False,True,True,False,False
MOM,ReqMOM,OCM,OCM,1,True,False,False,True,False,True,True,False,False
MOM,ReqOCM,OCM,OCM,1,True,False,False,True,False,True,True,False,False
MOM,EndTask,OCM,OCM,1,True,False,False,True,False,True,True,False,False
MOM,ReqHCM,OCM,HCM|OCM,2,False,False,False,True,False,True,True,False,False
MOM,tick,OCM,OCM,1,True,False,False,True,False,True,True,False,False
HCM,ReqVel,OCM,OCM,1,True,False,False,True,False,True,True,False,False
HCM,ReqHdng,OCM,OCM,1,True,False,False,True,False,True,True,False,False
HCM,ReqMOM,OCM,OCM,1,True,False,False,True,False,True,True,False,False
HCM,ReqOCM,OCM,OCM,1,True,False,False,True,False,True,True,False,False
HCM,EndTask,OCM,OCM,1,True,False,False,True,False,True,True,False,False
HCM,ReqHCM,OCM,OCM,1,True,False,False,True,False,True,True,False,False
HCM,tick,OCM,OCM,1,True,False,False,True,False,True,True,False,False
CAM,ReqVel,CAM,CAM,1,True,False,False,True,False,True,True,False,False
CAM,ReqHdng,CAM,CAM,1,True,False,False,True,False,True,True,False,False
CAM,ReqMOM,CAM,CAM,1,True,False,False,True,False,True,True,False,False
CAM,ReqOCM,OCM,OCM,1,True,False,False,True,False,True,True,False,False
CAM,EndTask,CAM,CAM,1,True,False,False,True,False,True,True,False,False
CAM,ReqHCM,CAM,CAM,1,True,False,False,True,False,True,True,False,False
CAM,tick,CAM,CAM,1,True,False,False,True,False,True,True,False,False
OCM,ReqVel,OCM,OCM,1,True,False,False,True,False,True,True,False,True
OCM,ReqHdng,OCM,OCM,1,True,False,False,True,False,True,True,False,True
OCM,ReqMOM,OCM,OCM,1,True,False,False,True,False,True,True,False,True
OCM,ReqOCM,OCM,OCM,1,True,False,False,True,False,True,True,False,True
OCM,EndTask,OCM,OCM,1,True,False,False,True,False,True,True,False,True
OCM,ReqHCM,OCM,OCM,1,True,False,False,True,False,True,True,False,True
OCM,tick,OCM,OCM,1,True,False,False,True,False,True,True,False,True
MOM,ReqVel,OCM,OCM,1,True,False,False,True,False,True,True,False,True
MOM,ReqHdng,OCM,OCM,1,True,False,False,True,False,True,True,False,True
MOM,ReqMOM,OCM,OCM,1,True,False,False,True,False,True,True,False,True
MOM,ReqOCM,OCM,OCM,1,True,False,False,True,False,True,True,False,True
MOM,EndTask,OCM,OCM,1,True,False,False,True,False,True,True,False,True
MOM,ReqHCM,OCM,HCM|OCM,2,False,False,False,True,False,True,True,False,True
MOM,tick,OCM,OCM,1,True,False,False,True,False,True,True,False,True
HCM,ReqVel,OCM,OCM,1,True,False,False,True,False,True,True,False,True
HCM,ReqHdng,OCM,OCM,1,True,False,False,True,False,True,True,False,True
HCM,ReqMOM,OCM,OCM,1,True,False,False,True,False,True,True,False,True
HCM,ReqOCM,OCM,OCM,1,True,False,False,True,False,True,True,False,True
HCM,EndTask,OCM,OCM,1,True,False,False,True,False,True,True,False,True
HCM,ReqHCM,OCM,OCM,1,True,False,False,True,False,True,True,False,True
HCM,tick,OCM,OCM,1,True,False,False,True,False,True,True,False,True
CAM,ReqVel,OCM,OCM,1,True,False,False,True,False,True,True,False,True
CAM,ReqHdng,OCM,OCM,1,True,False,False,True,False,True,True,False,True
CAM,ReqMOM,OCM,OCM,1,True,False,False,True,False,True,True,False,True
CAM,ReqOCM,OCM,OCM,1,True,False,False,True,False,True,True,False,True
CAM,EndTask,OCM,OCM,1,True,False,False,True,False,True,True,False,True
CAM,ReqHCM,OCM,OCM,1,True,False,False,True,False,True,True,False,True
CAM,tick,OCM,OCM,1,True,False,False,True,False,True,True,False,True
OCM,ReqVel,OCM,OCM,1,True,False,False,True,False,True,True,True,False
OCM,ReqHdng,OCM,OCM,1,True,False,False,True,False,True,True,True,False
OCM,ReqMOM,OCM,OCM,1,True,False,False,True,False,True,True,True,False
OCM,ReqOCM,OCM,OCM,1,True,False,False,True,False,True,True,True,False
OCM,EndTask,OCM,OCM,1,True,False,False,True,False,True,True,True,False
OCM,ReqHCM,OCM,OCM,1,True,False,False,True,False,True,True,True,False
OCM,tick,OCM,OCM,1,True,False,False,True,False,True,True,True,False
MOM,ReqVel,OCM,OCM,1,True,False,False,True,False,True,True,True,False
MOM,ReqHdng,OCM,OCM,1,True,False,False,True,False,True,True,True,False
MOM,ReqMOM,OCM,OCM,1,True,False,False,True,False,True,True,True,False
MOM,ReqOCM,OCM,OCM,1,True,False,False,True,False,True,True,True,False
MOM,EndTask,OCM,OCM,1,True,False,False,True,False,True,True,True,False
MOM,ReqHCM,OCM,HCM|OCM,2,False,False,False,True,False,True,True,True,False
MOM,tick,OCM,OCM,1,True,False,False,True,False,True,True,True,False
HCM,ReqVel,OCM,OCM,1,True,False,False,True,False,True,True,True,False
HCM,ReqHdng,OCM,OCM,1,True,False,False,True,False,True,True,True,False
HCM,ReqMOM,OCM,OCM,1,True,False,False,True,False,True,True,True,False
HCM,ReqOCM,OCM,OCM,1,True,False,False,True,False,True,True,True,False
HCM,EndTask,OCM,OCM,1,True,False,False,True,False,True,True,True,False
HCM,ReqHCM,OCM,OCM,1,True,False,False,True,False,True,True,True,False
HCM,tick,OCM,OCM,1,True,False,False,True,False,True,True,True,False
CAM,ReqVel,CAM,CAM,1,True,False,False,True,False,True,True,True,False
CAM,ReqHdng,CAM,CAM,1,True,False,False,True,False,True,True,True,False
CAM,ReqMOM,CAM,CAM,1,True,False,False,True,False,True,True,True,False
CAM,ReqOCM,OCM,OCM,1,True,False,False,True,False,True,True,True,False
CAM,EndTask,CAM,CAM,1,True,False,False,True,False,True,True,True,False
CAM,ReqHCM,CAM,CAM,1,True,False,False,True,False,True,True,True,False
CAM,tick,CAM,CAM,1,True,False,False,True,False,True,True,True,False
OCM,ReqVel,OCM,OCM,1,True,False,False,True,False,True,True,True,True
OCM,ReqHdng,OCM,OCM,1,True,False,False,True,False,True,True,True,True
OCM,ReqMOM,OCM,OCM,1,True,False,False,True,False,True,True,True,True
OCM,ReqOCM,OCM,OCM,1,True,False,False,True,False,True,True,True,True
OCM,EndTask,OCM,OCM,1,True,False,False,True,False,True,True,True,True
OCM,ReqHCM,OCM,OCM,1,True,False,False,True,False,True,True,True,True
OCM,tick,OCM,OCM,1,True,False,False,True,False,True,True,True,True
MOM,ReqVel,OCM,OCM,1,True,False,False,True,False,True,True,True,True
MOM,ReqHdng,OCM,OCM,1,True,False,False,True,False,True,True,True,True
MOM,ReqMOM,OCM,OCM,1,True,False,False,True,False,True,True,True,True
MOM,ReqOCM,OCM,OCM,1,True,False,False,True,False,True,True,True,True
MOM,EndTask,OCM,OCM,1,True,False,False,True,False,True,True,True,True
MOM,ReqHCM,OCM,HCM|OCM,2,False,False,False,True,False,True,True,True,True
MOM,tick,OCM,OCM,1,True,False,False,True,False,True,True,True,True
HCM,ReqVel,OCM,OCM,1,True,False,False,True,False,True,True,True,True
HCM,ReqHdng,OCM,OCM,1,True,False,False,True,False,True,True,True,True
HCM,ReqMOM,OCM,OCM,1,True,False,False,True,False,True,True,True,True
HCM,ReqOCM,OCM,OCM,1,True,False,False,True,False,True,True,True,True
HCM,EndTask,OCM,OCM,1,True,False,False,True,False,True,True,True,True
HCM,ReqHCM,OCM,OCM,1,True,False,False,True,False,True,True,True,True
HCM,tick,OCM,OCM,1,True,False,False,True,False,True,True,True,True
CAM,ReqVel,OCM,OCM,1,True,False,False,True,False,True,True,True,True
CAM,ReqHdng,OCM,OCM,1,True,False,False,True,False,True,True,True,True
CAM,ReqMOM,OCM,OCM,1,True,False,False,True,False,True,True,True,True
CAM,ReqOCM,OCM,OCM,1,True,False,False,True,False,True,True,True,True
CAM,EndTask,OCM,OCM,1,True,False,False,True,False,True,True,True,True
CAM,ReqHCM,OCM,OCM,1,True,False,False,True,False,True,True,True,True
CAM,tick,OCM,OCM,1,True,False,False,True,False,True,True,True,True
OCM,ReqVel,OCM,OCM,1,True,False,False,True,True,False,False,False,False
OCM,ReqHdng,OCM,OCM,1,True,False,False,True,True,False,False,False,False
OCM,ReqMOM,OCM,OCM,1,True,False,False,True,True,False,False,False,False
OCM,ReqOCM,OCM,OCM,1,True,False,False,True,True,False,False,False,False
OCM,EndTask,OCM,OCM,1,True,False,False,True,True,False,False,False,False
OCM,ReqHCM,OCM,OCM,1,True,False,False,True,True,False,False,False,False
OCM,tick,OCM,OCM,1,True,False,False,True,True,False,False,False,False
MOM,ReqVel,OCM,OCM,1,True,False,False,True,True,False,False,False,False
MOM,ReqHdng,OCM,OCM,1,True,False,False,True,True,False,False,False,False
MOM,ReqMOM,OCM,OCM,1,True,False,False,True,True,False,False,False,False
MOM,ReqOCM,OCM,OCM,1,True,False,False,True,True,False,False,False,False
MOM,EndTask,OCM,OCM,1,True,False,False,True,True,False,False,False,False
MOM,ReqHCM,OCM,HCM|OCM,2,False,False,False,True,True,False,False,False,False
MOM,tick,OCM,OCM,1,True,False,False,True,True,False,False,False,False
HCM,ReqVel,OCM,OCM,1,True,False,False,True,True,False,False,False,False
HCM,ReqHdng,OCM,OCM,1,True,False,False,True,True,False,False,False,False
HCM,ReqMOM,OCM,OCM,1,True,False,False,True,True,False,False,False,False
HCM,ReqOCM,OCM,OCM,1,True,False,False,True,True,False,False,False,False
HCM,EndTask,OCM,OCM,1,True,False,False,True,True,False,False,False,False
HCM,ReqHCM,OCM,OCM,1,True,False,False,True,True,False,False,False,False
HCM,tick,OCM,OCM,1,True,False,False,True,True,False,False,False,False
CAM,ReqVel,CAM,CAM,1,True,False,False,True,True,False,False,False,False
CAM,ReqHdng,CAM,CAM,1,True,False,False,True,True,False,False,False,False
CAM,ReqMOM,CAM,CAM,1,True,False,False,True,True,False,False,False,False
CAM,ReqOCM,OCM,OCM,1,True,False,False,True,True,False,False,False,False
CAM,EndTask,CAM,CAM,1,True,False,False,True,True,False,False,False,False
CAM,ReqHCM,CAM,CAM,1,True,False,False,True,True,False,False,False,False
CAM,tick,CAM,CAM,1,True,False,False,True,True,False,False,False,False
OCM,ReqVel,OCM,OCM,1,True,False,False,True,True,False,False,False,True
OCM,ReqHdng,OCM,OCM,1,True,False,False,True,True,False,False,False,True
OCM,ReqMOM,OCM,OCM,1,True,False,False,True,True,False,False,False,True
OCM,ReqOCM,OCM,OCM,1,True,False,False,True,True,False,False,False,True
OCM,EndTask,OCM,OCM,1,True,False,False,True,True,False,False,False,True
OCM,ReqHCM,OCM,OCM,1,True,False,False,True,True,False,False,False,True
OCM,tick,OCM,OCM,1,True,False,False,True,True,False,False,False,True
MOM,ReqVel,OCM,OCM,1,True,False,False,True,True,False,False,False,True
MOM,ReqHdng,OCM,OCM,1,True,False,False,True,True,False,False,False,True
MOM,ReqMOM,OCM,OCM,1,True,False,False,True,True,False,False,False,True
MOM,ReqOCM,OCM,OCM,1,True,False,False,True,True,False,False,False,True
MOM,EndTask,OCM,OCM,1,True,False,False,True,True,False,False,False,True
MOM,ReqHCM,OCM,HCM|OCM,2,False,False,False,True,True,False,False,False,True
MOM,tick,OCM,OCM,1,True,False,False,True,True,False,False,False,True
HCM,ReqVel,OCM,OCM,1,True,False,False,True,True,False,False,False,True
HCM,ReqHdng,OCM,OCM,1,True,False,False,True,True,False,False,False,True
HCM,ReqMOM,OCM,OCM,1,True,False,False,True,True,False,False,False,True
HCM,ReqOCM,OCM,OCM,1,True,False,False,True,True,False,False,False,True
HCM,EndTask,OCM,OCM,1,True,False,False,True,True,False,False,False,True
HCM,ReqHCM,OCM,OCM,1,True,False,False,True,True,False,False,False,True
HCM,tick,OCM,OCM,1,True,False,False,True,True,False,False,False,True
CAM,ReqVel,OCM,OCM,1,True,False,False,True,True,False,False,False,True
CAM,ReqHdng,OCM,OCM,1,True,False,False,True,True,False,False,False,True
CAM,ReqMOM,OCM,OCM,1,True,False,False,True,True,False,False,False,True
CAM,ReqOCM,OCM,OCM,1,True,False,False,True,True,False,False,False,True
CAM,EndTask,OCM,OCM,1,True,False,False,True,True,False,False,False,True
CAM,ReqHCM,OCM,OCM,1,True,False,False,True,True,False,False,False,True
CAM,tick,OCM,OCM,1,True,False,False,True,True,False,False,False,True
OCM,ReqVel,OCM,OCM,1,True,False,False,True,True,False,False,True,False
OCM,ReqHdng,OCM,OCM,1,True,False,False,True,True,False,False,True,False
OCM,ReqMOM,OCM,OCM,1,True,False,False,True,True,False,False,True,False
OCM,ReqOCM,OCM,OCM,1,True,False,False,True,True,False,False,True,False
OCM,EndTask,OCM,OCM,1,True,False,False,True,True,False,False,True,False
OCM,ReqHCM,OCM,OCM,1,True,False,False,True,True,False,False,True,False
OCM,tick,OCM,OCM,1,True,False,False,True,True,False,False,True,False
MOM,ReqVel,OCM,OCM,1,True,False,False,True,True,False,False,True,False
MOM,ReqHdng,OCM,OCM,1,True,False,False,True,True,False,False,True,False
MOM,ReqMOM,OCM,OCM,1,True,False,False,True,True,False,False,True,False
MOM,ReqOCM,OCM,OCM,1,True,False,False,True,True,False,False,True,False
MOM,EndTask,OCM,OCM,1,True,False,False,True,True,False,False,True,False
MOM,ReqHCM,OCM,HCM|OCM,2,False,False,False,True,True,False,False,True,False
MOM,tick,OCM,OCM,1,True,False,False,True,True,False,False,True,False
HCM,ReqVel,OCM,OCM,1,True,False,False,True,True,False,False,True,False
HCM,ReqHdng,OCM,OCM,1,True,False,False,True,True,False,False,True,False
HCM,ReqMOM,OCM,OCM,1,True,False,False,True,True,False,False,True,False
HCM,ReqOCM,OCM,OCM,1,True,False,False,True,True,False,False,True,False
HCM,EndTask,OCM,OCM,1,True,False,False,True,True,False,False,True,False
HCM,ReqHCM,OCM,OCM,1,True,False,False,True,True,False,False,True,False
HCM,tick,OCM,OCM,1,True,False,False,True,True,False,False,True,False
CAM,ReqVel,CAM,CAM,1,True,False,False,True,True,False,False,True,False
CAM,ReqHdng,CAM,CAM,1,True,False,False,True,True,False,False,True,False
CAM,ReqMOM,CAM,CAM,1,True,False,False,True,True,False,False,True,False
CAM,ReqOCM,OCM,OCM,1,True,False,False,True,True,False,False,True,False
CAM,EndTask,CAM,CAM,1,True,False,False,True,True,False,False,True,False
CAM,ReqHCM,CAM,CAM,1,True,False,False,True,True,False,False,True,False
CAM,tick,CAM,CAM,1,True,False,False,True,True,False,False,True,False
OCM,ReqVel,OCM,OCM,1,True,False,False,True,True,False,False,True,True
OCM,ReqHdng,OCM,OCM,1,True,False,False,True,True,False,False,True,True
OCM,ReqMOM,OCM,OCM,1,True,False,False,True,True,False,False,True,True
OCM,ReqOCM,OCM,OCM,1,True,False,False,True,True,False,False,True,True
OCM,EndTask,OCM,OCM,1,True,False,False,True,True,False,False,True,True
OCM,ReqHCM,OCM,OCM,1,True,False,False,True,True,False,False,True,True
OCM,tick,OCM,OCM,1,True,False,False,True,True,False,False,True,True
MOM,ReqVel,OCM,OCM,1,True,False,False,True,True,False,False,True,True
MOM,ReqHdng,OCM,OCM,1,True,False,False,True,True,False,False,True,True
MOM,ReqMOM,OCM,OCM,1,True,False,False,True,True,False,False,True,True
MOM,ReqOCM,OCM,OCM,1,True,False,False,True,True,False,False,True,True
MOM,EndTask,OCM,OCM,1,True,False,False,True,True,False,False,True,True
MOM,ReqHCM,OCM,HCM|OCM,2,False,False,False,True,True,False,False,True,True
MOM,tick,OCM,OCM,1,True,False,False,True,True,False,False,True,True
HCM,ReqVel,OCM,OCM,1,True,False,False,True,True,False,False,True,True
HCM,ReqHdng,OCM,OCM,1,True,False,False,True,True,False,False,True,True
HCM,ReqMOM,OCM,OCM,1,True,False,False,True,True,False,False,True,True
HCM,ReqOCM,OCM,OCM,1,True,False,False,True,True,False,False,True,True
HCM,EndTask,OCM,OCM,1,True,False,False,True,True,False,False,True,True
HCM,ReqHCM,OCM,OCM,1,True,False,False,True,True,False,False,True,True
HCM,tick,OCM,OCM,1,True,False,False,True,True,False,False,True,True
CAM,ReqVel,OCM,OCM,1,True,False,False,True,True,False,False,True,True
CAM,ReqHdng,OCM,OCM,1,True,False,False,True,True,False,False,True,True
CAM,ReqMOM,OCM,OCM,1,True,False,False,True,True,False,False,True,True
CAM,ReqOCM,OCM,OCM,1,True,False,False,True,True,False,False,True,True
CAM,EndTask,OCM,OCM,1,True,False,False,True,True,False,False,True,True
CAM,ReqHCM,OCM,OCM,1,True,False,False,True,True,False,False,True,True
CAM,tick,OCM,OCM,1,True,False,False,True,True,False,False,True,True
OCM,ReqVel,OCM,OCM,1,True,False,False,True,True,False,True,False,False
OCM,ReqHdng,OCM,OCM,1,True,False,False,True,True,False,True,False,False
OCM,ReqMOM,OCM,OCM,1,True,False,False,True,True,False,True,False,False
OCM,ReqOCM,OCM,OCM,1,True,False,False,True,True,False,True,False,False
OCM,EndTask,OCM,OCM,1,True,False,False,True,True,False,True,False,False
OCM,ReqHCM,OCM,OCM,1,True,False,False,True,True,False,True,False,False
OCM,tick,OCM,OCM,1,True,False,False,True,True,False,True,False,False
MOM,ReqVel,OCM,OCM,1,True,False,False,True,True,False,True,False,False
MOM,ReqHdng,OCM,OCM,1,True,False,False,True,True,False,True,False,False
MOM,ReqMOM,OCM,OCM,1,True,False,False,True,True,False,True,False,False
MOM,ReqOCM,OCM,OCM,1,True,False,False,True,True,False,True,False,False
MOM,EndTask,OCM,OCM,1,True,False,False,True,True,False,True,False,False
MOM,ReqHCM,OCM,HCM|OCM,2,False,False,False,True,True,False,True,False,False
MOM,tick,OCM,OCM,1,True,False,False,True,True,False,True,False,False
HCM,ReqVel,OCM,OCM,1,True,False,False,True,True,False,True,False,False
HCM,ReqHdng,OCM,OCM,1,True,False,False,True,True,False,True,False,False
HCM,ReqMOM,OCM,OCM,1,True,False,False,True,True,False,True,False,False
HCM,ReqOCM,OCM,OCM,1,True,False,False,True,True,False,True,False,False
HCM,EndTask,OCM,OCM,1,True,False,False,True,True,False,True,False,False
HCM,ReqHCM,OCM,OCM,1,True,False,False,True,True,False,True,False,False
HCM,tick,OCM,OCM,1,True,False,False,True,True,False,True,False,False
CAM,ReqVel,CAM,CAM,1,True,False,False,True,True,False,True,False,False
CAM,ReqHdng,CAM,CAM,1,True,False,False,True,True,False,True,False,False
CAM,ReqMOM,CAM,CAM,1,True,False,False,True,True,False,True,False,False
CAM,ReqOCM,OCM,OCM,1,True,False,False,True,True,False,True,False,False
CAM,EndTask,CAM,CAM,1,True,False,False,True,True,False,True,False,False
CAM,ReqHCM,CAM,CAM,1,True,False,False,True,True,False,True,False,False
CAM,tick,CAM,CAM,1,True,False,False,True,True,False,True,False,False
OCM,ReqVel,OCM,OCM,1,True,False,False,True,True,False,True,False,True
OCM,ReqHdng,OCM,OCM,1,True,False,False,True,True,False,True,False,True
OCM,ReqMOM,OCM,OCM,1,True,False,False,True,True,False,True,False,True
OCM,ReqOCM,OCM,OCM,1,True,False,False,True,True,False,True,False,True
OCM,EndTask,OCM,OCM,1,True,False,False,True,True,False,True,False,True
OCM,ReqHCM,OCM,OCM,1,True,False,False,True,True,False,True,False,True
OCM,tick,OCM,OCM,1,True,False,False,True,True,False,True,False,True
MOM,ReqVel,OCM,OCM,1,True,False,False,True,True,False,True,False,True
MOM,ReqHdng,OCM,OCM,1,True,False,False,True,True,False,True,False,True
MOM,ReqMOM,OCM,OCM,1,True,False,False,True,True,False,True,False,True
MOM,ReqOCM,OCM,OCM,1,True,False,False,True,True,False,True,False,True
MOM,EndTask,OCM,OCM,1,True,False,False,True,True,False,True,False,True
MOM,ReqHCM,OCM,HCM|OCM,2,False,False,False,True,True,False,True,False,True
MOM,tick,OCM,OCM,1,True,False,False,True,True,False,True,False,True
HCM,ReqVel,OCM,OCM,1,True,False,False,True,True,False,True,False,True
HCM,ReqHdng,OCM,OCM,1,True,False,False,True,True,False,True,False,True
HCM,ReqMOM,OCM,OCM,1,True,False,False,True,True,False,True,False,True
HCM,ReqOCM,OCM,OCM,1,True,False,False,True,True,False,True,False,True
HCM,EndTask,OCM,OCM,1,True,False,False,True,True,False,True,False,True
HCM,ReqHCM,OCM,OCM,1,True,False,False,True,True,False,True,False,True
HCM,tick,OCM,OCM,1,True,False,False,True,True,False,True,False,True
CAM,ReqVel,OCM,OCM,1,True,False,False,True,True,False,True,False,True
CAM,ReqHdng,OCM,OCM,1,True,False,False,True,True,False,True,False,True
CAM,ReqMOM,OCM,OCM,1,True,False,False,True,True,False,True,False,True
CAM,ReqOCM,OCM,OCM,1,True,False,False,True,True,False,True,False,True
CAM,EndTask,OCM,OCM,1,True,False,False,True,True,False,True,False,True
CAM,ReqHCM,OCM,OCM,1,True,False,False,True,True,False,True,False,True
CAM,tick,OCM,OCM,1,True,False,False,True,True,False,True,False,True
OCM,ReqVel,OCM,OCM,1,True,False,False,True,True,False,True,True,False
OCM,ReqHdng,OCM,OCM,1,True,False,False,True,True,False,True,True,False
OCM,ReqMOM,OCM,OCM,1,True,False,False,True,True,False,True,True,False
OCM,ReqOCM,OCM,OCM,1,True,False,False,True,True,False,True,True,False
OCM,EndTask,OCM,OCM,1,True,False,False,True,True,False,True,True,False
OCM,ReqHCM,OCM,OCM,1,True,False,False,True,True,False,True,True,False
OCM,tick,OCM,OCM,1,True,False,False,True,True,False,True,True,False
MOM,ReqVel,OCM,OCM,1,True,False,False,True,True,False,True,True,False
MOM,ReqHdng,OCM,OCM,1,True,False,False,True,True,False,True,True,False
MOM,ReqMOM,OCM,OCM,1,True,False,False,True,True,False,True,True,False
MOM,ReqOCM,OCM,OCM,1,True,False,False,True,True,False,True,True,False
MOM,EndTask,OCM,OCM,1,True,False,False,True,True,False,True,True,False
MOM,ReqHCM,OCM,HCM|OCM,2,False,False,False,True,True,False,True,True,False
MOM,tick,OCM,OCM,1,True,False,False,True,True,False,True,True,False
HCM,ReqVel,OCM,OCM,1,True,False,False,True,True,False,True,True,False
HCM,ReqHdng,OCM,OCM,1,True,False,False,True,True,False,True,True,False
HCM,ReqMOM,OCM,OCM,1,True,False,False,True,True,False,True,True,False
HCM,ReqOCM,OCM,OCM,1,True,False,False,True,True,False,True,True,False
HCM,EndTask,OCM,OCM,1,True,False,False,True,True,False,True,True,False
HCM,ReqHCM,OCM,OCM,1,True,False,False,True,True,False,True,True,False
HCM,tick,OCM,OCM,1,True,False,False,True,True,False,True,True,False
CAM,ReqVel,CAM,CAM,1,True,False,False,True,True,False,True,True,False
CAM,ReqHdng,CAM,CAM,1,True,False,False,True,True,False,True,True,False
CAM,ReqMOM,CAM,CAM,1,True,False,False,True,True,False,True,True,False
CAM,ReqOCM,OCM,OCM,1,True,False,False,True,True,False,True,True,False
CAM,EndTask,CAM,CAM,1,True,False,False,True,True,False,True,True,False
CAM,ReqHCM,CAM,CAM,1,True,False,False,True,True,False,True,True,False
CAM,tick,CAM,CAM,1,True,False,False,True,True,False,True,True,False
OCM,ReqVel,OCM,OCM,1,True,False,False,True,True,False,True,True,True
OCM,ReqHdng,OCM,OCM,1,True,False,False,True,True,False,True,True,True
OCM,ReqMOM,OCM,OCM,1,True,False,False,True,True,False,True,True,True
OCM,ReqOCM,OCM,OCM,1,True,False,False,True,True,False,True,True,True
OCM,EndTask,OCM,OCM,1,True,False,False,True,True,False,True,True,True
OCM,ReqHCM,OCM,OCM,1,True,False,False,True,True,False,True,True,True
OCM,tick,OCM,OCM,1,True,False,False,True,True,False,True,True,True
MOM,ReqVel,OCM,OCM,1,True,False,False,True,True,False,True,True,True
MOM,ReqHdng,OCM,OCM,1,True,False,False,True,True,False,True,True,True
MOM,ReqMOM,OCM,OCM,1,True,False,False,True,True,False,True,True,True
MOM,ReqOCM,OCM,OCM,1,True,False,False,True,True,False,True,True,True
MOM,EndTask,OCM,OCM,1,True,False,False,True,True,False,True,True,True
MOM,ReqHCM,OCM,HCM|OCM,2,False,False,False,True,True,False,True,True,True
MOM,tick,OCM,OCM,1,True,False,False,True,True,False,True,True,True
HCM,ReqVel,OCM,OCM,1,True,False,False,True,True,False,True,True,True
HCM,ReqHdng,OCM,OCM,1,True,False,False,True,True,False,True,True,True
HCM,ReqMOM,OCM,OCM,1,True,False,False,True,True,False,True,True,True
HCM,ReqOCM,OCM,OCM,1,True,False,False,True,True,False,True,True,True
HCM,EndTask,OCM,OCM,1,True,False,False,True,True,False,True,True,True
HCM,ReqHCM,OCM,OCM,1,True,False,False,True,True,False,True,True,True
HCM,tick,OCM,OCM,1,True,False,False,True,True,False,True,True,True
CAM,ReqVel,OCM,OCM,1,True,False,False,True,True,False,True,True,True
CAM,ReqHdng,OCM,OCM,1,True,False,False,True,True,False,True,True,True
CAM,ReqMOM,OCM,OCM,1,True,False,False,True,True,False,True,True,True
CAM,ReqOCM,OCM,OCM,1,True,False,False,True,True,False,True,True,True
CAM,EndTask,OCM,OCM,1,True,False,False,True,True,False,True,True,True
CAM,ReqHCM,OCM,OCM,1,True,False,False,True,True,False,True,True,True
CAM,tick,OCM,OCM,1,True,False,False,True,True,False,True,True,True
OCM,ReqVel,OCM,OCM,1,True,False,False,True,True,True,False,False,False
OCM,ReqHdng,OCM,OCM,1,True,False,False,True,True,True,False,False,False
OCM,ReqMOM,OCM,OCM,1,True,False,False,True,True,True,False,False,False
OCM,ReqOCM,OCM,OCM,1,True,False,False,True,True,True,False,False,False
OCM,EndTask,OCM,OCM,1,True,False,False,True,True,True,False,False,False
OCM,ReqHCM,OCM,OCM,1,True,False,False,True,True,True,False,False,False
OCM,tick,OCM,OCM,1,True,False,False,True,True,True,False,False,False
MOM,ReqVel,OCM,OCM,1,True,False,False,True,True,True,False,False,False
MOM,ReqHdng,OCM,OCM,1,True,False,False,True,True,True,False,False,False
MOM,ReqMOM,OCM,OCM,1,True,False,False,True,True,True,False,False,False
MOM,ReqOCM,OCM,OCM,1,True,False,False,True,True,True,False,False,False
MOM,EndTask,OCM,OCM,1,True,False,False,True,True,True,False,False,False
MOM,ReqHCM,OCM,HCM|OCM,2,False,False,False,True,True,True,False,False,False
MOM,tick,OCM,OCM,1,True,False,False,True,True,True,False,False,False
HCM,ReqVel,OCM,OCM,1,True,False,False,True,True,True,False,False,False
HCM,ReqHdng,OCM,OCM,1,True,False,False,True,True,True,False,False,False
HCM,ReqMOM,OCM,OCM,1,True,False,False,True,True,True,False,False,False
HCM,ReqOCM,OCM,OCM,1,True,False,False,True,True,True,False,False,False
HCM,EndTask,OCM,OCM,1,True,False,False,True,True,True,False,False,False
HCM,ReqHCM,OCM,OCM,1,True,False,False,True,True,True,False,False,False
HCM,tick,OCM,OCM,1,True,False,False,True,True,True,False,False,False
CAM,ReqVel,CAM,CAM,1,True,False,False,True,True,True,False,False,False
CAM,ReqHdng,CAM,CAM,1,True,False,False,True,True,True,False,False,False
CAM,ReqMOM,CAM,CAM,1,True,False,False,True,True,True,False,False,False
CAM,ReqOCM,OCM,OCM,1,True,False,False,True,True,True,False,False,False
CAM,EndTask,CAM,CAM,1,True,False,False,True,True,True,False,False,False
CAM,ReqHCM,CAM,CAM,1,True,False,False,True,True,True,False,False,False
CAM,tick,CAM,CAM,1,True,False,False,True,True,True,False,False,False
OCM,ReqVel,OCM,OCM,1,True,False,False,True,True,True,False,False,True
OCM,ReqHdng,OCM,OCM,1,True,False,False,True,True,True,False,False,True
OCM,ReqMOM,OCM,OCM,1,True,False,False,True,True,True,False,False,True
OCM,ReqOCM,OCM,OCM,1,True,False,False,True,True,True,False,False,True
OCM,EndTask,OCM,OCM,1,True,False,False,True,True,True,False,False,True
OCM,ReqHCM,OCM,OCM,1,True,False,False,True,True,True,False,False,True
OCM,tick,OCM,OCM,1,True,False,False,True,True,True,False,False,True
MOM,ReqVel,OCM,OCM,1,True,False,False,True,True,True,False,False,True
MOM,ReqHdng,OCM,OCM,1,True,False,False,True,True,True,False,False,True
MOM,ReqMOM,OCM,OCM,1,True,False,False,True,True,True,False,False,True
MOM,ReqOCM,OCM,OCM,1,True,False,False,True,True,True,False,False,True
MOM,EndTask,OCM,OCM,1,True,False,False,True,True,True,False,False,True
MOM,ReqHCM,OCM,HCM|OCM,2,False,False,False,True,True,True,False,False,True
MOM,tick,OCM,OCM,1,True,False,False,True,True,True,False,False,True
HCM,ReqVel,OCM,OCM,1,True,False,False,True,True,True,False,False,True
HCM,ReqHdng,OCM,OCM,1,True,False,False,True,True,True,False,False,True
HCM,ReqMOM,OCM,OCM,1,True,False,False,True,True,True,False,False,True
HCM,ReqOCM,OCM,OCM,1,True,False,False,True,True,True,False,False,True
HCM,EndTask,OCM,OCM,1,True,False,False,True,True,True,False,False,True
HCM,ReqHCM,OCM,OCM,1,True,False,False,True,True,True,False,False,True
HCM,tick,OCM,OCM,1,True,False,False,True,True,True,False,False,True
CAM,ReqVel,OCM,OCM,1,True,False,False,True,True,True,False,False,True
CAM,ReqHdng,OCM,OCM,1,True,False,False,True,True,True,False,False,True
CAM,ReqMOM,OCM,OCM,1,True,False,False,True,True,True,False,False,True
CAM,ReqOCM,OCM,OCM,1,True,False,False,True,True,True,False,False,True
CAM,EndTask,OCM,OCM,1,True,False,False,True,True,True,False,False,True
CAM,ReqHCM,OCM,OCM,1,True,False,False,True,True,True,False,False,True
CAM,tick,OCM,OCM,1,True,False,False,True,True,True,False,False,True
OCM,ReqVel,OCM,OCM,1,True,False,False,True,True,True,False,True,False
OCM,ReqHdng,OCM,OCM,1,True,False,False,True,True,True,False,True,False
OCM,ReqMOM,OCM,OCM,1,True,False,False,True,True,True,False,True,False
OCM,ReqOCM,OCM,OCM,1,True,False,False,True,True,True,False,True,False
OCM,EndTask,OCM,OCM,1,True,False,False,True,True,True,False,True,False
OCM,ReqHCM,OCM,OCM,1,True,False,False,True,True,True,False,True,False
OCM,tick,OCM,OCM,1,True,False,False,True,True,True,False,True,False
MOM,ReqVel,OCM,OCM,1,True,False,False,True,True,True,False,True,False
MOM,ReqHdng,OCM,OCM,1,True,False,False,True,True,True,False,True,False
MOM,ReqMOM,OCM,OCM,1,True,False,False,True,True,True,False,True,False
MOM,ReqOCM,OCM,OCM,1,True,False,False,True,True,True,False,True,False
MOM,EndTask,OCM,OCM,1,True,False,False,True,True,True,False,True,False
MOM,ReqHCM,OCM,HCM|OCM,2,False,False,False,True,True,True,False,True,False
MOM,tick,OCM,OCM,1,True,False,False,True,True,True,False,True,False
HCM,ReqVel,OCM,OCM,1,True,False,False,True,True,True,False,True,False
HCM,ReqHdng,OCM,OCM,1,True,False,False,True,True,True,False,True,False
HCM,ReqMOM,OCM,OCM,1,True,False,False,True,True,True,False,True,False
HCM,ReqOCM,OCM,OCM,1,True,False,False,True,True,True,False,True,False
HCM,EndTask,OCM,OCM,1,True,False,False,True,True,True,False,True,False
HCM,ReqHCM,OCM,OCM,1,True,False,False,True,True,True,False,True,False
HCM,tick,OCM,OCM,1,True,False,False,True,True,True,False,True,False
CAM,ReqVel,CAM,CAM,1,True,False,False,True,True,True,False,True,False
CAM,ReqHdng,CAM,CAM,1,True,False,False,True,True,True,False,True,False
CAM,ReqMOM,CAM,CAM,1,True,False,False,True,True,True,False,True,False
CAM,ReqOCM,OCM,OCM,1,True,False,False,True,True,True,False,True,False
CAM,EndTask,CAM,CAM,1,True,False,False,True,True,True,False,True,False
CAM,ReqHCM,CAM,CAM,1,True,False,False,True,True,True,False,True,False
CAM,tick,CAM,CAM,1,True,False,False,True,True,True,False,True,False
OCM,ReqVel,OCM,OCM,1,True,False,False,True,True,True,False,True,True
OCM,ReqHdng,OCM,OCM,1,True,False,False,True,True,True,False,True,True
OCM,ReqMOM,OCM,OCM,1,True,False,False,True,True,True,False,True,True
OCM,ReqOCM,OCM,OCM,1,True,False,False,True,True,True,False,True,True
OCM,EndTask,OCM,OCM,1,True,False,False,True,True,True,False,True,True
OCM,ReqHCM,OCM,OCM,1,True,False,False,True,True,True,False,True,True
OCM,tick,OCM,OCM,1,True,False,False,True,True,True,False,True,True
MOM,ReqVel,OCM,OCM,1,True,False,False,True,True,True,False,True,True
MOM,ReqHdng,OCM,OCM,1,True,False,False,True,True,True,False,True,True
MOM,ReqMOM,OCM,OCM,1,True,False,False,True,True,True,False,True,True
MOM,ReqOCM,OCM,OCM,1,True,False,False,True,True,True,False,True,True
MOM,EndTask,OCM,OCM,1,True,False,False,True,True,True,False,True,True
MOM,ReqHCM,OCM,HCM|OCM,2,False,False,False,True,True,True,False,True,True
MOM,tick,OCM,OCM,1,True,False,False,True,True,True,False,True,True
HCM,ReqVel,OCM,OCM,1,True,False,False,True,True,True,False,True,True
HCM,ReqHdng,OCM,OCM,1,True,False,False,True,True,True,False,True,True
HCM,ReqMOM,OCM,OCM,1,True,False,False,True,True,True,False,True,True
HCM,ReqOCM,OCM,OCM,1,True,False,False,True,True,True,False,True,True
HCM,EndTask,OCM,OCM,1,True,False,False,True,True,True,False,True,True
HCM,ReqHCM,OCM,OCM,1,True,False,False,True,True,True,False,True,True
HCM,tick,OCM,OCM,1,True,False,False,True,True,True,False,True,True
CAM,ReqVel,OCM,OCM,1,True,False,False,True,True,True,False,True,True
CAM,ReqHdng,OCM,OCM,1,True,False,False,True,True,True,False,True,True
CAM,ReqMOM,OCM,OCM,1,True,False,False,True,True,True,False,True,True
CAM,ReqOCM,OCM,OCM,1,True,False,False,True,True,True,False,True,True
CAM,EndTask,OCM,OCM,1,True,False,False,True,True,True,False,True,True
CAM,ReqHCM,OCM,OCM,1,True,False,False,True,True,True,False,True,True
CAM,tick,OCM,OCM,1,True,False,False,True,True,True,False,True,True
OCM,ReqVel,OCM,OCM,1,True,False,False,True,True,True,True,False,False
OCM,ReqHdng,OCM,OCM,1,True,False,False,True,True,True,True,False,False
OCM,ReqMOM,OCM,OCM,1,True,False,False,True,True,True,True,False,False
OCM,ReqOCM,OCM,OCM,1,True,False,False,True,True,True,True,False,False
OCM,EndTask,OCM,OCM,1,True,False,False,True,True,True,True,False,False
OCM,ReqHCM,OCM,OCM,1,True,False,False,True,True,True,True,False,False
OCM,tick,OCM,OCM,1,True,False,False,True,True,True,True,False,False
MOM,ReqVel,OCM,OCM,1,True,False,False,True,True,True,True,False,False
MOM,ReqHdng,OCM,OCM,1,True,False,False,True,True,True,True,False,False
MOM,ReqMOM,OCM,OCM,1,True,False,False,True,True,True,True,False,False
MOM,ReqOCM,OCM,OCM,1,True,False,False,True,True,True,True,False,False
MOM,EndTask,OCM,OCM,1,True,False,False,True,True,True,True,False,False
MOM,ReqHCM,OCM,HCM|OCM,2,False,False,False,True,True,True,True,False,False
MOM,tick,OCM,OCM,1,True,False,False,True,True,True,True,False,False
HCM,ReqVel,OCM,OCM,1,True,False,False,True,True,True,True,False,False
HCM,ReqHdng,OCM,OCM,1,True,False,False,True,True,True,True,False,False
HCM,ReqMOM,OCM,OCM,1,True,False,False,True,True,True,True,False,False
HCM,ReqOCM,OCM,OCM,1,True,False,False,True,True,True,True,False,False
HCM,EndTask,OCM,OCM,1,True,False,False,True,True,True,True,False,False
HCM,ReqHCM,OCM,OCM,1,True,False,False,True,True,True,True,False,False
HCM,tick,OCM,OCM,1,True,False,False,True,True,True,True,False,False
CAM,ReqVel,CAM,CAM,1,True,False,False,True,True,True,True,False,False
CAM,ReqHdng,CAM,CAM,1,True,False,False,True,True,True,True,False,False
CAM,ReqMOM,CAM,CAM,1,True,False,False,True,True,True,True,False,False
CAM,ReqOCM,OCM,OCM,1,True,False,False,True,True,True,True,False,False
CAM,EndTask,CAM,CAM,1,True,False,False,True,True,True,True,False,False
CAM,ReqHCM,CAM,CAM,1,True,False,False,True,True,True,True,False,False
CAM,tick,CAM,CAM,1,True,False,False,True,True,True,True,False,False
OCM,ReqVel,OCM,OCM,1,True,False,False,True,True,True,True,False,True
OCM,ReqHdng,OCM,OCM,1,True,False,False,True,True,True,True,False,True
OCM,ReqMOM,OCM,OCM,1,True,False,False,True,True,True,True,False,True
OCM,ReqOCM,OCM,OCM,1,True,False,False,True,True,True,True,False,True
OCM,EndTask,OCM,OCM,1,True,False,False,True,True,True,True,False,True
OCM,ReqHCM,OCM,OCM,1,True,False,False,True,True,True,True,False,True
OCM,tick,OCM,OCM,1,True,False,False,True,True,True,True,False,True
MOM,ReqVel,OCM,OCM,1,True,False,False,True,True,True,True,False,True
MOM,ReqHdng,OCM,OCM,1,True,False,False,True,True,True,True,False,True
MOM,ReqMOM,OCM,OCM,1,True,False,False,True,True,True,True,False,True
MOM,ReqOCM,OCM,OCM,1,True,False,False,True,True,True,True,False,True
MOM,EndTask,OCM,OCM,1,True,False,False,True,True,True,True,False,True
MOM,ReqHCM,OCM,HCM|OCM,2,False,False,False,True,True,True,True,False,True
MOM,tick,OCM,OCM,1,True,False,False,True,True,True,True,False,True
HCM,ReqVel,OCM,OCM,1,True,False,False,True,True,True,True,False,True
HCM,ReqHdng,OCM,OCM,1,True,False,False,True,True,True,True,False,True
HCM,ReqMOM,OCM,OCM,1,True,False,False,True,True,True,True,False,True
HCM,ReqOCM,OCM,OCM,1,True,False,False,True,True,True,True,False,True
HCM,EndTask,OCM,OCM,1,True,False,False,True,True,True,True,False,True
HCM,ReqHCM,OCM,OCM,1,True,False,False,True,True,True,True,False,True
HCM,tick,OCM,OCM,1,True,False,False,True,True,True,True,False,True
CAM,ReqVel,OCM,OCM,1,True,False,False,True,True,True,True,False,True
CAM,ReqHdng,OCM,OCM,1,True,False,False,True,True,True,True,False,True
CAM,ReqMOM,OCM,OCM,1,True,False,False,True,True,True,True,False,True
CAM,ReqOCM,OCM,OCM,1,True,False,False,True,True,True,True,False,True
CAM,EndTask,OCM,OCM,1,True,False,False,True,True,True,True,False,True
CAM,ReqHCM,OCM,OCM,1,True,False,False,True,True,True,True,False,True
CAM,tick,OCM,OCM,1,True,False,False,True,True,True,True,False,True
OCM,ReqVel,OCM,OCM,1,True,False,False,True,True,True,True,True,False
OCM,ReqHdng,OCM,OCM,1,True,False,False,True,True,True,True,True,False
OCM,ReqMOM,OCM,OCM,1,True,False,False,True,True,True,True,True,False
OCM,ReqOCM,OCM,OCM,1,True,False,False,True,True,True,True,True,False
OCM,EndTask,OCM,OCM,1,True,False,False,True,True,True,True,True,False
OCM,ReqHCM,OCM,OCM,1,True,False,False,True,True,True,True,True,False
OCM,tick,OCM,OCM,1,True,False,False,True,True,True,True,True,False
MOM,ReqVel,OCM,OCM,1,True,False,False,True,True,True,True,True,False
MOM,ReqHdng,OCM,OCM,1,True,False,False,True,True,True,True,True,False
MOM,ReqMOM,OCM,OCM,1,True,False,False,True,True,True,True,True,False
MOM,ReqOCM,OCM,OCM,1,True,False,False,True,True,True,True,True,False
MOM,EndTask,OCM,OCM,1,True,False,False,True,True,True,True,True,False
MOM,ReqHCM,OCM,HCM|OCM,2,False,False,False,True,True,True,True,True,False
MOM,tick,OCM,OCM,1,True,False,False,True,True,True,True,True,False
HCM,ReqVel,OCM,OCM,1,True,False,False,True,True,True,True,True,False
HCM,ReqHdng,OCM,OCM,1,True,False,False,True,True,True,True,True,False
HCM,ReqMOM,OCM,OCM,1,True,False,False,True,True,True,True,True,False
HCM,ReqOCM,OCM,OCM,1,True,False,False,True,True,True,True,True,False
HCM,EndTask,OCM,OCM,1,True,False,False,True,True,True,True,True,False
HCM,ReqHCM,OCM,OCM,1,True,False,False,True,True,True,True,True,False
HCM,tick,OCM,OCM,1,True,False,False,True,True,True,True,True,False
CAM,ReqVel,CAM,CAM,1,True,False,False,True,True,True,True,True,False
CAM,ReqHdng,CAM,CAM,1,True,False,False,True,True,True,True,True,False
CAM,ReqMOM,CAM,CAM,1,True,False,False,True,True,True,True,True,False
CAM,ReqOCM,OCM,OCM,1,True,False,False,True,True,True,True,True,False
CAM,EndTask,CAM,CAM,1,True,False,False,True,True,True,True,True,False
CAM,ReqHCM,CAM,CAM,1,True,False,False,True,True,True,True,True,False
CAM,tick,CAM,CAM,1,True,False,False,True,True,True,True,True,False
OCM,ReqVel,OCM,OCM,1,True,False,False,True,True,True,True,True,True
OCM,ReqHdng,OCM,OCM,1,True,False,False,True,True,True,True,True,True
OCM,ReqMOM,OCM,OCM,1,True,False,False,True,True,True,True,True,True
OCM,ReqOCM,OCM,OCM,1,True,False,False,True,True,True,True,True,True
OCM,EndTask,OCM,OCM,1,True,False,False,True,True,True,True,True,True
OCM,ReqHCM,OCM,OCM,1,True,False,False,True,True,True,True,True,True
OCM,tick,OCM,OCM,1,True,False,False,True,True,True,True,True,True
MOM,ReqVel,OCM,OCM,1,True,False,False,True,True,True,True,True,True
MOM,ReqHdng,OCM,OCM,1,True,False,False,True,True,True,True,True,True
MOM,ReqMOM,OCM,OCM,1,True,False,False,True,True,True,True,True,True
MOM,ReqOCM,OCM,OCM,1,True,False,False,True,True,True,True,True,True
MOM,EndTask,OCM,OCM,1,True,False,False,True,True,True,True,True,True
MOM,ReqHCM,OCM,HCM|OCM,2,False,False,False,True,True,True,True,True,True
MOM,tick,OCM,OCM,1,True,False,False,True,True,True,True,True,True
HCM,ReqVel,OCM,OCM,1,True,False,False,True,True,True,True,True,True
HCM,ReqHdng,OCM,OCM,1,True,False,False,True,True,True,True,True,True
HCM,ReqMOM,OCM,OCM,1,True,False,False,True,True,True,True,True,True
HCM,ReqOCM,OCM,OCM,1,True,False,False,True,True,True,True,True,True
HCM,EndTask,OCM,OCM,1,True,False,False,True,True,True,True,True,True
HCM,ReqHCM,OCM,OCM,1,True,False,False,True,True,True,True,True,True
HCM,tick,OCM,OCM,1,True,False,False,True,True,True,True,True,True
CAM,ReqVel,OCM,OCM,1,True,False,False,True,True,True,True,True,True
CAM,ReqHdng,OCM,OCM,1,True,False,False,True,True,True,True,True,True
CAM,ReqMOM,OCM,OCM,1,True,False,False,True,True,True,True,True,True
CAM,ReqOCM,OCM,OCM,1,True,False,False,True,True,True,True,True,True
CAM,EndTask,OCM,OCM,1,True,False,False,True,True,True,True,True,True
CAM,ReqHCM,OCM,OCM,1,True,False,False,True,True,True,True,True,True
CAM,tick,OCM,OCM,1,True,False,False,True,True,True,True,True,True
OCM,ReqVel,OCM,OCM,1,True,False,True,False,False,False,False,False,False
OCM,ReqHdng,OCM,OCM,1,True,False,True,False,False,False,False,False,False
OCM,ReqMOM,OCM,OCM,1,True,False,True,False,False,False,False,False,False
OCM,ReqOCM,OCM,OCM,1,True,False,True,False,False,False,False,False,False
OCM,EndTask,OCM,OCM,1,True,False,True,False,False,False,False,False,False
OCM,ReqHCM,OCM,OCM,1,True,False,True,False,False,False,False,False,False
OCM,tick,OCM,OCM,1,True,False,True,False,False,False,False,False,False
MOM,ReqVel,HCM,HCM,1,True,False,True,False,False,False,False,False,False
MOM,ReqHdng,HCM,HCM,1,True,False,True,False,False,False,False,False,False
MOM,ReqMOM,HCM,HCM,1,True,False,True,False,False,False,False,False,False
MOM,ReqOCM,HCM,HCM|OCM,2,False,False,True,False,False,False,False,False,False
MOM,EndTask,HCM,HCM|OCM,2,False,False,True,False,False,False,False,False,False
MOM,ReqHCM,HCM,HCM,1,True,False,True,False,False,False,False,False,False
MOM,tick,HCM,HCM,1,True,False,True,False,False,False,False,False,False
HCM,ReqVel,HCM,HCM,1,True,False,True,False,False,False,False,False,False
HCM,ReqHdng,HCM,HCM,1,True,False,True,False,False,False,False,False,False
HCM,ReqMOM,HCM,HCM,1,True,False,True,False,False,False,False,False,False
HCM,ReqOCM,OCM,OCM,1,True,False,True,False,False,False,False,False,False
HCM,EndTask,HCM,HCM,1,True,False,True,False,False,False,False,False,False
HCM,ReqHCM,HCM,HCM,1,True,False,True,False,False,False,False,False,False
HCM,tick,HCM,HCM,1,True,False,True,False,False,False,False,False,False
CAM,ReqVel,CAM,CAM,1,True,False,True,False,False,False,False,False,False
CAM,ReqHdng,CAM,CAM,1,True,False,True,False,False,False,False,False,False
CAM,ReqMOM,CAM,CAM,1,True,False,True,False,False,False,False,False,False
CAM,ReqOCM,OCM,OCM,1,True,False,True,False,False,False,False,False,False
CAM,EndTask,CAM,CAM,1,True,False,True,False,False,False,False,False,False
CAM,ReqHCM,CAM,CAM,1,True,False,True,False,False,False,False,False,False
CAM,tick,CAM,CAM,1,True,False,True,False,False,False,False,False,False
OCM,ReqVel,OCM,OCM,1,True,False,True,False,False,False,False,False,True
OCM,ReqHdng,OCM,OCM,1,True,False,True,False,False,False,False,False,True
OCM,ReqMOM,OCM,OCM,1,True,False,True,False,False,False,False,False,True
OCM,ReqOCM,OCM,OCM,1,True,False,True,False,False,False,False,False,True
OCM,EndTask,OCM,OCM,1,True,False,True,False,False,False,False,False,True
OCM,ReqHCM,OCM,OCM,1,True,False,True,False,False,False,False,False,True
OCM,tick,OCM,OCM,1,True,False,True,False,False,False,False,False,True
MOM,ReqVel,HCM,HCM,1,True,False,True,False,False,False,False,False,True
MOM,ReqHdng,HCM,HCM,1,True,False,True,False,False,False,False,False,True
MOM,ReqMOM,HCM,HCM,1,True,False,True,False,False,False,False,False,True
MOM,ReqOCM,HCM,HCM|OCM,2,False,False,True,False,False,False,False,False,True
MOM,EndTask,HCM,HCM|OCM,2,False,False,True,False,False,False,False,False,True
MOM,ReqHCM,HCM,HCM,1,True,False,True,False,False,False,False,False,True
MOM,tick,HCM,HCM,1,True,False,True,False,False,False,False,False,True
HCM,ReqVel,HCM,HCM,1,True,False,True,False,False,False,False,False,True
HCM,ReqHdng,HCM,HCM,1,True,False,True,False,False,False,False,False,True
HCM,ReqMOM,HCM,HCM,1,True,False,True,False,False,False,False,False,True
HCM,ReqOCM,OCM,OCM,1,True,False,True,False,False,False,False,False,True
HCM,EndTask,HCM,HCM,1,True,False,True,False,False,False,False,False,True
HCM,ReqHCM,HCM,HCM,1,True,False,True,False,False,False,False,False,True
HCM,tick,HCM,HCM,1,True,False,True,False,False,False,False,False,True
CAM,ReqVel,OCM,OCM,1,True,False,True,False,False,False,False,False,True
CAM,ReqHdng,OCM,OCM,1,True,False,True,False,False,False,False,False,True
CAM,ReqMOM,OCM,OCM,1,True,False,True,False,False,False,False,False,True
CAM,ReqOCM,OCM,OCM,1,True,False,True,False,False,False,False,False,True
CAM,EndTask,OCM,OCM,1,True,False,True,False,False,False,False,False,True
CAM,ReqHCM,OCM,OCM,1,True,False,True,False,False,False,False,False,True
CAM,tick,OCM,OCM,1,True,False,True,False,False,False,False,False,True
OCM,ReqVel,OCM,OCM,1,True,False,True,False,False,False,False,True,False
OCM,ReqHdng,OCM,OCM,1,True,False,True,False,False,False,False,True,False
OCM,ReqMOM,OCM,OCM,1,True,False,True,False,False,False,False,True,False
OCM,ReqOCM,OCM,OCM,1,True,False,True,False,False,False,False,True,False
OCM,EndTask,OCM,OCM,1,True,False,True,False,False,False,False,True,False
OCM,ReqHCM,OCM,OCM,1,True,False,True,False,False,False,False,True,False
OCM,tick,OCM,OCM,1,True,False,True,False,False,False,False,True,False
MOM,ReqVel,HCM,HCM,1,True,False,True,False,False,False,False,True,False
MOM,ReqHdng,HCM,HCM,1,True,False,True,False,False,False,False,True,False
MOM,ReqMOM,HCM,HCM,1,True,False,True,False,False,False,False,True,False
MOM,ReqOCM,HCM,HCM|OCM,2,False,False,True,False,False,False,False,True,False
MOM,EndTask,HCM,HCM|OCM,2,False,False,True,False,False,False,False,True,False
MOM,ReqHCM,HCM,HCM,1,True,False,True,False,False,False,False,True,False
MOM,tick,HCM,HCM,1,True,False,True,False,False,False,False,True,False
HCM,ReqVel,HCM,HCM,1,True,False,True,False,False,False,False,True,False
HCM,ReqHdng,HCM,HCM,1,True,False,True,False,False,False,False,True,False
HCM,ReqMOM,HCM,HCM,1,True,False,True,False,False,False,False,True,False
HCM,ReqOCM,OCM,OCM,1,True,False,True,False,False,False,False,True,False
HCM,EndTask,HCM,HCM,1,True,False,True,False,False,False,False,True,False
HCM,ReqHCM,HCM,HCM,1,True,False,True,False,False,False,False,True,False
HCM,tick,HCM,HCM,1,True,False,True,False,False,False,False,True,False
CAM,ReqVel,CAM,CAM,1,True,False,True,False,False,False,False,True,False
CAM,ReqHdng,CAM,CAM,1,True,False,True,False,False,False,False,True,False
CAM,ReqMOM,CAM,CAM,1,True,False,True,False,False,False,False,True,False
CAM,ReqOCM,OCM,OCM,1,True,False,True,False,False,False,False,True,False
CAM,EndTask,CAM,CAM,1,True,False,True,False,False,False,False,True,False
CAM,ReqHCM,CAM,CAM,1,True,False,True,False,False,False,False,True,False
CAM,tick,CAM,CAM,1,True,False,True,False,False,False,False,True,False
OCM,ReqVel,OCM,OCM,1,True,False,True,False,False,False,False,True,True
OCM,ReqHdng,OCM,OCM,1,True,False,True,False,False,False,False,True,True
OCM,ReqMOM,OCM,OCM,1,True,False,True,False,False,False,False,True,True
OCM,ReqOCM,OCM,OCM,1,True,False,True,False,False,False,False,True,True
OCM,EndTask,OCM,OCM,1,True,False,True,False,False,False,False,True,True
OCM,ReqHCM,OCM,OCM,1,True,False,True,False,False,False,False,True,True
OCM,tick,OCM,OCM,1,True,False,True,False,False,False,False,True,True
MOM,ReqVel,HCM,HCM,1,True,False,True,False,False,False,False,True,True
MOM,ReqHdng,HCM,HCM,1,True,False,True,False,False,False,False,True,True
MOM,ReqMOM,HCM,HCM,1,True,False,True,False,False,False,False,True,True
MOM,ReqOCM,HCM,HCM|OCM,2,False,False,True,False,False,False,False,True,True
MOM,EndTask,HCM,HCM|OCM,2,False,False,True,False,False,False,False,True,True
MOM,ReqHCM,HCM,HCM,1,True,False,True,False,False,False,False,True,True
MOM,tick,HCM,HCM,1,True,False,True,False,False,False,False,True,True
HCM,ReqVel,HCM,HCM,1,True,False,True,False,False,False,False,True,True
HCM,ReqHdng,HCM,HCM,1,True,False,True,False,False,False,False,True,True
HCM,ReqMOM,HCM,HCM,1,True,False,True,False,False,False,False,True,True
HCM,ReqOCM,OCM,OCM,1,True,False,True,False,False,False,False,True,True
HCM,EndTask,HCM,HCM,1,True,False,True,False,False,False,False,True,True
HCM,ReqHCM,HCM,HCM,1,True,False,True,False,False,False,False,True,True
HCM,tick,HCM,HCM,1,True,False,True,False,False,False,False,True,True
CAM,ReqVel,OCM,OCM,1,True,False,True,False,False,False,False,True,True
CAM,ReqHdng,OCM,OCM,1,True,False,True,False,False,False,False,True,True
CAM,ReqMOM,OCM,OCM,1,True,False,True,False,False,False,False,True,True
CAM,ReqOCM,OCM,OCM,1,True,False,True,False,False,False,False,True,True
CAM,EndTask,OCM,OCM,1,True,False,True,False,False,False,False,True,True
CAM,ReqHCM,OCM,OCM,1,True,False,True,False,False,False,False,True,True
CAM,tick,OCM,OCM,1,True,False,True,False,False,False,False,True,True
OCM,ReqVel,OCM,OCM,1,True,False,True,False,False,False,True,False,False
OCM,ReqHdng,OCM,OCM,1,True,False,True,False,False,False,True,False,False
OCM,ReqMOM,OCM,OCM,1,True,False,True,False,False,False,True,False,False
OCM,ReqOCM,OCM,OCM,1,True,False,True,False,False,False,True,False,False
OCM,EndTask,OCM,OCM,1,True,False,True,False,False,False,True,False,False
OCM,ReqHCM,OCM,OCM,1,True,False,True,False,False,False,True,False,False
OCM,tick,OCM,OCM,1,True,False,True,False,False,False,True,False,False
MOM,ReqVel,HCM,HCM,1,True,False,True,False,False,False,True,False,False
MOM,ReqHdng,HCM,HCM,1,True,False,True,False,False,False,True,False,False
MOM,ReqMOM,HCM,HCM,1,True,False,True,False,False,False,True,False,False
MOM,ReqOCM,HCM,HCM|OCM,2,False,False,True,False,False,False,True,False,False
MOM,EndTask,HCM,HCM|OCM,2,False,False,True,False,False,False,True,False,False
MOM,ReqHCM,HCM,HCM,1,True,False,True,False,False,False,True,False,False
MOM,tick,HCM,HCM,1,True,False,True,False,False,False,True,False,False
HCM,ReqVel,HCM,HCM,1,True,False,True,False,False,False,True,False,False
HCM,ReqHdng,HCM,HCM,1,True,False,True,False,False,False,True,False,False
HCM,ReqMOM,HCM,HCM,1,True,False,True,False,False,False,True,False,False
HCM,ReqOCM,OCM,OCM,1,True,False,True,False,False,False,True,False,False
HCM,EndTask,HCM,HCM,1,True,False,True,False,False,False,True,False,False
HCM,ReqHCM,HCM,HCM,1,True,False,True,False,False,False,True,False,False
HCM,tick,HCM,HCM,1,True,False,True,False,False,False,True,False,False
CAM,ReqVel,CAM,CAM,1,True,False,True,False,False,False,True,False,False
CAM,ReqHdng,CAM,CAM,1,True,False,True,False,False,False,True,False,False
CAM,ReqMOM,CAM,CAM,1,True,False,True,False,False,False,True,False,False
CAM,ReqOCM,OCM,OCM,1,True,False,True,False,False,False,True,False,False
CAM,EndTask,CAM,CAM,1,True,False,True,False,False,False,True,False,False
CAM,ReqHCM,CAM,CAM,1,True,False,True,False,False,False,True,False,False
CAM,tick,CAM,CAM,1,True,False,True,False,False,False,True,False,False
OCM,ReqVel,OCM,OCM,1,True,False,True,False,False,False,True,False,True
OCM,ReqHdng,OCM,OCM,1,True,False,True,False,False,False,True,False,True
OCM,ReqMOM,OCM,OCM,1,True,False,True,False,False,False,True,False,True
OCM,ReqOCM,OCM,OCM,1,True,False,True,False,False,False,True,False,True
OCM,EndTask,OCM,OCM,1,True,False,True,False,False,False,True,False,True
OCM,ReqHCM,OCM,OCM,1,True,False,True,False,False,False,True,False,True
OCM,tick,OCM,OCM,1,True,False,True,False,False,False,True,False,True
MOM,ReqVel,HCM,HCM,1,True,False,True,False,False,False,True,False,True
MOM,ReqHdng,HCM,HCM,1,True,False,True,False,False,False,True,False,True
MOM,ReqMOM,HCM,HCM,1,True,False,True,False,False,False,True,False,True
MOM,ReqOCM,HCM,HCM|OCM,2,False,False,True,False,False,False,True,False,True
MOM,EndTask,HCM,HCM|OCM,2,False,False,True,False,False,False,True,False,True
MOM,ReqHCM,HCM,HCM,1,True,False,True,False,False,False,True,False,True
MOM,tick,HCM,HCM,1,True,False,True,False,False,False,True,False,True
HCM,ReqVel,HCM,HCM,1,True,False,True,False,False,False,True,False,True
HCM,ReqHdng,HCM,HCM,1,True,False,True,False,False,False,True,False,True
HCM,ReqMOM,HCM,HCM,1,True,False,True,False,False,False,True,False,True
HCM,ReqOCM,OCM,OCM,1,True,False,True,False,False,False,True,False,True
HCM,EndTask,HCM,HCM,1,True,False,True,False,False,False,True,False,True
HCM,ReqHCM,HCM,HCM,1,True,False,True,False,False,False,True,False,True
HCM,tick,HCM,HCM,1,True,False,True,False,False,False,True,False,True
CAM,ReqVel,OCM,OCM,1,True,False,True,False,False,False,True,False,True
CAM,ReqHdng,OCM,OCM,1,True,False,True,False,False,False,True,False,True
CAM,ReqMOM,OCM,OCM,1,True,False,True,False,False,False,True,False,True
CAM,ReqOCM,OCM,OCM,1,True,False,True,False,False,False,True,False,True
CAM,EndTask,OCM,OCM,1,True,False,True,False,False,False,True,False,True
CAM,ReqHCM,OCM,OCM,1,True,False,True,False,False,False,True,False,True
CAM,tick,OCM,OCM,1,True,False,True,False,False,False,True,False,True
OCM,ReqVel,OCM,OCM,1,True,False,True,False,False,False,True,True,False
OCM,ReqHdng,OCM,OCM,1,True,False,True,False,False,False,True,True,False
OCM,ReqMOM,OCM,OCM,1,True,False,True,False,False,False,True,True,False
OCM,ReqOCM,OCM,OCM,1,True,False,True,False,False,False,True,True,False
OCM,EndTask,OCM,OCM,1,True,False,True,False,False,False,True,True,False
OCM,ReqHCM,OCM,OCM,1,True,False,True,False,False,False,True,True,False
OCM,tick,OCM,OCM,1,True,False,True,False,False,False,True,True,False
MOM,ReqVel,HCM,HCM,1,True,False,True,False,False,False,True,True,False
MOM,ReqHdng,HCM,HCM,1,True,False,True,False,False,False,True,True,False
MOM,ReqMOM,HCM,HCM,1,True,False,True,False,False,False,True,True,False
MOM,ReqOCM,HCM,HCM|OCM,2,False,False,True,False,False,False,True,True,False
MOM,EndTask,HCM,HCM|OCM,2,False,False,True,False,False,False,True,True,False
MOM,ReqHCM,HCM,HCM,1,True,False,True,False,False,False,True,True,False
MOM,tick,HCM,HCM,1,True,False,True,False,False,False,True,True,False
HCM,ReqVel,HCM,HCM,1,True,False,True,False,False,False,True,True,False
HCM,ReqHdng,HCM,HCM,1,True,False,True,False,False,False,True,True,False
HCM,ReqMOM,HCM,HCM,1,True,False,True,False,False,False,True,True,False
HCM,ReqOCM,OCM,OCM,1,True,False,True,False,False,False,True,True,False
HCM,EndTask,HCM,HCM,1,True,False,True,False,False,False,True,True,False
HCM,ReqHCM,HCM,HCM,1,True,False,True,False,False,False,True,True,False
HCM,tick,HCM,HCM,1,True,False,True,False,False,False,True,True,False
CAM,ReqVel,CAM,CAM,1,True,False,True,False,False,False,True,True,False
CAM,ReqHdng,CAM,CAM,1,True,False,True,False,False,False,True,True,False
CAM,ReqMOM,CAM,CAM,1,True,False,True,False,False,False,True,True,False
CAM,ReqOCM,OCM,OCM,1,True,False,True,False,False,False,True,True,False
CAM,EndTask,CAM,CAM,1,True,False,True,False,False,False,True,True,False
CAM,ReqHCM,CAM,CAM,1,True,False,True,False,False,False,True,True,False
CAM,tick,CAM,CAM,1,True,False,True,False,False,False,True,True,False
OCM,ReqVel,OCM,OCM,1,True,False,True,False,False,False,True,True,True
OCM,ReqHdng,OCM,OCM,1,True,False,True,False,False,False,True,True,True
OCM,ReqMOM,OCM,OCM,1,True,False,True,False,False,False,True,True,True
OCM,ReqOCM,OCM,OCM,1,True,False,True,False,False,False,True,True,True
OCM,EndTask,OCM,OCM,1,True,False,True,False,False,False,True,True,True
OCM,ReqHCM,OCM,OCM,1,True,False,True,False,False,False,True,True,True
OCM,tick,OCM,OCM,1,True,False,True,False,False,False,True,True,True
MOM,ReqVel,HCM,HCM,1,True,False,True,False,False,False,True,True,True
MOM,ReqHdng,HCM,HCM,1,True,False,True,False,False,False,True,True,True
MOM,ReqMOM,HCM,HCM,1,True,False,True,False,False,False,True,True,True
MOM,ReqOCM,HCM,HCM|OCM,2,False,False,True,False,False,False,True,True,True
MOM,EndTask,HCM,HCM|OCM,2,False,False,True,False,False,False,True,True,True
MOM,ReqHCM,HCM,HCM,1,True,False,True,False,False,False,True,True,True
MOM,tick,HCM,HCM,1,True,False,True,False,False,False,True,True,True
HCM,ReqVel,HCM,HCM,1,True,False,True,False,False,False,True,True,True
HCM,ReqHdng,HCM,HCM,1,True,False,True,False,False,False,True,True,True
HCM,ReqMOM,HCM,HCM,1,True,False,True,False,False,False,True,True,True
HCM,ReqOCM,OCM,OCM,1,True,False,True,False,False,False,True,True,True
HCM,EndTask,HCM,HCM,1,True,False,True,False,False,False,True,True,True
HCM,ReqHCM,HCM,HCM,1,True,False,True,False,False,False,True,True,True
HCM,tick,HCM,HCM,1,True,False,True,False,False,False,True,True,True
CAM,ReqVel,OCM,OCM,1,True,False,True,False,False,False,True,True,True
CAM,ReqHdng,OCM,OCM,1,True,False,True,False,False,False,True,True,True
CAM,ReqMOM,OCM,OCM,1,True,False,True,False,False,False,True,True,True
CAM,ReqOCM,OCM,OCM,1,True,False,True,False,False,False,True,True,True
CAM,EndTask,OCM,OCM,1,True,False,True,False,False,False,True,True,True
CAM,ReqHCM,OCM,OCM,1,True,False,True,False,False,False,True,True,True
CAM,tick,OCM,OCM,1,True,False,True,False,False,False,True,True,True
OCM,ReqVel,OCM,OCM,1,True,False,True,False,False,True,False,False,False
OCM,ReqHdng,OCM,OCM,1,True,False,True,False,False,True,False,False,False
OCM,ReqMOM,OCM,OCM,1,True,False,True,False,False,True,False,False,False
OCM,ReqOCM,OCM,OCM,1,True,False,True,False,False,True,False,False,False
OCM,EndTask,OCM,OCM,1,True,False,True,False,False,True,False,False,False
OCM,ReqHCM,OCM,OCM,1,True,False,True,False,False,True,False,False,False
OCM,tick,OCM,OCM,1,True,False,True,False,False,True,False,False,False
MOM,ReqVel,HCM,HCM,1,True,False,True,False,False,True,False,False,False
MOM,ReqHdng,HCM,HCM,1,True,False,True,False,False,True,False,False,False
MOM,ReqMOM,HCM,HCM,1,True,False,True,False,False,True,False,False,False
MOM,ReqOCM,HCM,HCM|OCM,2,False,False,True,False,False,True,False,False,False
MOM,EndTask,HCM,HCM|OCM,2,False,False,True,False,False,True,False,False,False
MOM,ReqHCM,HCM,HCM,1,True,False,True,False,False,True,False,False,False
MOM,tick,HCM,HCM,1,True,False,True,False,False,True,False,False,False
HCM,ReqVel,HCM,HCM,1,True,False,True,False,False,True,False,False,False
HCM,ReqHdng,HCM,HCM,1,True,False,True,False,False,True,False,False,False
HCM,ReqMOM,HCM,HCM,1,True,False,True,False,False,True,False,False,False
HCM,ReqOCM,OCM,OCM,1,True,False,True,False,False,True,False,False,False
HCM,EndTask,HCM,HCM,1,True,False,True,False,False,True,False,False,False
HCM,ReqHCM,HCM,HCM,1,True,False,True,False,False,True,False,False,False
HCM,tick,HCM,HCM,1,True,False,True,False,False,True,False,False,False
CAM,ReqVel,CAM,CAM,1,True,False,True,False,False,True,False,False,False
CAM,ReqHdng,CAM,CAM,1,True,False,True,False,False,True,False,False,False
CAM,ReqMOM,CAM,CAM,1,True,False,True,False,False,True,False,False,False
CAM,ReqOCM,OCM,OCM,1,True,False,True,False,False,True,False,False,False
CAM,EndTask,CAM,CAM,1,True,False,True,False,False,True,False,False,False
CAM,ReqHCM,CAM,CAM,1,True,False,True,False,False,True,False,False,False
CAM,tick,CAM,CAM,1,True,False,True,False,False,True,False,False,False
OCM,ReqVel,OCM,OCM,1,True,False,True,False,False,True,False,False,True
OCM,ReqHdng,OCM,OCM,1,True,False,True,False,False,True,False,False,True
OCM,ReqMOM,OCM,OCM,1,True,False,True,False,False,True,False,False,True
OCM,ReqOCM,OCM,OCM,1,True,False,True,False,False,True,False,False,True
OCM,EndTask,OCM,OCM,1,True,False,True,False,False,True,False,False,True
OCM,ReqHCM,OCM,OCM,1,True,False,True,False,False,True,False,False,True
OCM,tick,OCM,OCM,1,True,False,True,False,False,True,False,False,True
MOM,ReqVel,HCM,HCM,1,True,False,True,False,False,True,False,False,True
MOM,ReqHdng,HCM,HCM,1,True,False,True,False,False,True,False,False,True
MOM,ReqMOM,HCM,HCM,1,True,False,True,False,False,True,False,False,True
MOM,ReqOCM,HCM,HCM|OCM,2,False,False,True,False,False,True,False,False,True
MOM,EndTask,HCM,HCM|OCM,2,False,False,True,False,False,True,False,False,True
MOM,ReqHCM,HCM,HCM,1,True,False,True,False,False,True,False,False,True
MOM,tick,HCM,HCM,1,True,False,True,False,False,True,False,False,True
HCM,ReqVel,HCM,HCM,1,True,False,True,False,False,True,False,False,True
HCM,ReqHdng,HCM,HCM,1,True,False,True,False,False,True,False,False,True
HCM,ReqMOM,HCM,HCM,1,True,False,True,False,False,True,False,False,True
HCM,ReqOCM,OCM,OCM,1,True,False,True,False,False,True,False,False,True
HCM,EndTask,HCM,HCM,1,True,False,True,False,False,True,False,False,True
HCM,ReqHCM,HCM,HCM,1,True,False,True,False,False,True,False,False,True
HCM,tick,HCM,HCM,1,True,False,True,False,False,True,False,False,True
CAM,ReqVel,OCM,OCM,1,True,False,True,False,False,True,False,False,True
CAM,ReqHdng,OCM,OCM,1,True,False,True,False,False,True,False,False,True
CAM,ReqMOM,OCM,OCM,1,True,False,True,False,False,True,False,False,True
CAM,ReqOCM,OCM,OCM,1,True,False,True,False,False,True,False,False,True
CAM,EndTask,OCM,OCM,1,True,False,True,False,False,True,False,False,True
CAM,ReqHCM,OCM,OCM,1,True,False,True,False,False,True,False,False,True
CAM,tick,OCM,OCM,1,True,False,True,False,False,True,False,False,True
OCM,ReqVel,OCM,OCM,1,True,False,True,False,False,True,False,True,False
OCM,ReqHdng,OCM,OCM,1,True,False,True,False,False,True,False,True,False
OCM,ReqMOM,OCM,OCM,1,True,False,True,False,False,True,False,True,False
OCM,ReqOCM,OCM,OCM,1,True,False,True,False,False,True,False,True,False
OCM,EndTask,OCM,OCM,1,True,False,True,False,False,True,False,True,False
OCM,ReqHCM,OCM,OCM,1,True,False,True,False,False,True,False,True,False
OCM,tick,OCM,OCM,1,True,False,True,False,False,True,False,True,False
MOM,ReqVel,HCM,HCM,1,True,False,True,False,False,True,False,True,False
MOM,ReqHdng,HCM,HCM,1,True,False,True,False,False,True,False,True,False
MOM,ReqMOM,HCM,HCM,1,True,False,True,False,False,True,False,True,False
MOM,ReqOCM,HCM,HCM|OCM,2,False,False,True,False,False,True,False,True,False
MOM,EndTask,HCM,HCM|OCM,2,False,False,True,False,False,True,False,True,False
MOM,ReqHCM,HCM,HCM,1,True,False,True,False,False,True,False,True,False
MOM,tick,HCM,HCM,1,True,False,True,False,False,True,False,True,False
HCM,ReqVel,HCM,HCM,1,True,False,True,False,False,True,False,True,False
HCM,ReqHdng,HCM,HCM,1,True,False,True,False,False,True,False,True,False
HCM,ReqMOM,HCM,HCM,1,True,False,True,False,False,True,False,True,False
HCM,ReqOCM,OCM,OCM,1,True,False,True,False,False,True,False,True,False
HCM,EndTask,HCM,HCM,1,True,False,True,False,False,True,False,True,False
HCM,ReqHCM,HCM,HCM,1,True,False,True,False,False,True,False,True,False
HCM,tick,HCM,HCM,1,True,False,True,False,False,True,False,True,False
CAM,ReqVel,CAM,CAM,1,True,False,True,False,False,True,False,True,False
CAM,ReqHdng,CAM,CAM,1,True,False,True,False,False,True,False,True,False
CAM,ReqMOM,CAM,CAM,1,True,False,True,False,False,True,False,True,False
CAM,ReqOCM,OCM,OCM,1,True,False,True,False,False,True,False,True,False
CAM,EndTask,CAM,CAM,1,True,False,True,False,False,True,False,True,False
CAM,ReqHCM,CAM,CAM,1,True,False,True,False,False,True,False,True,False
CAM,tick,CAM,CAM,1,True,False,True,False,False,True,False,True,False
OCM,ReqVel,OCM,OCM,1,True,False,True,False,False,True,False,True,True
OCM,ReqHdng,OCM,OCM,1,True,False,True,False,False,True,False,True,True
OCM,ReqMOM,OCM,OCM,1,True,False,True,False,False,True,False,True,True
OCM,ReqOCM,OCM,OCM,1,True,False,True,False,False,True,False,True,True
OCM,EndTask,OCM,OCM,1,True,False,True,False,False,True,False,True,True
OCM,ReqHCM,OCM,OCM,1,True,False,True,False,False,True,False,True,True
OCM,tick,OCM,OCM,1,True,False,True,False,False,True,False,True,True
MOM,ReqVel,HCM,HCM,1,True,False,True,False,False,True,False,True,True
MOM,ReqHdng,HCM,HCM,1,True,False,True,False,False,True,False,True,True
MOM,ReqMOM,HCM,HCM,1,True,False,True,False,False,True,False,True,True
MOM,ReqOCM,HCM,HCM|OCM,2,False,False,True,False,False,True,False,True,True
MOM,EndTask,HCM,HCM|OCM,2,False,False,True,False,False,True,False,True,True
MOM,ReqHCM,HCM,HCM,1,True,False,True,False,False,True,False,True,True
MOM,tick,HCM,HCM,1,True,False,True,False,False,True,False,True,True
HCM,ReqVel,HCM,HCM,1,True,False,True,False,False,True,False,True,True
HCM,ReqHdng,HCM,HCM,1,True,False,True,False,False,True,False,True,True
HCM,ReqMOM,HCM,HCM,1,True,False,True,False,False,True,False,True,True
HCM,ReqOCM,OCM,OCM,1,True,False,True,False,False,True,False,True,True
HCM,EndTask,HCM,HCM,1,True,False,True,False,False,True,False,True,True
HCM,ReqHCM,HCM,HCM,1,True,False,True,False,False,True,False,True,True
HCM,tick,HCM,HCM,1,True,False,True,False,False,True,False,True,True
CAM,ReqVel,OCM,OCM,1,True,False,True,False,False,True,False,True,True
CAM,ReqHdng,OCM,OCM,1,True,False,True,False,False,True,False,True,True
CAM,ReqMOM,OCM,OCM,1,True,False,True,False,False,True,False,True,True
CAM,ReqOCM,OCM,OCM,1,True,False,True,False,False,True,False,True,True
CAM,EndTask,OCM,OCM,1,True,False,True,False,False,True,False,True,True
CAM,ReqHCM,OCM,OCM,1,True,False,True,False,False,True,False,True,True
CAM,tick,OCM,OCM,1,True,False,True,False,False,True,False,True,True
OCM,ReqVel,OCM,OCM,1,True,False,True,False,False,True,True,False,False
OCM,ReqHdng,OCM,OCM,1,True,False,True,False,False,True,True,False,False
OCM,ReqMOM,OCM,OCM,1,True,False,True,False,False,True,True,False,False
OCM,ReqOCM,OCM,OCM,1,True,False,True,False,False,True,True,False,False
OCM,EndTask,OCM,OCM,1,True,False,True,False,False,True,True,False,False
OCM,ReqHCM,OCM,OCM,1,True,False,True,False,False,True,True,False,False
OCM,tick,OCM,OCM,1,True,False,True,False,False,True,True,False,False
MOM,ReqVel,HCM,HCM,1,True,False,True,False,False,True,True,False,False
MOM,ReqHdng,HCM,HCM,1,True,False,True,False,False,True,True,False,False
MOM,ReqMOM,HCM,HCM,1,True,False,True,False,False,True,True,False,False
MOM,ReqOCM,HCM,HCM|OCM,2,False,False,True,False,False,True,True,False,False
MOM,EndTask,HCM,HCM|OCM,2,False,False,True,False,False,True,True,False,False
MOM,ReqHCM,HCM,HCM,1,True,False,True,False,False,True,True,False,False
MOM,tick,HCM,HCM,1,True,False,True,False,False,True,True,False,False
HCM,ReqVel,HCM,HCM,1,True,False,True,False,False,True,True,False,False
HCM,ReqHdng,HCM,HCM,1,True,False,True,False,False,True,True,False,False
HCM,ReqMOM,HCM,HCM,1,True,False,True,False,False,True,True,False,False
HCM,ReqOCM,OCM,OCM,1,True,False,True,False,False,True,True,False,False
HCM,EndTask,HCM,HCM,1,True,False,True,False,False,True,True,False,False
HCM,ReqHCM,HCM,HCM,1,True,False,True,False,False,True,True,False,False
HCM,tick,HCM,HCM,1,True,False,True,False,False,True,True,False,False
CAM,ReqVel,CAM,CAM,1,True,False,True,False,False,True,True,False,False
CAM,ReqHdng,CAM,CAM,1,True,False,True,False,False,True,True,False,False
CAM,ReqMOM,CAM,CAM,1,True,False,True,False,False,True,True,False,False
CAM,ReqOCM,OCM,OCM,1,True,False,True,False,False,True,True,False,False
CAM,EndTask,CAM,CAM,1,True,False,True,False,False,True,True,False,False
CAM,ReqHCM,CAM,CAM,1,True,False,True,False,False,True,True,False,False
CAM,tick,CAM,CAM,1,True,False,True,False,False,True,True,False,False
OCM,ReqVel,OCM,OCM,1,True,False,True,False,False,True,True,False,True
OCM,ReqHdng,OCM,OCM,1,True,False,True,False,False,True,True,False,True
OCM,ReqMOM,OCM,OCM,1,True,False,True,False,False,True,True,False,True
OCM,ReqOCM,OCM,OCM,1,True,False,True,False,False,True,True,False,True
OCM,EndTask,OCM,OCM,1,True,False,True,False,False,True,True,False,True
OCM,ReqHCM,OCM,OCM,1,True,False,True,False,False,True,True,False,True
OCM,tick,OCM,OCM,1,True,False,True,False,False,True,True,False,True
MOM,ReqVel,HCM,HCM,1,True,False,True,False,False,True,True,False,True
MOM,ReqHdng,HCM,HCM,1,True,False,True,False,False,True,True,False,True
MOM,ReqMOM,HCM,HCM,1,True,False,True,False,False,True,True,False,True
MOM,ReqOCM,HCM,HCM|OCM,2,False,False,True,False,False,True,True,False,True
MOM,EndTask,HCM,HCM|OCM,2,False,False,True,False,False,True,True,False,True
MOM,ReqHCM,HCM,HCM,1,True,False,True,False,False,True,True,False,True
MOM,tick,HCM,HCM,1,True,False,True,False,False,True,True,False,True
HCM,ReqVel,HCM,HCM,1,True,False,True,False,False,True,True,False,True
HCM,ReqHdng,HCM,HCM,1,True,False,True,False,False,True,True,False,True
HCM,ReqMOM,HCM,HCM,1,True,False,True,False,False,True,True,False,True
HCM,ReqOCM,OCM,OCM,1,True,False,True,False,False,True,True,False,True
HCM,EndTask,HCM,HCM,1,True,False,True,False,False,True,True,False,True
HCM,ReqHCM,HCM,HCM,1,True,False,True,False,False,True,True,False,True
HCM,tick,HCM,HCM,1,True,False,True,False,False,True,True,False,True
CAM,ReqVel,OCM,OCM,1,True,False,True,False,False,True,True,False,True
CAM,ReqHdng,OCM,OCM,1,True,False,True,False,False,True,True,False,True
CAM,ReqMOM,OCM,OCM,1,True,False,True,False,False,True,True,False,True
CAM,ReqOCM,OCM,OCM,1,True,False,True,False,False,True,True,False,True
CAM,EndTask,OCM,OCM,1,True,False,True,False,False,True,True,False,True
CAM,ReqHCM,OCM,OCM,1,True,False,True,False,False,True,True,False,True
CAM,tick,OCM,OCM,1,True,False,True,False,False,True,True,False,True
OCM,ReqVel,OCM,MOM|OCM,2,False,False,True,False,False,True,True,True,False
OCM,ReqHdng,OCM,MOM|OCM,2,False,False,True,False,False,True,True,True,False
OCM,ReqMOM,MOM,MOM,1,True,False,True,False,False,True,True,True,False
OCM,ReqOCM,OCM,MOM,1,False,False,True,False,False,True,True,True,False
OCM,EndTask,OCM,MOM,1,False,False,True,False,False,True,True,True,False
OCM,ReqHCM,OCM,MOM,1,False,False,True,False,False,True,True,True,False
OCM,tick,OCM,MOM,1,False,False,True,False,False,True,True,True,False
MOM,ReqVel,HCM,HCM,1,True,False,True,False,False,True,True,True,False
MOM,ReqHdng,HCM,HCM,1,True,False,True,False,False,True,True,True,False
MOM,ReqMOM,HCM,HCM,1,True,False,True,False,False,True,True,True,False
MOM,ReqOCM,HCM,HCM|OCM,2,False,False,True,False,False,True,True,True,False
MOM,EndTask,HCM,HCM|OCM,2,False,False,True,False,False,True,True,True,False
MOM,ReqHCM,HCM,HCM,1,True,False,True,False,False,True,True,True,False
MOM,tick,HCM,HCM,1,True,False,True,False,False,True,True,True,False
HCM,ReqVel,HCM,HCM,1,True,False,True,False,False,True,True,True,False
HCM,ReqHdng,HCM,HCM,1,True,False,True,False,False,True,True,True,False
HCM,ReqMOM,HCM,HCM,1,True,False,True,False,False,True,True,True,False
HCM,ReqOCM,OCM,OCM,1,True,False,True,False,False,True,True,True,False
HCM,EndTask,HCM,HCM,1,True,False,True,False,False,True,True,True,False
HCM,ReqHCM,HCM,HCM,1,True,False,True,False,False,True,True,True,False
HCM,tick,HCM,HCM,1,True,False,True,False,False,True,True,True,False
CAM,ReqVel,CAM,CAM,1,True,False,True,False,False,True,True,True,False
CAM,ReqHdng,CAM,CAM,1,True,False,True,False,False,True,True,True,False
CAM,ReqMOM,CAM,CAM,1,True,False,True,False,False,True,True,True,False
CAM,ReqOCM,OCM,OCM,1,True,False,True,False,False,True,True,True,False
CAM,EndTask,CAM,CAM,1,True,False,True,False,False,True,True,True,False
CAM,ReqHCM,CAM,CAM,1,True,False,True,False,False,True,True,True,False
CAM,tick,CAM,CAM,1,True,False,True,False,False,True,True,True,False
OCM,ReqVel,OCM,MOM|OCM,2,False,False,True,False,False,True,True,True,True
OCM,ReqHdng,OCM,MOM|OCM,2,False,False,True,False,False,True,True,True,True
OCM,ReqMOM,MOM,MOM,1,True,False,True,False,False,True,True,True,True
OCM,ReqOCM,OCM,MOM,1,False,False,True,False,False,True,True,True,True
OCM,EndTask,OCM,MOM,1,False,False,True,False,False,True,True,True,True
OCM,ReqHCM,OCM,MOM,1,False,False,True,False,False,True,True,True,True
OCM,tick,OCM,MOM,1,False,False,True,False,False,True,True,True,True
MOM,ReqVel,HCM,HCM,1,True,False,True,False,False,True,True,True,True
MOM,ReqHdng,HCM,HCM,1,True,False,True,False,False,True,True,True,True
MOM,ReqMOM,HCM,HCM,1,True,False,True,False,False,True,True,True,True
MOM,ReqOCM,HCM,HCM|OCM,2,False,False,True,False,False,True,True,True,True
MOM,EndTask,HCM,HCM|OCM,2,False,False,True,False,False,True,True,True,True
MOM,ReqHCM,HCM,HCM,1,True,False,True,False,False,True,True,True,True
MOM,tick,HCM,HCM,1,True,False,True,False,False,True,True,True,True
HCM,ReqVel,HCM,HCM,1,True,False,True,False,False,True,True,True,True
HCM,ReqHdng,HCM,HCM,1,True,False,True,False,False,True,True,True,True
HCM,ReqMOM,HCM,HCM,1,True,False,True,False,False,True,True,True,True
HCM,ReqOCM,OCM,OCM,1,True,False,True,False,False,True,True,True,True
HCM,EndTask,HCM,HCM,1,True,False,True,False,False,True,True,True,True
HCM,ReqHCM,HCM,HCM,1,True,False,True,False,False,True,True,True,True
HCM,tick,HCM,HCM,1,True,False,True,False,False,True,True,True,True
CAM,ReqVel,OCM,OCM,1,True,False,True,False,False,True,True,True,True
CAM,ReqHdng,OCM,OCM,1,True,False,True,False,False,True,True,True,True
CAM,ReqMOM,OCM,OCM,1,True,False,True,False,False,True,True,True,True
CAM,ReqOCM,OCM,OCM,1,True,False,True,False,False,True,True,True,True
CAM,EndTask,OCM,OCM,1,True,False,True,False,False,True,True,True,True
CAM,ReqHCM,OCM,OCM,1,True,False,True,False,False,True,True,True,True
CAM,tick,OCM,OCM,1,True,False,True,False,False,True,True,True,True
OCM,ReqVel,OCM,OCM,1,True,False,True,False,True,False,False,False,False
OCM,ReqHdng,OCM,OCM,1,True,False,True,False,True,False,False,False,False
OCM,ReqMOM,OCM,OCM,1,True,False,True,False,True,False,False,False,False
OCM,ReqOCM,OCM,OCM,1,True,False,True,False,True,False,False,False,False
OCM,EndTask,OCM,OCM,1,True,False,True,False,True,False,False,False,False
OCM,ReqHCM,OCM,OCM,1,True,False,True,False,True,False,False,False,False
OCM,tick,OCM,OCM,1,True,False,True,False,True,False,False,False,False
MOM,ReqVel,HCM,HCM,1,True,False,True,False,True,False,False,False,False
MOM,ReqHdng,HCM,HCM,1,True,False,True,False,True,False,False,False,False
MOM,ReqMOM,HCM,HCM,1,True,False,True,False,True,False,False,False,False
MOM,ReqOCM,HCM,HCM|OCM,2,False,False,True,False,True,False,False,False,False
MOM,EndTask,HCM,HCM|OCM,2,False,False,True,False,True,False,False,False,False
MOM,ReqHCM,HCM,HCM,1,True,False,True,False,True,False,False,False,False
MOM,tick,HCM,HCM,1,True,False,True,False,True,False,False,False,False
HCM,ReqVel,MOM,MOM,1,True,False,True,False,True,False,False,False,False
HCM,ReqHdng,MOM,MOM,1,True,False,True,False,True,False,False,False,False
HCM,ReqMOM,MOM,MOM,1,True,False,True,False,True,False,False,False,False
HCM,ReqOCM,MOM,MOM|OCM,2,False,False,True,False,True,False,False,False,False
HCM,EndTask,MOM,MOM,1,True,False,True,False,True,False,False,False,False
HCM,ReqHCM,MOM,MOM,1,True,False,True,False,True,False,False,False,False
HCM,tick,MOM,MOM,1,True,False,True,False,True,False,False,False,False
CAM,ReqVel,CAM,CAM,1,True,False,True,False,True,False,False,False,False
CAM,ReqHdng,CAM,CAM,1,True,False,True,False,True,False,False,False,False
CAM,ReqMOM,CAM,CAM,1,True,False,True,False,True,False,False,False,False
CAM,ReqOCM,OCM,OCM,1,True,False,True,False,True,False,False,False,False
CAM,EndTask,CAM,CAM,1,True,False,True,False,True,False,False,False,False
CAM,ReqHCM,CAM,CAM,1,True,False,True,False,True,False,False,False,False
CAM,tick,CAM,CAM,1,True,False,True,False,True,False,False,False,False
OCM,ReqVel,OCM,OCM,1,True,False,True,False,True,False,False,False,True
OCM,ReqHdng,OCM,OCM,1,True,False,True,False,True,False,False,False,True
OCM,ReqMOM,OCM,OCM,1,True,False,True,False,True,False,False,False,True
OCM,ReqOCM,OCM,OCM,1,True,False,True,False,True,False,False,False,True
OCM,EndTask,OCM,OCM,1,True,False,True,False,True,False,False,False,True
OCM,ReqHCM,OCM,OCM,1,True,False,True,False,True,False,False,False,True
OCM,tick,OCM,OCM,1,True,False,True,False,True,False,False,False,True
MOM,ReqVel,HCM,HCM,1,True,False,True,False,True,False,False,False,True
MOM,ReqHdng,HCM,HCM,1,True,False,True,False,True,False,False,False,True
MOM,ReqMOM,HCM,HCM,1,True,False,True,False,True,False,False,False,True
MOM,ReqOCM,HCM,HCM|OCM,2,False,False,True,False,True,False,False,False,True
MOM,EndTask,HCM,HCM|OCM,2,False,False,True,False,True,False,False,False,True
MOM,ReqHCM,HCM,HCM,1,True,False,True,False,True,False,False,False,True
MOM,tick,HCM,HCM,1,True,False,True,False,True,False,False,False,True
HCM,ReqVel,MOM,MOM,1,True,False,True,False,True,False,False,False,True
HCM,ReqHdng,MOM,MOM,1,True,False,True,False,True,False,False,False,True
HCM,ReqMOM,MOM,MOM,1,True,False,True,False,True,False,False,False,True
HCM,ReqOCM,MOM,MOM|OCM,2,False,False,True,False,True,False,False,False,True
HCM,EndTask,MOM,MOM,1,True,False,True,False,True,False,False,False,True
HCM,ReqHCM,MOM,MOM,1,True,False,True,False,True,False,False,False,True
HCM,tick,MOM,MOM,1,True,False,True,False,True,False,False,False,True
CAM,ReqVel,OCM,OCM,1,True,False,True,False,True,False,False,False,True
CAM,ReqHdng,OCM,OCM,1,True,False,True,False,True,False,False,False,True
CAM,ReqMOM,OCM,OCM,1,True,False,True,False,True,False,False,False,True
CAM,ReqOCM,OCM,OCM,1,True,False,True,False,True,False,False,False,True
CAM,EndTask,OCM,OCM,1,True,False,True,False,True,False,False,False,True
CAM,ReqHCM,OCM,OCM,1,True,False,True,False,True,False,False,False,True
CAM,tick,OCM,OCM,1,True,False,True,False,True,False,False,False,True
OCM,ReqVel,OCM,OCM,1,True,False,True,False,True,False,False,True,False
OCM,ReqHdng,OCM,OCM,1,True,False,True,False,True,False,False,True,False
OCM,ReqMOM,OCM,OCM,1,True,False,True,False,True,False,False,True,False
OCM,ReqOCM,OCM,OCM,1,True,False,True,False,True,False,False,True,False
OCM,EndTask,OCM,OCM,1,True,False,True,False,True,False,False,True,False
OCM,ReqHCM,OCM,OCM,1,True,False,True,False,True,False,False,True,False
OCM,tick,OCM,OCM,1,True,False,True,False,True,False,False,True,False
MOM,ReqVel,HCM,HCM,1,True,False,True,False,True,False,False,True,False
MOM,ReqHdng,HCM,HCM,1,True,False,True,False,True,False,False,True,False
MOM,ReqMOM,HCM,HCM,1,True,False,True,False,True,False,False,True,False
MOM,ReqOCM,HCM,HCM|OCM,2,False,False,True,False,True,False,False,True,False
MOM,EndTask,HCM,HCM|OCM,2,False,False,True,False,True,False,False,True,False
MOM,ReqHCM,HCM,HCM,1,True,False,True,False,True,False,False,True,False
MOM,tick,HCM,HCM,1,True,False,True,False,True,False,False,True,False
HCM,ReqVel,MOM,MOM,1,True,False,True,False,True,False,False,True,False
HCM,ReqHdng,MOM,MOM,1,True,False,True,False,True,False,False,True,False
HCM,ReqMOM,MOM,MOM,1,True,False,True,False,True,False,False,True,False
HCM,ReqOCM,MOM,MOM|OCM,2,False,False,True,False,True,False,False,True,False
HCM,EndTask,MOM,MOM,1,True,False,True,False,True,False,False,True,False
HCM,ReqHCM,MOM,MOM,1,True,False,True,False,True,False,False,True,False
HCM,tick,MOM,MOM,1,True,False,True,False,True,False,False,True,False
CAM,ReqVel,CAM,CAM,1,True,False,True,False,True,False,False,True,False
CAM,ReqHdng,CAM,CAM,1,True,False,True,False,True,False,False,True,False
CAM,ReqMOM,CAM,CAM,1,True,False,True,False,True,False,False,True,False
CAM,ReqOCM,OCM,OCM,1,True,False,True,False,True,False,False,True,False
CAM,EndTask,CAM,CAM,1,True,False,True,False,True,False,False,True,False
CAM,ReqHCM,CAM,CAM,1,True,False,True,False,True,False,False,True,False
CAM,tick,CAM,CAM,1,True,False,True,False,True,False,False,True,False
OCM,ReqVel,OCM,OCM,1,True,False,True,False,True,False,False,True,True
OCM,ReqHdng,OCM,OCM,1,True,False,True,False,True,False,False,True,True
OCM,ReqMOM,OCM,OCM,1,True,False,True,False,True,False,False,True,True
OCM,ReqOCM,OCM,OCM,1,True,False,True,False,True,False,False,True,True
OCM,EndTask,OCM,OCM,1,True,False,True,False,True,False,False,True,True
OCM,ReqHCM,OCM,OCM,1,True,False,True,False,True,False,False,True,True
OCM,tick,OCM,OCM,1,True,False,True,False,True,False,False,True,True
MOM,ReqVel,HCM,HCM,1,True,False,True,False,True,False,False,True,True
MOM,ReqHdng,HCM,HCM,1,True,False,True,False,True,False,False,True,True
MOM,ReqMOM,HCM,HCM,1,True,False,True,False,True,False,False,True,True
MOM,ReqOCM,HCM,HCM|OCM,2,False,False,True,False,True,False,False,True,True
MOM,EndTask,HCM,HCM|OCM,2,False,False,True,False,True,False,False,True,True
MOM,ReqHCM,HCM,HCM,1,True,False,True,False,True,False,False,True,True
MOM,tick,HCM,HCM,1,True,False,True,False,True,False,False,True,True
HCM,ReqVel,MOM,MOM,1,True,False,True,False,True,False,False,True,True
HCM,ReqHdng,MOM,MOM,1,True,False,True,False,True,False,False,True,True
HCM,ReqMOM,MOM,MOM,1,True,False,True,False,True,False,False,True,True
HCM,ReqOCM,MOM,MOM|OCM,2,False,False,True,False,True,False,False,True,True
HCM,EndTask,MOM,MOM,1,True,False,True,False,True,False,False,True,True
HCM,ReqHCM,MOM,MOM,1,True,False,True,False,True,False,False,True,True
HCM,tick,MOM,MOM,1,True,False,True,False,True,False,False,True,True
CAM,ReqVel,OCM,OCM,1,True,False,True,False,True,False,False,True,True
CAM,ReqHdng,OCM,OCM,1,True,False,True,False,True,False,False,True,True
CAM,ReqMOM,OCM,OCM,1,True,False,True,False,True,False,False,True,True
CAM,ReqOCM,OCM,OCM,1,True,False,True,False,True,False,False,True,True
CAM,EndTask,OCM,OCM,1,True,False,True,False,True,False,False,True,True
CAM,ReqHCM,OCM,OCM,1,True,False,True,False,True,False,False,True,True
CAM,tick,OCM,OCM,1,True,False,True,False,True,False,False,True,True
OCM,ReqVel,OCM,OCM,1,True,False,True,False,True,False,True,False,False
OCM,ReqHdng,OCM,OCM,1,True,False,True,False,True,False,True,False,False
OCM,ReqMOM,OCM,OCM,1,True,False,True,False,True,False,True,False,False
OCM,ReqOCM,OCM,OCM,1,True,False,True,False,True,False,True,False,False
OCM,EndTask,OCM,OCM,1,True,False,True,False,True,False,True,False,False
OCM,ReqHCM,OCM,OCM,1,True,False,True,False,True,False,True,False,False
OCM,tick,OCM,OCM,1,True,False,True,False,True,False,True,False,False
MOM,ReqVel,HCM,HCM,1,True,False,True,False,True,False,True,False,False
MOM,ReqHdng,HCM,HCM,1,True,False,True,False,True,False,True,False,False
MOM,ReqMOM,HCM,HCM,1,True,False,True,False,True,False,True,False,False
MOM,ReqOCM,HCM,HCM|OCM,2,False,False,True,False,True,False,True,False,False
MOM,EndTask,HCM,HCM|OCM,2,False,False,True,False,True,False,True,False,False
MOM,ReqHCM,HCM,HCM,1,True,False,True,False,True,False,True,False,False
MOM,tick,HCM,HCM,1,True,False,True,False,True,False,True,False,False
HCM,ReqVel,MOM,MOM,1,True,False,True,False,True,False,True,False,False
HCM,ReqHdng,MOM,MOM,1,True,False,True,False,True,False,True,False,False
HCM,ReqMOM,MOM,MOM,1,True,False,True,False,True,False,True,False,False
HCM,ReqOCM,MOM,MOM|OCM,2,False,False,True,False,True,False,True,False,False
HCM,EndTask,MOM,MOM,1,True,False,True,False,True,False,True,False,False
HCM,ReqHCM,MOM,MOM,1,True,False,True,False,True,False,True,False,False
HCM,tick,MOM,MOM,1,True,False,True,False,True,False,True,False,False
CAM,ReqVel,CAM,CAM,1,True,False,True,False,True,False,True,False,False
CAM,ReqHdng,CAM,CAM,1,True,False,True,False,True,False,True,False,False
CAM,ReqMOM,CAM,CAM,1,True,False,True,False,True,False,True,False,False
CAM,ReqOCM,OCM,OCM,1,True,False,True,False,True,False,True,False,False
CAM,EndTask,CAM,CAM,1,True,False,True,False,True,False,True,False,False
CAM,ReqHCM,CAM,CAM,1,True,False,True,False,True,False,True,False,False
CAM,tick,CAM,CAM,1,True,False,True,False,True,False,True,False,False
OCM,ReqVel,OCM,OCM,1,True,False,True,False,True,False,True,False,True
OCM,ReqHdng,OCM,OCM,1,True,False,True,False,True,False,True,False,True
OCM,ReqMOM,OCM,OCM,1,True,False,True,False,True,False,True,False,True
OCM,ReqOCM,OCM,OCM,1,True,False,True,False,True,False,True,False,True
OCM,EndTask,OCM,OCM,1,True,False,True,False,True,False,True,False,True
OCM,ReqHCM,OCM,OCM,1,True,False,True,False,True,False,True,False,True
OCM,tick,OCM,OCM,1,True,False,True,False,True,False,True,False,True
MOM,ReqVel,HCM,HCM,1,True,False,True,False,True,False,True,False,True
MOM,ReqHdng,HCM,HCM,1,True,False,True,False,True,False,True,False,True
MOM,ReqMOM,HCM,HCM,1,True,False,True,False,True,False,True,False,True
MOM,ReqOCM,HCM,HCM|OCM,2,False,False,True,False,True,False,True,False,True
MOM,EndTask,HCM,HCM|OCM,2,False,False,True,False,True,False,True,False,True
MOM,ReqHCM,HCM,HCM,1,True,False,True,False,True,False,True,False,True
MOM,tick,HCM,HCM,1,True,False,True,False,True,False,True,False,True
HCM,ReqVel,MOM,MOM,1,True,False,True,False,True,False,True,False,True
HCM,ReqHdng,MOM,MOM,1,True,False,True,False,True,False,True,False,True
HCM,ReqMOM,MOM,MOM,1,True,False,True,False,True,False,True,False,True
HCM,ReqOCM,MOM,MOM|OCM,2,False,False,True,False,True,False,True,False,True
HCM,EndTask,MOM,MOM,1,True,False,True,False,True,False,True,False,True
HCM,ReqHCM,MOM,MOM,1,True,False,True,False,True,False,True,False,True
HCM,tick,MOM,MOM,1,True,False,True,False,True,False,True,False,True
CAM,ReqVel,OCM,OCM,1,True,False,True,False,True,False,True,False,True
CAM,ReqHdng,OCM,OCM,1,True,False,True,False,True,False,True,False,True
CAM,ReqMOM,OCM,OCM,1,True,False,True,False,True,False,True,False,True
CAM,ReqOCM,OCM,OCM,1,True,False,True,False,True,False,True,False,True
CAM,EndTask,OCM,OCM,1,True,False,True,False,True,False,True,False,True
CAM,ReqHCM,OCM,OCM,1,True,False,True,False,True,False,True,False,True
CAM,tick,OCM,OCM,1,True,False,True,False,True,False,True,False,True
OCM,ReqVel,OCM,OCM,1,True,False,True,False,True,False,True,True,False
OCM,ReqHdng,OCM,OCM,1,True,False,True,False,True,False,True,True,False
OCM,ReqMOM,OCM,OCM,1,True,False,True,False,True,False,True,True,False
OCM,ReqOCM,OCM,OCM,1,True,False,True,False,True,False,True,True,False
OCM,EndTask,OCM,OCM,1,True,False,True,False,True,False,True,True,False
OCM,ReqHCM,OCM,OCM,1,True,False,True,False,True,False,True,True,False
OCM,tick,OCM,OCM,1,True,False,True,False,True,False,True,True,False
MOM,ReqVel,HCM,HCM,1,True,False,True,False,True,False,True,True,False
MOM,ReqHdng,HCM,HCM,1,True,False,True,False,True,False,True,True,False
MOM,ReqMOM,HCM,HCM,1,True,False,True,False,True,False,True,True,False
MOM,ReqOCM,HCM,HCM|OCM,2,False,False,True,False,True,False,True,True,False
MOM,EndTask,HCM,HCM|OCM,2,False,False,True,False,True,False,True,True,False
MOM,ReqHCM,HCM,HCM,1,True,False,True,False,True,False,True,True,False
MOM,tick,HCM,HCM,1,True,False,True,False,True,False,True,True,False
HCM,ReqVel,MOM,MOM,1,True,False,True,False,True,False,True,True,False
HCM,ReqHdng,MOM,MOM,1,True,False,True,False,True,False,True,True,False
HCM,ReqMOM,MOM,MOM,1,True,False,True,False,True,False,True,True,False
HCM,ReqOCM,MOM,MOM|OCM,2,False,False,True,False,True,False,True,True,False
HCM,EndTask,MOM,MOM,1,True,False,True,False,True,False,True,True,False
HCM,ReqHCM,MOM,MOM,1,True,False,True,False,True,False,True,True,False
HCM,tick,MOM,MOM,1,True,False,True,False,True,False,True,True,False
CAM,ReqVel,CAM,CAM,1,True,False,True,False,True,False,True,True,False
CAM,ReqHdng,CAM,CAM,1,True,False,True,False,True,False,True,True,False
CAM,ReqMOM,CAM,CAM,1,True,False,True,False,True,False,True,True,False
CAM,ReqOCM,OCM,OCM,1,True,False,True,False,True,False,True,True,False
CAM,EndTask,CAM,CAM,1,True,False,True,False,True,False,True,True,False
CAM,ReqHCM,CAM,CAM,1,True,False,True,False,True,False,True,True,False
CAM,tick,CAM,CAM,1,True,False,True,False,True,False,True,True,False
OCM,ReqVel,OCM,OCM,1,True,False,True,False,True,False,True,True,True
OCM,ReqHdng,OCM,OCM,1,True,False,True,False,True,False,True,True,True
OCM,ReqMOM,OCM,OCM,1,True,False,True,False,True,False,True,True,True
OCM,ReqOCM,OCM,OCM,1,True,False,True,False,True,False,True,True,True
OCM,EndTask,OCM,OCM,1,True,False,True,False,True,False,True,True,True
OCM,ReqHCM,OCM,OCM,1,True,False,True,False,True,False,True,True,True
OCM,tick,OCM,OCM,1,True,False,True,False,True,False,True,True,True
MOM,ReqVel,HCM,HCM,1,True,False,True,False,True,False,True,True,True
MOM,ReqHdng,HCM,HCM,1,True,False,True,False,True,False,True,True,True
MOM,ReqMOM,HCM,HCM,1,True,False,True,False,True,False,True,True,True
MOM,ReqOCM,HCM,HCM|OCM,2,False,False,True,False,True,False,True,True,True
MOM,EndTask,HCM,HCM|OCM,2,False,False,True,False,True,False,True,True,True
MOM,ReqHCM,HCM,HCM,1,True,False,True,False,True,False,True,True,True
MOM,tick,HCM,HCM,1,True,False,True,False,True,False,True,True,True
HCM,ReqVel,MOM,MOM,1,True,False,True,False,True,False,True,True,True
HCM,ReqHdng,MOM,MOM,1,True,False,True,False,True,False,True,True,True
HCM,ReqMOM,MOM,MOM,1,True,False,True,False,True,False,True,True,True
HCM,ReqOCM,MOM,MOM|OCM,2,False,False,True,False,True,False,True,True,True
HCM,EndTask,MOM,MOM,1,True,False,True,False,True,False,True,True,True
HCM,ReqHCM,MOM,MOM,1,True,False,True,False,True,False,True,True,True
HCM,tick,MOM,MOM,1,True,False,True,False,True,False,True,True,True
CAM,ReqVel,OCM,OCM,1,True,False,True,False,True,False,True,True,True
CAM,ReqHdng,OCM,OCM,1,True,False,True,False,True,False,True,True,True
CAM,ReqMOM,OCM,OCM,1,True,False,True,False,True,False,True,True,True
CAM,ReqOCM,OCM,OCM,1,True,False,True,False,True,False,True,True,True
CAM,EndTask,OCM,OCM,1,True,False,True,False,True,False,True,True,True
CAM,ReqHCM,OCM,OCM,1,True,False,True,False,True,False,True,True,True
CAM,tick,OCM,OCM,1,True,False,True,False,True,False,True,True,True
OCM,ReqVel,OCM,OCM,1,True,False,True,False,True,True,False,False,False
OCM,ReqHdng,OCM,OCM,1,True,False,True,False,True,True,False,False,False
OCM,ReqMOM,OCM,OCM,1,True,False,True,False,True,True,False,False,False
OCM,ReqOCM,OCM,OCM,1,True,False,True,False,True,True,False,False,False
OCM,EndTask,OCM,OCM,1,True,False,True,False,True,True,False,False,False
OCM,ReqHCM,OCM,OCM,1,True,False,True,False,True,True,False,False,False
OCM,tick,OCM,OCM,1,True,False,True,False,True,True,False,False,False
MOM,ReqVel,HCM,HCM,1,True,False,True,False,True,True,False,False,False
MOM,ReqHdng,HCM,HCM,1,True,False,True,False,True,True,False,False,False
MOM,ReqMOM,HCM,HCM,1,True,False,True,False,True,True,False,False,False
MOM,ReqOCM,HCM,HCM|OCM,2,False,False,True,False,True,True,False,False,False
MOM,EndTask,HCM,HCM|OCM,2,False,False,True,False,True,True,False,False,False
MOM,ReqHCM,HCM,HCM,1,True,False,True,False,True,True,False,False,False
MOM,tick,HCM,HCM,1,True,False,True,False,True,True,False,False,False
HCM,ReqVel,MOM,MOM,1,True,False,True,False,True,True,False,False,False
HCM,ReqHdng,MOM,MOM,1,True,False,True,False,True,True,False,False,False
HCM,ReqMOM,MOM,MOM,1,True,False,True,False,True,True,False,False,False
HCM,ReqOCM,MOM,MOM|OCM,2,False,False,True,False,True,True,False,False,False
HCM,EndTask,MOM,MOM,1,True,False,True,False,True,True,False,False,False
HCM,ReqHCM,MOM,MOM,1,True,False,True,False,True,True,False,False,False
HCM,tick,MOM,MOM,1,True,False,True,False,True,True,False,False,False
CAM,ReqVel,CAM,CAM,1,True,False,True,False,True,True,False,False,False
CAM,ReqHdng,CAM,CAM,1,True,False,True,False,True,True,False,False,False
CAM,ReqMOM,CAM,CAM,1,True,False,True,False,True,True,False,False,False
CAM,ReqOCM,OCM,OCM,1,True,False,True,False,True,True,False,False,False
CAM,EndTask,CAM,CAM,1,True,False,True,False,True,True,False,False,False
CAM,ReqHCM,CAM,CAM,1,True,False,True,False,True,True,False,False,False
CAM,tick,CAM,CAM,1,True,False,True,False,True,True,False,False,False
OCM,ReqVel,OCM,OCM,1,True,False,True,False,True,True,False,False,True
OCM,ReqHdng,OCM,OCM,1,True,False,True,False,True,True,False,False,True
OCM,ReqMOM,OCM,OCM,1,True,False,True,False,True,True,False,False,True
OCM,ReqOCM,OCM,OCM,1,True,False,True,False,True,True,False,False,True
OCM,EndTask,OCM,OCM,1,True,False,True,False,True,True,False,False,True
OCM,ReqHCM,OCM,OCM,1,True,False,True,False,True,True,False,False,True
OCM,tick,OCM,OCM,1,True,False,True,False,True,True,False,False,True
MOM,ReqVel,HCM,HCM,1,True,False,True,False,True,True,False,False,True
MOM,ReqHdng,HCM,HCM,1,True,False,True,False,True,True,False,False,True
MOM,ReqMOM,HCM,HCM,1,True,False,True,False,True,True,False,False,True
MOM,ReqOCM,HCM,HCM|OCM,2,False,False,True,False,True,True,False,False,True
MOM,EndTask,HCM,HCM|OCM,2,False,False,True,False,True,True,False,False,True
MOM,ReqHCM,HCM,HCM,1,True,False,True,False,True,True,False,False,True
MOM,tick,HCM,HCM,1,True,False,True,False,True,True,False,False,True
HCM,ReqVel,MOM,MOM,1,True,False,True,False,True,True,False,False,True
HCM,ReqHdng,MOM,MOM,1,True,False,True,False,True,True,False,False,True
HCM,ReqMOM,MOM,MOM,1,True,False,True,False,True,True,False,False,True
HCM,ReqOCM,MOM,MOM|OCM,2,False,False,True,False,True,True,False,False,True
HCM,EndTask,MOM,MOM,1,True,False,True,False,True,True,False,False,True
HCM,ReqHCM,MOM,MOM,1,True,False,True,False,True,True,False,False,True
HCM,tick,MOM,MOM,1,True,False,True,False,True,True,False,False,True
CAM,ReqVel,OCM,OCM,1,True,False,True,False,True,True,False,False,True
CAM,ReqHdng,OCM,OCM,1,True,False,True,False,True,True,False,False,True
CAM,ReqMOM,OCM,OCM,1,True,False,True,False,True,True,False,False,True
CAM,ReqOCM,OCM,OCM,1,True,False,True,False,True,True,False,False,True
CAM,EndTask,OCM,OCM,1,True,False,True,False,True,True,False,False,True
CAM,ReqHCM,OCM,OCM,1,True,False,True,False,True,True,False,False,True
CAM,tick,OCM,OCM,1,True,False,True,False,True,True,False,False,True
OCM,ReqVel,OCM,OCM,1,True,False,True,False,True,True,False,True,False
OCM,ReqHdng,OCM,OCM,1,True,False,True,False,True,True,False,True,False
OCM,ReqMOM,OCM,OCM,1,True,False,True,False,True,True,False,True,False
OCM,ReqOCM,OCM,OCM,1,True,False,True,False,True,True,False,True,False
OCM,EndTask,OCM,OCM,1,True,False,True,False,True,True,False,True,False
OCM,ReqHCM,OCM,OCM,1,True,False,True,False,True,True,False,True,False
OCM,tick,OCM,OCM,1,True,False,True,False,True,True,False,True,False
MOM,ReqVel,HCM,HCM,1,True,False,True,False,True,True,False,True,False
MOM,ReqHdng,HCM,HCM,1,True,False,True,False,True,True,False,True,False
MOM,ReqMOM,HCM,HCM,1,True,False,True,False,True,True,False,True,False
MOM,ReqOCM,HCM,HCM|OCM,2,False,False,True,False,True,True,False,True,False
MOM,EndTask,HCM,HCM|OCM,2,False,False,True,False,True,True,False,True,False
MOM,ReqHCM,HCM,HCM,1,True,False,True,False,True,True,False,True,False
MOM,tick,HCM,HCM,1,True,False,True,False,True,True,False,True,False
HCM,ReqVel,MOM,MOM,1,True,False,True,False,True,True,False,True,False
HCM,ReqHdng,MOM,MOM,1,True,False,True,False,True,True,False,True,False
HCM,ReqMOM,MOM,MOM,1,True,False,True,False,True,True,False,True,False
HCM,ReqOCM,MOM,MOM|OCM,2,False,False,True,False,True,True,False,True,False
HCM,EndTask,MOM,MOM,1,True,False,True,False,True,True,False,True,False
HCM,ReqHCM,MOM,MOM,1,True,False,True,False,True,True,False,True,False
HCM,tick,MOM,MOM,1,True,False,True,False,True,True,False,True,False
CAM,ReqVel,CAM,CAM,1,True,False,True,False,True,True,False,True,False
CAM,ReqHdng,CAM,CAM,1,True,False,True,False,True,True,False,True,False
CAM,ReqMOM,CAM,CAM,1,True,False,True,False,True,True,False,True,False
CAM,ReqOCM,OCM,OCM,1,True,False,True,False,True,True,False,True,False
CAM,EndTask,CAM,CAM,1,True,False,True,False,True,True,False,True,False
CAM,ReqHCM,CAM,CAM,1,True,False,True,False,True,True,False,True,False
CAM,tick,CAM,CAM,1,True,False,True,False,True,True,False,True,False
OCM,ReqVel,OCM,OCM,1,True,False,True,False,True,True,False,True,True
OCM,ReqHdng,OCM,OCM,1,True,False,True,False,True,True,False,True,True
OCM,ReqMOM,OCM,OCM,1,True,False,True,False,True,True,False,True,True
OCM,ReqOCM,OCM,OCM,1,True,False,True,False,True,True,False,True,True
OCM,EndTask,OCM,OCM,1,True,False,True,False,True,True,False,True,True
OCM,ReqHCM,OCM,OCM,1,True,False,True,False,True,True,False,True,True
OCM,tick,OCM,OCM,1,True,False,True,False,True,True,False,True,True
MOM,ReqVel,HCM,HCM,1,True,False,True,False,True,True,False,True,True
MOM,ReqHdng,HCM,HCM,1,True,False,True,False,True,True,False,True,True
MOM,ReqMOM,HCM,HCM,1,True,False,True,False,True,True,False,True,True
MOM,ReqOCM,HCM,HCM|OCM,2,False,False,True,False,True,True,False,True,True
MOM,EndTask,HCM,HCM|OCM,2,False,False,True,False,True,True,False,True,True
MOM,ReqHCM,HCM,HCM,1,True,False,True,False,True,True,False,True,True
MOM,tick,HCM,HCM,1,True,False,True,False,True,True,False,True,True
HCM,ReqVel,MOM,MOM,1,True,False,True,False,True,True,False,True,True
HCM,ReqHdng,MOM,MOM,1,True,False,True,False,True,True,False,True,True
HCM,ReqMOM,MOM,MOM,1,True,False,True,False,True,True,False,True,True
HCM,ReqOCM,MOM,MOM|OCM,2,False,False,True,False,True,True,False,True,True
HCM,EndTask,MOM,MOM,1,True,False,True,False,True,True,False,True,True
HCM,ReqHCM,MOM,MOM,1,True,False,True,False,True,True,False,True,True
HCM,tick,MOM,MOM,1,True,False,True,False,True,True,False,True,True
CAM,ReqVel,OCM,OCM,1,True,False,True,False,True,True,False,True,True
CAM,ReqHdng,OCM,OCM,1,True,False,True,False,True,True,False,True,True
CAM,ReqMOM,OCM,OCM,1,True,False,True,False,True,True,False,True,True
CAM,ReqOCM,OCM,OCM,1,True,False,True,False,True,True,False,True,True
CAM,EndTask,OCM,OCM,1,True,False,True,False,True,True,False,True,True
CAM,ReqHCM,OCM,OCM,1,True,False,True,False,True,True,False,True,True
CAM,tick,OCM,OCM,1,True,False,True,False,True,True,False,True,True
OCM,ReqVel,OCM,OCM,1,True,False,True,False,True,True,True,False,False
OCM,ReqHdng,OCM,OCM,1,True,False,True,False,True,True,True,False,False
OCM,ReqMOM,OCM,OCM,1,True,False,True,False,True,True,True,False,False
OCM,ReqOCM,OCM,OCM,1,True,False,True,False,True,True,True,False,False
OCM,EndTask,OCM,OCM,1,True,False,True,False,True,True,True,False,False
OCM,ReqHCM,OCM,OCM,1,True,False,True,False,True,True,True,False,False
OCM,tick,OCM,OCM,1,True,False,True,False,True,True,True,False,False
MOM,ReqVel,HCM,HCM,1,True,False,True,False,True,True,True,False,False
MOM,ReqHdng,HCM,HCM,1,True,False,True,False,True,True,True,False,False
MOM,ReqMOM,HCM,HCM,1,True,False,True,False,True,True,True,False,False
MOM,ReqOCM,HCM,HCM|OCM,2,False,False,True,False,True,True,True,False,False
MOM,EndTask,HCM,HCM|OCM,2,False,False,True,False,True,True,True,False,False
MOM,ReqHCM,HCM,HCM,1,True,False,True,False,True,True,True,False,False
MOM,tick,HCM,HCM,1,True,False,True,False,True,True,True,False,False
HCM,ReqVel,MOM,MOM,1,True,False,True,False,True,True,True,False,False
HCM,ReqHdng,MOM,MOM,1,True,False,True,False,True,True,True,False,False
HCM,ReqMOM,MOM,MOM,1,True,False,True,False,True,True,True,False,False
HCM,ReqOCM,MOM,MOM|OCM,2,False,False,True,False,True,True,True,False,False
HCM,EndTask,MOM,MOM,1,True,False,True,False,True,True,True,False,False
HCM,ReqHCM,MOM,MOM,1,True,False,True,False,True,True,True,False,False
HCM,tick,MOM,MOM,1,True,False,True,False,True,True,True,False,False
CAM,ReqVel,CAM,CAM,1,True,False,True,False,True,True,True,False,False
CAM,ReqHdng,CAM,CAM,1,True,False,True,False,True,True,True,False,False
CAM,ReqMOM,CAM,CAM,1,True,False,True,False,True,True,True,False,False
CAM,ReqOCM,OCM,OCM,1,True,False,True,False,True,True,True,False,False
CAM,EndTask,CAM,CAM,1,True,False,True,False,True,True,True,False,False
CAM,ReqHCM,CAM,CAM,1,True,False,True,False,True,True,True,False,False
CAM,tick,CAM,CAM,1,True,False,True,False,True,True,True,False,False
OCM,ReqVel,OCM,OCM,1,True,False,True,False,True,True,True,False,True
OCM,ReqHdng,OCM,OCM,1,True,False,True,False,True,True,True,False,True
OCM,ReqMOM,OCM,OCM,1,True,False,True,False,True,True,True,False,True
OCM,ReqOCM,OCM,OCM,1,True,False,True,False,True,True,True,False,True
OCM,EndTask,OCM,OCM,1,True,False,True,False,True,True,True,False,True
OCM,ReqHCM,OCM,OCM,1,True,False,True,False,True,True,True,False,True
OCM,tick,OCM,OCM,1,True,False,True,False,True,True,True,False,True
MOM,ReqVel,HCM,HCM,1,True,False,True,False,True,True,True,False,True
MOM,ReqHdng,HCM,HCM,1,True,False,True,False,True,True,True,False,True
MOM,ReqMOM,HCM,HCM,1,True,False,True,False,True,True,True,False,True
MOM,ReqOCM,HCM,HCM|OCM,2,False,False,True,False,True,True,True,False,True
MOM,EndTask,HCM,HCM|OCM,2,False,False,True,False,True,True,True,False,True
MOM,ReqHCM,HCM,HCM,1,True,False,True,False,True,True,True,False,True
MOM,tick,HCM,HCM,1,True,False,True,False,True,True,True,False,True
HCM,ReqVel,MOM,MOM,1,True,False,True,False,True,True,True,False,True
HCM,ReqHdng,MOM,MOM,1,True,False,True,False,True,True,True,False,True
HCM,ReqMOM,MOM,MOM,1,True,False,True,False,True,True,True,False,True
HCM,ReqOCM,MOM,MOM|OCM,2,False,False,True,False,True,True,True,False,True
HCM,EndTask,MOM,MOM,1,True,False,True,False,True,True,True,False,True
HCM,ReqHCM,MOM,MOM,1,True,False,True,False,True,True,True,False,True
HCM,tick,MOM,MOM,1,True,False,True,False,True,True,True,False,True
CAM,ReqVel,OCM,OCM,1,True,False,True,False,True,True,True,False,True
CAM,ReqHdng,OCM,OCM,1,True,False,True,False,True,True,True,False,True
CAM,ReqMOM,OCM,OCM,1,True,False,True,False,True,True,True,False,True
CAM,ReqOCM,OCM,OCM,1,True,False,True,False,True,True,True,False,True
CAM,EndTask,OCM,OCM,1,True,False,True,False,True,True,True,False,True
CAM,ReqHCM,OCM,OCM,1,True,False,True,False,True,True,True,False,True
CAM,tick,OCM,OCM,1,True,False,True,False,True,True,True,False,True
OCM,ReqVel,OCM,MOM|OCM,2,False,False,True,False,True,True,True,True,False
OCM,ReqHdng,OCM,MOM|OCM,2,False,False,True,False,True,True,True,True,False
OCM,ReqMOM,MOM,MOM,1,True,False,True,False,True,True,True,True,False
OCM,ReqOCM,OCM,MOM,1,False,False,True,False,True,True,True,True,False
OCM,EndTask,OCM,MOM,1,False,False,True,False,True,True,True,True,False
OCM,ReqHCM,OCM,MOM,1,False,False,True,False,True,True,True,True,False
OCM,tick,OCM,MOM,1,False,False,True,False,True,True,True,True,False
MOM,ReqVel,HCM,HCM,1,True,False,True,False,True,True,True,True,False
MOM,ReqHdng,HCM,HCM,1,True,False,True,False,True,True,True,True,False
MOM,ReqMOM,HCM,HCM,1,True,False,True,False,True,True,True,True,False
MOM,ReqOCM,HCM,HCM|OCM,2,False,False,True,False,True,True,True,True,False
MOM,EndTask,HCM,HCM|OCM,2,False,False,True,False,True,True,True,True,False
MOM,ReqHCM,HCM,HCM,1,True,False,True,False,True,True,True,True,False
MOM,tick,HCM,HCM,1,True,False,True,False,True,True,True,True,False
HCM,ReqVel,MOM,MOM,1,True,False,True,False,True,True,True,True,False
HCM,ReqHdng,MOM,MOM,1,True,False,True,False,True,True,True,True,False
HCM,ReqMOM,MOM,MOM,1,True,False,True,False,True,True,True,True,False
HCM,ReqOCM,MOM,MOM|OCM,2,False,False,True,False,True,True,True,True,False
HCM,EndTask,MOM,MOM,1,True,False,True,False,True,True,True,True,False
HCM,ReqHCM,MOM,MOM,1,True,False,True,False,True,True,True,True,False
HCM,tick,MOM,MOM,1,True,False,True,False,True,True,True,True,False
CAM,ReqVel,CAM,CAM,1,True,False,True,False,True,True,True,True,False
CAM,ReqHdng,CAM,CAM,1,True,False,True,False,True,True,True,True,False
CAM,ReqMOM,CAM,CAM,1,True,False,True,False,True,True,True,True,False
CAM,ReqOCM,OCM,OCM,1,True,False,True,False,True,True,True,True,False
CAM,EndTask,CAM,CAM,1,True,False,True,False,True,True,True,True,False
CAM,ReqHCM,CAM,CAM,1,True,False,True,False,True,True,True,True,False
CAM,tick,CAM,CAM,1,True,False,True,False,True,True,True,True,False
OCM,ReqVel,OCM,MOM|OCM,2,False,False,True,False,True,True,True,True,True
OCM,ReqHdng,OCM,MOM|OCM,2,False,False,True,False,True,True,True,True,True
OCM,ReqMOM,MOM,MOM,1,True,False,True,False,True,True,True,True,True
OCM,ReqOCM,OCM,MOM,1,False,False,True,False,True,True,True,True,True
OCM,EndTask,OCM,MOM,1,False,False,True,False,True,True,True,True,True
OCM,ReqHCM,OCM,MOM,1,False,False,True,False,True,True,True,True,True
OCM,tick,OCM,MOM,1,False,False,True,False,True,True,True,True,True
MOM,ReqVel,HCM,HCM,1,True,False,True,False,True,True,True,True,True
MOM,ReqHdng,HCM,HCM,1,True,False,True,False,True,True,True,True,True
MOM,ReqMOM,HCM,HCM,1,True,False,True,False,True,True,True,True,True
MOM,ReqOCM,HCM,HCM|OCM,2,False,False,True,False,True,True,True,True,True
MOM,EndTask,HCM,HCM|OCM,2,False,False,True,False,True,True,True,True,True
MOM,ReqHCM,HCM,HCM,1,True,False,True,False,True,True,True,True,True
MOM,tick,HCM,HCM,1,True,False,True,False,True,True,True,True,True
HCM,ReqVel,MOM,MOM,1,True,False,True,False,True,True,True,True,True
HCM,ReqHdng,MOM,MOM,1,True,False,True,False,True,True,True,True,True
HCM,ReqMOM,MOM,MOM,1,True,False,True,False,True,True,True,True,True
HCM,ReqOCM,MOM,MOM|OCM,2,False,False,True,False,True,True,True,True,True
HCM,EndTask,MOM,MOM,1,True,False,True,False,True,True,True,True,True
HCM,ReqHCM,MOM,MOM,1,True,False,True,False,True,True,True,True,True
HCM,tick,MOM,MOM,1,True,False,True,False,True,True,True,True,True
CAM,ReqVel,OCM,OCM,1,True,False,True,False,True,True,True,True,True
CAM,ReqHdng,OCM,OCM,1,True,False,True,False,True,True,True,True,True
CAM,ReqMOM,OCM,OCM,1,True,False,True,False,True,True,True,True,True
CAM,ReqOCM,OCM,OCM,1,True,False,True,False,True,True,True,True,True
CAM,EndTask,OCM,OCM,1,True,False,True,False,True,True,True,True,True
CAM,ReqHCM,OCM,OCM,1,True,False,True,False,True,True,True,True,True
CAM,tick,OCM,OCM,1,True,False,True,False,True,True,True,True,True
OCM,ReqVel,OCM,OCM,1,True,False,True,True,False,False,False,False,False
OCM,ReqHdng,OCM,OCM,1,True,False,True,True,False,False,False,False,False
OCM,ReqMOM,OCM,OCM,1,True,False,True,True,False,False,False,False,False
OCM,ReqOCM,OCM,OCM,1,True,False,True,True,False,False,False,False,False
OCM,EndTask,OCM,OCM,1,True,False,True,True,False,False,False,False,False
OCM,ReqHCM,OCM,OCM,1,True,False,True,True,False,False,False,False,False
OCM,tick,OCM,OCM,1,True,False,True,True,False,False,False,False,False
MOM,ReqVel,HCM,HCM,1,True,False,True,True,False,False,False,False,False
MOM,ReqHdng,HCM,HCM,1,True,False,True,True,False,False,False,False,False
MOM,ReqMOM,HCM,HCM,1,True,False,True,True,False,False,False,False,False
MOM,ReqOCM,HCM,HCM|OCM,2,False,False,True,True,False,False,False,False,False
MOM,EndTask,HCM,HCM|OCM,2,False,False,True,True,False,False,False,False,False
MOM,ReqHCM,HCM,HCM,1,True,False,True,True,False,False,False,False,False
MOM,tick,HCM,HCM,1,True,False,True,True,False,False,False,False,False
HCM,ReqVel,OCM,OCM,1,True,False,True,True,False,False,False,False,False
HCM,ReqHdng,OCM,OCM,1,True,False,True,True,False,False,False,False,False
HCM,ReqMOM,OCM,OCM,1,True,False,True,True,False,False,False,False,False
HCM,ReqOCM,OCM,OCM,1,True,False,True,True,False,False,False,False,False
HCM,EndTask,OCM,OCM,1,True,False,True,True,False,False,False,False,False
HCM,ReqHCM,OCM,OCM,1,True,False,True,True,False,False,False,False,False
HCM,tick,OCM,OCM,1,True,False,True,True,False,False,False,False,False
CAM,ReqVel,CAM,CAM,1,True,False,True,True,False,False,False,False,False
CAM,ReqHdng,CAM,CAM,1,True,False,True,True,False,False,False,False,False
CAM,ReqMOM,CAM,CAM,1,True,False,True,True,False,False,False,False,False
CAM,ReqOCM,OCM,OCM,1,True,False,True,True,False,False,False,False,False
CAM,EndTask,CAM,CAM,1,True,False,True,True,False,False,False,False,False
CAM,ReqHCM,CAM,CAM,1,True,False,True,True,False,False,False,False,False
CAM,tick,CAM,CAM,1,True,False,True,True,False,False,False,False,False
OCM,ReqVel,OCM,OCM,1,True,False,True,True,False,False,False,False,True
OCM,ReqHdng,OCM,OCM,1,True,False,True,True,False,False,False,False,True
OCM,ReqMOM,OCM,OCM,1,True,False,True,True,False,False,False,False,True
OCM,ReqOCM,OCM,OCM,1,True,False,True,True,False,False,False,False,True
OCM,EndTask,OCM,OCM,1,True,False,True,True,False,False,False,False,True
OCM,ReqHCM,OCM,OCM,1,True,False,True,True,False,False,False,False,True
OCM,tick,OCM,OCM,1,True,False,True,True,False,False,False,False,True
MOM,ReqVel,HCM,HCM,1,True,False,True,True,False,False,False,False,True
MOM,ReqHdng,HCM,HCM,1,True,False,True,True,False,False,False,False,True
MOM,ReqMOM,HCM,HCM,1,True,False,True,True,False,False,False,False,True
MOM,ReqOCM,HCM,HCM|OCM,2,False,False,True,True,False,False,False,False,True
MOM,EndTask,HCM,HCM|OCM,2,False,False,True,True,False,False,False,False,True
MOM,ReqHCM,HCM,HCM,1,True,False,True,True,False,False,False,False,True
MOM,tick,HCM,HCM,1,True,False,True,True,False,False,False,False,True
HCM,ReqVel,OCM,OCM,1,True,False,True,True,False,False,False,False,True
HCM,ReqHdng,OCM,OCM,1,True,False,True,True,False,False,False,False,True
HCM,ReqMOM,OCM,OCM,1,True,False,True,True,False,False,False,False,True
HCM,ReqOCM,OCM,OCM,1,True,False,True,True,False,False,False,False,True
HCM,EndTask,OCM,OCM,1,True,False,True,True,False,False,False,False,True
HCM,ReqHCM,OCM,OCM,1,True,False,True,True,False,False,False,False,True
HCM,tick,OCM,OCM,1,True,False,True,True,False,False,False,False,True
CAM,ReqVel,OCM,OCM,1,True,False,True,True,False,False,False,False,True
CAM,ReqHdng,OCM,OCM,1,True,False,True,True,False,False,False,False,True
CAM,ReqMOM,OCM,OCM,1,True,False,True,True,False,False,False,False,True
CAM,ReqOCM,OCM,OCM,1,True,False,True,True,False,False,False,False,True
CAM,EndTask,OCM,OCM,1,True,False,True,True,False,False,False,False,True
CAM,ReqHCM,OCM,OCM,1,True,False,True,True,False,False,False,False,True
CAM,tick,OCM,OCM,1,True,False,True,True,False,False,False,False,True
OCM,ReqVel,OCM,OCM,1,True,False,True,True,False,False,False,True,False
OCM,ReqHdng,OCM,OCM,1,True,False,True,True,False,False,False,True,False
OCM,ReqMOM,OCM,OCM,1,True,False,True,True,False,False,False,True,False
OCM,ReqOCM,OCM,OCM,1,True,False,True,True,False,False,False,True,False
OCM,EndTask,OCM,OCM,1,True,False,True,True,False,False,False,True,False
OCM,ReqHCM,OCM,OCM,1,True,False,True,True,False,False,False,True,False
OCM,tick,OCM,OCM,1,True,False,True,True,False,False,False,True,False
MOM,ReqVel,HCM,HCM,1,True,False,True,True,False,False,False,True,False
MOM,ReqHdng,HCM,HCM,1,True,False,True,True,False,False,False,True,False
MOM,ReqMOM,HCM,HCM,1,True,False,True,True,False,False,False,True,False
MOM,ReqOCM,HCM,HCM|OCM,2,False,False,True,True,False,False,False,True,False
MOM,EndTask,HCM,HCM|OCM,2,False,False,True,True,False,False,False,True,False
MOM,ReqHCM,HCM,HCM,1,True,False,True,True,False,False,False,True,False
MOM,tick,HCM,HCM,1,True,False,True,True,False,False,False,True,False
HCM,ReqVel,OCM,OCM,1,True,False,True,True,False,False,False,True,False
HCM,ReqHdng,OCM,OCM,1,True,False,True,True,False,False,False,True,False
HCM,ReqMOM,OCM,OCM,1,True,False,True,True,False,False,False,True,False
HCM,ReqOCM,OCM,OCM,1,True,False,True,True,False,False,False,True,False
HCM,EndTask,OCM,OCM,1,True,False,True,True,False,False,False,True,False
HCM,ReqHCM,OCM,OCM,1,True,False,True,True,False,False,False,True,False
HCM,tick,OCM,OCM,1,True,False,True,True,False,False,False,True,False
CAM,ReqVel,CAM,CAM,1,True,False,True,True,False,False,False,True,False
CAM,ReqHdng,CAM,CAM,1,True,False,True,True,False,False,False,True,False
CAM,ReqMOM,CAM,CAM,1,True,False,True,True,False,False,False,True,False
CAM,ReqOCM,OCM,OCM,1,True,False,True,True,False,False,False,True,False
CAM,EndTask,CAM,CAM,1,True,False,True,True,False,False,False,True,False
CAM,ReqHCM,CAM,CAM,1,True,False,True,True,False,False,False,True,False
CAM,tick,CAM,CAM,1,True,False,True,True,False,False,False,True,False
OCM,ReqVel,OCM,OCM,1,True,False,True,True,False,False,False,True,True
OCM,ReqHdng,OCM,OCM,1,True,False,True,True,False,False,False,True,True
OCM,ReqMOM,OCM,OCM,1,True,False,True,True,False,False,False,True,True
OCM,ReqOCM,OCM,OCM,1,True,False,True,True,False,False,False,True,True
OCM,EndTask,OCM,OCM,1,True,False,True,True,False,False,False,True,True
OCM,ReqHCM,OCM,OCM,1,True,False,True,True,False,False,False,True,True
OCM,tick,OCM,OCM,1,True,False,True,True,False,False,False,True,True
MOM,ReqVel,HCM,HCM,1,True,False,True,True,False,False,False,True,True
MOM,ReqHdng,HCM,HCM,1,True,False,True,True,False,False,False,True,True
MOM,ReqMOM,HCM,HCM,1,True,False,True,True,False,False,False,True,True
MOM,ReqOCM,HCM,HCM|OCM,2,False,False,True,True,False,False,False,True,True
MOM,EndTask,HCM,HCM|OCM,2,False,False,True,True,False,False,False,True,True
MOM,ReqHCM,HCM,HCM,1,True,False,True,True,False,False,False,True,True
MOM,tick,HCM,HCM,1,True,False,True,True,False,False,False,True,True
HCM,ReqVel,OCM,OCM,1,True,False,True,True,False,False,False,True,True
HCM,ReqHdng,OCM,OCM,1,True,False,True,True,False,False,False,True,True
HCM,ReqMOM,OCM,OCM,1,True,False,True,True,False,False,False,True,True
HCM,ReqOCM,OCM,OCM,1,True,False,True,True,False,False,False,True,True
HCM,EndTask,OCM,OCM,1,True,False,True,True,False,False,False,True,True
HCM,ReqHCM,OCM,OCM,1,True,False,True,True,False,False,False,True,True
HCM,tick,OCM,OCM,1,True,False,True,True,False,False,False,True,True
CAM,ReqVel,OCM,OCM,1,True,False,True,True,False,False,False,True,True
CAM,ReqHdng,OCM,OCM,1,True,False,True,True,False,False,False,True,True
CAM,ReqMOM,OCM,OCM,1,True,False,True,True,False,False,False,True,True
CAM,ReqOCM,OCM,OCM,1,True,False,True,True,False,False,False,True,True
CAM,EndTask,OCM,OCM,1,True,False,True,True,False,False,False,True,True
CAM,ReqHCM,OCM,OCM,1,True,False,True,True,False,False,False,True,True
CAM,tick,OCM,OCM,1,True,False,True,True,False,False,False,True,True
OCM,ReqVel,OCM,OCM,1,True,False,True,True,False,False,True,False,False
OCM,ReqHdng,OCM,OCM,1,True,False,True,True,False,False,True,False,False
OCM,ReqMOM,OCM,OCM,1,True,False,True,True,False,False,True,False,False
OCM,ReqOCM,OCM,OCM,1,True,False,True,True,False,False,True,False,False
OCM,EndTask,OCM,OCM,1,True,False,True,True,False,False,True,False,False
OCM,ReqHCM,OCM,OCM,1,True,False,True,True,False,False,True,False,False
OCM,tick,OCM,OCM,1,True,False,True,True,False,False,True,False,False
MOM,ReqVel,HCM,HCM,1,True,False,True,True,False,False,True,False,False
MOM,ReqHdng,HCM,HCM,1,True,False,True,True,False,False,True,False,False
MOM,ReqMOM,HCM,HCM,1,True,False,True,True,False,False,True,False,False
MOM,ReqOCM,HCM,HCM|OCM,2,False,False,True,True,False,False,True,False,False
MOM,EndTask,HCM,HCM|OCM,2,False,False,True,True,False,False,True,False,False
MOM,ReqHCM,HCM,HCM,1,True,False,True,True,False,False,True,False,False
MOM,tick,HCM,HCM,1,True,False,True,True,False,False,True,False,False
HCM,ReqVel,OCM,OCM,1,True,False,True,True,False,False,True,False,False
HCM,ReqHdng,OCM,OCM,1,True,False,True,True,False,False,True,False,False
HCM,ReqMOM,OCM,OCM,1,True,False,True,True,False,False,True,False,False
HCM,ReqOCM,OCM,OCM,1,True,False,True,True,False,False,True,False,False
HCM,EndTask,OCM,OCM,1,True,False,True,True,False,False,True,False,False
HCM,ReqHCM,OCM,OCM,1,True,False,True,True,False,False,True,False,False
HCM,tick,OCM,OCM,1,True,False,True,True,False,False,True,False,False
CAM,ReqVel,CAM,CAM,1,True,False,True,True,False,False,True,False,False
CAM,ReqHdng,CAM,CAM,1,True,False,True,True,False,False,True,False,False
CAM,ReqMOM,CAM,CAM,1,True,False,True,True,False,False,True,False,False
CAM,ReqOCM,OCM,OCM,1,True,False,True,True,False,False,True,False,False
CAM,EndTask,CAM,CAM,1,True,False,True,True,False,False,True,False,False
CAM,ReqHCM,CAM,CAM,1,True,False,True,True,False,False,True,False,False
CAM,tick,CAM,CAM,1,True,False,True,True,False,False,True,False,False
OCM,ReqVel,OCM,OCM,1,True,False,True,True,False,False,True,False,True
OCM,ReqHdng,OCM,OCM,1,True,False,True,True,False,False,True,False,True
OCM,ReqMOM,OCM,OCM,1,True,False,True,True,False,False,True,False,True
OCM,ReqOCM,OCM,OCM,1,True,False,True,True,False,False,True,False,True
OCM,EndTask,OCM,OCM,1,True,False,True,True,False,False,True,False,True
OCM,ReqHCM,OCM,OCM,1,True,False,True,True,False,False,True,False,True
OCM,tick,OCM,OCM,1,True,False,True,True,False,False,True,False,True
MOM,ReqVel,HCM,HCM,1,True,False,True,True,False,False,True,False,True
MOM,ReqHdng,HCM,HCM,1,True,False,True,True,False,False,True,False,True
MOM,ReqMOM,HCM,HCM,1,True,False,True,True,False,False,True,False,True
MOM,ReqOCM,HCM,HCM|OCM,2,False,False,True,True,False,False,True,False,True
MOM,EndTask,HCM,HCM|OCM,2,False,False,True,True,False,False,True,False,True
MOM,ReqHCM,HCM,HCM,1,True,False,True,True,False,False,True,False,True
MOM,tick,HCM,HCM,1,True,False,True,True,False,False,True,False,True
HCM,ReqVel,OCM,OCM,1,True,False,True,True,False,False,True,False,True
HCM,ReqHdng,OCM,OCM,1,True,False,True,True,False,False,True,False,True
HCM,ReqMOM,OCM,OCM,1,True,False,True,True,False,False,True,False,True
HCM,ReqOCM,OCM,OCM,1,True,False,True,True,False,False,True,False,True
HCM,EndTask,OCM,OCM,1,True,False,True,True,False,False,True,False,True
HCM,ReqHCM,OCM,OCM,1,True,False,True,True,False,False,True,False,True
HCM,tick,OCM,OCM,1,True,False,True,True,False,False,True,False,True
CAM,ReqVel,OCM,OCM,1,True,False,True,True,False,False,True,False,True
CAM,ReqHdng,OCM,OCM,1,True,False,True,True,False,False,True,False,True
CAM,ReqMOM,OCM,OCM,1,True,False,True,True,False,False,True,False,True
CAM,ReqOCM,OCM,OCM,1,True,False,True,True,False,False,True,False,True
CAM,EndTask,OCM,OCM,1,True,False,True,True,False,False,True,False,True
CAM,ReqHCM,OCM,OCM,1,True,False,True,True,False,False,True,False,True
CAM,tick,OCM,OCM,1,True,False,True,True,False,False,True,False,True
OCM,ReqVel,OCM,OCM,1,True,False,True,True,False,False,True,True,False
OCM,ReqHdng,OCM,OCM,1,True,False,True,True,False,False,True,True,False
OCM,ReqMOM,OCM,OCM,1,True,False,True,True,False,False,True,True,False
OCM,ReqOCM,OCM,OCM,1,True,False,True,True,False,False,True,True,False
OCM,EndTask,OCM,OCM,1,True,False,True,True,False,False,True,True,False
OCM,ReqHCM,OCM,OCM,1,True,False,True,True,False,False,True,True,False
OCM,tick,OCM,OCM,1,True,False,True,True,False,False,True,True,False
MOM,ReqVel,HCM,HCM,1,True,False,True,True,False,False,True,True,False
MOM,ReqHdng,HCM,HCM,1,True,False,True,True,False,False,True,True,False
MOM,ReqMOM,HCM,HCM,1,True,False,True,True,False,False,True,True,False
MOM,ReqOCM,HCM,HCM|OCM,2,False,False,True,True,False,False,True,True,False
MOM,EndTask,HCM,HCM|OCM,2,False,False,True,True,False,False,True,True,False
MOM,ReqHCM,HCM,HCM,1,True,False,True,True,False,False,True,True,False
MOM,tick,HCM,HCM,1,True,False,True,True,False,False,True,True,False
HCM,ReqVel,OCM,OCM,1,True,False,True,True,False,False,True,True,False
HCM,ReqHdng,OCM,OCM,1,True,False,True,True,False,False,True,True,False
HCM,ReqMOM,OCM,OCM,1,True,False,True,True,False,False,True,True,False
HCM,ReqOCM,OCM,OCM,1,True,False,True,True,False,False,True,True,False
HCM,EndTask,OCM,OCM,1,True,False,True,True,False,False,True,True,False
HCM,ReqHCM,OCM,OCM,1,True,False,True,True,False,False,True,True,False
HCM,tick,OCM,OCM,1,True,False,True,True,False,False,True,True,False
CAM,ReqVel,CAM,CAM,1,True,False,True,True,False,False,True,True,False
CAM,ReqHdng,CAM,CAM,1,True,False,True,True,False,False,True,True,False
CAM,ReqMOM,CAM,CAM,1,True,False,True,True,False,False,True,True,False
CAM,ReqOCM,OCM,OCM,1,True,False,True,True,False,False,True,True,False
CAM,EndTask,CAM,CAM,1,True,False,True,True,False,False,True,True,False
CAM,ReqHCM,CAM,CAM,1,True,False,True,True,False,False,True,True,False
CAM,tick,CAM,CAM,1,True,False,True,True,False,False,True,True,False
OCM,ReqVel,OCM,OCM,1,True,False,True,True,False,False,True,True,True
OCM,ReqHdng,OCM,OCM,1,True,False,True,True,False,False,True,True,True
OCM,ReqMOM,OCM,OCM,1,True,False,True,True,False,False,True,True,True
OCM,ReqOCM,OCM,OCM,1,True,False,True,True,False,False,True,True,True
OCM,EndTask,OCM,OCM,1,True,False,True,True,False,False,True,True,True
OCM,ReqHCM,OCM,OCM,1,True,False,True,True,False,False,True,True,True
OCM,tick,OCM,OCM,1,True,False,True,True,False,False,True,True,True
MOM,ReqVel,HCM,HCM,1,True,False,True,True,False,False,True,True,True
MOM,ReqHdng,HCM,HCM,1,True,False,True,True,False,False,True,True,True
MOM,ReqMOM,HCM,HCM,1,True,False,True,True,False,False,True,True,True
MOM,ReqOCM,HCM,HCM|OCM,2,False,False,True,True,False,False,True,True,True
MOM,EndTask,HCM,HCM|OCM,2,False,False,True,True,False,False,True,True,True
MOM,ReqHCM,HCM,HCM,1,True,False,True,True,False,False,True,True,True
MOM,tick,HCM,HCM,1,True,False,True,True,False,False,True,True,True
HCM,ReqVel,OCM,OCM,1,True,False,True,True,False,False,True,True,True
HCM,ReqHdng,OCM,OCM,1,True,False,True,True,False,False,True,True,True
HCM,ReqMOM,OCM,OCM,1,True,False,True,True,False,False,True,True,True
HCM,ReqOCM,OCM,OCM,1,True,False,True,True,False,False,True,True,True
HCM,EndTask,OCM,OCM,1,True,False,True,True,False,False,True,True,True
HCM,ReqHCM,OCM,OCM,1,True,False,True,True,False,False,True,True,True
HCM,tick,OCM,OCM,1,True,False,True,True,False,False,True,True,True
CAM,ReqVel,OCM,OCM,1,True,False,True,True,False,False,True,True,True
CAM,ReqHdng,OCM,OCM,1,True,False,True,True,False,False,True,True,True
CAM,ReqMOM,OCM,OCM,1,True,False,True,True,False,False,True,True,True
CAM,ReqOCM,OCM,OCM,1,True,False,True,True,False,False,True,True,True
CAM,EndTask,OCM,OCM,1,True,False,True,True,False,False,True,True,True
CAM,ReqHCM,OCM,OCM,1,True,False,True,True,False,False,True,True,True
CAM,tick,OCM,OCM,1,True,False,True,True,False,False,True,True,True
OCM,ReqVel,OCM,OCM,1,True,False,True,True,False,True,False,False,False
OCM,ReqHdng,OCM,OCM,1,True,False,True,True,False,True,False,False,False
OCM,ReqMOM,OCM,OCM,1,True,False,True,True,False,True,False,False,False
OCM,ReqOCM,OCM,OCM,1,True,False,True,True,False,True,False,False,False
OCM,EndTask,OCM,OCM,1,True,False,True,True,False,True,False,False,False
OCM,ReqHCM,OCM,OCM,1,True,False,True,True,False,True,False,False,False
OCM,tick,OCM,OCM,1,True,False,True,True,False,True,False,False,False
MOM,ReqVel,HCM,HCM,1,True,False,True,True,False,True,False,False,False
MOM,ReqHdng,HCM,HCM,1,True,False,True,True,False,True,False,False,False
MOM,ReqMOM,HCM,HCM,1,True,False,True,True,False,True,False,False,False
MOM,ReqOCM,HCM,HCM|OCM,2,False,False,True,True,False,True,False,False,False
MOM,EndTask,HCM,HCM|OCM,2,False,False,True,True,False,True,False,False,False
MOM,ReqHCM,HCM,HCM,1,True,False,True,True,False,True,False,False,False
MOM,tick,HCM,HCM,1,True,False,True,True,False,True,False,False,False
HCM,ReqVel,OCM,OCM,1,True,False,True,True,False,True,False,False,False
HCM,ReqHdng,OCM,OCM,1,True,False,True,True,False,True,False,False,False
HCM,ReqMOM,OCM,OCM,1,True,False,True,True,False,True,False,False,False
HCM,ReqOCM,OCM,OCM,1,True,False,True,True,False,True,False,False,False
HCM,EndTask,OCM,OCM,1,True,False,True,True,False,True,False,False,False
HCM,ReqHCM,OCM,OCM,1,True,False,True,True,False,True,False,False,False
HCM,tick,OCM,OCM,1,True,False,True,True,False,True,False,False,False
CAM,ReqVel,CAM,CAM,1,True,False,True,True,False,True,False,False,False
CAM,ReqHdng,CAM,CAM,1,True,False,True,True,False,True,False,False,False
CAM,ReqMOM,CAM,CAM,1,True,False,True,True,False,True,False,False,False
CAM,ReqOCM,OCM,OCM,1,True,False,True,True,False,True,False,False,False
CAM,EndTask,CAM,CAM,1,True,False,True,True,False,True,False,False,False
CAM,ReqHCM,CAM,CAM,1,True,False,True,True,False,True,False,False,False
CAM,tick,CAM,CAM,1,True,False,True,True,False,True,False,False,False
OCM,ReqVel,OCM,OCM,1,True,False,True,True,False,True,False,False,True
OCM,ReqHdng,OCM,OCM,1,True,False,True,True,False,True,False,False,True
OCM,ReqMOM,OCM,OCM,1,True,False,True,True,False,True,False,False,True
OCM,ReqOCM,OCM,OCM,1,True,False,True,True,False,True,False,False,True
OCM,EndTask,OCM,OCM,1,True,False,True,True,False,True,False,False,True
OCM,ReqHCM,OCM,OCM,1,True,False,True,True,False,True,False,False,True
OCM,tick,OCM,OCM,1,True,False,True,True,False,True,False,False,True
MOM,ReqVel,HCM,HCM,1,True,False,True,True,False,True,False,False,True
MOM,ReqHdng,HCM,HCM,1,True,False,True,True,False,True,False,False,True
MOM,ReqMOM,HCM,HCM,1,True,False,True,True,False,True,False,False,True
MOM,ReqOCM,HCM,HCM|OCM,2,False,False,True,True,False,True,False,False,True
MOM,EndTask,HCM,HCM|OCM,2,False,False,True,True,False,True,False,False,True
MOM,ReqHCM,HCM,HCM,1,True,False,True,True,False,True,False,False,True
MOM,tick,HCM,HCM,1,True,False,True,True,False,True,False,False,True
HCM,ReqVel,OCM,OCM,1,True,False,True,True,False,True,False,False,True
HCM,ReqHdng,OCM,OCM,1,True,False,True,True,False,True,False,False,True
HCM,ReqMOM,OCM,OCM,1,True,False,True,True,False,True,False,False,True
HCM,ReqOCM,OCM,OCM,1,True,False,True,True,False,True,False,False,True
HCM,EndTask,OCM,OCM,1,True,False,True,True,False,True,False,False,True
HCM,ReqHCM,OCM,OCM,1,True,False,True,True,False,True,False,False,True
HCM,tick,OCM,OCM,1,True,False,True,True,False,True,False,False,True
CAM,ReqVel,OCM,OCM,1,True,False,True,True,False,True,False,False,True
CAM,ReqHdng,OCM,OCM,1,True,False,True,True,False,True,False,False,True
CAM,ReqMOM,OCM,OCM,1,True,False,True,True,False,True,False,False,True
CAM,ReqOCM,OCM,OCM,1,True,False,True,True,False,True,False,False,True
CAM,EndTask,OCM,OCM,1,True,False,True,True,False,True,False,False,True
CAM,ReqHCM,OCM,OCM,1,True,False,True,True,False,True,False,False,True
CAM,tick,OCM,OCM,1,True,False,True,True,False,True,False,False,True
OCM,ReqVel,OCM,OCM,1,True,False,True,True,False,True,False,True,False
OCM,ReqHdng,OCM,OCM,1,True,False,True,True,False,True,False,True,False
OCM,ReqMOM,OCM,OCM,1,True,False,True,True,False,True,False,True,False
OCM,ReqOCM,OCM,OCM,1,True,False,True,True,False,True,False,True,False
OCM,EndTask,OCM,OCM,1,True,False,True,True,False,True,False,True,False
OCM,ReqHCM,OCM,OCM,1,True,False,True,True,False,True,False,True,False
OCM,tick,OCM,OCM,1,True,False,True,True,False,True,False,True,False
MOM,ReqVel,HCM,HCM,1,True,False,True,True,False,True,False,True,False
MOM,ReqHdng,HCM,HCM,1,True,False,True,True,False,True,False,True,False
MOM,ReqMOM,HCM,HCM,1,True,False,True,True,False,True,False,True,False
MOM,ReqOCM,HCM,HCM|OCM,2,False,False,True,True,False,True,False,True,False
MOM,EndTask,HCM,HCM|OCM,2,False,False,True,True,False,True,False,True,False
MOM,ReqHCM,HCM,HCM,1,True,False,True,True,False,True,False,True,False
MOM,tick,HCM,HCM,1,True,False,True,True,False,True,False,True,False
HCM,ReqVel,OCM,OCM,1,True,False,True,True,False,True,False,True,False
HCM,ReqHdng,OCM,OCM,1,True,False,True,True,False,True,False,True,False
HCM,ReqMOM,OCM,OCM,1,True,False,True,True,False,True,False,True,False
HCM,ReqOCM,OCM,OCM,1,True,False,True,True,False,True,False,True,False
HCM,EndTask,OCM,OCM,1,True,False,True,True,False,True,False,True,False
HCM,ReqHCM,OCM,OCM,1,True,False,True,True,False,True,False,True,False
HCM,tick,OCM,OCM,1,True,False,True,True,False,True,False,True,False
CAM,ReqVel,CAM,CAM,1,True,False,True,True,False,True,False,True,False
CAM,ReqHdng,CAM,CAM,1,True,False,True,True,False,True,False,True,False
CAM,ReqMOM,CAM,CAM,1,True,False,True,True,False,True,False,True,False
CAM,ReqOCM,OCM,OCM,1,True,False,True,True,False,True,False,True,False
CAM,EndTask,CAM,CAM,1,True,False,True,True,False,True,False,True,False
CAM,ReqHCM,CAM,CAM,1,True,False,True,True,False,True,False,True,False
CAM,tick,CAM,CAM,1,True,False,True,True,False,True,False,True,False
OCM,ReqVel,OCM,OCM,1,True,False,True,True,False,True,False,True,True
OCM,ReqHdng,OCM,OCM,1,True,False,True,True,False,True,False,True,True
OCM,ReqMOM,OCM,OCM,1,True,False,True,True,False,True,False,True,True
OCM,ReqOCM,OCM,OCM,1,True,False,True,True,False,True,False,True,True
OCM,EndTask,OCM,OCM,1,True,False,True,True,False,True,False,True,True
OCM,ReqHCM,OCM,OCM,1,True,False,True,True,False,True,False,True,True
OCM,tick,OCM,OCM,1,True,False,True,True,False,True,False,True,True
MOM,ReqVel,HCM,HCM,1,True,False,True,True,False,True,False,True,True
MOM,ReqHdng,HCM,HCM,1,True,False,True,True,False,True,False,True,True
MOM,ReqMOM,HCM,HCM,1,True,False,True,True,False,True,False,True,True
MOM,ReqOCM,HCM,HCM|OCM,2,False,False,True,True,False,True,False,True,True
MOM,EndTask,HCM,HCM|OCM,2,False,False,True,True,False,True,False,True,True
MOM,ReqHCM,HCM,HCM,1,True,False,True,True,False,True,False,True,True
MOM,tick,HCM,HCM,1,True,False,True,True,False,True,False,True,True
HCM,ReqVel,OCM,OCM,1,True,False,True,True,False,True,False,True,True
HCM,ReqHdng,OCM,OCM,1,True,False,True,True,False,True,False,True,True
HCM,ReqMOM,OCM,OCM,1,True,False,True,True,False,True,False,True,True
HCM,ReqOCM,OCM,OCM,1,True,False,True,True,False,True,False,True,True
HCM,EndTask,OCM,OCM,1,True,False,True,True,False,True,False,True,True
HCM,ReqHCM,OCM,OCM,1,True,False,True,True,False,True,False,True,True
HCM,tick,OCM,OCM,1,True,False,True,True,False,True,False,True,True
CAM,ReqVel,OCM,OCM,1,True,False,True,True,False,True,False,True,True
CAM,ReqHdng,OCM,OCM,1,True,False,True,True,False,True,False,True,True
CAM,ReqMOM,OCM,OCM,1,True,False,True,True,False,True,False,True,True
CAM,ReqOCM,OCM,OCM,1,True,False,True,True,False,True,False,True,True
CAM,EndTask,OCM,OCM,1,True,False,True,True,False,True,False,True,True
CAM,ReqHCM,OCM,OCM,1,True,False,True,True,False,True,False,True,True
CAM,tick,OCM,OCM,1,True,False,True,True,False,True,False,True,True
OCM,ReqVel,OCM,OCM,1,True,False,True,True,False,True,True,False,False
OCM,ReqHdng,OCM,OCM,1,True,False,True,True,False,True,True,False,False
OCM,ReqMOM,OCM,OCM,1,True,False,True,True,False,True,True,False,False
OCM,ReqOCM,OCM,OCM,1,True,False,True,True,False,True,True,False,False
OCM,EndTask,OCM,OCM,1,True,False,True,True,False,True,True,False,False
OCM,ReqHCM,OCM,OCM,1,True,False,True,True,False,True,True,False,False
OCM,tick,OCM,OCM,1,True,False,True,True,False,True,True,False,False
MOM,ReqVel,HCM,HCM,1,True,False,True,True,False,True,True,False,False
MOM,ReqHdng,HCM,HCM,1,True,False,True,True,False,True,True,False,False
MOM,ReqMOM,HCM,HCM,1,True,False,True,True,False,True,True,False,False
MOM,ReqOCM,HCM,HCM|OCM,2,False,False,True,True,False,True,True,False,False
MOM,EndTask,HCM,HCM|OCM,2,False,False,True,True,False,True,True,False,False
MOM,ReqHCM,HCM,HCM,1,True,False,True,True,False,True,True,False,False
MOM,tick,HCM,HCM,1,True,False,True,True,False,True,True,False,False
HCM,ReqVel,OCM,OCM,1,True,False,True,True,False,True,True,False,False
HCM,ReqHdng,OCM,OCM,1,True,False,True,True,False,True,True,False,False
HCM,ReqMOM,OCM,OCM,1,True,False,True,True,False,True,True,False,False
HCM,ReqOCM,OCM,OCM,1,True,False,True,True,False,True,True,False,False
HCM,EndTask,OCM,OCM,1,True,False,True,True,False,True,True,False,False
HCM,ReqHCM,OCM,OCM,1,True,False,True,True,False,True,True,False,False
HCM,tick,OCM,OCM,1,True,False,True,True,False,True,True,False,False
CAM,ReqVel,CAM,CAM,1,True,False,True,True,False,True,True,False,False
CAM,ReqHdng,CAM,CAM,1,True,False,True,True,False,True,True,False,False
CAM,ReqMOM,CAM,CAM,1,True,False,True,True,False,True,True,False,False
CAM,ReqOCM,OCM,OCM,1,True,False,True,True,False,True,True,False,False
CAM,EndTask,CAM,CAM,1,True,False,True,True,False,True,True,False,False
CAM,ReqHCM,CAM,CAM,1,True,False,True,True,False,True,True,False,False
CAM,tick,CAM,CAM,1,True,False,True,True,False,True,True,False,False
OCM,ReqVel,OCM,OCM,1,True,False,True,True,False,True,True,False,True
OCM,ReqHdng,OCM,OCM,1,True,False,True,True,False,True,True,False,True
OCM,ReqMOM,OCM,OCM,1,True,False,True,True,False,True,True,False,True
OCM,ReqOCM,OCM,OCM,1,True,False,True,True,False,True,True,False,True
OCM,EndTask,OCM,OCM,1,True,False,True,True,False,True,True,False,True
OCM,ReqHCM,OCM,OCM,1,True,False,True,True,False,True,True,False,True
OCM,tick,OCM,OCM,1,True,False,True,True,False,True,True,False,True
MOM,ReqVel,HCM,HCM,1,True,False,True,True,False,True,True,False,True
MOM,ReqHdng,HCM,HCM,1,True,False,True,True,False,True,True,False,True
MOM,ReqMOM,HCM,HCM,1,True,False,True,True,False,True,True,False,True
MOM,ReqOCM,HCM,HCM|OCM,2,False,False,True,True,False,True,True,False,True
MOM,EndTask,HCM,HCM|OCM,2,False,False,True,True,False,True,True,False,True
MOM,ReqHCM,HCM,HCM,1,True,False,True,True,False,True,True,False,True
MOM,tick,HCM,HCM,1,True,False,True,True,False,True,True,False,True
HCM,ReqVel,OCM,OCM,1,True,False,True,True,False,True,True,False,True
HCM,ReqHdng,OCM,OCM,1,True,False,True,True,False,True,True,False,True
HCM,ReqMOM,OCM,OCM,1,True,False,True,True,False,True,True,False,True
HCM,ReqOCM,OCM,OCM,1,True,False,True,True,False,True,True,False,True
HCM,EndTask,OCM,OCM,1,True,False,True,True,False,True,True,False,True
HCM,ReqHCM,OCM,OCM,1,True,False,True,True,False,True,True,False,True
HCM,tick,OCM,OCM,1,True,False,True,True,False,True,True,False,True
CAM,ReqVel,OCM,OCM,1,True,False,True,True,False,True,True,False,True
CAM,ReqHdng,OCM,OCM,1,True,False,True,True,False,True,True,False,True
CAM,ReqMOM,OCM,OCM,1,True,False,True,True,False,True,True,False,True
CAM,ReqOCM,OCM,OCM,1,True,False,True,True,False,True,True,False,True
CAM,EndTask,OCM,OCM,1,True,False,True,True,False,True,True,False,True
CAM,ReqHCM,OCM,OCM,1,True,False,True,True,False,True,True,False,True
CAM,tick,OCM,OCM,1,True,False,True,True,False,True,True,False,True
OCM,ReqVel,OCM,OCM,1,True,False,True,True,False,True,True,True,False
OCM,ReqHdng,OCM,OCM,1,True,False,True,True,False,True,True,True,False
OCM,ReqMOM,OCM,OCM,1,True,False,True,True,False,True,True,True,False
OCM,ReqOCM,OCM,OCM,1,True,False,True,True,False,True,True,True,False
OCM,EndTask,OCM,OCM,1,True,False,True,True,False,True,True,True,False
OCM,ReqHCM,OCM,OCM,1,True,False,True,True,False,True,True,True,False
OCM,tick,OCM,OCM,1,True,False,True,True,False,True,True,True,False
MOM,ReqVel,HCM,HCM,1,True,False,True,True,False,True,True,True,False
MOM,ReqHdng,HCM,HCM,1,True,False,True,True,False,True,True,True,False
MOM,ReqMOM,HCM,HCM,1,True,False,True,True,False,True,True,True,False
MOM,ReqOCM,HCM,HCM|OCM,2,False,False,True,True,False,True,True,True,False
MOM,EndTask,HCM,HCM|OCM,2,False,False,True,True,False,True,True,True,False
MOM,ReqHCM,HCM,HCM,1,True,False,True,True,False,True,True,True,False
MOM,tick,HCM,HCM,1,True,False,True,True,False,True,True,True,False
HCM,ReqVel,OCM,OCM,1,True,False,True,True,False,True,True,True,False
HCM,ReqHdng,OCM,OCM,1,True,False,True,True,False,True,True,True,False
HCM,ReqMOM,OCM,OCM,1,True,False,True,True,False,True,True,True,False
HCM,ReqOCM,OCM,OCM,1,True,False,True,True,False,True,True,True,False
HCM,EndTask,OCM,OCM,1,True,False,True,True,False,True,True,True,False
HCM,ReqHCM,OCM,OCM,1,True,False,True,True,False,True,True,True,False
HCM,tick,OCM,OCM,1,True,False,True,True,False,True,True,True,False
CAM,ReqVel,CAM,CAM,1,True,False,True,True,False,True,True,True,False
CAM,ReqHdng,CAM,CAM,1,True,False,True,True,False,True,True,True,False
CAM,ReqMOM,CAM,CAM,1,True,False,True,True,False,True,True,True,False
CAM,ReqOCM,OCM,OCM,1,True,False,True,True,False,True,True,True,False
CAM,EndTask,CAM,CAM,1,True,False,True,True,False,True,True,True,False
CAM,ReqHCM,CAM,CAM,1,True,False,True,True,False,True,True,True,False
CAM,tick,CAM,CAM,1,True,False,True,True,False,True,True,True,False
OCM,ReqVel,OCM,OCM,1,True,False,True,True,False,True,True,True,True
OCM,ReqHdng,OCM,OCM,1,True,False,True,True,False,True,True,True,True
OCM,ReqMOM,OCM,OCM,1,True,False,True,True,False,True,True,True,True
OCM,ReqOCM,OCM,OCM,1,True,False,True,True,False,True,True,True,True
OCM,EndTask,OCM,OCM,1,True,False,True,True,False,True,True,True,True
OCM,ReqHCM,OCM,OCM,1,True,False,True,True,False,True,True,True,True
OCM,tick,OCM,OCM,1,True,False,True,True,False,True,True,True,True
MOM,ReqVel,HCM,HCM,1,True,False,True,True,False,True,True,True,True
MOM,ReqHdng,HCM,HCM,1,True,False,True,True,False,True,True,True,True
MOM,ReqMOM,HCM,HCM,1,True,False,True,True,False,True,True,True,True
MOM,ReqOCM,HCM,HCM|OCM,2,False,False,True,True,False,True,True,True,True
MOM,EndTask,HCM,HCM|OCM,2,False,False,True,True,False,True,True,True,True
MOM,ReqHCM,HCM,HCM,1,True,False,True,True,False,True,True,True,True
MOM,tick,HCM,HCM,1,True,False,True,True,False,True,True,True,True
HCM,ReqVel,OCM,OCM,1,True,False,True,True,False,True,True,True,True
HCM,ReqHdng,OCM,OCM,1,True,False,True,True,False,True,True,True,True
HCM,ReqMOM,OCM,OCM,1,True,False,True,True,False,True,True,True,True
HCM,ReqOCM,OCM,OCM,1,True,False,True,True,False,True,True,True,True
HCM,EndTask,OCM,OCM,1,True,False,True,True,False,True,True,True,True
HCM,ReqHCM,OCM,OCM,1,True,False,True,True,False,True,True,True,True
HCM,tick,OCM,OCM,1,True,False,True,True,False,True,True,True,True
CAM,ReqVel,OCM,OCM,1,True,False,True,True,False,True,True,True,True
CAM,ReqHdng,OCM,OCM,1,True,False,True,True,False,True,True,True,True
CAM,ReqMOM,OCM,OCM,1,True,False,True,True,False,True,True,True,True
CAM,ReqOCM,OCM,OCM,1,True,False,True,True,False,True,True,True,True
CAM,EndTask,OCM,OCM,1,True,False,True,True,False,True,True,True,True
CAM,ReqHCM,OCM,OCM,1,True,False,True,True,False,True,True,True,True
CAM,tick,OCM,OCM,1,True,False,True,True,False,True,True,True,True
OCM,ReqVel,OCM,OCM,1,True,False,True,True,True,False,False,False,False
OCM,ReqHdng,OCM,OCM,1,True,False,True,True,True,False,False,False,False
OCM,ReqMOM,OCM,OCM,1,True,False,True,True,True,False,False,False,False
OCM,ReqOCM,OCM,OCM,1,True,False,True,True,True,False,False,False,False
OCM,EndTask,OCM,OCM,1,True,False,True,True,True,False,False,False,False
OCM,ReqHCM,OCM,OCM,1,True,False,True,True,True,False,False,False,False
OCM,tick,OCM,OCM,1,True,False,True,True,True,False,False,False,False
MOM,ReqVel,HCM,HCM,1,True,False,True,True,True,False,False,False,False
MOM,ReqHdng,HCM,HCM,1,True,False,True,True,True,False,False,False,False
MOM,ReqMOM,HCM,HCM,1,True,False,True,True,True,False,False,False,False
MOM,ReqOCM,HCM,HCM|OCM,2,False,False,True,True,True,False,False,False,False
MOM,EndTask,HCM,HCM|OCM,2,False,False,True,True,True,False,False,False,False
MOM,ReqHCM,HCM,HCM,1,True,False,True,True,True,False,False,False,False
MOM,tick,HCM,HCM,1,True,False,True,True,True,False,False,False,False
HCM,ReqVel,OCM,OCM,1,True,False,True,True,True,False,False,False,False
HCM,ReqHdng,OCM,OCM,1,True,False,True,True,True,False,False,False,False
HCM,ReqMOM,OCM,OCM,1,True,False,True,True,True,False,False,False,False
HCM,ReqOCM,OCM,OCM,1,True,False,True,True,True,False,False,False,False
HCM,EndTask,OCM,OCM,1,True,False,True,True,True,False,False,False,False
HCM,ReqHCM,OCM,OCM,1,True,False,True,True,True,False,False,False,False
HCM,tick,OCM,OCM,1,True,False,True,True,True,False,False,False,False
CAM,ReqVel,CAM,CAM,1,True,False,True,True,True,False,False,False,False
CAM,ReqHdng,CAM,CAM,1,True,False,True,True,True,False,False,False,False
CAM,ReqMOM,CAM,CAM,1,True,False,True,True,True,False,False,False,False
CAM,ReqOCM,OCM,OCM,1,True,False,True,True,True,False,False,False,False
CAM,EndTask,CAM,CAM,1,True,False,True,True,True,False,False,False,False
CAM,ReqHCM,CAM,CAM,1,True,False,True,True,True,False,False,False,False
CAM,tick,CAM,CAM,1,True,False,True,True,True,False,False,False,False
OCM,ReqVel,OCM,OCM,1,True,False,True,True,True,False,False,False,True
OCM,ReqHdng,OCM,OCM,1,True,False,True,True,True,False,False,False,True
OCM,ReqMOM,OCM,OCM,1,True,False,True,True,True,False,False,False,True
OCM,ReqOCM,OCM,OCM,1,True,False,True,True,True,False,False,False,True
OCM,EndTask,OCM,OCM,1,True,False,True,True,True,False,False,False,True
OCM,ReqHCM,OCM,OCM,1,True,False,True,True,True,False,False,False,True
OCM,tick,OCM,OCM,1,True,False,True,True,True,False,False,False,True
MOM,ReqVel,HCM,HCM,1,True,False,True,True,True,False,False,False,True
MOM,ReqHdng,HCM,HCM,1,True,False,True,True,True,False,False,False,True
MOM,ReqMOM,HCM,HCM,1,True,False,True,True,True,False,False,False,True
MOM,ReqOCM,HCM,HCM|OCM,2,False,False,True,True,True,False,False,False,True
MOM,EndTask,HCM,HCM|OCM,2,False,False,True,True,True,False,False,False,True
MOM,ReqHCM,HCM,HCM,1,True,False,True,True,True,False,False,False,True
MOM,tick,HCM,HCM,1,True,False,True,True,True,False,False,False,True
HCM,ReqVel,OCM,OCM,1,True,False,True,True,True,False,False,False,True
HCM,ReqHdng,OCM,OCM,1,True,False,True,True,True,False,False,False,True
HCM,ReqMOM,OCM,OCM,1,True,False,True,True,True,False,False,False,True
HCM,ReqOCM,OCM,OCM,1,True,False,True,True,True,False,False,False,True
HCM,EndTask,OCM,OCM,1,True,False,True,True,True,False,False,False,True
HCM,ReqHCM,OCM,OCM,1,True,False,True,True,True,False,False,False,True
HCM,tick,OCM,OCM,1,True,False,True,True,True,False,False,False,True
CAM,ReqVel,OCM,OCM,1,True,False,True,True,True,False,False,False,True
CAM,ReqHdng,OCM,OCM,1,True,False,True,True,True,False,False,False,True
CAM,ReqMOM,OCM,OCM,1,True,False,True,True,True,False,False,False,True
CAM,ReqOCM,OCM,OCM,1,True,False,True,True,True,False,False,False,True
CAM,EndTask,OCM,OCM,1,True,False,True,True,True,False,False,False,True
CAM,ReqHCM,OCM,OCM,1,True,False,True,True,True,False,False,False,True
CAM,tick,OCM,OCM,1,True,False,True,True,True,False,False,False,True
OCM,ReqVel,OCM,OCM,1,True,False,True,True,True,False,False,True,False
OCM,ReqHdng,OCM,OCM,1,True,False,True,True,True,False,False,True,False
OCM,ReqMOM,OCM,OCM,1,True,False,True,True,True,False,False,True,False
OCM,ReqOCM,OCM,OCM,1,True,False,True,True,True,False,False,True,False
OCM,EndTask,OCM,OCM,1,True,False,True,True,True,False,False,True,False
OCM,ReqHCM,OCM,OCM,1,True,False,True,True,True,False,False,True,False
OCM,tick,OCM,OCM,1,True,False,True,True,True,False,False,True,False
MOM,ReqVel,HCM,HCM,1,True,False,True,True,True,False,False,True,False
MOM,ReqHdng,HCM,HCM,1,True,False,True,True,True,False,False,True,False
MOM,ReqMOM,HCM,HCM,1,True,False,True,True,True,False,False,True,False
MOM,ReqOCM,HCM,HCM|OCM,2,False,False,True,True,True,False,False,True,False
MOM,EndTask,HCM,HCM|OCM,2,False,False,True,True,True,False,False,True,False
MOM,ReqHCM,HCM,HCM,1,True,False,True,True,True,False,False,True,False
MOM,tick,HCM,HCM,1,True,False,True,True,True,False,False,True,False
HCM,ReqVel,OCM,OCM,1,True,False,True,True,True,False,False,True,False
HCM,ReqHdng,OCM,OCM,1,True,False,True,True,True,False,False,True,False
HCM,ReqMOM,OCM,OCM,1,True,False,True,True,True,False,False,True,False
HCM,ReqOCM,OCM,OCM,1,True,False,True,True,True,False,False,True,False
HCM,EndTask,OCM,OCM,1,True,False,True,True,True,False,False,True,False
HCM,ReqHCM,OCM,OCM,1,True,False,True,True,True,False,False,True,False
HCM,tick,OCM,OCM,1,True,False,True,True,True,False,False,True,False
CAM,ReqVel,CAM,CAM,1,True,False,True,True,True,False,False,True,False
CAM,ReqHdng,CAM,CAM,1,True,False,True,True,True,False,False,True,False
CAM,ReqMOM,CAM,CAM,1,True,False,True,True,True,False,False,True,False
CAM,ReqOCM,OCM,OCM,1,True,False,True,True,True,False,False,True,False
CAM,EndTask,CAM,CAM,1,True,False,True,True,True,False,False,True,False
CAM,ReqHCM,CAM,CAM,1,True,False,True,True,True,False,False,True,False
CAM,tick,CAM,CAM,1,True,False,True,True,True,False,False,True,False
OCM,ReqVel,OCM,OCM,1,True,False,True,True,True,False,False,True,True
OCM,ReqHdng,OCM,OCM,1,True,False,True,True,True,False,False,True,True
OCM,ReqMOM,OCM,OCM,1,True,False,True,True,True,False,False,True,True
OCM,ReqOCM,OCM,OCM,1,True,False,True,True,True,False,False,True,True
OCM,EndTask,OCM,OCM,1,True,False,True,True,True,False,False,True,True
OCM,ReqHCM,OCM,OCM,1,True,False,True,True,True,False,False,True,True
OCM,tick,OCM,OCM,1,True,False,True,True,True,False,False,True,True
MOM,ReqVel,HCM,HCM,1,True,False,True,True,True,False,False,True,True
MOM,ReqHdng,HCM,HCM,1,True,False,True,True,True,False,False,True,True
MOM,ReqMOM,HCM,HCM,1,True,False,True,True,True,False,False,True,True
MOM,ReqOCM,HCM,HCM|OCM,2,False,False,True,True,True,False,False,True,True
MOM,EndTask,HCM,HCM|OCM,2,False,False,True,True,True,False,False,True,True
MOM,ReqHCM,HCM,HCM,1,True,False,True,True,True,False,False,True,True
MOM,tick,HCM,HCM,1,True,False,True,True,True,False,False,True,True
HCM,ReqVel,OCM,OCM,1,True,False,True,True,True,False,False,True,True
HCM,ReqHdng,OCM,OCM,1,True,False,True,True,True,False,False,True,True
HCM,ReqMOM,OCM,OCM,1,True,False,True,True,True,False,False,True,True
HCM,ReqOCM,OCM,OCM,1,True,False,True,True,True,False,False,True,True
HCM,EndTask,OCM,OCM,1,True,False,True,True,True,False,False,True,True
HCM,ReqHCM,OCM,OCM,1,True,False,True,True,True,False,False,True,True
HCM,tick,OCM,OCM,1,True,False,True,True,True,False,False,True,True
CAM,ReqVel,OCM,OCM,1,True,False,True,True,True,False,False,True,True
CAM,ReqHdng,OCM,OCM,1,True,False,True,True,True,False,False,True,True
CAM,ReqMOM,OCM,OCM,1,True,False,True,True,True,False,False,True,True
CAM,ReqOCM,OCM,OCM,1,True,False,True,True,True,False,False,True,True
CAM,EndTask,OCM,OCM,1,True,False,True,True,True,False,False,True,True
CAM,ReqHCM,OCM,OCM,1,True,False,True,True,True,False,False,True,True
CAM,tick,OCM,OCM,1,True,False,True,True,True,False,False,True,True
OCM,ReqVel,OCM,OCM,1,True,False,True,True,True,False,True,False,False
OCM,ReqHdng,OCM,OCM,1,True,False,True,True,True,False,True,False,False
OCM,ReqMOM,OCM,OCM,1,True,False,True,True,True,False,True,False,False
OCM,ReqOCM,OCM,OCM,1,True,False,True,True,True,False,True,False,False
OCM,EndTask,OCM,OCM,1,True,False,True,True,True,False,True,False,False
OCM,ReqHCM,OCM,OCM,1,True,False,True,True,True,False,True,False,False
OCM,tick,OCM,OCM,1,True,False,True,True,True,False,True,False,False
MOM,ReqVel,HCM,HCM,1,True,False,True,True,True,False,True,False,False
MOM,ReqHdng,HCM,HCM,1,True,False,True,True,True,False,True,False,False
MOM,ReqMOM,HCM,HCM,1,True,False,True,True,True,False,True,False,False
MOM,ReqOCM,HCM,HCM|OCM,2,False,False,True,True,True,False,True,False,False
MOM,EndTask,HCM,HCM|OCM,2,False,False,True,True,True,False,True,False,False
MOM,ReqHCM,HCM,HCM,1,True,False,True,True,True,False,True,False,False
MOM,tick,HCM,HCM,1,True,False,True,True,True,False,True,False,False
HCM,ReqVel,OCM,OCM,1,True,False,True,True,True,False,True,False,False
HCM,ReqHdng,OCM,OCM,1,True,False,True,True,True,False,True,False,False
HCM,ReqMOM,OCM,OCM,1,True,False,True,True,True,False,True,False,False
HCM,ReqOCM,OCM,OCM,1,True,False,True,True,True,False,True,False,False
HCM,EndTask,OCM,OCM,1,True,False,True,True,True,False,True,False,False
HCM,ReqHCM,OCM,OCM,1,True,False,True,True,True,False,True,False,False
HCM,tick,OCM,OCM,1,True,False,True,True,True,False,True,False,False
CAM,ReqVel,CAM,CAM,1,True,False,True,True,True,False,True,False,False
CAM,ReqHdng,CAM,CAM,1,True,False,True,True,True,False,True,False,False
CAM,ReqMOM,CAM,CAM,1,True,False,True,True,True,False,True,False,False
CAM,ReqOCM,OCM,OCM,1,True,False,True,True,True,False,True,False,False
CAM,EndTask,CAM,CAM,1,True,False,True,True,True,False,True,False,False
CAM,ReqHCM,CAM,CAM,1,True,False,True,True,True,False,True,False,False
CAM,tick,CAM,CAM,1,True,False,True,True,True,False,True,False,False
OCM,ReqVel,OCM,OCM,1,True,False,True,True,True,False,True,False,True
OCM,ReqHdng,OCM,OCM,1,True,False,True,True,True,False,True,False,True
OCM,ReqMOM,OCM,OCM,1,True,False,True,True,True,False,True,False,True
OCM,ReqOCM,OCM,OCM,1,True,False,True,True,True,False,True,False,True
OCM,EndTask,OCM,OCM,1,True,False,True,True,True,False,True,False,True
OCM,ReqHCM,OCM,OCM,1,True,False,True,True,True,False,True,False,True
OCM,tick,OCM,OCM,1,True,False,True,True,True,False,True,False,True
MOM,ReqVel,HCM,HCM,1,True,False,True,True,True,False,True,False,True
MOM,ReqHdng,HCM,HCM,1,True,False,True,True,True,False,True,False,True
MOM,ReqMOM,HCM,HCM,1,True,False,True,True,True,False,True,False,True
MOM,ReqOCM,HCM,HCM|OCM,2,False,False,True,True,True,False,True,False,True
MOM,EndTask,HCM,HCM|OCM,2,False,False,True,True,True,False,True,False,True
MOM,ReqHCM,HCM,HCM,1,True,False,True,True,True,False,True,False,True
MOM,tick,HCM,HCM,1,True,False,True,True,True,False,True,False,True
HCM,ReqVel,OCM,OCM,1,True,False,True,True,True,False,True,False,True
HCM,ReqHdng,OCM,OCM,1,True,False,True,True,True,False,True,False,True
HCM,ReqMOM,OCM,OCM,1,True,False,True,True,True,False,True,False,True
HCM,ReqOCM,OCM,OCM,1,True,False,True,True,True,False,True,False,True
HCM,EndTask,OCM,OCM,1,True,False,True,True,True,False,True,False,True
HCM,ReqHCM,OCM,OCM,1,True,False,True,True,True,False,True,False,True
HCM,tick,OCM,OCM,1,True,False,True,True,True,False,True,False,True
CAM,ReqVel,OCM,OCM,1,True,False,True,True,True,False,True,False,True
CAM,ReqHdng,OCM,OCM,1,True,False,True,True,True,False,True,False,True
CAM,ReqMOM,OCM,OCM,1,True,False,True,True,True,False,True,False,True
CAM,ReqOCM,OCM,OCM,1,True,False,True,True,True,False,True,False,True
CAM,EndTask,OCM,OCM,1,True,False,True,True,True,False,True,False,True
CAM,ReqHCM,OCM,OCM,1,True,False,True,True,True,False,True,False,True
CAM,tick,OCM,OCM,1,True,False,True,True,True,False,True,False,True
OCM,ReqVel,OCM,OCM,1,True,False,True,True,True,False,True,True,False
OCM,ReqHdng,OCM,OCM,1,True,False,True,True,True,False,True,True,False
OCM,ReqMOM,OCM,OCM,1,True,False,True,True,True,False,True,True,False
OCM,ReqOCM,OCM,OCM,1,True,False,True,True,True,False,True,True,False
OCM,EndTask,OCM,OCM,1,True,False,True,True,True,False,True,True,False
OCM,ReqHCM,OCM,OCM,1,True,False,True,True,True,False,True,True,False
OCM,tick,OCM,OCM,1,True,False,True,True,True,False,True,True,False
MOM,ReqVel,HCM,HCM,1,True,False,True,True,True,False,True,True,False
MOM,ReqHdng,HCM,HCM,1,True,False,True,True,True,False,True,True,False
MOM,ReqMOM,HCM,HCM,1,True,False,True,True,True,False,True,True,False
MOM,ReqOCM,HCM,HCM|OCM,2,False,False,True,True,True,False,True,True,False
MOM,EndTask,HCM,HCM|OCM,2,False,False,True,True,True,False,True,True,False
MOM,ReqHCM,HCM,HCM,1,True,False,True,True,True,False,True,True,False
MOM,tick,HCM,HCM,1,True,False,True,True,True,False,True,True,False
HCM,ReqVel,OCM,OCM,1,True,False,True,True,True,False,True,True,False
HCM,ReqHdng,OCM,OCM,1,True,False,True,True,True,False,True,True,False
HCM,ReqMOM,OCM,OCM,1,True,False,True,True,True,False,True,True,False
HCM,ReqOCM,OCM,OCM,1,True,False,True,True,True,False,True,True,False
HCM,EndTask,OCM,OCM,1,True,False,True,True,True,False,True,True,False
HCM,ReqHCM,OCM,OCM,1,True,False,True,True,True,False,True,True,False
HCM,tick,OCM,OCM,1,True,False,True,True,True,False,True,True,False
CAM,ReqVel,CAM,CAM,1,True,False,True,True,True,False,True,True,False
CAM,ReqHdng,CAM,CAM,1,True,False,True,True,True,False,True,True,False
CAM,ReqMOM,CAM,CAM,1,True,False,True,True,True,False,True,True,False
CAM,ReqOCM,OCM,OCM,1,True,False,True,True,True,False,True,True,False
CAM,EndTask,CAM,CAM,1,True,False,True,True,True,False,True,True,False
CAM,ReqHCM,CAM,CAM,1,True,False,True,True,True,False,True,True,False
CAM,tick,CAM,CAM,1,True,False,True,True,True,False,True,True,False
OCM,ReqVel,OCM,OCM,1,True,False,True,True,True,False,True,True,True
OCM,ReqHdng,OCM,OCM,1,True,False,True,True,True,False,True,True,True
OCM,ReqMOM,OCM,OCM,1,True,False,True,True,True,False,True,True,True
OCM,ReqOCM,OCM,OCM,1,True,False,True,True,True,False,True,True,True
OCM,EndTask,OCM,OCM,1,True,False,True,True,True,False,True,True,True
OCM,ReqHCM,OCM,OCM,1,True,False,True,True,True,False,True,True,True
OCM,tick,OCM,OCM,1,True,False,True,True,True,False,True,True,True
MOM,ReqVel,HCM,HCM,1,True,False,True,True,True,False,True,True,True
MOM,ReqHdng,HCM,HCM,1,True,False,True,True,True,False,True,True,True
MOM,ReqMOM,HCM,HCM,1,True,False,True,True,True,False,True,True,True
MOM,ReqOCM,HCM,HCM|OCM,2,False,False,True,True,True,False,True,True,True
MOM,EndTask,HCM,HCM|OCM,2,False,False,True,True,True,False,True,True,True
MOM,ReqHCM,HCM,HCM,1,True,False,True,True,True,False,True,True,True
MOM,tick,HCM,HCM,1,True,False,True,True,True,False,True,True,True
HCM,ReqVel,OCM,OCM,1,True,False,True,True,True,False,True,True,True
HCM,ReqHdng,OCM,OCM,1,True,False,True,True,True,False,True,True,True
HCM,ReqMOM,OCM,OCM,1,True,False,True,True,True,False,True,True,True
HCM,ReqOCM,OCM,OCM,1,True,False,True,True,True,False,True,True,True
HCM,EndTask,OCM,OCM,1,True,False,True,True,True,False,True,True,True
HCM,ReqHCM,OCM,OCM,1,True,False,True,True,True,False,True,True,True
HCM,tick,OCM,OCM,1,True,False,True,True,True,False,True,True,True
CAM,ReqVel,OCM,OCM,1,True,False,True,True,True,False,True,True,True
CAM,ReqHdng,OCM,OCM,1,True,False,True,True,True,False,True,True,True
CAM,ReqMOM,OCM,OCM,1,True,False,True,True,True,False,True,True,True
CAM,ReqOCM,OCM,OCM,1,True,False,True,True,True,False,True,True,True
CAM,EndTask,OCM,OCM,1,True,False,True,True,True,False,True,True,True
CAM,ReqHCM,OCM,OCM,1,True,False,True,True,True,False,True,True,True
CAM,tick,OCM,OCM,1,True,False,True,True,True,False,True,True,True
OCM,ReqVel,OCM,OCM,1,True,False,True,True,True,True,False,False,False
OCM,ReqHdng,OCM,OCM,1,True,False,True,True,True,True,False,False,False
OCM,ReqMOM,OCM,OCM,1,True,False,True,True,True,True,False,False,False
OCM,ReqOCM,OCM,OCM,1,True,False,True,True,True,True,False,False,False
OCM,EndTask,OCM,OCM,1,True,False,True,True,True,True,False,False,False
OCM,ReqHCM,OCM,OCM,1,True,False,True,True,True,True,False,False,False
OCM,tick,OCM,OCM,1,True,False,True,True,True,True,False,False,False
MOM,ReqVel,HCM,HCM,1,True,False,True,True,True,True,False,False,False
MOM,ReqHdng,HCM,HCM,1,True,False,True,True,True,True,False,False,False
MOM,ReqMOM,HCM,HCM,1,True,False,True,True,True,True,False,False,False
MOM,ReqOCM,HCM,HCM|OCM,2,False,False,True,True,True,True,False,False,False
MOM,EndTask,HCM,HCM|OCM,2,False,False,True,True,True,True,False,False,False
MOM,ReqHCM,HCM,HCM,1,True,False,True,True,True,True,False,False,False
MOM,tick,HCM,HCM,1,True,False,True,True,True,True,False,False,False
HCM,ReqVel,OCM,OCM,1,True,False,True,True,True,True,False,False,False
HCM,ReqHdng,OCM,OCM,1,True,False,True,True,True,True,False,False,False
HCM,ReqMOM,OCM,OCM,1,True,False,True,True,True,True,False,False,False
HCM,ReqOCM,OCM,OCM,1,True,False,True,True,True,True,False,False,False
HCM,EndTask,OCM,OCM,1,True,False,True,True,True,True,False,False,False
HCM,ReqHCM,OCM,OCM,1,True,False,True,True,True,True,False,False,False
HCM,tick,OCM,OCM,1,True,False,True,True,True,True,False,False,False
CAM,ReqVel,CAM,CAM,1,True,False,True,True,True,True,False,False,False
CAM,ReqHdng,CAM,CAM,1,True,False,True,True,True,True,False,False,False
CAM,ReqMOM,CAM,CAM,1,True,False,True,True,True,True,False,False,False
CAM,ReqOCM,OCM,OCM,1,True,False,True,True,True,True,False,False,False
CAM,EndTask,CAM,CAM,1,True,False,True,True,True,True,False,False,False
CAM,ReqHCM,CAM,CAM,1,True,False,True,True,True,True,False,False,False
CAM,tick,CAM,CAM,1,True,False,True,True,True,True,False,False,False
OCM,ReqVel,OCM,OCM,1,True,False,True,True,True,True,False,False,True
OCM,ReqHdng,OCM,OCM,1,True,False,True,True,True,True,False,False,True
OCM,ReqMOM,OCM,OCM,1,True,False,True,True,True,True,False,False,True
OCM,ReqOCM,OCM,OCM,1,True,False,True,True,True,True,False,False,True
OCM,EndTask,OCM,OCM,1,True,False,True,True,True,True,False,False,True
OCM,ReqHCM,OCM,OCM,1,True,False,True,True,True,True,False,False,True
OCM,tick,OCM,OCM,1,True,False,True,True,True,True,False,False,True
MOM,ReqVel,HCM,HCM,1,True,False,True,True,True,True,False,False,True
MOM,ReqHdng,HCM,HCM,1,True,False,True,True,True,True,False,False,True
MOM,ReqMOM,HCM,HCM,1,True,False,True,True,True,True,False,False,True
MOM,ReqOCM,HCM,HCM|OCM,2,False,False,True,True,True,True,False,False,True
MOM,EndTask,HCM,HCM|OCM,2,False,False,True,True,True,True,False,False,True
MOM,ReqHCM,HCM,HCM,1,True,False,True,True,True,True,False,False,True
MOM,tick,HCM,HCM,1,True,False,True,True,True,True,False,False,True
HCM,ReqVel,OCM,OCM,1,True,False,True,True,True,True,False,False,True
HCM,ReqHdng,OCM,OCM,1,True,False,True,True,True,True,False,False,True
HCM,ReqMOM,OCM,OCM,1,True,False,True,True,True,True,False,False,True
HCM,ReqOCM,OCM,OCM,1,True,False,True,True,True,True,False,False,True
HCM,EndTask,OCM,OCM,1,True,False,True,True,True,True,False,False,True
HCM,ReqHCM,OCM,OCM,1,True,False,True,True,True,True,False,False,True
HCM,tick,OCM,OCM,1,True,False,True,True,True,True,False,False,True
CAM,ReqVel,OCM,OCM,1,True,False,True,True,True,True,False,False,True
CAM,ReqHdng,OCM,OCM,1,True,False,True,True,True,True,False,False,True
CAM,ReqMOM,OCM,OCM,1,True,False,True,True,True,True,False,False,True
CAM,ReqOCM,OCM,OCM,1,True,False,True,True,True,True,False,False,True
CAM,EndTask,OCM,OCM,1,True,False,True,True,True,True,False,False,True
CAM,ReqHCM,OCM,OCM,1,True,False,True,True,True,True,False,False,True
CAM,tick,OCM,OCM,1,True,False,True,True,True,True,False,False,True
OCM,ReqVel,OCM,OCM,1,True,False,True,True,True,True,False,True,False
OCM,ReqHdng,OCM,OCM,1,True,False,True,True,True,True,False,True,False
OCM,ReqMOM,OCM,OCM,1,True,False,True,True,True,True,False,True,False
OCM,ReqOCM,OCM,OCM,1,True,False,True,True,True,True,False,True,False
OCM,EndTask,OCM,OCM,1,True,False,True,True,True,True,False,True,False
OCM,ReqHCM,OCM,OCM,1,True,False,True,True,True,True,False,True,False
OCM,tick,OCM,OCM,1,True,False,True,True,True,True,False,True,False
MOM,ReqVel,HCM,HCM,1,True,False,True,True,True,True,False,True,False
MOM,ReqHdng,HCM,HCM,1,True,False,True,True,True,True,False,True,False
MOM,ReqMOM,HCM,HCM,1,True,False,True,True,True,True,False,True,False
MOM,ReqOCM,HCM,HCM|OCM,2,False,False,True,True,True,True,False,True,False
MOM,EndTask,HCM,HCM|OCM,2,False,False,True,True,True,True,False,True,False
MOM,ReqHCM,HCM,HCM,1,True,False,True,True,True,True,False,True,False
MOM,tick,HCM,HCM,1,True,False,True,True,True,True,False,True,False
HCM,ReqVel,OCM,OCM,1,True,False,True,True,True,True,False,True,False
HCM,ReqHdng,OCM,OCM,1,True,False,True,True,True,True,False,True,False
HCM,ReqMOM,OCM,OCM,1,True,False,True,True,True,True,False,True,False
HCM,ReqOCM,OCM,OCM,1,True,False,True,True,True,True,False,True,False
HCM,EndTask,OCM,OCM,1,True,False,True,True,True,True,False,True,False
HCM,ReqHCM,OCM,OCM,1,True,False,True,True,True,True,False,True,False
HCM,tick,OCM,OCM,1,True,False,True,True,True,True,False,True,False
CAM,ReqVel,CAM,CAM,1,True,False,True,True,True,True,False,True,False
CAM,ReqHdng,CAM,CAM,1,True,False,True,True,True,True,False,True,False
CAM,ReqMOM,CAM,CAM,1,True,False,True,True,True,True,False,True,False
CAM,ReqOCM,OCM,OCM,1,True,False,True,True,True,True,False,True,False
CAM,EndTask,CAM,CAM,1,True,False,True,True,True,True,False,True,False
CAM,ReqHCM,CAM,CAM,1,True,False,True,True,True,True,False,True,False
CAM,tick,CAM,CAM,1,True,False,True,True,True,True,False,True,False
OCM,ReqVel,OCM,OCM,1,True,False,True,True,True,True,False,True,True
OCM,ReqHdng,OCM,OCM,1,True,False,True,True,True,True,False,True,True
OCM,ReqMOM,OCM,OCM,1,True,False,True,True,True,True,False,True,True
OCM,ReqOCM,OCM,OCM,1,True,False,True,True,True,True,False,True,True
OCM,EndTask,OCM,OCM,1,True,False,True,True,True,True,False,True,True
OCM,ReqHCM,OCM,OCM,1,True,False,True,True,True,True,False,True,True
OCM,tick,OCM,OCM,1,True,False,True,True,True,True,False,True,True
MOM,ReqVel,HCM,HCM,1,True,False,True,True,True,True,False,True,True
MOM,ReqHdng,HCM,HCM,1,True,False,True,True,True,True,False,True,True
MOM,ReqMOM,HCM,HCM,1,True,False,True,True,True,True,False,True,True
MOM,ReqOCM,HCM,HCM|OCM,2,False,False,True,True,True,True,False,True,True
MOM,EndTask,HCM,HCM|OCM,2,False,False,True,True,True,True,False,True,True
MOM,ReqHCM,HCM,HCM,1,True,False,True,True,True,True,False,True,True
MOM,tick,HCM,HCM,1,True,False,True,True,True,True,False,True,True
HCM,ReqVel,OCM,OCM,1,True,False,True,True,True,True,False,True,True
HCM,ReqHdng,OCM,OCM,1,True,False,True,True,True,True,False,True,True
HCM,ReqMOM,OCM,OCM,1,True,False,True,True,True,True,False,True,True
HCM,ReqOCM,OCM,OCM,1,True,False,True,True,True,True,False,True,True
HCM,EndTask,OCM,OCM,1,True,False,True,True,True,True,False,True,True
HCM,ReqHCM,OCM,OCM,1,True,False,True,True,True,True,False,True,True
HCM,tick,OCM,OCM,1,True,False,True,True,True,True,False,True,True
CAM,ReqVel,OCM,OCM,1,True,False,True,True,True,True,False,True,True
CAM,ReqHdng,OCM,OCM,1,True,False,True,True,True,True,False,True,True
CAM,ReqMOM,OCM,OCM,1,True,False,True,True,True,True,False,True,True
CAM,ReqOCM,OCM,OCM,1,True,False,True,True,True,True,False,True,True
CAM,EndTask,OCM,OCM,1,True,False,True,True,True,True,False,True,True
CAM,ReqHCM,OCM,OCM,1,True,False,True,True,True,True,False,True,True
CAM,tick,OCM,OCM,1,True,False,True,True,True,True,False,True,True
OCM,ReqVel,OCM,OCM,1,True,False,True,True,True,True,True,False,False
OCM,ReqHdng,OCM,OCM,1,True,False,True,True,True,True,True,False,False
OCM,ReqMOM,OCM,OCM,1,True,False,True,True,True,True,True,False,False
OCM,ReqOCM,OCM,OCM,1,True,False,True,True,True,True,True,False,False
OCM,EndTask,OCM,OCM,1,True,False,True,True,True,True,True,False,False
OCM,ReqHCM,OCM,OCM,1,True,False,True,True,True,True,True,False,False
OCM,tick,OCM,OCM,1,True,False,True,True,True,True,True,False,False
MOM,ReqVel,HCM,HCM,1,True,False,True,True,True,True,True,False,False
MOM,ReqHdng,HCM,HCM,1,True,False,True,True,True,True,True,False,False
MOM,ReqMOM,HCM,HCM,1,True,False,True,True,True,True,True,False,False
MOM,ReqOCM,HCM,HCM|OCM,2,False,False,True,True,True,True,True,False,False
MOM,EndTask,HCM,HCM|OCM,2,False,False,True,True,True,True,True,False,False
MOM,ReqHCM,HCM,HCM,1,True,False,True,True,True,True,True,False,False
MOM,tick,HCM,HCM,1,True,False,True,True,True,True,True,False,False
HCM,ReqVel,OCM,OCM,1,True,False,True,True,True,True,True,False,False
HCM,ReqHdng,OCM,OCM,1,True,False,True,True,True,True,True,False,False
HCM,ReqMOM,OCM,OCM,1,True,False,True,True,True,True,True,False,False
HCM,ReqOCM,OCM,OCM,1,True,False,True,True,True,True,True,False,False
HCM,EndTask,OCM,OCM,1,True,False,True,True,True,True,True,False,False
HCM,ReqHCM,OCM,OCM,1,True,False,True,True,True,True,True,False,False
HCM,tick,OCM,OCM,1,True,False,True,True,True,True,True,False,False
CAM,ReqVel,CAM,CAM,1,True,False,True,True,True,True,True,False,False
CAM,ReqHdng,CAM,CAM,1,True,False,True,True,True,True,True,False,False
CAM,ReqMOM,CAM,CAM,1,True,False,True,True,True,True,True,False,False
CAM,ReqOCM,OCM,OCM,1,True,False,True,True,True,True,True,False,False
CAM,EndTask,CAM,CAM,1,True,False,True,True,True,True,True,False,False
CAM,ReqHCM,CAM,CAM,1,True,False,True,True,True,True,True,False,False
CAM,tick,CAM,CAM,1,True,False,True,True,True,True,True,False,False
OCM,ReqVel,OCM,OCM,1,True,False,True,True,True,True,True,False,True
OCM,ReqHdng,OCM,OCM,1,True,False,True,True,True,True,True,False,True
OCM,ReqMOM,OCM,OCM,1,True,False,True,True,True,True,True,False,True
OCM,ReqOCM,OCM,OCM,1,True,False,True,True,True,True,True,False,True
OCM,EndTask,OCM,OCM,1,True,False,True,True,True,True,True,False,True
OCM,ReqHCM,OCM,OCM,1,True,False,True,True,True,True,True,False,True
OCM,tick,OCM,OCM,1,True,False,True,True,True,True,True,False,True
MOM,ReqVel,HCM,HCM,1,True,False,True,True,True,True,True,False,True
MOM,ReqHdng,HCM,HCM,1,True,False,True,True,True,True,True,False,True
MOM,ReqMOM,HCM,HCM,1,True,False,True,True,True,True,True,False,True
MOM,ReqOCM,HCM,HCM|OCM,2,False,False,True,True,True,True,True,False,True
MOM,EndTask,HCM,HCM|OCM,2,False,False,True,True,True,True,True,False,True
MOM,ReqHCM,HCM,HCM,1,True,False,True,True,True,True,True,False,True
MOM,tick,HCM,HCM,1,True,False,True,True,True,True,True,False,True
HCM,ReqVel,OCM,OCM,1,True,False,True,True,True,True,True,False,True
HCM,ReqHdng,OCM,OCM,1,True,False,True,True,True,True,True,False,True
HCM,ReqMOM,OCM,OCM,1,True,False,True,True,True,True,True,False,True
HCM,ReqOCM,OCM,OCM,1,True,False,True,True,True,True,True,False,True
HCM,EndTask,OCM,OCM,1,True,False,True,True,True,True,True,False,True
HCM,ReqHCM,OCM,OCM,1,True,False,True,True,True,True,True,False,True
HCM,tick,OCM,OCM,1,True,False,True,True,True,True,True,False,True
CAM,ReqVel,OCM,OCM,1,True,False,True,True,True,True,True,False,True
CAM,ReqHdng,OCM,OCM,1,True,False,True,True,True,True,True,False,True
CAM,ReqMOM,OCM,OCM,1,True,False,True,True,True,True,True,False,True
CAM,ReqOCM,OCM,OCM,1,True,False,True,True,True,True,True,False,True
CAM,EndTask,OCM,OCM,1,True,False,True,True,True,True,True,False,True
CAM,ReqHCM,OCM,OCM,1,True,False,True,True,True,True,True,False,True
CAM,tick,OCM,OCM,1,True,False,True,True,True,True,True,False,True
OCM,ReqVel,OCM,OCM,1,True,False,True,True,True,True,True,True,False
OCM,ReqHdng,OCM,OCM,1,True,False,True,True,True,True,True,True,False
OCM,ReqMOM,OCM,OCM,1,True,False,True,True,True,True,True,True,False
OCM,ReqOCM,OCM,OCM,1,True,False,True,True,True,True,True,True,False
OCM,EndTask,OCM,OCM,1,True,False,True,True,True,True,True,True,False
OCM,ReqHCM,OCM,OCM,1,True,False,True,True,True,True,True,True,False
OCM,tick,OCM,OCM,1,True,False,True,True,True,True,True,True,False
MOM,ReqVel,HCM,HCM,1,True,False,True,True,True,True,True,True,False
MOM,ReqHdng,HCM,HCM,1,True,False,True,True,True,True,True,True,False
MOM,ReqMOM,HCM,HCM,1,True,False,True,True,True,True,True,True,False
MOM,ReqOCM,HCM,HCM|OCM,2,False,False,True,True,True,True,True,True,False
MOM,EndTask,HCM,HCM|OCM,2,False,False,True,True,True,True,True,True,False
MOM,ReqHCM,HCM,HCM,1,True,False,True,True,True,True,True,True,False
MOM,tick,HCM,HCM,1,True,False,True,True,True,True,True,True,False
HCM,ReqVel,OCM,OCM,1,True,False,True,True,True,True,True,True,False
HCM,ReqHdng,OCM,OCM,1,True,False,True,True,True,True,True,True,False
HCM,ReqMOM,OCM,OCM,1,True,False,True,True,True,True,True,True,False
HCM,ReqOCM,OCM,OCM,1,True,False,True,True,True,True,True,True,False
HCM,EndTask,OCM,OCM,1,True,False,True,True,True,True,True,True,False
HCM,ReqHCM,OCM,OCM,1,True,False,True,True,True,True,True,True,False
HCM,tick,OCM,OCM,1,True,False,True,True,True,True,True,True,False
CAM,ReqVel,CAM,CAM,1,True,False,True,True,True,True,True,True,False
CAM,ReqHdng,CAM,CAM,1,True,False,True,True,True,True,True,True,False
CAM,ReqMOM,CAM,CAM,1,True,False,True,True,True,True,True,True,False
CAM,ReqOCM,OCM,OCM,1,True,False,True,True,True,True,True,True,False
CAM,EndTask,CAM,CAM,1,True,False,True,True,True,True,True,True,False
CAM,ReqHCM,CAM,CAM,1,True,False,True,True,True,True,True,True,False
CAM,tick,CAM,CAM,1,True,False,True,True,True,True,True,True,False
OCM,ReqVel,OCM,OCM,1,True,False,True,True,True,True,True,True,True
OCM,ReqHdng,OCM,OCM,1,True,False,True,True,True,True,True,True,True
OCM,ReqMOM,OCM,OCM,1,True,False,True,True,True,True,True,True,True
OCM,ReqOCM,OCM,OCM,1,True,False,True,True,True,True,True,True,True
OCM,EndTask,OCM,OCM,1,True,False,True,True,True,True,True,True,True
OCM,ReqHCM,OCM,OCM,1,True,False,True,True,True,True,True,True,True
OCM,tick,OCM,OCM,1,True,False,True,True,True,True,True,True,True
MOM,ReqVel,HCM,HCM,1,True,False,True,True,True,True,True,True,True
MOM,ReqHdng,HCM,HCM,1,True,False,True,True,True,True,True,True,True
MOM,ReqMOM,HCM,HCM,1,True,False,True,True,True,True,True,True,True
MOM,ReqOCM,HCM,HCM|OCM,2,False,False,True,True,True,True,True,True,True
MOM,EndTask,HCM,HCM|OCM,2,False,False,True,True,True,True,True,True,True
MOM,ReqHCM,HCM,HCM,1,True,False,True,True,True,True,True,True,True
MOM,tick,HCM,HCM,1,True,False,True,True,True,True,True,True,True
HCM,ReqVel,OCM,OCM,1,True,False,True,True,True,True,True,True,True
HCM,ReqHdng,OCM,OCM,1,True,False,True,True,True,True,True,True,True
HCM,ReqMOM,OCM,OCM,1,True,False,True,True,True,True,True,True,True
HCM,ReqOCM,OCM,OCM,1,True,False,True,True,True,True,True,True,True
HCM,EndTask,OCM,OCM,1,True,False,True,True,True,True,True,True,True
HCM,ReqHCM,OCM,OCM,1,True,False,True,True,True,True,True,True,True
HCM,tick,OCM,OCM,1,True,False,True,True,True,True,True,True,True
CAM,ReqVel,OCM,OCM,1,True,False,True,True,True,True,True,True,True
CAM,ReqHdng,OCM,OCM,1,True,False,True,True,True,True,True,True,True
CAM,ReqMOM,OCM,OCM,1,True,False,True,True,True,True,True,True,True
CAM,ReqOCM,OCM,OCM,1,True,False,True,True,True,True,True,True,True
CAM,EndTask,OCM,OCM,1,True,False,True,True,True,True,True,True,True
CAM,ReqHCM,OCM,OCM,1,True,False,True,True,True,True,True,True,True
CAM,tick,OCM,OCM,1,True,False,True,True,True,True,True,True,True
OCM,ReqVel,OCM,OCM,1,True,True,False,False,False,False,False,False,False
OCM,ReqHdng,OCM,OCM,1,True,True,False,False,False,False,False,False,False
OCM,ReqMOM,OCM,OCM,1,True,True,False,False,False,False,False,False,False
OCM,ReqOCM,OCM,OCM,1,True,True,False,False,False,False,False,False,False
OCM,EndTask,OCM,OCM,1,True,True,False,False,False,False,False,False,False
OCM,ReqHCM,OCM,OCM,1,True,True,False,False,False,False,False,False,False
OCM,tick,OCM,OCM,1,True,True,False,False,False,False,False,False,False
MOM,ReqVel,CAM,CAM,1,True,True,False,False,False,False,False,False,False
MOM,ReqHdng,CAM,CAM,1,True,True,False,False,False,False,False,False,False
MOM,ReqMOM,CAM,CAM,1,True,True,False,False,False,False,False,False,False
MOM,ReqOCM,CAM,CAM|OCM,2,False,True,False,False,False,False,False,False,False
MOM,EndTask,CAM,CAM|OCM,2,False,True,False,False,False,False,False,False,False
MOM,ReqHCM,CAM,CAM|HCM,2,False,True,False,False,False,False,False,False,False
MOM,tick,CAM,CAM,1,True,True,False,False,False,False,False,False,False
HCM,ReqVel,CAM,CAM,1,True,True,False,False,False,False,False,False,False
HCM,ReqHdng,CAM,CAM,1,True,True,False,False,False,False,False,False,False
HCM,ReqMOM,CAM,CAM,1,True,True,False,False,False,False,False,False,False
HCM,ReqOCM,CAM,CAM|OCM,2,False,True,False,False,False,False,False,False,False
HCM,EndTask,CAM,CAM,1,True,True,False,False,False,False,False,False,False
HCM,ReqHCM,CAM,CAM,1,True,True,False,False,False,False,False,False,False
HCM,tick,CAM,CAM,1,True,True,False,False,False,False,False,False,False
CAM,ReqVel,CAM,CAM,1,True,True,False,False,False,False,False,False,False
CAM,ReqHdng,CAM,CAM,1,True,True,False,False,False,False,False,False,False
CAM,ReqMOM,CAM,CAM,1,True,True,False,False,False,False,False,False,False
CAM,ReqOCM,OCM,OCM,1,True,True,False,False,False,False,False,False,False
CAM,EndTask,CAM,CAM,1,True,True,False,False,False,False,False,False,False
CAM,ReqHCM,CAM,CAM,1,True,True,False,False,False,False,False,False,False
CAM,tick,CAM,CAM,1,True,True,False,False,False,False,False,False,False
OCM,ReqVel,OCM,OCM,1,True,True,False,False,False,False,False,False,True
OCM,ReqHdng,OCM,OCM,1,True,True,False,False,False,False,False,False,True
OCM,ReqMOM,OCM,OCM,1,True,True,False,False,False,False,False,False,True
OCM,ReqOCM,OCM,OCM,1,True,True,False,False,False,False,False,False,True
OCM,EndTask,OCM,OCM,1,True,True,False,False,False,False,False,False,True
OCM,ReqHCM,OCM,OCM,1,True,True,False,False,False,False,False,False,True
OCM,tick,OCM,OCM,1,True,True,False,False,False,False,False,False,True
MOM,ReqVel,CAM,CAM,1,True,True,False,False,False,False,False,False,True
MOM,ReqHdng,CAM,CAM,1,True,True,False,False,False,False,False,False,True
MOM,ReqMOM,CAM,CAM,1,True,True,False,False,False,False,False,False,True
MOM,ReqOCM,CAM,CAM|OCM,2,False,True,False,False,False,False,False,False,True
MOM,EndTask,CAM,CAM|OCM,2,False,True,False,False,False,False,False,False,True
MOM,ReqHCM,CAM,CAM|HCM,2,False,True,False,False,False,False,False,False,True
MOM,tick,CAM,CAM,1,True,True,False,False,False,False,False,False,True
HCM,ReqVel,CAM,CAM,1,True,True,False,False,False,False,False,False,True
HCM,ReqHdng,CAM,CAM,1,True,True,False,False,False,False,False,False,True
HCM,ReqMOM,CAM,CAM,1,True,True,False,False,False,False,False,False,True
HCM,ReqOCM,CAM,CAM|OCM,2,False,True,False,False,False,False,False,False,True
HCM,EndTask,CAM,CAM,1,True,True,False,False,False,False,False,False,True
HCM,ReqHCM,CAM,CAM,1,True,True,False,False,False,False,False,False,True
HCM,tick,CAM,CAM,1,True,True,False,False,False,False,False,False,True
CAM,ReqVel,OCM,OCM,1,True,True,False,False,False,False,False,False,True
CAM,ReqHdng,OCM,OCM,1,True,True,False,False,False,False,False,False,True
CAM,ReqMOM,OCM,OCM,1,True,True,False,False,False,False,False,False,True
CAM,ReqOCM,OCM,OCM,1,True,True,False,False,False,False,False,False,True
CAM,EndTask,OCM,OCM,1,True,True,False,False,False,False,False,False,True
CAM,ReqHCM,OCM,OCM,1,True,True,False,False,False,False,False,False,True
CAM,tick,OCM,OCM,1,True,True,False,False,False,False,False,False,True
OCM,ReqVel,OCM,OCM,1,True,True,False,False,False,False,False,True,False
OCM,ReqHdng,OCM,OCM,1,True,True,False,False,False,False,False,True,False
OCM,ReqMOM,OCM,OCM,1,True,True,False,False,False,False,False,True,False
OCM,ReqOCM,OCM,OCM,1,True,True,False,False,False,False,False,True,False
OCM,EndTask,OCM,OCM,1,True,True,False,False,False,False,False,True,False
OCM,ReqHCM,OCM,OCM,1,True,True,False,False,False,False,False,True,False
OCM,tick,OCM,OCM,1,True,True,False,False,False,False,False,True,False
MOM,ReqVel,CAM,CAM,1,True,True,False,False,False,False,False,True,False
MOM,ReqHdng,CAM,CAM,1,True,True,False,False,False,False,False,True,False
MOM,ReqMOM,CAM,CAM,1,True,True,False,False,False,False,False,True,False
MOM,ReqOCM,CAM,CAM|OCM,2,False,True,False,False,False,False,False,True,False
MOM,EndTask,CAM,CAM|OCM,2,False,True,False,False,False,False,False,True,False
MOM,ReqHCM,CAM,CAM|HCM,2,False,True,False,False,False,False,False,True,False
MOM,tick,CAM,CAM,1,True,True,False,False,False,False,False,True,False
HCM,ReqVel,CAM,CAM,1,True,True,False,False,False,False,False,True,False
HCM,ReqHdng,CAM,CAM,1,True,True,False,False,False,False,False,True,False
HCM,ReqMOM,CAM,CAM,1,True,True,False,False,False,False,False,True,False
HCM,ReqOCM,CAM,CAM|OCM,2,False,True,False,False,False,False,False,True,False
HCM,EndTask,CAM,CAM,1,True,True,False,False,False,False,False,True,False
HCM,ReqHCM,CAM,CAM,1,True,True,False,False,False,False,False,True,False
HCM,tick,CAM,CAM,1,True,True,False,False,False,False,False,True,False
CAM,ReqVel,CAM,CAM,1,True,True,False,False,False,False,False,True,False
CAM,ReqHdng,CAM,CAM,1,True,True,False,False,False,False,False,True,False
CAM,ReqMOM,CAM,CAM,1,True,True,False,False,False,False,False,True,False
CAM,ReqOCM,OCM,OCM,1,True,True,False,False,False,False,False,True,False
CAM,EndTask,CAM,CAM,1,True,True,False,False,False,False,False,True,False
CAM,ReqHCM,CAM,CAM,1,True,True,False,False,False,False,False,True,False
CAM,tick,CAM,CAM,1,True,True,False,False,False,False,False,True,False
OCM,ReqVel,OCM,OCM,1,True,True,False,False,False,False,False,True,True
OCM,ReqHdng,OCM,OCM,1,True,True,False,False,False,False,False,True,True
OCM,ReqMOM,OCM,OCM,1,True,True,False,False,False,False,False,True,True
OCM,ReqOCM,OCM,OCM,1,True,True,False,False,False,False,False,True,True
OCM,EndTask,OCM,OCM,1,True,True,False,False,False,False,False,True,True
OCM,ReqHCM,OCM,OCM,1,True,True,False,False,False,False,False,True,True
OCM,tick,OCM,OCM,1,True,True,False,False,False,False,False,True,True
MOM,ReqVel,CAM,CAM,1,True,True,False,False,False,False,False,True,True
MOM,ReqHdng,CAM,CAM,1,True,True,False,False,False,False,False,True,True
MOM,ReqMOM,CAM,CAM,1,True,True,False,False,False,False,False,True,True
MOM,ReqOCM,CAM,CAM|OCM,2,False,True,False,False,False,False,False,True,True
MOM,EndTask,CAM,CAM|OCM,2,False,True,False,False,False,False,False,True,True
MOM,ReqHCM,CAM,CAM|HCM,2,False,True,False,False,False,False,False,True,True
MOM,tick,CAM,CAM,1,True,True,False,False,False,False,False,True,True
HCM,ReqVel,CAM,CAM,1,True,True,False,False,False,False,False,True,True
HCM,ReqHdng,CAM,CAM,1,True,True,False,False,False,False,False,True,True
HCM,ReqMOM,CAM,CAM,1,True,True,False,False,False,False,False,True,True
HCM,ReqOCM,CAM,CAM|OCM,2,False,True,False,False,False,False,False,True,True
HCM,EndTask,CAM,CAM,1,True,True,False,False,False,False,False,True,True
HCM,ReqHCM,CAM,CAM,1,True,True,False,False,False,False,False,True,True
HCM,tick,CAM,CAM,1,True,True,False,False,False,False,False,True,True
CAM,ReqVel,OCM,OCM,1,True,True,False,False,False,False,False,True,True
CAM,ReqHdng,OCM,OCM,1,True,True,False,False,False,False,False,True,True
CAM,ReqMOM,OCM,OCM,1,True,True,False,False,False,False,False,True,True
CAM,ReqOCM,OCM,OCM,1,True,True,False,False,False,False,False,True,True
CAM,EndTask,OCM,OCM,1,True,True,False,False,False,False,False,True,True
CAM,ReqHCM,OCM,OCM,1,True,True,False,False,False,False,False,True,True
CAM,tick,OCM,OCM,1,True,True,False,False,False,False,False,True,True
OCM,ReqVel,OCM,OCM,1,True,True,False,False,False,False,True,False,False
OCM,ReqHdng,OCM,OCM,1,True,True,False,False,False,False,True,False,False
OCM,ReqMOM,OCM,OCM,1,True,True,False,False,False,False,True,False,False
OCM,ReqOCM,OCM,OCM,1,True,True,False,False,False,False,True,False,False
OCM,EndTask,OCM,OCM,1,True,True,False,False,False,False,True,False,False
OCM,ReqHCM,OCM,OCM,1,True,True,False,False,False,False,True,False,False
OCM,tick,OCM,OCM,1,True,True,False,False,False,False,True,False,False
MOM,ReqVel,CAM,CAM,1,True,True,False,False,False,False,True,False,False
MOM,ReqHdng,CAM,CAM,1,True,True,False,False,False,False,True,False,False
MOM,ReqMOM,CAM,CAM,1,True,True,False,False,False,False,True,False,False
MOM,ReqOCM,CAM,CAM|OCM,2,False,True,False,False,False,False,True,False,False
MOM,EndTask,CAM,CAM|OCM,2,False,True,False,False,False,False,True,False,False
MOM,ReqHCM,CAM,CAM|HCM,2,False,True,False,False,False,False,True,False,False
MOM,tick,CAM,CAM,1,True,True,False,False,False,False,True,False,False
HCM,ReqVel,CAM,CAM,1,True,True,False,False,False,False,True,False,False
HCM,ReqHdng,CAM,CAM,1,True,True,False,False,False,False,True,False,False
HCM,ReqMOM,CAM,CAM,1,True,True,False,False,False,False,True,False,False
HCM,ReqOCM,CAM,CAM|OCM,2,False,True,False,False,False,False,True,False,False
HCM,EndTask,CAM,CAM,1,True,True,False,False,False,False,True,False,False
HCM,ReqHCM,CAM,CAM,1,True,True,False,False,False,False,True,False,False
HCM,tick,CAM,CAM,1,True,True,False,False,False,False,True,False,False
CAM,ReqVel,CAM,CAM,1,True,True,False,False,False,False,True,False,False
CAM,ReqHdng,CAM,CAM,1,True,True,False,False,False,False,True,False,False
CAM,ReqMOM,CAM,CAM,1,True,True,False,False,False,False,True,False,False
CAM,ReqOCM,OCM,OCM,1,True,True,False,False,False,False,True,False,False
CAM,EndTask,CAM,CAM,1,True,True,False,False,False,False,True,False,False
CAM,ReqHCM,CAM,CAM,1,True,True,False,False,False,False,True,False,False
CAM,tick,CAM,CAM,1,True,True,False,False,False,False,True,False,False
OCM,ReqVel,OCM,OCM,1,True,True,False,False,False,False,True,False,True
OCM,ReqHdng,OCM,OCM,1,True,True,False,False,False,False,True,False,True
OCM,ReqMOM,OCM,OCM,1,True,True,False,False,False,False,True,False,True
OCM,ReqOCM,OCM,OCM,1,True,True,False,False,False,False,True,False,True
OCM,EndTask,OCM,OCM,1,True,True,False,False,False,False,True,False,True
OCM,ReqHCM,OCM,OCM,1,True,True,False,False,False,False,True,False,True
OCM,tick,OCM,OCM,1,True,True,False,False,False,False,True,False,True
MOM,ReqVel,CAM,CAM,1,True,True,False,False,False,False,True,False,True
MOM,ReqHdng,CAM,CAM,1,True,True,False,False,False,False,True,False,True
MOM,ReqMOM,CAM,CAM,1,True,True,False,False,False,False,True,False,True
MOM,ReqOCM,CAM,CAM|OCM,2,False,True,False,False,False,False,True,False,True
MOM,EndTask,CAM,CAM|OCM,2,False,True,False,False,False,False,True,False,True
MOM,ReqHCM,CAM,CAM|HCM,2,False,True,False,False,False,False,True,False,True
MOM,tick,CAM,CAM,1,True,True,False,False,False,False,True,False,True
HCM,ReqVel,CAM,CAM,1,True,True,False,False,False,False,True,False,True
HCM,ReqHdng,CAM,CAM,1,True,True,False,False,False,False,True,False,True
HCM,ReqMOM,CAM,CAM,1,True,True,False,False,False,False,True,False,True
HCM,ReqOCM,CAM,CAM|OCM,2,False,True,False,False,False,False,True,False,True
HCM,EndTask,CAM,CAM,1,True,True,False,False,False,False,True,False,True
HCM,ReqHCM,CAM,CAM,1,True,True,False,False,False,False,True,False,True
HCM,tick,CAM,CAM,1,True,True,False,False,False,False,True,False,True
CAM,ReqVel,OCM,OCM,1,True,True,False,False,False,False,True,False,True
CAM,ReqHdng,OCM,OCM,1,True,True,False,False,False,False,True,False,True
CAM,ReqMOM,OCM,OCM,1,True,True,False,False,False,False,True,False,True
CAM,ReqOCM,OCM,OCM,1,True,True,False,False,False,False,True,False,True
CAM,EndTask,OCM,OCM,1,True,True,False,False,False,False,True,False,True
CAM,ReqHCM,OCM,OCM,1,True,True,False,False,False,False,True,False,True
CAM,tick,OCM,OCM,1,True,True,False,False,False,False,True,False,True
OCM,ReqVel,OCM,OCM,1,True,True,False,False,False,False,True,True,False
OCM,ReqHdng,OCM,OCM,1,True,True,False,False,False,False,True,True,False
OCM,ReqMOM,OCM,OCM,1,True,True,False,False,False,False,True,True,False
OCM,ReqOCM,OCM,OCM,1,True,True,False,False,False,False,True,True,False
OCM,EndTask,OCM,OCM,1,True,True,False,False,False,False,True,True,False
OCM,ReqHCM,OCM,OCM,1,True,True,False,False,False,False,True,True,False
OCM,tick,OCM,OCM,1,True,True,False,False,False,False,True,True,False
MOM,ReqVel,CAM,CAM,1,True,True,False,False,False,False,True,True,False
MOM,ReqHdng,CAM,CAM,1,True,True,False,False,False,False,True,True,False
MOM,ReqMOM,CAM,CAM,1,True,True,False,False,False,False,True,True,False
MOM,ReqOCM,CAM,CAM|OCM,2,False,True,False,False,False,False,True,True,False
MOM,EndTask,CAM,CAM|OCM,2,False,True,False,False,False,False,True,True,False
MOM,ReqHCM,CAM,CAM|HCM,2,False,True,False,False,False,False,True,True,False
MOM,tick,CAM,CAM,1,True,True,False,False,False,False,True,True,False
HCM,ReqVel,CAM,CAM,1,True,True,False,False,False,False,True,True,False
HCM,ReqHdng,CAM,CAM,1,True,True,False,False,False,False,True,True,False
HCM,ReqMOM,CAM,CAM,1,True,True,False,False,False,False,True,True,False
HCM,ReqOCM,CAM,CAM|OCM,2,False,True,False,False,False,False,True,True,False
HCM,EndTask,CAM,CAM,1,True,True,False,False,False,False,True,True,False
HCM,ReqHCM,CAM,CAM,1,True,True,False,False,False,False,True,True,False
HCM,tick,CAM,CAM,1,True,True,False,False,False,False,True,True,False
CAM,ReqVel,CAM,CAM,1,True,True,False,False,False,False,True,True,False
CAM,ReqHdng,CAM,CAM,1,True,True,False,False,False,False,True,True,False
CAM,ReqMOM,CAM,CAM,1,True,True,False,False,False,False,True,True,False
CAM,ReqOCM,OCM,OCM,1,True,True,False,False,False,False,True,True,False
CAM,EndTask,CAM,CAM,1,True,True,False,False,False,False,True,True,False
CAM,ReqHCM,CAM,CAM,1,True,True,False,False,False,False,True,True,False
CAM,tick,CAM,CAM,1,True,True,False,False,False,False,True,True,False
OCM,ReqVel,OCM,OCM,1,True,True,False,False,False,False,True,True,True
OCM,ReqHdng,OCM,OCM,1,True,True,False,False,False,False,True,True,True
OCM,ReqMOM,OCM,OCM,1,True,True,False,False,False,False,True,True,True
OCM,ReqOCM,OCM,OCM,1,True,True,False,False,False,False,True,True,True
OCM,EndTask,OCM,OCM,1,True,True,False,False,False,False,True,True,True
OCM,ReqHCM,OCM,OCM,1,True,True,False,False,False,False,True,True,True
OCM,tick,OCM,OCM,1,True,True,False,False,False,False,True,True,True
MOM,ReqVel,CAM,CAM,1,True,True,False,False,False,False,True,True,True
MOM,ReqHdng,CAM,CAM,1,True,True,False,False,False,False,True,True,True
MOM,ReqMOM,CAM,CAM,1,True,True,False,False,False,False,True,True,True
MOM,ReqOCM,CAM,CAM|OCM,2,False,True,False,False,False,False,True,True,True
MOM,EndTask,CAM,CAM|OCM,2,False,True,False,False,False,False,True,True,True
MOM,ReqHCM,CAM,CAM|HCM,2,False,True,False,False,False,False,True,True,True
MOM,tick,CAM,CAM,1,True,True,False,False,False,False,True,True,True
HCM,ReqVel,CAM,CAM,1,True,True,False,False,False,False,True,True,True
HCM,ReqHdng,CAM,CAM,1,True,True,False,False,False,False,True,True,True
HCM,ReqMOM,CAM,CAM,1,True,True,False,False,False,False,True,True,True
HCM,ReqOCM,CAM,CAM|OCM,2,False,True,False,False,False,False,True,True,True
HCM,EndTask,CAM,CAM,1,True,True,False,False,False,False,True,True,True
HCM,ReqHCM,CAM,CAM,1,True,True,False,False,False,False,True,True,True
HCM,tick,CAM,CAM,1,True,True,False,False,False,False,True,True,True
CAM,ReqVel,OCM,OCM,1,True,True,False,False,False,False,True,True,True
CAM,ReqHdng,OCM,OCM,1,True,True,False,False,False,False,True,True,True
CAM,ReqMOM,OCM,OCM,1,True,True,False,False,False,False,True,True,True
CAM,ReqOCM,OCM,OCM,1,True,True,False,False,False,False,True,True,True
CAM,EndTask,OCM,OCM,1,True,True,False,False,False,False,True,True,True
CAM,ReqHCM,OCM,OCM,1,True,True,False,False,False,False,True,True,True
CAM,tick,OCM,OCM,1,True,True,False,False,False,False,True,True,True
OCM,ReqVel,OCM,OCM,1,True,True,False,False,False,True,False,False,False
OCM,ReqHdng,OCM,OCM,1,True,True,False,False,False,True,False,False,False
OCM,ReqMOM,OCM,OCM,1,True,True,False,False,False,True,False,False,False
OCM,ReqOCM,OCM,OCM,1,True,True,False,False,False,True,False,False,False
OCM,EndTask,OCM,OCM,1,True,True,False,False,False,True,False,False,False
OCM,ReqHCM,OCM,OCM,1,True,True,False,False,False,True,False,False,False
OCM,tick,OCM,OCM,1,True,True,False,False,False,True,False,False,False
MOM,ReqVel,CAM,CAM,1,True,True,False,False,False,True,False,False,False
MOM,ReqHdng,CAM,CAM,1,True,True,False,False,False,True,False,False,False
MOM,ReqMOM,CAM,CAM,1,True,True,False,False,False,True,False,False,False
MOM,ReqOCM,CAM,CAM|OCM,2,False,True,False,False,False,True,False,False,False
MOM,EndTask,CAM,CAM|OCM,2,False,True,False,False,False,True,False,False,False
MOM,ReqHCM,CAM,CAM|HCM,2,False,True,False,False,False,True,False,False,False
MOM,tick,CAM,CAM,1,True,True,False,False,False,True,False,False,False
HCM,ReqVel,CAM,CAM,1,True,True,False,False,False,True,False,False,False
HCM,ReqHdng,CAM,CAM,1,True,True,False,False,False,True,False,False,False
HCM,ReqMOM,CAM,CAM,1,True,True,False,False,False,True,False,False,False
HCM,ReqOCM,CAM,CAM|OCM,2,False,True,False,False,False,True,False,False,False
HCM,EndTask,CAM,CAM,1,True,True,False,False,False,True,False,False,False
HCM,ReqHCM,CAM,CAM,1,True,True,False,False,False,True,False,False,False
HCM,tick,CAM,CAM,1,True,True,False,False,False,True,False,False,False
CAM,ReqVel,CAM,CAM,1,True,True,False,False,False,True,False,False,False
CAM,ReqHdng,CAM,CAM,1,True,True,False,False,False,True,False,False,False
CAM,ReqMOM,CAM,CAM,1,True,True,False,False,False,True,False,False,False
CAM,ReqOCM,OCM,OCM,1,True,True,False,False,False,True,False,False,False
CAM,EndTask,CAM,CAM,1,True,True,False,False,False,True,False,False,False
CAM,ReqHCM,CAM,CAM,1,True,True,False,False,False,True,False,False,False
CAM,tick,CAM,CAM,1,True,True,False,False,False,True,False,False,False
OCM,ReqVel,OCM,OCM,1,True,True,False,False,False,True,False,False,True
OCM,ReqHdng,OCM,OCM,1,True,True,False,False,False,True,False,False,True
OCM,ReqMOM,OCM,OCM,1,True,True,False,False,False,True,False,False,True
OCM,ReqOCM,OCM,OCM,1,True,True,False,False,False,True,False,False,True
OCM,EndTask,OCM,OCM,1,True,True,False,False,False,True,False,False,True
OCM,ReqHCM,OCM,OCM,1,True,True,False,False,False,True,False,False,True
OCM,tick,OCM,OCM,1,True,True,False,False,False,True,False,False,True
MOM,ReqVel,CAM,CAM,1,True,True,False,False,False,True,False,False,True
MOM,ReqHdng,CAM,CAM,1,True,True,False,False,False,True,False,False,True
MOM,ReqMOM,CAM,CAM,1,True,True,False,False,False,True,False,False,True
MOM,ReqOCM,CAM,CAM|OCM,2,False,True,False,False,False,True,False,False,True
MOM,EndTask,CAM,CAM|OCM,2,False,True,False,False,False,True,False,False,True
MOM,ReqHCM,CAM,CAM|HCM,2,False,True,False,False,False,True,False,False,True
MOM,tick,CAM,CAM,1,True,True,False,False,False,True,False,False,True
HCM,ReqVel,CAM,CAM,1,True,True,False,False,False,True,False,False,True
HCM,ReqHdng,CAM,CAM,1,True,True,False,False,False,True,False,False,True
HCM,ReqMOM,CAM,CAM,1,True,True,False,False,False,True,False,False,True
HCM,ReqOCM,CAM,CAM|OCM,2,False,True,False,False,False,True,False,False,True
HCM,EndTask,CAM,CAM,1,True,True,False,False,False,True,False,False,True
HCM,ReqHCM,CAM,CAM,1,True,True,False,False,False,True,False,False,True
HCM,tick,CAM,CAM,1,True,True,False,False,False,True,False,False,True
CAM,ReqVel,OCM,OCM,1,True,True,False,False,False,True,False,False,True
CAM,ReqHdng,OCM,OCM,1,True,True,False,False,False,True,False,False,True
CAM,ReqMOM,OCM,OCM,1,True,True,False,False,False,True,False,False,True
CAM,ReqOCM,OCM,OCM,1,True,True,False,False,False,True,False,False,True
CAM,EndTask,OCM,OCM,1,True,True,False,False,False,True,False,False,True
CAM,ReqHCM,OCM,OCM,1,True,True,False,False,False,True,False,False,True
CAM,tick,OCM,OCM,1,True,True,False,False,False,True,False,False,True
OCM,ReqVel,OCM,OCM,1,True,True,False,False,False,True,False,True,False
OCM,ReqHdng,OCM,OCM,1,True,True,False,False,False,True,False,True,False
OCM,ReqMOM,OCM,OCM,1,True,True,False,False,False,True,False,True,False
OCM,ReqOCM,OCM,OCM,1,True,True,False,False,False,True,False,True,False
OCM,EndTask,OCM,OCM,1,True,True,False,False,False,True,False,True,False
OCM,ReqHCM,OCM,OCM,1,True,True,False,False,False,True,False,True,False
OCM,tick,OCM,OCM,1,True,True,False,False,False,True,False,True,False
MOM,ReqVel,CAM,CAM,1,True,True,False,False,False,True,False,True,False
MOM,ReqHdng,CAM,CAM,1,True,True,False,False,False,True,False,True,False
MOM,ReqMOM,CAM,CAM,1,True,True,False,False,False,True,False,True,False
MOM,ReqOCM,CAM,CAM|OCM,2,False,True,False,False,False,True,False,True,False
MOM,EndTask,CAM,CAM|OCM,2,False,True,False,False,False,True,False,True,False
MOM,ReqHCM,CAM,CAM|HCM,2,False,True,False,False,False,True,False,True,False
MOM,tick,CAM,CAM,1,True,True,False,False,False,True,False,True,False
HCM,ReqVel,CAM,CAM,1,True,True,False,False,False,True,False,True,False
HCM,ReqHdng,CAM,CAM,1,True,True,False,False,False,True,False,True,False
HCM,ReqMOM,CAM,CAM,1,True,True,False,False,False,True,False,True,False
HCM,ReqOCM,CAM,CAM|OCM,2,False,True,False,False,False,True,False,True,False
HCM,EndTask,CAM,CAM,1,True,True,False,False,False,True,False,True,False
HCM,ReqHCM,CAM,CAM,1,True,True,False,False,False,True,False,True,False
HCM,tick,CAM,CAM,1,True,True,False,False,False,True,False,True,False
CAM,ReqVel,CAM,CAM,1,True,True,False,False,False,True,False,True,False
CAM,ReqHdng,CAM,CAM,1,True,True,False,False,False,True,False,True,False
CAM,ReqMOM,CAM,CAM,1,True,True,False,False,False,True,False,True,False
CAM,ReqOCM,OCM,OCM,1,True,True,False,False,False,True,False,True,False
CAM,EndTask,CAM,CAM,1,True,True,False,False,False,True,False,True,False
CAM,ReqHCM,CAM,CAM,1,True,True,False,False,False,True,False,True,False
CAM,tick,CAM,CAM,1,True,True,False,False,False,True,False,True,False
OCM,ReqVel,OCM,OCM,1,True,True,False,False,False,True,False,True,True
OCM,ReqHdng,OCM,OCM,1,True,True,False,False,False,True,False,True,True
OCM,ReqMOM,OCM,OCM,1,True,True,False,False,False,True,False,True,True
OCM,ReqOCM,OCM,OCM,1,True,True,False,False,False,True,False,True,True
OCM,EndTask,OCM,OCM,1,True,True,False,False,False,True,False,True,True
OCM,ReqHCM,OCM,OCM,1,True,True,False,False,False,True,False,True,True
OCM,tick,OCM,OCM,1,True,True,False,False,False,True,False,True,True
MOM,ReqVel,CAM,CAM,1,True,True,False,False,False,True,False,True,True
MOM,ReqHdng,CAM,CAM,1,True,True,False,False,False,True,False,True,True
MOM,ReqMOM,CAM,CAM,1,True,True,False,False,False,True,False,True,True
MOM,ReqOCM,CAM,CAM|OCM,2,False,True,False,False,False,True,False,True,True
MOM,EndTask,CAM,CAM|OCM,2,False,True,False,False,False,True,False,True,True
MOM,ReqHCM,CAM,CAM|HCM,2,False,True,False,False,False,True,False,True,True
MOM,tick,CAM,CAM,1,True,True,False,False,False,True,False,True,True
HCM,ReqVel,CAM,CAM,1,True,True,False,False,False,True,False,True,True
HCM,ReqHdng,CAM,CAM,1,True,True,False,False,False,True,False,True,True
HCM,ReqMOM,CAM,CAM,1,True,True,False,False,False,True,False,True,True
HCM,ReqOCM,CAM,CAM|OCM,2,False,True,False,False,False,True,False,True,True
HCM,EndTask,CAM,CAM,1,True,True,False,False,False,True,False,True,True
HCM,ReqHCM,CAM,CAM,1,True,True,False,False,False,True,False,True,True
HCM,tick,CAM,CAM,1,True,True,False,False,False,True,False,True,True
CAM,ReqVel,OCM,OCM,1,True,True,False,False,False,True,False,True,True
CAM,ReqHdng,OCM,OCM,1,True,True,False,False,False,True,False,True,True
CAM,ReqMOM,OCM,OCM,1,True,True,False,False,False,True,False,True,True
CAM,ReqOCM,OCM,OCM,1,True,True,False,False,False,True,False,True,True
CAM,EndTask,OCM,OCM,1,True,True,False,False,False,True,False,True,True
CAM,ReqHCM,OCM,OCM,1,True,True,False,False,False,True,False,True,True
CAM,tick,OCM,OCM,1,True,True,False,False,False,True,False,True,True
OCM,ReqVel,OCM,OCM,1,True,True,False,False,False,True,True,False,False
OCM,ReqHdng,OCM,OCM,1,True,True,False,False,False,True,True,False,False
OCM,ReqMOM,OCM,OCM,1,True,True,False,False,False,True,True,False,False
OCM,ReqOCM,OCM,OCM,1,True,True,False,False,False,True,True,False,False
OCM,EndTask,OCM,OCM,1,True,True,False,False,False,True,True,False,False
OCM,ReqHCM,OCM,OCM,1,True,True,False,False,False,True,True,False,False
OCM,tick,OCM,OCM,1,True,True,False,False,False,True,True,False,False
MOM,ReqVel,CAM,CAM,1,True,True,False,False,False,True,True,False,False
MOM,ReqHdng,CAM,CAM,1,True,True,False,False,False,True,True,False,False
MOM,ReqMOM,CAM,CAM,1,True,True,False,False,False,True,True,False,False
MOM,ReqOCM,CAM,CAM|OCM,2,False,True,False,False,False,True,True,False,False
MOM,EndTask,CAM,CAM|OCM,2,False,True,False,False,False,True,True,False,False
MOM,ReqHCM,CAM,CAM|HCM,2,False,True,False,False,False,True,True,False,False
MOM,tick,CAM,CAM,1,True,True,False,False,False,True,True,False,False
HCM,ReqVel,CAM,CAM,1,True,True,False,False,False,True,True,False,False
HCM,ReqHdng,CAM,CAM,1,True,True,False,False,False,True,True,False,False
HCM,ReqMOM,CAM,CAM,1,True,True,False,False,False,True,True,False,False
HCM,ReqOCM,CAM,CAM|OCM,2,False,True,False,False,False,True,True,False,False
HCM,EndTask,CAM,CAM,1,True,True,False,False,False,True,True,False,False
HCM,ReqHCM,CAM,CAM,1,True,True,False,False,False,True,True,False,False
HCM,tick,CAM,CAM,1,True,True,False,False,False,True,True,False,False
CAM,ReqVel,CAM,CAM,1,True,True,False,False,False,True,True,False,False
CAM,ReqHdng,CAM,CAM,1,True,True,False,False,False,True,True,False,False
CAM,ReqMOM,CAM,CAM,1,True,True,False,False,False,True,True,False,False
CAM,ReqOCM,OCM,OCM,1,True,True,False,False,False,True,True,False,False
CAM,EndTask,CAM,CAM,1,True,True,False,False,False,True,True,False,False
CAM,ReqHCM,CAM,CAM,1,True,True,False,False,False,True,True,False,False
CAM,tick,CAM,CAM,1,True,True,False,False,False,True,True,False,False
OCM,ReqVel,OCM,OCM,1,True,True,False,False,False,True,True,False,True
OCM,ReqHdng,OCM,OCM,1,True,True,False,False,False,True,True,False,True
OCM,ReqMOM,OCM,OCM,1,True,True,False,False,False,True,True,False,True
OCM,ReqOCM,OCM,OCM,1,True,True,False,False,False,True,True,False,True
OCM,EndTask,OCM,OCM,1,True,True,False,False,False,True,True,False,True
OCM,ReqHCM,OCM,OCM,1,True,True,False,False,False,True,True,False,True
OCM,tick,OCM,OCM,1,True,True,False,False,False,True,True,False,True
MOM,ReqVel,CAM,CAM,1,True,True,False,False,False,True,True,False,True
MOM,ReqHdng,CAM,CAM,1,True,True,False,False,False,True,True,False,True
MOM,ReqMOM,CAM,CAM,1,True,True,False,False,False,True,True,False,True
MOM,ReqOCM,CAM,CAM|OCM,2,False,True,False,False,False,True,True,False,True
MOM,EndTask,CAM,CAM|OCM,2,False,True,False,False,False,True,True,False,True
MOM,ReqHCM,CAM,CAM|HCM,2,False,True,False,False,False,True,True,False,True
MOM,tick,CAM,CAM,1,True,True,False,False,False,True,True,False,True
HCM,ReqVel,CAM,CAM,1,True,True,False,False,False,True,True,False,True
HCM,ReqHdng,CAM,CAM,1,True,True,False,False,False,True,True,False,True
HCM,ReqMOM,CAM,CAM,1,True,True,False,False,False,True,True,False,True
HCM,ReqOCM,CAM,CAM|OCM,2,False,True,False,False,False,True,True,False,True
HCM,EndTask,CAM,CAM,1,True,True,False,False,False,True,True,False,True
HCM,ReqHCM,CAM,CAM,1,True,True,False,False,False,True,True,False,True
HCM,tick,CAM,CAM,1,True,True,False,False,False,True,True,False,True
CAM,ReqVel,OCM,OCM,1,True,True,False,False,False,True,True,False,True
CAM,ReqHdng,OCM,OCM,1,True,True,False,False,False,True,True,False,True
CAM,ReqMOM,OCM,OCM,1,True,True,False,False,False,True,True,False,True
CAM,ReqOCM,OCM,OCM,1,True,True,False,False,False,True,True,False,True
CAM,EndTask,OCM,OCM,1,True,True,False,False,False,True,True,False,True
CAM,ReqHCM,OCM,OCM,1,True,True,False,False,False,True,True,False,True
CAM,tick,OCM,OCM,1,True,True,False,False,False,True,True,False,True
OCM,ReqVel,OCM,MOM|OCM,2,False,True,False,False,False,True,True,True,False
OCM,ReqHdng,OCM,MOM|OCM,2,False,True,False,False,False,True,True,True,False
OCM,ReqMOM,MOM,MOM,1,True,True,False,False,False,True,True,True,False
OCM,ReqOCM,OCM,MOM,1,False,True,False,False,False,True,True,True,False
OCM,EndTask,OCM,MOM,1,False,True,False,False,False,True,True,True,False
OCM,ReqHCM,OCM,MOM,1,False,True,False,False,False,True,True,True,False
OCM,tick,OCM,MOM,1,False,True,False,False,False,True,True,True,False
MOM,ReqVel,CAM,CAM,1,True,True,False,False,False,True,True,True,False
MOM,ReqHdng,CAM,CAM,1,True,True,False,False,False,True,True,True,False
MOM,ReqMOM,CAM,CAM,1,True,True,False,False,False,True,True,True,False
MOM,ReqOCM,CAM,CAM|OCM,2,False,True,False,False,False,True,True,True,False
MOM,EndTask,CAM,CAM|OCM,2,False,True,False,False,False,True,True,True,False
MOM,ReqHCM,CAM,CAM|HCM,2,False,True,False,False,False,True,True,True,False
MOM,tick,CAM,CAM,1,True,True,False,False,False,True,True,True,False
HCM,ReqVel,CAM,CAM,1,True,True,False,False,False,True,True,True,False
HCM,ReqHdng,CAM,CAM,1,True,True,False,False,False,True,True,True,False
HCM,ReqMOM,CAM,CAM,1,True,True,False,False,False,True,True,True,False
HCM,ReqOCM,CAM,CAM|OCM,2,False,True,False,False,False,True,True,True,False
HCM,EndTask,CAM,CAM,1,True,True,False,False,False,True,True,True,False
HCM,ReqHCM,CAM,CAM,1,True,True,False,False,False,True,True,True,False
HCM,tick,CAM,CAM,1,True,True,False,False,False,True,True,True,False
CAM,ReqVel,CAM,CAM,1,True,True,False,False,False,True,True,True,False
CAM,ReqHdng,CAM,CAM,1,True,True,False,False,False,True,True,True,False
CAM,ReqMOM,CAM,CAM,1,True,True,False,False,False,True,True,True,False
CAM,ReqOCM,OCM,OCM,1,True,True,False,False,False,True,True,True,False
CAM,EndTask,CAM,CAM,1,True,True,False,False,False,True,True,True,False
CAM,ReqHCM,CAM,CAM,1,True,True,False,False,False,True,True,True,False
CAM,tick,CAM,CAM,1,True,True,False,False,False,True,True,True,False
OCM,ReqVel,OCM,MOM|OCM,2,False,True,False,False,False,True,True,True,True
OCM,ReqHdng,OCM,MOM|OCM,2,False,True,False,False,False,True,True,True,True
OCM,ReqMOM,MOM,MOM,1,True,True,False,False,False,True,True,True,True
OCM,ReqOCM,OCM,MOM,1,False,True,False,False,False,True,True,True,True
OCM,EndTask,OCM,MOM,1,False,True,False,False,False,True,True,True,True
OCM,ReqHCM,OCM,MOM,1,False,True,False,False,False,True,True,True,True
OCM,tick,OCM,MOM,1,False,True,False,False,False,True,True,True,True
MOM,ReqVel,CAM,CAM,1,True,True,False,False,False,True,True,True,True
MOM,ReqHdng,CAM,CAM,1,True,True,False,False,False,True,True,True,True
MOM,ReqMOM,CAM,CAM,1,True,True,False,False,False,True,True,True,True
MOM,ReqOCM,CAM,CAM|OCM,2,False,True,False,False,False,True,True,True,True
MOM,EndTask,CAM,CAM|OCM,2,False,True,False,False,False,True,True,True,True
MOM,ReqHCM,CAM,CAM|HCM,2,False,True,False,False,False,True,True,True,True
MOM,tick,CAM,CAM,1,True,True,False,False,False,True,True,True,True
HCM,ReqVel,CAM,CAM,1,True,True,False,False,False,True,True,True,True
HCM,ReqHdng,CAM,CAM,1,True,True,False,False,False,True,True,True,True
HCM,ReqMOM,CAM,CAM,1,True,True,False,False,False,True,True,True,True
HCM,ReqOCM,CAM,CAM|OCM,2,False,True,False,False,False,True,True,True,True
HCM,EndTask,CAM,CAM,1,True,True,False,False,False,True,True,True,True
HCM,ReqHCM,CAM,CAM,1,True,True,False,False,False,True,True,True,True
HCM,tick,CAM,CAM,1,True,True,False,False,False,True,True,True,True
CAM,ReqVel,OCM,OCM,1,True,True,False,False,False,True,True,True,True
CAM,ReqHdng,OCM,OCM,1,True,True,False,False,False,True,True,True,True
CAM,ReqMOM,OCM,OCM,1,True,True,False,False,False,True,True,True,True
CAM,ReqOCM,OCM,OCM,1,True,True,False,False,False,True,True,True,True
CAM,EndTask,OCM,OCM,1,True,True,False,False,False,True,True,True,True
CAM,ReqHCM,OCM,OCM,1,True,True,False,False,False,True,True,True,True
CAM,tick,OCM,OCM,1,True,True,False,False,False,True,True,True,True
OCM,ReqVel,OCM,OCM,1,True,True,False,False,True,False,False,False,False
OCM,ReqHdng,OCM,OCM,1,True,True,False,False,True,False,False,False,False
OCM,ReqMOM,OCM,OCM,1,True,True,False,False,True,False,False,False,False
OCM,ReqOCM,OCM,OCM,1,True,True,False,False,True,False,False,False,False
OCM,EndTask,OCM,OCM,1,True,True,False,False,True,False,False,False,False
OCM,ReqHCM,OCM,OCM,1,True,True,False,False,True,False,False,False,False
OCM,tick,OCM,OCM,1,True,True,False,False,True,False,False,False,False
MOM,ReqVel,CAM,CAM,1,True,True,False,False,True,False,False,False,False
MOM,ReqHdng,CAM,CAM,1,True,True,False,False,True,False,False,False,False
MOM,ReqMOM,CAM,CAM,1,True,True,False,False,True,False,False,False,False
MOM,ReqOCM,CAM,CAM|OCM,2,False,True,False,False,True,False,False,False,False
MOM,EndTask,CAM,CAM|OCM,2,False,True,False,False,True,False,False,False,False
MOM,ReqHCM,CAM,CAM|HCM,2,False,True,False,False,True,False,False,False,False
MOM,tick,CAM,CAM,1,True,True,False,False,True,False,False,False,False
HCM,ReqVel,CAM,CAM,1,True,True,False,False,True,False,False,False,False
HCM,ReqHdng,CAM,CAM,1,True,True,False,False,True,False,False,False,False
HCM,ReqMOM,CAM,CAM,1,True,True,False,False,True,False,False,False,False
HCM,ReqOCM,CAM,CAM|OCM,2,False,True,False,False,True,False,False,False,False
HCM,EndTask,CAM,CAM,1,True,True,False,False,True,False,False,False,False
HCM,ReqHCM,CAM,CAM,1,True,True,False,False,True,False,False,False,False
HCM,tick,CAM,CAM,1,True,True,False,False,True,False,False,False,False
CAM,ReqVel,CAM,CAM,1,True,True,False,False,True,False,False,False,False
CAM,ReqHdng,CAM,CAM,1,True,True,False,False,True,False,False,False,False
CAM,ReqMOM,CAM,CAM,1,True,True,False,False,True,False,False,False,False
CAM,ReqOCM,OCM,OCM,1,True,True,False,False,True,False,False,False,False
CAM,EndTask,CAM,CAM,1,True,True,False,False,True,False,False,False,False
CAM,ReqHCM,CAM,CAM,1,True,True,False,False,True,False,False,False,False
CAM,tick,CAM,CAM,1,True,True,False,False,True,False,False,False,False
OCM,ReqVel,OCM,OCM,1,True,True,False,False,True,False,False,False,True
OCM,ReqHdng,OCM,OCM,1,True,True,False,False,True,False,False,False,True
OCM,ReqMOM,OCM,OCM,1,True,True,False,False,True,False,False,False,True
OCM,ReqOCM,OCM,OCM,1,True,True,False,False,True,False,False,False,True
OCM,EndTask,OCM,OCM,1,True,True,False,False,True,False,False,False,True
OCM,ReqHCM,OCM,OCM,1,True,True,False,False,True,False,False,False,True
OCM,tick,OCM,OCM,1,True,True,False,False,True,False,False,False,True
MOM,ReqVel,CAM,CAM,1,True,True,False,False,True,False,False,False,True
MOM,ReqHdng,CAM,CAM,1,True,True,False,False,True,False,False,False,True
MOM,ReqMOM,CAM,CAM,1,True,True,False,False,True,False,False,False,True
MOM,ReqOCM,CAM,CAM|OCM,2,False,True,False,False,True,False,False,False,True
MOM,EndTask,CAM,CAM|OCM,2,False,True,False,False,True,False,False,False,True
MOM,ReqHCM,CAM,CAM|HCM,2,False,True,False,False,True,False,False,False,True
MOM,tick,CAM,CAM,1,True,True,False,False,True,False,False,False,True
HCM,ReqVel,CAM,CAM,1,True,True,False,False,True,False,False,False,True
HCM,ReqHdng,CAM,CAM,1,True,True,False,False,True,False,False,False,True
HCM,ReqMOM,CAM,CAM,1,True,True,False,False,True,False,False,False,True
HCM,ReqOCM,CAM,CAM|OCM,2,False,True,False,False,True,False,False,False,True
HCM,EndTask,CAM,CAM,1,True,True,False,False,True,False,False,False,True
HCM,ReqHCM,CAM,CAM,1,True,True,False,False,True,False,False,False,True
HCM,tick,CAM,CAM,1,True,True,False,False,True,False,False,False,True
CAM,ReqVel,OCM,OCM,1,True,True,False,False,True,False,False,False,True
CAM,ReqHdng,OCM,OCM,1,True,True,False,False,True,False,False,False,True
CAM,ReqMOM,OCM,OCM,1,True,True,False,False,True,False,False,False,True
CAM,ReqOCM,OCM,OCM,1,True,True,False,False,True,False,False,False,True
CAM,EndTask,OCM,OCM,1,True,True,False,False,True,False,False,False,True
CAM,ReqHCM,OCM,OCM,1,True,True,False,False,True,False,False,False,True
CAM,tick,OCM,OCM,1,True,True,False,False,True,False,False,False,True
OCM,ReqVel,OCM,OCM,1,True,True,False,False,True,False,False,True,False
OCM,ReqHdng,OCM,OCM,1,True,True,False,False,True,False,False,True,False
OCM,ReqMOM,OCM,OCM,1,True,True,False,False,True,False,False,True,False
OCM,ReqOCM,OCM,OCM,1,True,True,False,False,True,False,False,True,False
OCM,EndTask,OCM,OCM,1,True,True,False,False,True,False,False,True,False
OCM,ReqHCM,OCM,OCM,1,True,True,False,False,True,False,False,True,False
OCM,tick,OCM,OCM,1,True,True,False,False,True,False,False,True,False
MOM,ReqVel,CAM,CAM,1,True,True,False,False,True,False,False,True,False
MOM,ReqHdng,CAM,CAM,1,True,True,False,False,True,False,False,True,False
MOM,ReqMOM,CAM,CAM,1,True,True,False,False,True,False,False,True,False
MOM,ReqOCM,CAM,CAM|OCM,2,False,True,False,False,True,False,False,True,False
MOM,EndTask,CAM,CAM|OCM,2,False,True,False,False,True,False,False,True,False
MOM,ReqHCM,CAM,CAM|HCM,2,False,True,False,False,True,False,False,True,False
MOM,tick,CAM,CAM,1,True,True,False,False,True,False,False,True,False
HCM,ReqVel,CAM,CAM,1,True,True,False,False,True,False,False,True,False
HCM,ReqHdng,CAM,CAM,1,True,True,False,False,True,False,False,True,False
HCM,ReqMOM,CAM,CAM,1,True,True,False,False,True,False,False,True,False
HCM,ReqOCM,CAM,CAM|OCM,2,False,True,False,False,True,False,False,True,False
HCM,EndTask,CAM,CAM,1,True,True,False,False,True,False,False,True,False
HCM,ReqHCM,CAM,CAM,1,True,True,False,False,True,False,False,True,False
HCM,tick,CAM,CAM,1,True,True,False,False,True,False,False,True,False
CAM,ReqVel,CAM,CAM,1,True,True,False,False,True,False,False,True,False
CAM,ReqHdng,CAM,CAM,1,True,True,False,False,True,False,False,True,False
CAM,ReqMOM,CAM,CAM,1,True,True,False,False,True,False,False,True,False
CAM,ReqOCM,OCM,OCM,1,True,True,False,False,True,False,False,True,False
CAM,EndTask,CAM,CAM,1,True,True,False,False,True,False,False,True,False
CAM,ReqHCM,CAM,CAM,1,True,True,False,False,True,False,False,True,False
CAM,tick,CAM,CAM,1,True,True,False,False,True,False,False,True,False
OCM,ReqVel,OCM,OCM,1,True,True,False,False,True,False,False,True,True
OCM,ReqHdng,OCM,OCM,1,True,True,False,False,True,False,False,True,True
OCM,ReqMOM,OCM,OCM,1,True,True,False,False,True,False,False,True,True
OCM,ReqOCM,OCM,OCM,1,True,True,False,False,True,False,False,True,True
OCM,EndTask,OCM,OCM,1,True,True,False,False,True,False,False,True,True
OCM,ReqHCM,OCM,OCM,1,True,True,False,False,True,False,False,True,True
OCM,tick,OCM,OCM,1,True,True,False,False,True,False,False,True,True
MOM,ReqVel,CAM,CAM,1,True,True,False,False,True,False,False,True,True
MOM,ReqHdng,CAM,CAM,1,True,True,False,False,True,False,False,True,True
MOM,ReqMOM,CAM,CAM,1,True,True,False,False,True,False,False,True,True
MOM,ReqOCM,CAM,CAM|OCM,2,False,True,False,False,True,False,False,True,True
MOM,EndTask,CAM,CAM|OCM,2,False,True,False,False,True,False,False,True,True
MOM,ReqHCM,CAM,CAM|HCM,2,False,True,False,False,True,False,False,True,True
MOM,tick,CAM,CAM,1,True,True,False,False,True,False,False,True,True
HCM,ReqVel,CAM,CAM,1,True,True,False,False,True,False,False,True,True
HCM,ReqHdng,CAM,CAM,1,True,True,False,False,True,False,False,True,True
HCM,ReqMOM,CAM,CAM,1,True,True,False,False,True,False,False,True,True
HCM,ReqOCM,CAM,CAM|OCM,2,False,True,False,False,True,False,False,True,True
HCM,EndTask,CAM,CAM,1,True,True,False,False,True,False,False,True,True
HCM,ReqHCM,CAM,CAM,1,True,True,False,False,True,False,False,True,True
HCM,tick,CAM,CAM,1,True,True,False,False,True,False,False,True,True
CAM,ReqVel,OCM,OCM,1,True,True,False,False,True,False,False,True,True
CAM,ReqHdng,OCM,OCM,1,True,True,False,False,True,False,False,True,True
CAM,ReqMOM,OCM,OCM,1,True,True,False,False,True,False,False,True,True
CAM,ReqOCM,OCM,OCM,1,True,True,False,False,True,False,False,True,True
CAM,EndTask,OCM,OCM,1,True,True,False,False,True,False,False,True,True
CAM,ReqHCM,OCM,OCM,1,True,True,False,False,True,False,False,True,True
CAM,tick,OCM,OCM,1,True,True,False,False,True,False,False,True,True
OCM,ReqVel,OCM,OCM,1,True,True,False,False,True,False,True,False,False
OCM,ReqHdng,OCM,OCM,1,True,True,False,False,True,False,True,False,False
OCM,ReqMOM,OCM,OCM,1,True,True,False,False,True,False,True,False,False
OCM,ReqOCM,OCM,OCM,1,True,True,False,False,True,False,True,False,False
OCM,EndTask,OCM,OCM,1,True,True,False,False,True,False,True,False,False
OCM,ReqHCM,OCM,OCM,1,True,True,False,False,True,False,True,False,False
OCM,tick,OCM,OCM,1,True,True,False,False,True,False,True,False,False
MOM,ReqVel,CAM,CAM,1,True,True,False,False,True,False,True,False,False
MOM,ReqHdng,CAM,CAM,1,True,True,False,False,True,False,True,False,False
MOM,ReqMOM,CAM,CAM,1,True,True,False,False,True,False,True,False,False
MOM,ReqOCM,CAM,CAM|OCM,2,False,True,False,False,True,False,True,False,False
MOM,EndTask,CAM,CAM|OCM,2,False,True,False,False,True,False,True,False,False
MOM,ReqHCM,CAM,CAM|HCM,2,False,True,False,False,True,False,True,False,False
MOM,tick,CAM,CAM,1,True,True,False,False,True,False,True,False,False
HCM,ReqVel,CAM,CAM,1,True,True,False,False,True,False,True,False,False
HCM,ReqHdng,CAM,CAM,1,True,True,False,False,True,False,True,False,False
HCM,ReqMOM,CAM,CAM,1,True,True,False,False,True,False,True,False,False
HCM,ReqOCM,CAM,CAM|OCM,2,False,True,False,False,True,False,True,False,False
HCM,EndTask,CAM,CAM,1,True,True,False,False,True,False,True,False,False
HCM,ReqHCM,CAM,CAM,1,True,True,False,False,True,False,True,False,False
HCM,tick,CAM,CAM,1,True,True,False,False,True,False,True,False,False
CAM,ReqVel,CAM,CAM,1,True,True,False,False,True,False,True,False,False
CAM,ReqHdng,CAM,CAM,1,True,True,False,False,True,False,True,False,False
CAM,ReqMOM,CAM,CAM,1,True,True,False,False,True,False,True,False,False
CAM,ReqOCM,OCM,OCM,1,True,True,False,False,True,False,True,False,False
CAM,EndTask,CAM,CAM,1,True,True,False,False,True,False,True,False,False
CAM,ReqHCM,CAM,CAM,1,True,True,False,False,True,False,True,False,False
CAM,tick,CAM,CAM,1,True,True,False,False,True,False,True,False,False
OCM,ReqVel,OCM,OCM,1,True,True,False,False,True,False,True,False,True
OCM,ReqHdng,OCM,OCM,1,True,True,False,False,True,False,True,False,True
OCM,ReqMOM,OCM,OCM,1,True,True,False,False,True,False,True,False,True
OCM,ReqOCM,OCM,OCM,1,True,True,False,False,True,False,True,False,True
OCM,EndTask,OCM,OCM,1,True,True,False,False,True,False,True,False,True
OCM,ReqHCM,OCM,OCM,1,True,True,False,False,True,False,True,False,True
OCM,tick,OCM,OCM,1,True,True,False,False,True,False,True,False,True
MOM,ReqVel,CAM,CAM,1,True,True,False,False,True,False,True,False,True
MOM,ReqHdng,CAM,CAM,1,True,True,False,False,True,False,True,False,True
MOM,ReqMOM,CAM,CAM,1,True,True,False,False,True,False,True,False,True
MOM,ReqOCM,CAM,CAM|OCM,2,False,True,False,False,True,False,True,False,True
MOM,EndTask,CAM,CAM|OCM,2,False,True,False,False,True,False,True,False,True
MOM,ReqHCM,CAM,CAM|HCM,2,False,True,False,False,True,False,True,False,True
MOM,tick,CAM,CAM,1,True,True,False,False,True,False,True,False,True
HCM,ReqVel,CAM,CAM,1,True,True,False,False,True,False,True,False,True
HCM,ReqHdng,CAM,CAM,1,True,True,False,False,True,False,True,False,True
HCM,ReqMOM,CAM,CAM,1,True,True,False,False,True,False,True,False,True
HCM,ReqOCM,CAM,CAM|OCM,2,False,True,False,False,True,False,True,False,True
HCM,EndTask,CAM,CAM,1,True,True,False,False,True,False,True,False,True
HCM,ReqHCM,CAM,CAM,1,True,True,False,False,True,False,True,False,True
HCM,tick,CAM,CAM,1,True,True,False,False,True,False,True,False,True
CAM,ReqVel,OCM,OCM,1,True,True,False,False,True,False,True,False,True
CAM,ReqHdng,OCM,OCM,1,True,True,False,False,True,False,True,False,True
CAM,ReqMOM,OCM,OCM,1,True,True,False,False,True,False,True,False,True
CAM,ReqOCM,OCM,OCM,1,True,True,False,False,True,False,True,False,True
CAM,EndTask,OCM,OCM,1,True,True,False,False,True,False,True,False,True
CAM,ReqHCM,OCM,OCM,1,True,True,False,False,True,False,True,False,True
CAM,tick,OCM,OCM,1,True,True,False,False,True,False,True,False,True
OCM,ReqVel,OCM,OCM,1,True,True,False,False,True,False,True,True,False
OCM,ReqHdng,OCM,OCM,1,True,True,False,False,True,False,True,True,False
OCM,ReqMOM,OCM,OCM,1,True,True,False,False,True,False,True,True,False
OCM,ReqOCM,OCM,OCM,1,True,True,False,False,True,False,True,True,False
OCM,EndTask,OCM,OCM,1,True,True,False,False,True,False,True,True,False
OCM,ReqHCM,OCM,OCM,1,True,True,False,False,True,False,True,True,False
OCM,tick,OCM,OCM,1,True,True,False,False,True,False,True,True,False
MOM,ReqVel,CAM,CAM,1,True,True,False,False,True,False,True,True,False
MOM,ReqHdng,CAM,CAM,1,True,True,False,False,True,False,True,True,False
MOM,ReqMOM,CAM,CAM,1,True,True,False,False,True,False,True,True,False
MOM,ReqOCM,CAM,CAM|OCM,2,False,True,False,False,True,False,True,True,False
MOM,EndTask,CAM,CAM|OCM,2,False,True,False,False,True,False,True,True,False
MOM,ReqHCM,CAM,CAM|HCM,2,False,True,False,False,True,False,True,True,False
MOM,tick,CAM,CAM,1,True,True,False,False,True,False,True,True,False
HCM,ReqVel,CAM,CAM,1,True,True,False,False,True,False,True,True,False
HCM,ReqHdng,CAM,CAM,1,True,True,False,False,True,False,True,True,False
HCM,ReqMOM,CAM,CAM,1,True,True,False,False,True,False,True,True,False
HCM,ReqOCM,CAM,CAM|OCM,2,False,True,False,False,True,False,True,True,False
HCM,EndTask,CAM,CAM,1,True,True,False,False,True,False,True,True,False
HCM,ReqHCM,CAM,CAM,1,True,True,False,False,True,False,True,True,False
HCM,tick,CAM,CAM,1,True,True,False,False,True,False,True,True,False
CAM,ReqVel,CAM,CAM,1,True,True,False,False,True,False,True,True,False
CAM,ReqHdng,CAM,CAM,1,True,True,False,False,True,False,True,True,False
CAM,ReqMOM,CAM,CAM,1,True,True,False,False,True,False,True,True,False
CAM,ReqOCM,OCM,OCM,1,True,True,False,False,True,False,True,True,False
CAM,EndTask,CAM,CAM,1,True,True,False,False,True,False,True,True,False
CAM,ReqHCM,CAM,CAM,1,True,True,False,False,True,False,True,True,False
CAM,tick,CAM,CAM,1,True,True,False,False,True,False,True,True,False
OCM,ReqVel,OCM,OCM,1,True,True,False,False,True,False,True,True,True
OCM,ReqHdng,OCM,OCM,1,True,True,False,False,True,False,True,True,True
OCM,ReqMOM,OCM,OCM,1,True,True,False,False,True,False,True,True,True
OCM,ReqOCM,OCM,OCM,1,True,True,False,False,True,False,True,True,True
OCM,EndTask,OCM,OCM,1,True,True,False,False,True,False,True,True,True
OCM,ReqHCM,OCM,OCM,1,True,True,False,False,True,False,True,True,True
OCM,tick,OCM,OCM,1,True,True,False,False,True,False,True,True,True
MOM,ReqVel,CAM,CAM,1,True,True,False,False,True,False,True,True,True
MOM,ReqHdng,CAM,CAM,1,True,True,False,False,True,False,True,True,True
MOM,ReqMOM,CAM,CAM,1,True,True,False,False,True,False,True,True,True
MOM,ReqOCM,CAM,CAM|OCM,2,False,True,False,False,True,False,True,True,True
MOM,EndTask,CAM,CAM|OCM,2,False,True,False,False,True,False,True,True,True
MOM,ReqHCM,CAM,CAM|HCM,2,False,True,False,False,True,False,True,True,True
MOM,tick,CAM,CAM,1,True,True,False,False,True,False,True,True,True
HCM,ReqVel,CAM,CAM,1,True,True,False,False,True,False,True,True,True
HCM,ReqHdng,CAM,CAM,1,True,True,False,False,True,False,True,True,True
HCM,ReqMOM,CAM,CAM,1,True,True,False,False,True,False,True,True,True
HCM,ReqOCM,CAM,CAM|OCM,2,False,True,False,False,True,False,True,True,True
HCM,EndTask,CAM,CAM,1,True,True,False,False,True,False,True,True,True
HCM,ReqHCM,CAM,CAM,1,True,True,False,False,True,False,True,True,True
HCM,tick,CAM,CAM,1,True,True,False,False,True,False,True,True,True
CAM,ReqVel,OCM,OCM,1,True,True,False,False,True,False,True,True,True
CAM,ReqHdng,OCM,OCM,1,True,True,False,False,True,False,True,True,True
CAM,ReqMOM,OCM,OCM,1,True,True,False,False,True,False,True,True,True
CAM,ReqOCM,OCM,OCM,1,True,True,False,False,True,False,True,True,True
CAM,EndTask,OCM,OCM,1,True,True,False,False,True,False,True,True,True
CAM,ReqHCM,OCM,OCM,1,True,True,False,False,True,False,True,True,True
CAM,tick,OCM,OCM,1,True,True,False,False,True,False,True,True,True
OCM,ReqVel,OCM,OCM,1,True,True,False,False,True,True,False,False,False
OCM,ReqHdng,OCM,OCM,1,True,True,False,False,True,True,False,False,False
OCM,ReqMOM,OCM,OCM,1,True,True,False,False,True,True,False,False,False
OCM,ReqOCM,OCM,OCM,1,True,True,False,False,True,True,False,False,False
OCM,EndTask,OCM,OCM,1,True,True,False,False,True,True,False,False,False
OCM,ReqHCM,OCM,OCM,1,True,True,False,False,True,True,False,False,False
OCM,tick,OCM,OCM,1,True,True,False,False,True,True,False,False,False
MOM,ReqVel,CAM,CAM,1,True,True,False,False,True,True,False,False,False
MOM,ReqHdng,CAM,CAM,1,True,True,False,False,True,True,False,False,False
MOM,ReqMOM,CAM,CAM,1,True,True,False,False,True,True,False,False,False
MOM,ReqOCM,CAM,CAM|OCM,2,False,True,False,False,True,True,False,False,False
MOM,EndTask,CAM,CAM|OCM,2,False,True,False,False,True,True,False,False,False
MOM,ReqHCM,CAM,CAM|HCM,2,False,True,False,False,True,True,False,False,False
MOM,tick,CAM,CAM,1,True,True,False,False,True,True,False,False,False
HCM,ReqVel,CAM,CAM,1,True,True,False,False,True,True,False,False,False
HCM,ReqHdng,CAM,CAM,1,True,True,False,False,True,True,False,False,False
HCM,ReqMOM,CAM,CAM,1,True,True,False,False,True,True,False,False,False
HCM,ReqOCM,CAM,CAM|OCM,2,False,True,False,False,True,True,False,False,False
HCM,EndTask,CAM,CAM,1,True,True,False,False,True,True,False,False,False
HCM,ReqHCM,CAM,CAM,1,True,True,False,False,True,True,False,False,False
HCM,tick,CAM,CAM,1,True,True,False,False,True,True,False,False,False
CAM,ReqVel,CAM,CAM,1,True,True,False,False,True,True,False,False,False
CAM,ReqHdng,CAM,CAM,1,True,True,False,False,True,True,False,False,False
CAM,ReqMOM,CAM,CAM,1,True,True,False,False,True,True,False,False,False
CAM,ReqOCM,OCM,OCM,1,True,True,False,False,True,True,False,False,False
CAM,EndTask,CAM,CAM,1,True,True,False,False,True,True,False,False,False
CAM,ReqHCM,CAM,CAM,1,True,True,False,False,True,True,False,False,False
CAM,tick,CAM,CAM,1,True,True,False,False,True,True,False,False,False
OCM,ReqVel,OCM,OCM,1,True,True,False,False,True,True,False,False,True
OCM,ReqHdng,OCM,OCM,1,True,True,False,False,True,True,False,False,True
OCM,ReqMOM,OCM,OCM,1,True,True,False,False,True,True,False,False,True
OCM,ReqOCM,OCM,OCM,1,True,True,False,False,True,True,False,False,True
OCM,EndTask,OCM,OCM,1,True,True,False,False,True,True,False,False,True
OCM,ReqHCM,OCM,OCM,1,True,True,False,False,True,True,False,False,True
OCM,tick,OCM,OCM,1,True,True,False,False,True,True,False,False,True
MOM,ReqVel,CAM,CAM,1,True,True,False,False,True,True,False,False,True
MOM,ReqHdng,CAM,CAM,1,True,True,False,False,True,True,False,False,True
MOM,ReqMOM,CAM,CAM,1,True,True,False,False,True,True,False,False,True
MOM,ReqOCM,CAM,CAM|OCM,2,False,True,False,False,True,True,False,False,True
MOM,EndTask,CAM,CAM|OCM,2,False,True,False,False,True,True,False,False,True
MOM,ReqHCM,CAM,CAM|HCM,2,False,True,False,False,True,True,False,False,True
MOM,tick,CAM,CAM,1,True,True,False,False,True,True,False,False,True
HCM,ReqVel,CAM,CAM,1,True,True,False,False,True,True,False,False,True
HCM,ReqHdng,CAM,CAM,1,True,True,False,False,True,True,False,False,True
HCM,ReqMOM,CAM,CAM,1,True,True,False,False,True,True,False,False,True
HCM,ReqOCM,CAM,CAM|OCM,2,False,True,False,False,True,True,False,False,True
HCM,EndTask,CAM,CAM,1,True,True,False,False,True,True,False,False,True
HCM,ReqHCM,CAM,CAM,1,True,True,False,False,True,True,False,False,True
HCM,tick,CAM,CAM,1,True,True,False,False,True,True,False,False,True
CAM,ReqVel,OCM,OCM,1,True,True,False,False,True,True,False,False,True
CAM,ReqHdng,OCM,OCM,1,True,True,False,False,True,True,False,False,True
CAM,ReqMOM,OCM,OCM,1,True,True,False,False,True,True,False,False,True
CAM,ReqOCM,OCM,OCM,1,True,True,False,False,True,True,False,False,True
CAM,EndTask,OCM,OCM,1,True,True,False,False,True,True,False,False,True
CAM,ReqHCM,OCM,OCM,1,True,True,False,False,True,True,False,False,True
CAM,tick,OCM,OCM,1,True,True,False,False,True,True,False,False,True
OCM,ReqVel,OCM,OCM,1,True,True,False,False,True,True,False,True,False
OCM,ReqHdng,OCM,OCM,1,True,True,False,False,True,True,False,True,False
OCM,ReqMOM,OCM,OCM,1,True,True,False,False,True,True,False,True,False
OCM,ReqOCM,OCM,OCM,1,True,True,False,False,True,True,False,True,False
OCM,EndTask,OCM,OCM,1,True,True,False,False,True,True,False,True,False
OCM,ReqHCM,OCM,OCM,1,True,True,False,False,True,True,False,True,False
OCM,tick,OCM,OCM,1,True,True,False,False,True,True,False,True,False
MOM,ReqVel,CAM,CAM,1,True,True,False,False,True,True,False,True,False
MOM,ReqHdng,CAM,CAM,1,True,True,False,False,True,True,False,True,False
MOM,ReqMOM,CAM,CAM,1,True,True,False,False,True,True,False,True,False
MOM,ReqOCM,CAM,CAM|OCM,2,False,True,False,False,True,True,False,True,False
MOM,EndTask,CAM,CAM|OCM,2,False,True,False,False,True,True,False,True,False
MOM,ReqHCM,CAM,CAM|HCM,2,False,True,False,False,True,True,False,True,False
MOM,tick,CAM,CAM,1,True,True,False,False,True,True,False,True,False
HCM,ReqVel,CAM,CAM,1,True,True,False,False,True,True,False,True,False
HCM,ReqHdng,CAM,CAM,1,True,True,False,False,True,True,False,True,False
HCM,ReqMOM,CAM,CAM,1,True,True,False,False,True,True,False,True,False
HCM,ReqOCM,CAM,CAM|OCM,2,False,True,False,False,True,True,False,True,False
HCM,EndTask,CAM,CAM,1,True,True,False,False,True,True,False,True,False
HCM,ReqHCM,CAM,CAM,1,True,True,False,False,True,True,False,True,False
HCM,tick,CAM,CAM,1,True,True,False,False,True,True,False,True,False
CAM,ReqVel,CAM,CAM,1,True,True,False,False,True,True,False,True,False
CAM,ReqHdng,CAM,CAM,1,True,True,False,False,True,True,False,True,False
CAM,ReqMOM,CAM,CAM,1,True,True,False,False,True,True,False,True,False
CAM,ReqOCM,OCM,OCM,1,True,True,False,False,True,True,False,True,False
CAM,EndTask,CAM,CAM,1,True,True,False,False,True,True,False,True,False
CAM,ReqHCM,CAM,CAM,1,True,True,False,False,True,True,False,True,False
CAM,tick,CAM,CAM,1,True,True,False,False,True,True,False,True,False
OCM,ReqVel,OCM,OCM,1,True,True,False,False,True,True,False,True,True
OCM,ReqHdng,OCM,OCM,1,True,True,False,False,True,True,False,True,True
OCM,ReqMOM,OCM,OCM,1,True,True,False,False,True,True,False,True,True
OCM,ReqOCM,OCM,OCM,1,True,True,False,False,True,True,False,True,True
OCM,EndTask,OCM,OCM,1,True,True,False,False,True,True,False,True,True
OCM,ReqHCM,OCM,OCM,1,True,True,False,False,True,True,False,True,True
OCM,tick,OCM,OCM,1,True,True,False,False,True,True,False,True,True
MOM,ReqVel,CAM,CAM,1,True,True,False,False,True,True,False,True,True
MOM,ReqHdng,CAM,CAM,1,True,True,False,False,True,True,False,True,True
MOM,ReqMOM,CAM,CAM,1,True,True,False,False,True,True,False,True,True
MOM,ReqOCM,CAM,CAM|OCM,2,False,True,False,False,True,True,False,True,True
MOM,EndTask,CAM,CAM|OCM,2,False,True,False,False,True,True,False,True,True
MOM,ReqHCM,CAM,CAM|HCM,2,False,True,False,False,True,True,False,True,True
MOM,tick,CAM,CAM,1,True,True,False,False,True,True,False,True,True
HCM,ReqVel,CAM,CAM,1,True,True,False,False,True,True,False,True,True
HCM,ReqHdng,CAM,CAM,1,True,True,False,False,True,True,False,True,True
HCM,ReqMOM,CAM,CAM,1,True,True,False,False,True,True,False,True,True
HCM,ReqOCM,CAM,CAM|OCM,2,False,True,False,False,True,True,False,True,True
HCM,EndTask,CAM,CAM,1,True,True,False,False,True,True,False,True,True
HCM,ReqHCM,CAM,CAM,1,True,True,False,False,True,True,False,True,True
HCM,tick,CAM,CAM,1,True,True,False,False,True,True,False,True,True
CAM,ReqVel,OCM,OCM,1,True,True,False,False,True,True,False,True,True
CAM,ReqHdng,OCM,OCM,1,True,True,False,False,True,True,False,True,True
CAM,ReqMOM,OCM,OCM,1,True,True,False,False,True,True,False,True,True
CAM,ReqOCM,OCM,OCM,1,True,True,False,False,True,True,False,True,True
CAM,EndTask,OCM,OCM,1,True,True,False,False,True,True,False,True,True
CAM,ReqHCM,OCM,OCM,1,True,True,False,False,True,True,False,True,True
CAM,tick,OCM,OCM,1,True,True,False,False,True,True,False,True,True
OCM,ReqVel,OCM,OCM,1,True,True,False,False,True,True,True,False,False
OCM,ReqHdng,OCM,OCM,1,True,True,False,False,True,True,True,False,False
OCM,ReqMOM,OCM,OCM,1,True,True,False,False,True,True,True,False,False
OCM,ReqOCM,OCM,OCM,1,True,True,False,False,True,True,True,False,False
OCM,EndTask,OCM,OCM,1,True,True,False,False,True,True,True,False,False
OCM,ReqHCM,OCM,OCM,1,True,True,False,False,True,True,True,False,False
OCM,tick,OCM,OCM,1,True,True,False,False,True,True,True,False,False
MOM,ReqVel,CAM,CAM,1,True,True,False,False,True,True,True,False,False
MOM,ReqHdng,CAM,CAM,1,True,True,False,False,True,True,True,False,False
MOM,ReqMOM,CAM,CAM,1,True,True,False,False,True,True,True,False,False
MOM,ReqOCM,CAM,CAM|OCM,2,False,True,False,False,True,True,True,False,False
MOM,EndTask,CAM,CAM|OCM,2,False,True,False,False,True,True,True,False,False
MOM,ReqHCM,CAM,CAM|HCM,2,False,True,False,False,True,True,True,False,False
MOM,tick,CAM,CAM,1,True,True,False,False,True,True,True,False,False
HCM,ReqVel,CAM,CAM,1,True,True,False,False,True,True,True,False,False
HCM,ReqHdng,CAM,CAM,1,True,True,False,False,True,True,True,False,False
HCM,ReqMOM,CAM,CAM,1,True,True,False,False,True,True,True,False,False
HCM,ReqOCM,CAM,CAM|OCM,2,False,True,False,False,True,True,True,False,False
HCM,EndTask,CAM,CAM,1,True,True,False,False,True,True,True,False,False
HCM,ReqHCM,CAM,CAM,1,True,True,False,False,True,True,True,False,False
HCM,tick,CAM,CAM,1,True,True,False,False,True,True,True,False,False
CAM,ReqVel,CAM,CAM,1,True,True,False,False,True,True,True,False,False
CAM,ReqHdng,CAM,CAM,1,True,True,False,False,True,True,True,False,False
CAM,ReqMOM,CAM,CAM,1,True,True,False,False,True,True,True,False,False
CAM,ReqOCM,OCM,OCM,1,True,True,False,False,True,True,True,False,False
CAM,EndTask,CAM,CAM,1,True,True,False,False,True,True,True,False,False
CAM,ReqHCM,CAM,CAM,1,True,True,False,False,True,True,True,False,False
CAM,tick,CAM,CAM,1,True,True,False,False,True,True,True,False,False
OCM,ReqVel,OCM,OCM,1,True,True,False,False,True,True,True,False,True
OCM,ReqHdng,OCM,OCM,1,True,True,False,False,True,True,True,False,True
OCM,ReqMOM,OCM,OCM,1,True,True,False,False,True,True,True,False,True
OCM,ReqOCM,OCM,OCM,1,True,True,False,False,True,True,True,False,True
OCM,EndTask,OCM,OCM,1,True,True,False,False,True,True,True,False,True
OCM,ReqHCM,OCM,OCM,1,True,True,False,False,True,True,True,False,True
OCM,tick,OCM,OCM,1,True,True,False,False,True,True,True,False,True
MOM,ReqVel,CAM,CAM,1,True,True,False,False,True,True,True,False,True
MOM,ReqHdng,CAM,CAM,1,True,True,False,False,True,True,True,False,True
MOM,ReqMOM,CAM,CAM,1,True,True,False,False,True,True,True,False,True
MOM,ReqOCM,CAM,CAM|OCM,2,False,True,False,False,True,True,True,False,True
MOM,EndTask,CAM,CAM|OCM,2,False,True,False,False,True,True,True,False,True
MOM,ReqHCM,CAM,CAM|HCM,2,False,True,False,False,True,True,True,False,True
MOM,tick,CAM,CAM,1,True,True,False,False,True,True,True,False,True
HCM,ReqVel,CAM,CAM,1,True,True,False,False,True,True,True,False,True
HCM,ReqHdng,CAM,CAM,1,True,True,False,False,True,True,True,False,True
HCM,ReqMOM,CAM,CAM,1,True,True,False,False,True,True,True,False,True
HCM,ReqOCM,CAM,CAM|OCM,2,False,True,False,False,True,True,True,False,True
HCM,EndTask,CAM,CAM,1,True,True,False,False,True,True,True,False,True
HCM,ReqHCM,CAM,CAM,1,True,True,False,False,True,True,True,False,True
HCM,tick,CAM,CAM,1,True,True,False,False,True,True,True,False,True
CAM,ReqVel,OCM,OCM,1,True,True,False,False,True,True,True,False,True
CAM,ReqHdng,OCM,OCM,1,True,True,False,False,True,True,True,False,True
CAM,ReqMOM,OCM,OCM,1,True,True,False,False,True,True,True,False,True
CAM,ReqOCM,OCM,OCM,1,True,True,False,False,True,True,True,False,True
CAM,EndTask,OCM,OCM,1,True,True,False,False,True,True,True,False,True
CAM,ReqHCM,OCM,OCM,1,True,True,False,False,True,True,True,False,True
CAM,tick,OCM,OCM,1,True,True,False,False,True,True,True,False,True
OCM,ReqVel,OCM,MOM|OCM,2,False,True,False,False,True,True,True,True,False
OCM,ReqHdng,OCM,MOM|OCM,2,False,True,False,False,True,True,True,True,False
OCM,ReqMOM,MOM,MOM,1,True,True,False,False,True,True,True,True,False
OCM,ReqOCM,OCM,MOM,1,False,True,False,False,True,True,True,True,False
OCM,EndTask,OCM,MOM,1,False,True,False,False,True,True,True,True,False
OCM,ReqHCM,OCM,MOM,1,False,True,False,False,True,True,True,True,False
OCM,tick,OCM,MOM,1,False,True,False,False,True,True,True,True,False
MOM,ReqVel,CAM,CAM,1,True,True,False,False,True,True,True,True,False
MOM,ReqHdng,CAM,CAM,1,True,True,False,False,True,True,True,True,False
MOM,ReqMOM,CAM,CAM,1,True,True,False,False,True,True,True,True,False
MOM,ReqOCM,CAM,CAM|OCM,2,False,True,False,False,True,True,True,True,False
MOM,EndTask,CAM,CAM|OCM,2,False,True,False,False,True,True,True,True,False
MOM,ReqHCM,CAM,CAM|HCM,2,False,True,False,False,True,True,True,True,False
MOM,tick,CAM,CAM,1,True,True,False,False,True,True,True,True,False
HCM,ReqVel,CAM,CAM,1,True,True,False,False,True,True,True,True,False
HCM,ReqHdng,CAM,CAM,1,True,True,False,False,True,True,True,True,False
HCM,ReqMOM,CAM,CAM,1,True,True,False,False,True,True,True,True,False
HCM,ReqOCM,CAM,CAM|OCM,2,False,True,False,False,True,True,True,True,False
HCM,EndTask,CAM,CAM,1,True,True,False,False,True,True,True,True,False
HCM,ReqHCM,CAM,CAM,1,True,True,False,False,True,True,True,True,False
HCM,tick,CAM,CAM,1,True,True,False,False,True,True,True,True,False
CAM,ReqVel,CAM,CAM,1,True,True,False,False,True,True,True,True,False
CAM,ReqHdng,CAM,CAM,1,True,True,False,False,True,True,True,True,False
CAM,ReqMOM,CAM,CAM,1,True,True,False,False,True,True,True,True,False
CAM,ReqOCM,OCM,OCM,1,True,True,False,False,True,True,True,True,False
CAM,EndTask,CAM,CAM,1,True,True,False,False,True,True,True,True,False
CAM,ReqHCM,CAM,CAM,1,True,True,False,False,True,True,True,True,False
CAM,tick,CAM,CAM,1,True,True,False,False,True,True,True,True,False
OCM,ReqVel,OCM,MOM|OCM,2,False,True,False,False,True,True,True,True,True
OCM,ReqHdng,OCM,MOM|OCM,2,False,True,False,False,True,True,True,True,True
OCM,ReqMOM,MOM,MOM,1,True,True,False,False,True,True,True,True,True
OCM,ReqOCM,OCM,MOM,1,False,True,False,False,True,True,True,True,True
OCM,EndTask,OCM,MOM,1,False,True,False,False,True,True,True,True,True
OCM,ReqHCM,OCM,MOM,1,False,True,False,False,True,True,True,True,True
OCM,tick,OCM,MOM,1,False,True,False,False,True,True,True,True,True
MOM,ReqVel,CAM,CAM,1,True,True,False,False,True,True,True,True,True
MOM,ReqHdng,CAM,CAM,1,True,True,False,False,True,True,True,True,True
MOM,ReqMOM,CAM,CAM,1,True,True,False,False,True,True,True,True,True
MOM,ReqOCM,CAM,CAM|OCM,2,False,True,False,False,True,True,True,True,True
MOM,EndTask,CAM,CAM|OCM,2,False,True,False,False,True,True,True,True,True
MOM,ReqHCM,CAM,CAM|HCM,2,False,True,False,False,True,True,True,True,True
MOM,tick,CAM,CAM,1,True,True,False,False,True,True,True,True,True
HCM,ReqVel,CAM,CAM,1,True,True,False,False,True,True,True,True,True
HCM,ReqHdng,CAM,CAM,1,True,True,False,False,True,True,True,True,True
HCM,ReqMOM,CAM,CAM,1,True,True,False,False,True,True,True,True,True
HCM,ReqOCM,CAM,CAM|OCM,2,False,True,False,False,True,True,True,True,True
HCM,EndTask,CAM,CAM,1,True,True,False,False,True,True,True,True,True
HCM,ReqHCM,CAM,CAM,1,True,True,False,False,True,True,True,True,True
HCM,tick,CAM,CAM,1,True,True,False,False,True,True,True,True,True
CAM,ReqVel,OCM,OCM,1,True,True,False,False,True,True,True,True,True
CAM,ReqHdng,OCM,OCM,1,True,True,False,False,True,True,True,True,True
CAM,ReqMOM,OCM,OCM,1,True,True,False,False,True,True,True,True,True
CAM,ReqOCM,OCM,OCM,1,True,True,False,False,True,True,True,True,True
CAM,EndTask,OCM,OCM,1,True,True,False,False,True,True,True,True,True
CAM,ReqHCM,OCM,OCM,1,True,True,False,False,True,True,True,True,True
CAM,tick,OCM,OCM,1,True,True,False,False,True,True,True,True,True
OCM,ReqVel,OCM,OCM,1,True,True,False,True,False,False,False,False,False
OCM,ReqHdng,OCM,OCM,1,True,True,False,True,False,False,False,False,False
OCM,ReqMOM,OCM,OCM,1,True,True,False,True,False,False,False,False,False
OCM,ReqOCM,OCM,OCM,1,True,True,False,True,False,False,False,False,False
OCM,EndTask,OCM,OCM,1,True,True,False,True,False,False,False,False,False
OCM,ReqHCM,OCM,OCM,1,True,True,False,True,False,False,False,False,False
OCM,tick,OCM,OCM,1,True,True,False,True,False,False,False,False,False
MOM,ReqVel,CAM,CAM,1,True,True,False,True,False,False,False,False,False
MOM,ReqHdng,CAM,CAM,1,True,True,False,True,False,False,False,False,False
MOM,ReqMOM,CAM,CAM,1,True,True,False,True,False,False,False,False,False
MOM,ReqOCM,CAM,CAM|OCM,2,False,True,False,True,False,False,False,False,False
MOM,EndTask,CAM,CAM|OCM,2,False,True,False,True,False,False,False,False,False
MOM,ReqHCM,CAM,CAM|HCM,2,False,True,False,True,False,False,False,False,False
MOM,tick,CAM,CAM,1,True,True,False,True,False,False,False,False,False
HCM,ReqVel,CAM,CAM,1,True,True,False,True,False,False,False,False,False
HCM,ReqHdng,CAM,CAM,1,True,True,False,True,False,False,False,False,False
HCM,ReqMOM,CAM,CAM,1,True,True,False,True,False,False,False,False,False
HCM,ReqOCM,CAM,CAM|OCM,2,False,True,False,True,False,False,False,False,False
HCM,EndTask,CAM,CAM,1,True,True,False,True,False,False,False,False,False
HCM,ReqHCM,CAM,CAM,1,True,True,False,True,False,False,False,False,False
HCM,tick,CAM,CAM,1,True,True,False,True,False,False,False,False,False
CAM,ReqVel,CAM,CAM,1,True,True,False,True,False,False,False,False,False
CAM,ReqHdng,CAM,CAM,1,True,True,False,True,False,False,False,False,False
CAM,ReqMOM,CAM,CAM,1,True,True,False,True,False,False,False,False,False
CAM,ReqOCM,OCM,OCM,1,True,True,False,True,False,False,False,False,False
CAM,EndTask,CAM,CAM,1,True,True,False,True,False,False,False,False,False
CAM,ReqHCM,CAM,CAM,1,True,True,False,True,False,False,False,False,False
CAM,tick,CAM,CAM,1,True,True,False,True,False,False,False,False,False
OCM,ReqVel,OCM,OCM,1,True,True,False,True,False,False,False,False,True
OCM,ReqHdng,OCM,OCM,1,True,True,False,True,False,False,False,False,True
OCM,ReqMOM,OCM,OCM,1,True,True,False,True,False,False,False,False,True
OCM,ReqOCM,OCM,OCM,1,True,True,False,True,False,False,False,False,True
OCM,EndTask,OCM,OCM,1,True,True,False,True,False,False,False,False,True
OCM,ReqHCM,OCM,OCM,1,True,True,False,True,False,False,False,False,True
OCM,tick,OCM,OCM,1,True,True,False,True,False,False,False,False,True
MOM,ReqVel,CAM,CAM,1,True,True,False,True,False,False,False,False,True
MOM,ReqHdng,CAM,CAM,1,True,True,False,True,False,False,False,False,True
MOM,ReqMOM,CAM,CAM,1,True,True,False,True,False,False,False,False,True
MOM,ReqOCM,CAM,CAM|OCM,2,False,True,False,True,False,False,False,False,True
MOM,EndTask,CAM,CAM|OCM,2,False,True,False,True,False,False,False,False,True
MOM,ReqHCM,CAM,CAM|HCM,2,False,True,False,True,False,False,False,False,True
MOM,tick,CAM,CAM,1,True,True,False,True,False,False,False,False,True
HCM,ReqVel,CAM,CAM,1,True,True,False,True,False,False,False,False,True
HCM,ReqHdng,CAM,CAM,1,True,True,False,True,False,False,False,False,True
HCM,ReqMOM,CAM,CAM,1,True,True,False,True,False,False,False,False,True
HCM,ReqOCM,CAM,CAM|OCM,2,False,True,False,True,False,False,False,False,True
HCM,EndTask,CAM,CAM,1,True,True,False,True,False,False,False,False,True
HCM,ReqHCM,CAM,CAM,1,True,True,False,True,False,False,False,False,True
HCM,tick,CAM,CAM,1,True,True,False,True,False,False,False,False,True
CAM,ReqVel,OCM,OCM,1,True,True,False,True,False,False,False,False,True
CAM,ReqHdng,OCM,OCM,1,True,True,False,True,False,False,False,False,True
CAM,ReqMOM,OCM,OCM,1,True,True,False,True,False,False,False,False,True
CAM,ReqOCM,OCM,OCM,1,True,True,False,True,False,False,False,False,True
CAM,EndTask,OCM,OCM,1,True,True,False,True,False,False,False,False,True
CAM,ReqHCM,OCM,OCM,1,True,True,False,True,False,False,False,False,True
CAM,tick,OCM,OCM,1,True,True,False,True,False,False,False,False,True
OCM,ReqVel,OCM,OCM,1,True,True,False,True,False,False,False,True,False
OCM,ReqHdng,OCM,OCM,1,True,True,False,True,False,False,False,True,False
OCM,ReqMOM,OCM,OCM,1,True,True,False,True,False,False,False,True,False
OCM,ReqOCM,OCM,OCM,1,True,True,False,True,False,False,False,True,False
OCM,EndTask,OCM,OCM,1,True,True,False,True,False,False,False,True,False
OCM,ReqHCM,OCM,OCM,1,True,True,False,True,False,False,False,True,False
OCM,tick,OCM,OCM,1,True,True,False,True,False,False,False,True,False
MOM,ReqVel,CAM,CAM,1,True,True,False,True,False,False,False,True,False
MOM,ReqHdng,CAM,CAM,1,True,True,False,True,False,False,False,True,False
MOM,ReqMOM,CAM,CAM,1,True,True,False,True,False,False,False,True,False
MOM,ReqOCM,CAM,CAM|OCM,2,False,True,False,True,False,False,False,True,False
MOM,EndTask,CAM,CAM|OCM,2,False,True,False,True,False,False,False,True,False
MOM,ReqHCM,CAM,CAM|HCM,2,False,True,False,True,False,False,False,True,False
MOM,tick,CAM,CAM,1,True,True,False,True,False,False,False,True,False
HCM,ReqVel,CAM,CAM,1,True,True,False,True,False,False,False,True,False
HCM,ReqHdng,CAM,CAM,1,True,True,False,True,False,False,False,True,False
HCM,ReqMOM,CAM,CAM,1,True,True,False,True,False,False,False,True,False
HCM,ReqOCM,CAM,CAM|OCM,2,False,True,False,True,False,False,False,True,False
HCM,EndTask,CAM,CAM,1,True,True,False,True,False,False,False,True,False
HCM,ReqHCM,CAM,CAM,1,True,True,False,True,False,False,False,True,False
HCM,tick,CAM,CAM,1,True,True,False,True,False,False,False,True,False
CAM,ReqVel,CAM,CAM,1,True,True,False,True,False,False,False,True,False
CAM,ReqHdng,CAM,CAM,1,True,True,False,True,False,False,False,True,False
CAM,ReqMOM,CAM,CAM,1,True,True,False,True,False,False,False,True,False
CAM,ReqOCM,OCM,OCM,1,True,True,False,True,False,False,False,True,False
CAM,EndTask,CAM,CAM,1,True,True,False,True,False,False,False,True,False
CAM,ReqHCM,CAM,CAM,1,True,True,False,True,False,False,False,True,False
CAM,tick,CAM,CAM,1,True,True,False,True,False,False,False,True,False
OCM,ReqVel,OCM,OCM,1,True,True,False,True,False,False,False,True,True
OCM,ReqHdng,OCM,OCM,1,True,True,False,True,False,False,False,True,True
OCM,ReqMOM,OCM,OCM,1,True,True,False,True,False,False,False,True,True
OCM,ReqOCM,OCM,OCM,1,True,True,False,True,False,False,False,True,True
OCM,EndTask,OCM,OCM,1,True,True,False,True,False,False,False,True,True
OCM,ReqHCM,OCM,OCM,1,True,True,False,True,False,False,False,True,True
OCM,tick,OCM,OCM,1,True,True,False,True,False,False,False,True,True
MOM,ReqVel,CAM,CAM,1,True,True,False,True,False,False,False,True,True
MOM,ReqHdng,CAM,CAM,1,True,True,False,True,False,False,False,True,True
MOM,ReqMOM,CAM,CAM,1,True,True,False,True,False,False,False,True,True
MOM,ReqOCM,CAM,CAM|OCM,2,False,True,False,True,False,False,False,True,True
MOM,EndTask,CAM,CAM|OCM,2,False,True,False,True,False,False,False,True,True
MOM,ReqHCM,CAM,CAM|HCM,2,False,True,False,True,False,False,False,True,True
MOM,tick,CAM,CAM,1,True,True,False,True,False,False,False,True,True
HCM,ReqVel,CAM,CAM,1,True,True,False,True,False,False,False,True,True
HCM,ReqHdng,CAM,CAM,1,True,True,False,True,False,False,False,True,True
HCM,ReqMOM,CAM,CAM,1,True,True,False,True,False,False,False,True,True
HCM,ReqOCM,CAM,CAM|OCM,2,False,True,False,True,False,False,False,True,True
HCM,EndTask,CAM,CAM,1,True,True,False,True,False,False,False,True,True
HCM,ReqHCM,CAM,CAM,1,True,True,False,True,False,False,False,True,True
HCM,tick,CAM,CAM,1,True,True,False,True,False,False,False,True,True
CAM,ReqVel,OCM,OCM,1,True,True,False,True,False,False,False,True,True
CAM,ReqHdng,OCM,OCM,1,True,True,False,True,False,False,False,True,True
CAM,ReqMOM,OCM,OCM,1,True,True,False,True,False,False,False,True,True
CAM,ReqOCM,OCM,OCM,1,True,True,False,True,False,False,False,True,True
CAM,EndTask,OCM,OCM,1,True,True,False,True,False,False,False,True,True
CAM,ReqHCM,OCM,OCM,1,True,True,False,True,False,False,False,True,True
CAM,tick,OCM,OCM,1,True,True,False,True,False,False,False,True,True
OCM,ReqVel,OCM,OCM,1,True,True,False,True,False,False,True,False,False
OCM,ReqHdng,OCM,OCM,1,True,True,False,True,False,False,True,False,False
OCM,ReqMOM,OCM,OCM,1,True,True,False,True,False,False,True,False,False
OCM,ReqOCM,OCM,OCM,1,True,True,False,True,False,False,True,False,False
OCM,EndTask,OCM,OCM,1,True,True,False,True,False,False,True,False,False
OCM,ReqHCM,OCM,OCM,1,True,True,False,True,False,False,True,False,False
OCM,tick,OCM,OCM,1,True,True,False,True,False,False,True,False,False
MOM,ReqVel,CAM,CAM,1,True,True,False,True,False,False,True,False,False
MOM,ReqHdng,CAM,CAM,1,True,True,False,True,False,False,True,False,False
MOM,ReqMOM,CAM,CAM,1,True,True,False,True,False,False,True,False,False
MOM,ReqOCM,CAM,CAM|OCM,2,False,True,False,True,False,False,True,False,False
MOM,EndTask,CAM,CAM|OCM,2,False,True,False,True,False,False,True,False,False
MOM,ReqHCM,CAM,CAM|HCM,2,False,True,False,True,False,False,True,False,False
MOM,tick,CAM,CAM,1,True,True,False,True,False,False,True,False,False
HCM,ReqVel,CAM,CAM,1,True,True,False,True,False,False,True,False,False
HCM,ReqHdng,CAM,CAM,1,True,True,False,True,False,False,True,False,False
HCM,ReqMOM,CAM,CAM,1,True,True,False,True,False,False,True,False,False
HCM,ReqOCM,CAM,CAM|OCM,2,False,True,False,True,False,False,True,False,False
HCM,EndTask,CAM,CAM,1,True,True,False,True,False,False,True,False,False
HCM,ReqHCM,CAM,CAM,1,True,True,False,True,False,False,True,False,False
HCM,tick,CAM,CAM,1,True,True,False,True,False,False,True,False,False
CAM,ReqVel,CAM,CAM,1,True,True,False,True,False,False,True,False,False
CAM,ReqHdng,CAM,CAM,1,True,True,False,True,False,False,True,False,False
CAM,ReqMOM,CAM,CAM,1,True,True,False,True,False,False,True,False,False
CAM,ReqOCM,OCM,OCM,1,True,True,False,True,False,False,True,False,False
CAM,EndTask,CAM,CAM,1,True,True,False,True,False,False,True,False,False
CAM,ReqHCM,CAM,CAM,1,True,True,False,True,False,False,True,False,False
CAM,tick,CAM,CAM,1,True,True,False,True,False,False,True,False,False
OCM,ReqVel,OCM,OCM,1,True,True,False,True,False,False,True,False,True
OCM,ReqHdng,OCM,OCM,1,True,True,False,True,False,False,True,False,True
OCM,ReqMOM,OCM,OCM,1,True,True,False,True,False,False,True,False,True
OCM,ReqOCM,OCM,OCM,1,True,True,False,True,False,False,True,False,True
OCM,EndTask,OCM,OCM,1,True,True,False,True,False,False,True,False,True
OCM,ReqHCM,OCM,OCM,1,True,True,False,True,False,False,True,False,True
OCM,tick,OCM,OCM,1,True,True,False,True,False,False,True,False,True
MOM,ReqVel,CAM,CAM,1,True,True,False,True,False,False,True,False,True
MOM,ReqHdng,CAM,CAM,1,True,True,False,True,False,False,True,False,True
MOM,ReqMOM,CAM,CAM,1,True,True,False,True,False,False,True,False,True
MOM,ReqOCM,CAM,CAM|OCM,2,False,True,False,True,False,False,True,False,True
MOM,EndTask,CAM,CAM|OCM,2,False,True,False,True,False,False,True,False,True
MOM,ReqHCM,CAM,CAM|HCM,2,False,True,False,True,False,False,True,False,True
MOM,tick,CAM,CAM,1,True,True,False,True,False,False,True,False,True
HCM,ReqVel,CAM,CAM,1,True,True,False,True,False,False,True,False,True
HCM,ReqHdng,CAM,CAM,1,True,True,False,True,False,False,True,False,True
HCM,ReqMOM,CAM,CAM,1,True,True,False,True,False,False,True,False,True
HCM,ReqOCM,CAM,CAM|OCM,2,False,True,False,True,False,False,True,False,True
HCM,EndTask,CAM,CAM,1,True,True,False,True,False,False,True,False,True
HCM,ReqHCM,CAM,CAM,1,True,True,False,True,False,False,True,False,True
HCM,tick,CAM,CAM,1,True,True,False,True,False,False,True,False,True
CAM,ReqVel,OCM,OCM,1,True,True,False,True,False,False,True,False,True
CAM,ReqHdng,OCM,OCM,1,True,True,False,True,False,False,True,False,True
CAM,ReqMOM,OCM,OCM,1,True,True,False,True,False,False,True,False,True
CAM,ReqOCM,OCM,OCM,1,True,True,False,True,False,False,True,False,True
CAM,EndTask,OCM,OCM,1,True,True,False,True,False,False,True,False,True
CAM,ReqHCM,OCM,OCM,1,True,True,False,True,False,False,True,False,True
CAM,tick,OCM,OCM,1,True,True,False,True,False,False,True,False,True
OCM,ReqVel,OCM,OCM,1,True,True,False,True,False,False,True,True,False
OCM,ReqHdng,OCM,OCM,1,True,True,False,True,False,False,True,True,False
OCM,ReqMOM,OCM,OCM,1,True,True,False,True,False,False,True,True,False
OCM,ReqOCM,OCM,OCM,1,True,True,False,True,False,False,True,True,False
OCM,EndTask,OCM,OCM,1,True,True,False,True,False,False,True,True,False
OCM,ReqHCM,OCM,OCM,1,True,True,False,True,False,False,True,True,False
OCM,tick,OCM,OCM,1,True,True,False,True,False,False,True,True,False
MOM,ReqVel,CAM,CAM,1,True,True,False,True,False,False,True,True,False
MOM,ReqHdng,CAM,CAM,1,True,True,False,True,False,False,True,True,False
MOM,ReqMOM,CAM,CAM,1,True,True,False,True,False,False,True,True,False
MOM,ReqOCM,CAM,CAM|OCM,2,False,True,False,True,False,False,True,True,False
MOM,EndTask,CAM,CAM|OCM,2,False,True,False,True,False,False,True,True,False
MOM,ReqHCM,CAM,CAM|HCM,2,False,True,False,True,False,False,True,True,False
MOM,tick,CAM,CAM,1,True,True,False,True,False,False,True,True,False
HCM,ReqVel,CAM,CAM,1,True,True,False,True,False,False,True,True,False
HCM,ReqHdng,CAM,CAM,1,True,True,False,True,False,False,True,True,False
HCM,ReqMOM,CAM,CAM,1,True,True,False,True,False,False,True,True,False
HCM,ReqOCM,CAM,CAM|OCM,2,False,True,False,True,False,False,True,True,False
HCM,EndTask,CAM,CAM,1,True,True,False,True,False,False,True,True,False
HCM,ReqHCM,CAM,CAM,1,True,True,False,True,False,False,True,True,False
HCM,tick,CAM,CAM,1,True,True,False,True,False,False,True,True,False
CAM,ReqVel,CAM,CAM,1,True,True,False,True,False,False,True,True,False
CAM,ReqHdng,CAM,CAM,1,True,True,False,True,False,False,True,True,False
CAM,ReqMOM,CAM,CAM,1,True,True,False,True,False,False,True,True,False
CAM,ReqOCM,OCM,OCM,1,True,True,False,True,False,False,True,True,False
CAM,EndTask,CAM,CAM,1,True,True,False,True,False,False,True,True,False
CAM,ReqHCM,CAM,CAM,1,True,True,False,True,False,False,True,True,False
CAM,tick,CAM,CAM,1,True,True,False,True,False,False,True,True,False
OCM,ReqVel,OCM,OCM,1,True,True,False,True,False,False,True,True,True
OCM,ReqHdng,OCM,OCM,1,True,True,False,True,False,False,True,True,True
OCM,ReqMOM,OCM,OCM,1,True,True,False,True,False,False,True,True,True
OCM,ReqOCM,OCM,OCM,1,True,True,False,True,False,False,True,True,True
OCM,EndTask,OCM,OCM,1,True,True,False,True,False,False,True,True,True
OCM,ReqHCM,OCM,OCM,1,True,True,False,True,False,False,True,True,True
OCM,tick,OCM,OCM,1,True,True,False,True,False,False,True,True,True
MOM,ReqVel,CAM,CAM,1,True,True,False,True,False,False,True,True,True
MOM,ReqHdng,CAM,CAM,1,True,True,False,True,False,False,True,True,True
MOM,ReqMOM,CAM,CAM,1,True,True,False,True,False,False,True,True,True
MOM,ReqOCM,CAM,CAM|OCM,2,False,True,False,True,False,False,True,True,True
MOM,EndTask,CAM,CAM|OCM,2,False,True,False,True,False,False,True,True,True
MOM,ReqHCM,CAM,CAM|HCM,2,False,True,False,True,False,False,True,True,True
MOM,tick,CAM,CAM,1,True,True,False,True,False,False,True,True,True
HCM,ReqVel,CAM,CAM,1,True,True,False,True,False,False,True,True,True
HCM,ReqHdng,CAM,CAM,1,True,True,False,True,False,False,True,True,True
HCM,ReqMOM,CAM,CAM,1,True,True,False,True,False,False,True,True,True
HCM,ReqOCM,CAM,CAM|OCM,2,False,True,False,True,False,False,True,True,True
HCM,EndTask,CAM,CAM,1,True,True,False,True,False,False,True,True,True
HCM,ReqHCM,CAM,CAM,1,True,True,False,True,False,False,True,True,True
HCM,tick,CAM,CAM,1,True,True,False,True,False,False,True,True,True
CAM,ReqVel,OCM,OCM,1,True,True,False,True,False,False,True,True,True
CAM,ReqHdng,OCM,OCM,1,True,True,False,True,False,False,True,True,True
CAM,ReqMOM,OCM,OCM,1,True,True,False,True,False,False,True,True,True
CAM,ReqOCM,OCM,OCM,1,True,True,False,True,False,False,True,True,True
CAM,EndTask,OCM,OCM,1,True,True,False,True,False,False,True,True,True
CAM,ReqHCM,OCM,OCM,1,True,True,False,True,False,False,True,True,True
CAM,tick,OCM,OCM,1,True,True,False,True,False,False,True,True,True
OCM,ReqVel,OCM,OCM,1,True,True,False,True,False,True,False,False,False
OCM,ReqHdng,OCM,OCM,1,True,True,False,True,False,True,False,False,False
OCM,ReqMOM,OCM,OCM,1,True,True,False,True,False,True,False,False,False
OCM,ReqOCM,OCM,OCM,1,True,True,False,True,False,True,False,False,False
OCM,EndTask,OCM,OCM,1,True,True,False,True,False,True,False,False,False
OCM,ReqHCM,OCM,OCM,1,True,True,False,True,False,True,False,False,False
OCM,tick,OCM,OCM,1,True,True,False,True,False,True,False,False,False
MOM,ReqVel,CAM,CAM,1,True,True,False,True,False,True,False,False,False
MOM,ReqHdng,CAM,CAM,1,True,True,False,True,False,True,False,False,False
MOM,ReqMOM,CAM,CAM,1,True,True,False,True,False,True,False,False,False
MOM,ReqOCM,CAM,CAM|OCM,2,False,True,False,True,False,True,False,False,False
MOM,EndTask,CAM,CAM|OCM,2,False,True,False,True,False,True,False,False,False
MOM,ReqHCM,CAM,CAM|HCM,2,False,True,False,True,False,True,False,False,False
MOM,tick,CAM,CAM,1,True,True,False,True,False,True,False,False,False
HCM,ReqVel,CAM,CAM,1,True,True,False,True,False,True,False,False,False
HCM,ReqHdng,CAM,CAM,1,True,True,False,True,False,True,False,False,False
HCM,ReqMOM,CAM,CAM,1,True,True,False,True,False,True,False,False,False
HCM,ReqOCM,CAM,CAM|OCM,2,False,True,False,True,False,True,False,False,False
HCM,EndTask,CAM,CAM,1,True,True,False,True,False,True,False,False,False
HCM,ReqHCM,CAM,CAM,1,True,True,False,True,False,True,False,False,False
HCM,tick,CAM,CAM,1,True,True,False,True,False,True,False,False,False
CAM,ReqVel,CAM,CAM,1,True,True,False,True,False,True,False,False,False
CAM,ReqHdng,CAM,CAM,1,True,True,False,True,False,True,False,False,False
CAM,ReqMOM,CAM,CAM,1,True,True,False,True,False,True,False,False,False
CAM,ReqOCM,OCM,OCM,1,True,True,False,True,False,True,False,False,False
CAM,EndTask,CAM,CAM,1,True,True,False,True,False,True,False,False,False
CAM,ReqHCM,CAM,CAM,1,True,True,False,True,False,True,False,False,False
CAM,tick,CAM,CAM,1,True,True,False,True,False,True,False,False,False
OCM,ReqVel,OCM,OCM,1,True,True,False,True,False,True,False,False,True
OCM,ReqHdng,OCM,OCM,1,True,True,False,True,False,True,False,False,True
OCM,ReqMOM,OCM,OCM,1,True,True,False,True,False,True,False,False,True
OCM,ReqOCM,OCM,OCM,1,True,True,False,True,False,True,False,False,True
OCM,EndTask,OCM,OCM,1,True,True,False,True,False,True,False,False,True
OCM,ReqHCM,OCM,OCM,1,True,True,False,True,False,True,False,False,True
OCM,tick,OCM,OCM,1,True,True,False,True,False,True,False,False,True
MOM,ReqVel,CAM,CAM,1,True,True,False,True,False,True,False,False,True
MOM,ReqHdng,CAM,CAM,1,True,True,False,True,False,True,False,False,True
MOM,ReqMOM,CAM,CAM,1,True,True,False,True,False,True,False,False,True
MOM,ReqOCM,CAM,CAM|OCM,2,False,True,False,True,False,True,False,False,True
MOM,EndTask,CAM,CAM|OCM,2,False,True,False,True,False,True,False,False,True
MOM,ReqHCM,CAM,CAM|HCM,2,False,True,False,True,False,True,False,False,True
MOM,tick,CAM,CAM,1,True,True,False,True,False,True,False,False,True
HCM,ReqVel,CAM,CAM,1,True,True,False,True,False,True,False,False,True
HCM,ReqHdng,CAM,CAM,1,True,True,False,True,False,True,False,False,True
HCM,ReqMOM,CAM,CAM,1,True,True,False,True,False,True,False,False,True
HCM,ReqOCM,CAM,CAM|OCM,2,False,True,False,True,False,True,False,False,True
HCM,EndTask,CAM,CAM,1,True,True,False,True,False,True,False,False,True
HCM,ReqHCM,CAM,CAM,1,True,True,False,True,False,True,False,False,True
HCM,tick,CAM,CAM,1,True,True,False,True,False,True,False,False,True
CAM,ReqVel,OCM,OCM,1,True,True,False,True,False,True,False,False,True
CAM,ReqHdng,OCM,OCM,1,True,True,False,True,False,True,False,False,True
CAM,ReqMOM,OCM,OCM,1,True,True,False,True,False,True,False,False,True
CAM,ReqOCM,OCM,OCM,1,True,True,False,True,False,True,False,False,True
CAM,EndTask,OCM,OCM,1,True,True,False,True,False,True,False,False,True
CAM,ReqHCM,OCM,OCM,1,True,True,False,True,False,True,False,False,True
CAM,tick,OCM,OCM,1,True,True,False,True,False,True,False,False,True
OCM,ReqVel,OCM,OCM,1,True,True,False,True,False,True,False,True,False
OCM,ReqHdng,OCM,OCM,1,True,True,False,True,False,True,False,True,False
OCM,ReqMOM,OCM,OCM,1,True,True,False,True,False,True,False,True,False
OCM,ReqOCM,OCM,OCM,1,True,True,False,True,False,True,False,True,False
OCM,EndTask,OCM,OCM,1,True,True,False,True,False,True,False,True,False
OCM,ReqHCM,OCM,OCM,1,True,True,False,True,False,True,False,True,False
OCM,tick,OCM,OCM,1,True,True,False,True,False,True,False,True,False
MOM,ReqVel,CAM,CAM,1,True,True,False,True,False,True,False,True,False
MOM,ReqHdng,CAM,CAM,1,True,True,False,True,False,True,False,True,False
MOM,ReqMOM,CAM,CAM,1,True,True,False,True,False,True,False,True,False
MOM,ReqOCM,CAM,CAM|OCM,2,False,True,False,True,False,True,False,True,False
MOM,EndTask,CAM,CAM|OCM,2,False,True,False,True,False,True,False,True,False
MOM,ReqHCM,CAM,CAM|HCM,2,False,True,False,True,False,True,False,True,False
MOM,tick,CAM,CAM,1,True,True,False,True,False,True,False,True,False
HCM,ReqVel,CAM,CAM,1,True,True,False,True,False,True,False,True,False
HCM,ReqHdng,CAM,CAM,1,True,True,False,True,False,True,False,True,False
HCM,ReqMOM,CAM,CAM,1,True,True,False,True,False,True,False,True,False
HCM,ReqOCM,CAM,CAM|OCM,2,False,True,False,True,False,True,False,True,False
HCM,EndTask,CAM,CAM,1,True,True,False,True,False,True,False,True,False
HCM,ReqHCM,CAM,CAM,1,True,True,False,True,False,True,False,True,False
HCM,tick,CAM,CAM,1,True,True,False,True,False,True,False,True,False
CAM,ReqVel,CAM,CAM,1,True,True,False,True,False,True,False,True,False
CAM,ReqHdng,CAM,CAM,1,True,True,False,True,False,True,False,True,False
CAM,ReqMOM,CAM,CAM,1,True,True,False,True,False,True,False,True,False
CAM,ReqOCM,OCM,OCM,1,True,True,False,True,False,True,False,True,False
CAM,EndTask,CAM,CAM,1,True,True,False,True,False,True,False,True,False
CAM,ReqHCM,CAM,CAM,1,True,True,False,True,False,True,False,True,False
CAM,tick,CAM,CAM,1,True,True,False,True,False,True,False,True,False
OCM,ReqVel,OCM,OCM,1,True,True,False,True,False,True,False,True,True
OCM,ReqHdng,OCM,OCM,1,True,True,False,True,False,True,False,True,True
OCM,ReqMOM,OCM,OCM,1,True,True,False,True,False,True,False,True,True
OCM,ReqOCM,OCM,OCM,1,True,True,False,True,False,True,False,True,True
OCM,EndTask,OCM,OCM,1,True,True,False,True,False,True,False,True,True
OCM,ReqHCM,OCM,OCM,1,True,True,False,True,False,True,False,True,True
OCM,tick,OCM,OCM,1,True,True,False,True,False,True,False,True,True
MOM,ReqVel,CAM,CAM,1,True,True,False,True,False,True,False,True,True
MOM,ReqHdng,CAM,CAM,1,True,True,False,True,False,True,False,True,True
MOM,ReqMOM,CAM,CAM,1,True,True,False,True,False,True,False,True,True
MOM,ReqOCM,CAM,CAM|OCM,2,False,True,False,True,False,True,False,True,True
MOM,EndTask,CAM,CAM|OCM,2,False,True,False,True,False,True,False,True,True
MOM,ReqHCM,CAM,CAM|HCM,2,False,True,False,True,False,True,False,True,True
MOM,tick,CAM,CAM,1,True,True,False,True,False,True,False,True,True
HCM,ReqVel,CAM,CAM,1,True,True,False,True,False,True,False,True,True
HCM,ReqHdng,CAM,CAM,1,True,True,False,True,False,True,False,True,True
HCM,ReqMOM,CAM,CAM,1,True,True,False,True,False,True,False,True,True
HCM,ReqOCM,CAM,CAM|OCM,2,False,True,False,True,False,True,False,True,True
HCM,EndTask,CAM,CAM,1,True,True,False,True,False,True,False,True,True
HCM,ReqHCM,CAM,CAM,1,True,True,False,True,False,True,False,True,True
HCM,tick,CAM,CAM,1,True,True,False,True,False,True,False,True,True
CAM,ReqVel,OCM,OCM,1,True,True,False,True,False,True,False,True,True
CAM,ReqHdng,OCM,OCM,1,True,True,False,True,False,True,False,True,True
CAM,ReqMOM,OCM,OCM,1,True,True,False,True,False,True,False,True,True
CAM,ReqOCM,OCM,OCM,1,True,True,False,True,False,True,False,True,True
CAM,EndTask,OCM,OCM,1,True,True,False,True,False,True,False,True,True
CAM,ReqHCM,OCM,OCM,1,True,True,False,True,False,True,False,True,True
CAM,tick,OCM,OCM,1,True,True,False,True,False,True,False,True,True
OCM,ReqVel,OCM,OCM,1,True,True,False,True,False,True,True,False,False
OCM,ReqHdng,OCM,OCM,1,True,True,False,True,False,True,True,False,False
OCM,ReqMOM,OCM,OCM,1,True,True,False,True,False,True,True,False,False
OCM,ReqOCM,OCM,OCM,1,True,True,False,True,False,True,True,False,False
OCM,EndTask,OCM,OCM,1,True,True,False,True,False,True,True,False,False
OCM,ReqHCM,OCM,OCM,1,True,True,False,True,False,True,True,False,False
OCM,tick,OCM,OCM,1,True,True,False,True,False,True,True,False,False
MOM,ReqVel,CAM,CAM,1,True,True,False,True,False,True,True,False,False
MOM,ReqHdng,CAM,CAM,1,True,True,False,True,False,True,True,False,False
MOM,ReqMOM,CAM,CAM,1,True,True,False,True,False,True,True,False,False
MOM,ReqOCM,CAM,CAM|OCM,2,False,True,False,True,False,True,True,False,False
MOM,EndTask,CAM,CAM|OCM,2,False,True,False,True,False,True,True,False,False
MOM,ReqHCM,CAM,CAM|HCM,2,False,True,False,True,False,True,True,False,False
MOM,tick,CAM,CAM,1,True,True,False,True,False,True,True,False,False
HCM,ReqVel,CAM,CAM,1,True,True,False,True,False,True,True,False,False
HCM,ReqHdng,CAM,CAM,1,True,True,False,True,False,True,True,False,False
HCM,ReqMOM,CAM,CAM,1,True,True,False,True,False,True,True,False,False
HCM,ReqOCM,CAM,CAM|OCM,2,False,True,False,True,False,True,True,False,False
HCM,EndTask,CAM,CAM,1,True,True,False,True,False,True,True,False,False
HCM,ReqHCM,CAM,CAM,1,True,True,False,True,False,True,True,False,False
HCM,tick,CAM,CAM,1,True,True,False,True,False,True,True,False,False
CAM,ReqVel,CAM,CAM,1,True,True,False,True,False,True,True,False,False
CAM,ReqHdng,CAM,CAM,1,True,True,False,True,False,True,True,False,False
CAM,ReqMOM,CAM,CAM,1,True,True,False,True,False,True,True,False,False
CAM,ReqOCM,OCM,OCM,1,True,True,False,True,False,True,True,False,False
CAM,EndTask,CAM,CAM,1,True,True,False,True,False,True,True,False,False
CAM,ReqHCM,CAM,CAM,1,True,True,False,True,False,True,True,False,False
CAM,tick,CAM,CAM,1,True,True,False,True,False,True,True,False,False
OCM,ReqVel,OCM,OCM,1,True,True,False,True,False,True,True,False,True
OCM,ReqHdng,OCM,OCM,1,True,True,False,True,False,True,True,False,True
OCM,ReqMOM,OCM,OCM,1,True,True,False,True,False,True,True,False,True
OCM,ReqOCM,OCM,OCM,1,True,True,False,True,False,True,True,False,True
OCM,EndTask,OCM,OCM,1,True,True,False,True,False,True,True,False,True
OCM,ReqHCM,OCM,OCM,1,True,True,False,True,False,True,True,False,True
OCM,tick,OCM,OCM,1,True,True,False,True,False,True,True,False,True
MOM,ReqVel,CAM,CAM,1,True,True,False,True,False,True,True,False,True
MOM,ReqHdng,CAM,CAM,1,True,True,False,True,False,True,True,False,True
MOM,ReqMOM,CAM,CAM,1,True,True,False,True,False,True,True,False,True
MOM,ReqOCM,CAM,CAM|OCM,2,False,True,False,True,False,True,True,False,True
MOM,EndTask,CAM,CAM|OCM,2,False,True,False,True,False,True,True,False,True
MOM,ReqHCM,CAM,CAM|HCM,2,False,True,False,True,False,True,True,False,True
MOM,tick,CAM,CAM,1,True,True,False,True,False,True,True,False,True
HCM,ReqVel,CAM,CAM,1,True,True,False,True,False,True,True,False,True
HCM,ReqHdng,CAM,CAM,1,True,True,False,True,False,True,True,False,True
HCM,ReqMOM,CAM,CAM,1,True,True,False,True,False,True,True,False,True
HCM,ReqOCM,CAM,CAM|OCM,2,False,True,False,True,False,True,True,False,True
HCM,EndTask,CAM,CAM,1,True,True,False,True,False,True,True,False,True
HCM,ReqHCM,CAM,CAM,1,True,True,False,True,False,True,True,False,True
HCM,tick,CAM,CAM,1,True,True,False,True,False,True,True,False,True
CAM,ReqVel,OCM,OCM,1,True,True,False,True,False,True,True,False,True
CAM,ReqHdng,OCM,OCM,1,True,True,False,True,False,True,True,False,True
CAM,ReqMOM,OCM,OCM,1,True,True,False,True,False,True,True,False,True
CAM,ReqOCM,OCM,OCM,1,True,True,False,True,False,True,True,False,True
CAM,EndTask,OCM,OCM,1,True,True,False,True,False,True,True,False,True
CAM,ReqHCM,OCM,OCM,1,True,True,False,True,False,True,True,False,True
CAM,tick,OCM,OCM,1,True,True,False,True,False,True,True,False,True
OCM,ReqVel,OCM,OCM,1,True,True,False,True,False,True,True,True,False
OCM,ReqHdng,OCM,OCM,1,True,True,False,True,False,True,True,True,False
OCM,ReqMOM,OCM,OCM,1,True,True,False,True,False,True,True,True,False
OCM,ReqOCM,OCM,OCM,1,True,True,False,True,False,True,True,True,False
OCM,EndTask,OCM,OCM,1,True,True,False,True,False,True,True,True,False
OCM,ReqHCM,OCM,OCM,1,True,True,False,True,False,True,True,True,False
OCM,tick,OCM,OCM,1,True,True,False,True,False,True,True,True,False
MOM,ReqVel,CAM,CAM,1,True,True,False,True,False,True,True,True,False
MOM,ReqHdng,CAM,CAM,1,True,True,False,True,False,True,True,True,False
MOM,ReqMOM,CAM,CAM,1,True,True,False,True,False,True,True,True,False
MOM,ReqOCM,CAM,CAM|OCM,2,False,True,False,True,False,True,True,True,False
MOM,EndTask,CAM,CAM|OCM,2,False,True,False,True,False,True,True,True,False
MOM,ReqHCM,CAM,CAM|HCM,2,False,True,False,True,False,True,True,True,False
MOM,tick,CAM,CAM,1,True,True,False,True,False,True,True,True,False
HCM,ReqVel,CAM,CAM,1,True,True,False,True,False,True,True,True,False
HCM,ReqHdng,CAM,CAM,1,True,True,False,True,False,True,True,True,False
HCM,ReqMOM,CAM,CAM,1,True,True,False,True,False,True,True,True,False
HCM,ReqOCM,CAM,CAM|OCM,2,False,True,False,True,False,True,True,True,False
HCM,EndTask,CAM,CAM,1,True,True,False,True,False,True,True,True,False
HCM,ReqHCM,CAM,CAM,1,True,True,False,True,False,True,True,True,False
HCM,tick,CAM,CAM,1,True,True,False,True,False,True,True,True,False
CAM,ReqVel,CAM,CAM,1,True,True,False,True,False,True,True,True,False
CAM,ReqHdng,CAM,CAM,1,True,True,False,True,False,True,True,True,False
CAM,ReqMOM,CAM,CAM,1,True,True,False,True,False,True,True,True,False
CAM,ReqOCM,OCM,OCM,1,True,True,False,True,False,True,True,True,False
CAM,EndTask,CAM,CAM,1,True,True,False,True,False,True,True,True,False
CAM,ReqHCM,CAM,CAM,1,True,True,False,True,False,True,True,True,False
CAM,tick,CAM,CAM,1,True,True,False,True,False,True,True,True,False
OCM,ReqVel,OCM,OCM,1,True,True,False,True,False,True,True,True,True
OCM,ReqHdng,OCM,OCM,1,True,True,False,True,False,True,True,True,True
OCM,ReqMOM,OCM,OCM,1,True,True,False,True,False,True,True,True,True
OCM,ReqOCM,OCM,OCM,1,True,True,False,True,False,True,True,True,True
OCM,EndTask,OCM,OCM,1,True,True,False,True,False,True,True,True,True
OCM,ReqHCM,OCM,OCM,1,True,True,False,True,False,True,True,True,True
OCM,tick,OCM,OCM,1,True,True,False,True,False,True,True,True,True
MOM,ReqVel,CAM,CAM,1,True,True,False,True,False,True,True,True,True
MOM,ReqHdng,CAM,CAM,1,True,True,False,True,False,True,True,True,True
MOM,ReqMOM,CAM,CAM,1,True,True,False,True,False,True,True,True,True
MOM,ReqOCM,CAM,CAM|OCM,2,False,True,False,True,False,True,True,True,True
MOM,EndTask,CAM,CAM|OCM,2,False,True,False,True,False,True,True,True,True
MOM,ReqHCM,CAM,CAM|HCM,2,False,True,False,True,False,True,True,True,True
MOM,tick,CAM,CAM,1,True,True,False,True,False,True,True,True,True
HCM,ReqVel,CAM,CAM,1,True,True,False,True,False,True,True,True,True
HCM,ReqHdng,CAM,CAM,1,True,True,False,True,False,True,True,True,True
HCM,ReqMOM,CAM,CAM,1,True,True,False,True,False,True,True,True,True
HCM,ReqOCM,CAM,CAM|OCM,2,False,True,False,True,False,True,True,True,True
HCM,EndTask,CAM,CAM,1,True,True,False,True,False,True,True,True,True
HCM,ReqHCM,CAM,CAM,1,True,True,False,True,False,True,True,True,True
HCM,tick,CAM,CAM,1,True,True,False,True,False,True,True,True,True
CAM,ReqVel,OCM,OCM,1,True,True,False,True,False,True,True,True,True
CAM,ReqHdng,OCM,OCM,1,True,True,False,True,False,True,True,True,True
CAM,ReqMOM,OCM,OCM,1,True,True,False,True,False,True,True,True,True
CAM,ReqOCM,OCM,OCM,1,True,True,False,True,False,True,True,True,True
CAM,EndTask,OCM,OCM,1,True,True,False,True,False,True,True,True,True
CAM,ReqHCM,OCM,OCM,1,True,True,False,True,False,True,True,True,True
CAM,tick,OCM,OCM,1,True,True,False,True,False,True,True,True,True
OCM,ReqVel,OCM,OCM,1,True,True,False,True,True,False,False,False,False
OCM,ReqHdng,OCM,OCM,1,True,True,False,True,True,False,False,False,False
OCM,ReqMOM,OCM,OCM,1,True,True,False,True,True,False,False,False,False
OCM,ReqOCM,OCM,OCM,1,True,True,False,True,True,False,False,False,False
OCM,EndTask,OCM,OCM,1,True,True,False,True,True,False,False,False,False
OCM,ReqHCM,OCM,OCM,1,True,True,False,True,True,False,False,False,False
OCM,tick,OCM,OCM,1,True,True,False,True,True,False,False,False,False
MOM,ReqVel,CAM,CAM,1,True,True,False,True,True,False,False,False,False
MOM,ReqHdng,CAM,CAM,1,True,True,False,True,True,False,False,False,False
MOM,ReqMOM,CAM,CAM,1,True,True,False,True,True,False,False,False,False
MOM,ReqOCM,CAM,CAM|OCM,2,False,True,False,True,True,False,False,False,False
MOM,EndTask,CAM,CAM|OCM,2,False,True,False,True,True,False,False,False,False
MOM,ReqHCM,CAM,CAM|HCM,2,False,True,False,True,True,False,False,False,False
MOM,tick,CAM,CAM,1,True,True,False,True,True,False,False,False,False
HCM,ReqVel,CAM,CAM,1,True,True,False,True,True,False,False,False,False
HCM,ReqHdng,CAM,CAM,1,True,True,False,True,True,False,False,False,False
HCM,ReqMOM,CAM,CAM,1,True,True,False,True,True,False,False,False,False
HCM,ReqOCM,CAM,CAM|OCM,2,False,True,False,True,True,False,False,False,False
HCM,EndTask,CAM,CAM,1,True,True,False,True,True,False,False,False,False
HCM,ReqHCM,CAM,CAM,1,True,True,False,True,True,False,False,False,False
HCM,tick,CAM,CAM,1,True,True,False,True,True,False,False,False,False
CAM,ReqVel,CAM,CAM,1,True,True,False,True,True,False,False,False,False
CAM,ReqHdng,CAM,CAM,1,True,True,False,True,True,False,False,False,False
CAM,ReqMOM,CAM,CAM,1,True,True,False,True,True,False,False,False,False
CAM,ReqOCM,OCM,OCM,1,True,True,False,True,True,False,False,False,False
CAM,EndTask,CAM,CAM,1,True,True,False,True,True,False,False,False,False
CAM,ReqHCM,CAM,CAM,1,True,True,False,True,True,False,False,False,False
CAM,tick,CAM,CAM,1,True,True,False,True,True,False,False,False,False
OCM,ReqVel,OCM,OCM,1,True,True,False,True,True,False,False,False,True
OCM,ReqHdng,OCM,OCM,1,True,True,False,True,True,False,False,False,True
OCM,ReqMOM,OCM,OCM,1,True,True,False,True,True,False,False,False,True
OCM,ReqOCM,OCM,OCM,1,True,True,False,True,True,False,False,False,True
OCM,EndTask,OCM,OCM,1,True,True,False,True,True,False,False,False,True
OCM,ReqHCM,OCM,OCM,1,True,True,False,True,True,False,False,False,True
OCM,tick,OCM,OCM,1,True,True,False,True,True,False,False,False,True
MOM,ReqVel,CAM,CAM,1,True,True,False,True,True,False,False,False,True
MOM,ReqHdng,CAM,CAM,1,True,True,False,True,True,False,False,False,True
MOM,ReqMOM,CAM,CAM,1,True,True,False,True,True,False,False,False,True
MOM,ReqOCM,CAM,CAM|OCM,2,False,True,False,True,True,False,False,False,True
MOM,EndTask,CAM,CAM|OCM,2,False,True,False,True,True,False,False,False,True
MOM,ReqHCM,CAM,CAM|HCM,2,False,True,False,True,True,False,False,False,True
MOM,tick,CAM,CAM,1,True,True,False,True,True,False,False,False,True
HCM,ReqVel,CAM,CAM,1,True,True,False,True,True,False,False,False,True
HCM,ReqHdng,CAM,CAM,1,True,True,False,True,True,False,False,False,True
HCM,ReqMOM,CAM,CAM,1,True,True,False,True,True,False,False,False,True
HCM,ReqOCM,CAM,CAM|OCM,2,False,True,False,True,True,False,False,False,True
HCM,EndTask,CAM,CAM,1,True,True,False,True,True,False,False,False,True
HCM,ReqHCM,CAM,CAM,1,True,True,False,True,True,False,False,False,True
HCM,tick,CAM,CAM,1,True,True,False,True,True,False,False,False,True
CAM,ReqVel,OCM,OCM,1,True,True,False,True,True,False,False,False,True
CAM,ReqHdng,OCM,OCM,1,True,True,False,True,True,False,False,False,True
CAM,ReqMOM,OCM,OCM,1,True,True,False,True,True,False,False,False,True
CAM,ReqOCM,OCM,OCM,1,True,True,False,True,True,False,False,False,True
CAM,EndTask,OCM,OCM,1,True,True,False,True,True,False,False,False,True
CAM,ReqHCM,OCM,OCM,1,True,True,False,True,True,False,False,False,True
CAM,tick,OCM,OCM,1,True,True,False,True,True,False,False,False,True
OCM,ReqVel,OCM,OCM,1,True,True,False,True,True,False,False,True,False
OCM,ReqHdng,OCM,OCM,1,True,True,False,True,True,False,False,True,False
OCM,ReqMOM,OCM,OCM,1,True,True,False,True,True,False,False,True,False
OCM,ReqOCM,OCM,OCM,1,True,True,False,True,True,False,False,True,False
OCM,EndTask,OCM,OCM,1,True,True,False,True,True,False,False,True,False
OCM,ReqHCM,OCM,OCM,1,True,True,False,True,True,False,False,True,False
OCM,tick,OCM,OCM,1,True,True,False,True,True,False,False,True,False
MOM,ReqVel,CAM,CAM,1,True,True,False,True,True,False,False,True,False
MOM,ReqHdng,CAM,CAM,1,True,True,False,True,True,False,False,True,False
MOM,ReqMOM,CAM,CAM,1,True,True,False,True,True,False,False,True,False
MOM,ReqOCM,CAM,CAM|OCM,2,False,True,False,True,True,False,False,True,False
MOM,EndTask,CAM,CAM|OCM,2,False,True,False,True,True,False,False,True,False
MOM,ReqHCM,CAM,CAM|HCM,2,False,True,False,True,True,False,False,True,False
MOM,tick,CAM,CAM,1,True,True,False,True,True,False,False,True,False
HCM,ReqVel,CAM,CAM,1,True,True,False,True,True,False,False,True,False
HCM,ReqHdng,CAM,CAM,1,True,True,False,True,True,False,False,True,False
HCM,ReqMOM,CAM,CAM,1,True,True,False,True,True,False,False,True,False
HCM,ReqOCM,CAM,CAM|OCM,2,False,True,False,True,True,False,False,True,False
HCM,EndTask,CAM,CAM,1,True,True,False,True,True,False,False,True,False
HCM,ReqHCM,CAM,CAM,1,True,True,False,True,True,False,False,True,False
HCM,tick,CAM,CAM,1,True,True,False,True,True,False,False,True,False
CAM,ReqVel,CAM,CAM,1,True,True,False,True,True,False,False,True,False
CAM,ReqHdng,CAM,CAM,1,True,True,False,True,True,False,False,True,False
CAM,ReqMOM,CAM,CAM,1,True,True,False,True,True,False,False,True,False
CAM,ReqOCM,OCM,OCM,1,True,True,False,True,True,False,False,True,False
CAM,EndTask,CAM,CAM,1,True,True,False,True,True,False,False,True,False
CAM,ReqHCM,CAM,CAM,1,True,True,False,True,True,False,False,True,False
CAM,tick,CAM,CAM,1,True,True,False,True,True,False,False,True,False
OCM,ReqVel,OCM,OCM,1,True,True,False,True,True,False,False,True,True
OCM,ReqHdng,OCM,OCM,1,True,True,False,True,True,False,False,True,True
OCM,ReqMOM,OCM,OCM,1,True,True,False,True,True,False,False,True,True
OCM,ReqOCM,OCM,OCM,1,True,True,False,True,True,False,False,True,True
OCM,EndTask,OCM,OCM,1,True,True,False,True,True,False,False,True,True
OCM,ReqHCM,OCM,OCM,1,True,True,False,True,True,False,False,True,True
OCM,tick,OCM,OCM,1,True,True,False,True,True,False,False,True,True
MOM,ReqVel,CAM,CAM,1,True,True,False,True,True,False,False,True,True
MOM,ReqHdng,CAM,CAM,1,True,True,False,True,True,False,False,True,True
MOM,ReqMOM,CAM,CAM,1,True,True,False,True,True,False,False,True,True
MOM,ReqOCM,CAM,CAM|OCM,2,False,True,False,True,True,False,False,True,True
MOM,EndTask,CAM,CAM|OCM,2,False,True,False,True,True,False,False,True,True
MOM,ReqHCM,CAM,CAM|HCM,2,False,True,False,True,True,False,False,True,True
MOM,tick,CAM,CAM,1,True,True,False,True,True,False,False,True,True
HCM,ReqVel,CAM,CAM,1,True,True,False,True,True,False,False,True,True
HCM,ReqHdng,CAM,CAM,1,True,True,False,True,True,False,False,True,True
HCM,ReqMOM,CAM,CAM,1,True,True,False,True,True,False,False,True,True
HCM,ReqOCM,CAM,CAM|OCM,2,False,True,False,True,True,False,False,True,True
HCM,EndTask,CAM,CAM,1,True,True,False,True,True,False,False,True,True
HCM,ReqHCM,CAM,CAM,1,True,True,False,True,True,False,False,True,True
HCM,tick,CAM,CAM,1,True,True,False,True,True,False,False,True,True
CAM,ReqVel,OCM,OCM,1,True,True,False,True,True,False,False,True,True
CAM,ReqHdng,OCM,OCM,1,True,True,False,True,True,False,False,True,True
CAM,ReqMOM,OCM,OCM,1,True,True,False,True,True,False,False,True,True
CAM,ReqOCM,OCM,OCM,1,True,True,False,True,True,False,False,True,True
CAM,EndTask,OCM,OCM,1,True,True,False,True,True,False,False,True,True
CAM,ReqHCM,OCM,OCM,1,True,True,False,True,True,False,False,True,True
CAM,tick,OCM,OCM,1,True,True,False,True,True,False,False,True,True
OCM,ReqVel,OCM,OCM,1,True,True,False,True,True,False,True,False,False
OCM,ReqHdng,OCM,OCM,1,True,True,False,True,True,False,True,False,False
OCM,ReqMOM,OCM,OCM,1,True,True,False,True,True,False,True,False,False
OCM,ReqOCM,OCM,OCM,1,True,True,False,True,True,False,True,False,False
OCM,EndTask,OCM,OCM,1,True,True,False,True,True,False,True,False,False
OCM,ReqHCM,OCM,OCM,1,True,True,False,True,True,False,True,False,False
OCM,tick,OCM,OCM,1,True,True,False,True,True,False,True,False,False
MOM,ReqVel,CAM,CAM,1,True,True,False,True,True,False,True,False,False
MOM,ReqHdng,CAM,CAM,1,True,True,False,True,True,False,True,False,False
MOM,ReqMOM,CAM,CAM,1,True,True,False,True,True,False,True,False,False
MOM,ReqOCM,CAM,CAM|OCM,2,False,True,False,True,True,False,True,False,False
MOM,EndTask,CAM,CAM|OCM,2,False,True,False,True,True,False,True,False,False
MOM,ReqHCM,CAM,CAM|HCM,2,False,True,False,True,True,False,True,False,False
MOM,tick,CAM,CAM,1,True,True,False,True,True,False,True,False,False
HCM,ReqVel,CAM,CAM,1,True,True,False,True,True,False,True,False,False
HCM,ReqHdng,CAM,CAM,1,True,True,False,True,True,False,True,False,False
HCM,ReqMOM,CAM,CAM,1,True,True,False,True,True,False,True,False,False
HCM,ReqOCM,CAM,CAM|OCM,2,False,True,False,True,True,False,True,False,False
HCM,EndTask,CAM,CAM,1,True,True,False,True,True,False,True,False,False
HCM,ReqHCM,CAM,CAM,1,True,True,False,True,True,False,True,False,False
HCM,tick,CAM,CAM,1,True,True,False,True,True,False,True,False,False
CAM,ReqVel,CAM,CAM,1,True,True,False,True,True,False,True,False,False
CAM,ReqHdng,CAM,CAM,1,True,True,False,True,True,False,True,False,False
CAM,ReqMOM,CAM,CAM,1,True,True,False,True,True,False,True,False,False
CAM,ReqOCM,OCM,OCM,1,True,True,False,True,True,False,True,False,False
CAM,EndTask,CAM,CAM,1,True,True,False,True,True,False,True,False,False
CAM,ReqHCM,CAM,CAM,1,True,True,False,True,True,False,True,False,False
CAM,tick,CAM,CAM,1,True,True,False,True,True,False,True,False,False
OCM,ReqVel,OCM,OCM,1,True,True,False,True,True,False,True,False,True
OCM,ReqHdng,OCM,OCM,1,True,True,False,True,True,False,True,False,True
OCM,ReqMOM,OCM,OCM,1,True,True,False,True,True,False,True,False,True
OCM,ReqOCM,OCM,OCM,1,True,True,False,True,True,False,True,False,True
OCM,EndTask,OCM,OCM,1,True,True,False,True,True,False,True,False,True
OCM,ReqHCM,OCM,OCM,1,True,True,False,True,True,False,True,False,True
OCM,tick,OCM,OCM,1,True,True,False,True,True,False,True,False,True
MOM,ReqVel,CAM,CAM,1,True,True,False,True,True,False,True,False,True
MOM,ReqHdng,CAM,CAM,1,True,True,False,True,True,False,True,False,True
MOM,ReqMOM,CAM,CAM,1,True,True,False,True,True,False,True,False,True
MOM,ReqOCM,CAM,CAM|OCM,2,False,True,False,True,True,False,True,False,True
MOM,EndTask,CAM,CAM|OCM,2,False,True,False,True,True,False,True,False,True
MOM,ReqHCM,CAM,CAM|HCM,2,False,True,False,True,True,False,True,False,True
MOM,tick,CAM,CAM,1,True,True,False,True,True,False,True,False,True
HCM,ReqVel,CAM,CAM,1,True,True,False,True,True,False,True,False,True
HCM,ReqHdng,CAM,CAM,1,True,True,False,True,True,False,True,False,True
HCM,ReqMOM,CAM,CAM,1,True,True,False,True,True,False,True,False,True
HCM,ReqOCM,CAM,CAM|OCM,2,False,True,False,True,True,False,True,False,True
HCM,EndTask,CAM,CAM,1,True,True,False,True,True,False,True,False,True
HCM,ReqHCM,CAM,CAM,1,True,True,False,True,True,False,True,False,True
HCM,tick,CAM,CAM,1,True,True,False,True,True,False,True,False,True
CAM,ReqVel,OCM,OCM,1,True,True,False,True,True,False,True,False,True
CAM,ReqHdng,OCM,OCM,1,True,True,False,True,True,False,True,False,True
CAM,ReqMOM,OCM,OCM,1,True,True,False,True,True,False,True,False,True
CAM,ReqOCM,OCM,OCM,1,True,True,False,True,True,False,True,False,True
CAM,EndTask,OCM,OCM,1,True,True,False,True,True,False,True,False,True
CAM,ReqHCM,OCM,OCM,1,True,True,False,True,True,False,True,False,True
CAM,tick,OCM,OCM,1,True,True,False,True,True,False,True,False,True
OCM,ReqVel,OCM,OCM,1,True,True,False,True,True,False,True,True,False
OCM,ReqHdng,OCM,OCM,1,True,True,False,True,True,False,True,True,False
OCM,ReqMOM,OCM,OCM,1,True,True,False,True,True,False,True,True,False
OCM,ReqOCM,OCM,OCM,1,True,True,False,True,True,False,True,True,False
OCM,EndTask,OCM,OCM,1,True,True,False,True,True,False,True,True,False
OCM,ReqHCM,OCM,OCM,1,True,True,False,True,True,False,True,True,False
OCM,tick,OCM,OCM,1,True,True,False,True,True,False,True,True,False
MOM,ReqVel,CAM,CAM,1,True,True,False,True,True,False,True,True,False
MOM,ReqHdng,CAM,CAM,1,True,True,False,True,True,False,True,True,False
MOM,ReqMOM,CAM,CAM,1,True,True,False,True,True,False,True,True,False
MOM,ReqOCM,CAM,CAM|OCM,2,False,True,False,True,True,False,True,True,False
MOM,EndTask,CAM,CAM|OCM,2,False,True,False,True,True,False,True,True,False
MOM,ReqHCM,CAM,CAM|HCM,2,False,True,False,True,True,False,True,True,False
MOM,tick,CAM,CAM,1,True,True,False,True,True,False,True,True,False
HCM,ReqVel,CAM,CAM,1,True,True,False,True,True,False,True,True,False
HCM,ReqHdng,CAM,CAM,1,True,True,False,True,True,False,True,True,False
HCM,ReqMOM,CAM,CAM,1,True,True,False,True,True,False,True,True,False
HCM,ReqOCM,CAM,CAM|OCM,2,False,True,False,True,True,False,True,True,False
HCM,EndTask,CAM,CAM,1,True,True,False,True,True,False,True,True,False
HCM,ReqHCM,CAM,CAM,1,True,True,False,True,True,False,True,True,False
HCM,tick,CAM,CAM,1,True,True,False,True,True,False,True,True,False
CAM,ReqVel,CAM,CAM,1,True,True,False,True,True,False,True,True,False
CAM,ReqHdng,CAM,CAM,1,True,True,False,True,True,False,True,True,False
CAM,ReqMOM,CAM,CAM,1,True,True,False,True,True,False,True,True,False
CAM,ReqOCM,OCM,OCM,1,True,True,False,True,True,False,True,True,False
CAM,EndTask,CAM,CAM,1,True,True,False,True,True,False,True,True,False
CAM,ReqHCM,CAM,CAM,1,True,True,False,True,True,False,True,True,False
CAM,tick,CAM,CAM,1,True,True,False,True,True,False,True,True,False
OCM,ReqVel,OCM,OCM,1,True,True,False,True,True,False,True,True,True
OCM,ReqHdng,OCM,OCM,1,True,True,False,True,True,False,True,True,True
OCM,ReqMOM,OCM,OCM,1,True,True,False,True,True,False,True,True,True
OCM,ReqOCM,OCM,OCM,1,True,True,False,True,True,False,True,True,True
OCM,EndTask,OCM,OCM,1,True,True,False,True,True,False,True,True,True
OCM,ReqHCM,OCM,OCM,1,True,True,False,True,True,False,True,True,True
OCM,tick,OCM,OCM,1,True,True,False,True,True,False,True,True,True
MOM,ReqVel,CAM,CAM,1,True,True,False,True,True,False,True,True,True
MOM,ReqHdng,CAM,CAM,1,True,True,False,True,True,False,True,True,True
MOM,ReqMOM,CAM,CAM,1,True,True,False,True,True,False,True,True,True
MOM,ReqOCM,CAM,CAM|OCM,2,False,True,False,True,True,False,True,True,True
MOM,EndTask,CAM,CAM|OCM,2,False,True,False,True,True,False,True,True,True
MOM,ReqHCM,CAM,CAM|HCM,2,False,True,False,True,True,False,True,True,True
MOM,tick,CAM,CAM,1,True,True,False,True,True,False,True,True,True
HCM,ReqVel,CAM,CAM,1,True,True,False,True,True,False,True,True,True
HCM,ReqHdng,CAM,CAM,1,True,True,False,True,True,False,True,True,True
HCM,ReqMOM,CAM,CAM,1,True,True,False,True,True,False,True,True,True
HCM,ReqOCM,CAM,CAM|OCM,2,False,True,False,True,True,False,True,True,True
HCM,EndTask,CAM,CAM,1,True,True,False,True,True,False,True,True,True
HCM,ReqHCM,CAM,CAM,1,True,True,False,True,True,False,True,True,True
HCM,tick,CAM,CAM,1,True,True,False,True,True,False,True,True,True
CAM,ReqVel,OCM,OCM,1,True,True,False,True,True,False,True,True,True
CAM,ReqHdng,OCM,OCM,1,True,True,False,True,True,False,True,True,True
CAM,ReqMOM,OCM,OCM,1,True,True,False,True,True,False,True,True,True
CAM,ReqOCM,OCM,OCM,1,True,True,False,True,True,False,True,True,True
CAM,EndTask,OCM,OCM,1,True,True,False,True,True,False,True,True,True
CAM,ReqHCM,OCM,OCM,1,True,True,False,True,True,False,True,True,True
CAM,tick,OCM,OCM,1,True,True,False,True,True,False,True,True,True
OCM,ReqVel,OCM,OCM,1,True,True,False,True,True,True,False,False,False
OCM,ReqHdng,OCM,OCM,1,True,True,False,True,True,True,False,False,False
OCM,ReqMOM,OCM,OCM,1,True,True,False,True,True,True,False,False,False
OCM,ReqOCM,OCM,OCM,1,True,True,False,True,True,True,False,False,False
OCM,EndTask,OCM,OCM,1,True,True,False,True,True,True,False,False,False
OCM,ReqHCM,OCM,OCM,1,True,True,False,True,True,True,False,False,False
OCM,tick,OCM,OCM,1,True,True,False,True,True,True,False,False,False
MOM,ReqVel,CAM,CAM,1,True,True,False,True,True,True,False,False,False
MOM,ReqHdng,CAM,CAM,1,True,True,False,True,True,True,False,False,False
MOM,ReqMOM,CAM,CAM,1,True,True,False,True,True,True,False,False,False
MOM,ReqOCM,CAM,CAM|OCM,2,False,True,False,True,True,True,False,False,False
MOM,EndTask,CAM,CAM|OCM,2,False,True,False,True,True,True,False,False,False
MOM,ReqHCM,CAM,CAM|HCM,2,False,True,False,True,True,True,False,False,False
MOM,tick,CAM,CAM,1,True,True,False,True,True,True,False,False,False
HCM,ReqVel,CAM,CAM,1,True,True,False,True,True,True,False,False,False
HCM,ReqHdng,CAM,CAM,1,True,True,False,True,True,True,False,False,False
HCM,ReqMOM,CAM,CAM,1,True,True,False,True,True,True,False,False,False
HCM,ReqOCM,CAM,CAM|OCM,2,False,True,False,True,True,True,False,False,False
HCM,EndTask,CAM,CAM,1,True,True,False,True,True,True,False,False,False
HCM,ReqHCM,CAM,CAM,1,True,True,False,True,True,True,False,False,False
HCM,tick,CAM,CAM,1,True,True,False,True,True,True,False,False,False
CAM,ReqVel,CAM,CAM,1,True,True,False,True,True,True,False,False,False
CAM,ReqHdng,CAM,CAM,1,True,True,False,True,True,True,False,False,False
CAM,ReqMOM,CAM,CAM,1,True,True,False,True,True,True,False,False,False
CAM,ReqOCM,OCM,OCM,1,True,True,False,True,True,True,False,False,False
CAM,EndTask,CAM,CAM,1,True,True,False,True,True,True,False,False,False
CAM,ReqHCM,CAM,CAM,1,True,True,False,True,True,True,False,False,False
CAM,tick,CAM,CAM,1,True,True,False,True,True,True,False,False,False
OCM,ReqVel,OCM,OCM,1,True,True,False,True,True,True,False,False,True
OCM,ReqHdng,OCM,OCM,1,True,True,False,True,True,True,False,False,True
OCM,ReqMOM,OCM,OCM,1,True,True,False,True,True,True,False,False,True
OCM,ReqOCM,OCM,OCM,1,True,True,False,True,True,True,False,False,True
OCM,EndTask,OCM,OCM,1,True,True,False,True,True,True,False,False,True
OCM,ReqHCM,OCM,OCM,1,True,True,False,True,True,True,False,False,True
OCM,tick,OCM,OCM,1,True,True,False,True,True,True,False,False,True
MOM,ReqVel,CAM,CAM,1,True,True,False,True,True,True,False,False,True
MOM,ReqHdng,CAM,CAM,1,True,True,False,True,True,True,False,False,True
MOM,ReqMOM,CAM,CAM,1,True,True,False,True,True,True,False,False,True
MOM,ReqOCM,CAM,CAM|OCM,2,False,True,False,True,True,True,False,False,True
MOM,EndTask,CAM,CAM|OCM,2,False,True,False,True,True,True,False,False,True
MOM,ReqHCM,CAM,CAM|HCM,2,False,True,False,True,True,True,False,False,True
MOM,tick,CAM,CAM,1,True,True,False,True,True,True,False,False,True
HCM,ReqVel,CAM,CAM,1,True,True,False,True,True,True,False,False,True
HCM,ReqHdng,CAM,CAM,1,True,True,False,True,True,True,False,False,True
HCM,ReqMOM,CAM,CAM,1,True,True,False,True,True,True,False,False,True
HCM,ReqOCM,CAM,CAM|OCM,2,False,True,False,True,True,True,False,False,True
HCM,EndTask,CAM,CAM,1,True,True,False,True,True,True,False,False,True
HCM,ReqHCM,CAM,CAM,1,True,True,False,True,True,True,False,False,True
HCM,tick,CAM,CAM,1,True,True,False,True,True,True,False,False,True
CAM,ReqVel,OCM,OCM,1,True,True,False,True,True,True,False,False,True
CAM,ReqHdng,OCM,OCM,1,True,True,False,True,True,True,False,False,True
CAM,ReqMOM,OCM,OCM,1,True,True,False,True,True,True,False,False,True
CAM,ReqOCM,OCM,OCM,1,True,True,False,True,True,True,False,False,True
CAM,EndTask,OCM,OCM,1,True,True,False,True,True,True,False,False,True
CAM,ReqHCM,OCM,OCM,1,True,True,False,True,True,True,False,False,True
CAM,tick,OCM,OCM,1,True,True,False,True,True,True,False,False,True
OCM,ReqVel,OCM,OCM,1,True,True,False,True,True,True,False,True,False
OCM,ReqHdng,OCM,OCM,1,True,True,False,True,True,True,False,True,False
OCM,ReqMOM,OCM,OCM,1,True,True,False,True,True,True,False,True,False
OCM,ReqOCM,OCM,OCM,1,True,True,False,True,True,True,False,True,False
OCM,EndTask,OCM,OCM,1,True,True,False,True,True,True,False,True,False
OCM,ReqHCM,OCM,OCM,1,True,True,False,True,True,True,False,True,False
OCM,tick,OCM,OCM,1,True,True,False,True,True,True,False,True,False
MOM,ReqVel,CAM,CAM,1,True,True,False,True,True,True,False,True,False
MOM,ReqHdng,CAM,CAM,1,True,True,False,True,True,True,False,True,False
MOM,ReqMOM,CAM,CAM,1,True,True,False,True,True,True,False,True,False
MOM,ReqOCM,CAM,CAM|OCM,2,False,True,False,True,True,True,False,True,False
MOM,EndTask,CAM,CAM|OCM,2,False,True,False,True,True,True,False,True,False
MOM,ReqHCM,CAM,CAM|HCM,2,False,True,False,True,True,True,False,True,False
MOM,tick,CAM,CAM,1,True,True,False,True,True,True,False,True,False
HCM,ReqVel,CAM,CAM,1,True,True,False,True,True,True,False,True,False
HCM,ReqHdng,CAM,CAM,1,True,True,False,True,True,True,False,True,False
HCM,ReqMOM,CAM,CAM,1,True,True,False,True,True,True,False,True,False
HCM,ReqOCM,CAM,CAM|OCM,2,False,True,False,True,True,True,False,True,False
HCM,EndTask,CAM,CAM,1,True,True,False,True,True,True,False,True,False
HCM,ReqHCM,CAM,CAM,1,True,True,False,True,True,True,False,True,False
HCM,tick,CAM,CAM,1,True,True,False,True,True,True,False,True,False
CAM,ReqVel,CAM,CAM,1,True,True,False,True,True,True,False,True,False
CAM,ReqHdng,CAM,CAM,1,True,True,False,True,True,True,False,True,False
CAM,ReqMOM,CAM,CAM,1,True,True,False,True,True,True,False,True,False
CAM,ReqOCM,OCM,OCM,1,True,True,False,True,True,True,False,True,False
CAM,EndTask,CAM,CAM,1,True,True,False,True,True,True,False,True,False
CAM,ReqHCM,CAM,CAM,1,True,True,False,True,True,True,False,True,False
CAM,tick,CAM,CAM,1,True,True,False,True,True,True,False,True,False
OCM,ReqVel,OCM,OCM,1,True,True,False,True,True,True,False,True,True
OCM,ReqHdng,OCM,OCM,1,True,True,False,True,True,True,False,True,True
OCM,ReqMOM,OCM,OCM,1,True,True,False,True,True,True,False,True,True
OCM,ReqOCM,OCM,OCM,1,True,True,False,True,True,True,False,True,True
OCM,EndTask,OCM,OCM,1,True,True,False,True,True,True,False,True,True
OCM,ReqHCM,OCM,OCM,1,True,True,False,True,True,True,False,True,True
OCM,tick,OCM,OCM,1,True,True,False,True,True,True,False,True,True
MOM,ReqVel,CAM,CAM,1,True,True,False,True,True,True,False,True,True
MOM,ReqHdng,CAM,CAM,1,True,True,False,True,True,True,False,True,True
MOM,ReqMOM,CAM,CAM,1,True,True,False,True,True,True,False,True,True
MOM,ReqOCM,CAM,CAM|OCM,2,False,True,False,True,True,True,False,True,True
MOM,EndTask,CAM,CAM|OCM,2,False,True,False,True,True,True,False,True,True
MOM,ReqHCM,CAM,CAM|HCM,2,False,True,False,True,True,True,False,True,True
MOM,tick,CAM,CAM,1,True,True,False,True,True,True,False,True,True
HCM,ReqVel,CAM,CAM,1,True,True,False,True,True,True,False,True,True
HCM,ReqHdng,CAM,CAM,1,True,True,False,True,True,True,False,True,True
HCM,ReqMOM,CAM,CAM,1,True,True,False,True,True,True,False,True,True
HCM,ReqOCM,CAM,CAM|OCM,2,False,True,False,True,True,True,False,True,True
HCM,EndTask,CAM,CAM,1,True,True,False,True,True,True,False,True,True
HCM,ReqHCM,CAM,CAM,1,True,True,False,True,True,True,False,True,True
HCM,tick,CAM,CAM,1,True,True,False,True,True,True,False,True,True
CAM,ReqVel,OCM,OCM,1,True,True,False,True,True,True,False,True,True
CAM,ReqHdng,OCM,OCM,1,True,True,False,True,True,True,False,True,True
CAM,ReqMOM,OCM,OCM,1,True,True,False,True,True,True,False,True,True
CAM,ReqOCM,OCM,OCM,1,True,True,False,True,True,True,False,True,True
CAM,EndTask,OCM,OCM,1,True,True,False,True,True,True,False,True,True
CAM,ReqHCM,OCM,OCM,1,True,True,False,True,True,True,False,True,True
CAM,tick,OCM,OCM,1,True,True,False,True,True,True,False,True,True
OCM,ReqVel,OCM,OCM,1,True,True,False,True,True,True,True,False,False
OCM,ReqHdng,OCM,OCM,1,True,True,False,True,True,True,True,False,False
OCM,ReqMOM,OCM,OCM,1,True,True,False,True,True,True,True,False,False
OCM,ReqOCM,OCM,OCM,1,True,True,False,True,True,True,True,False,False
OCM,EndTask,OCM,OCM,1,True,True,False,True,True,True,True,False,False
OCM,ReqHCM,OCM,OCM,1,True,True,False,True,True,True,True,False,False
OCM,tick,OCM,OCM,1,True,True,False,True,True,True,True,False,False
MOM,ReqVel,CAM,CAM,1,True,True,False,True,True,True,True,False,False
MOM,ReqHdng,CAM,CAM,1,True,True,False,True,True,True,True,False,False
MOM,ReqMOM,CAM,CAM,1,True,True,False,True,True,True,True,False,False
MOM,ReqOCM,CAM,CAM|OCM,2,False,True,False,True,True,True,True,False,False
MOM,EndTask,CAM,CAM|OCM,2,False,True,False,True,True,True,True,False,False
MOM,ReqHCM,CAM,CAM|HCM,2,False,True,False,True,True,True,True,False,False
MOM,tick,CAM,CAM,1,True,True,False,True,True,True,True,False,False
HCM,ReqVel,CAM,CAM,1,True,True,False,True,True,True,True,False,False
HCM,ReqHdng,CAM,CAM,1,True,True,False,True,True,True,True,False,False
HCM,ReqMOM,CAM,CAM,1,True,True,False,True,True,True,True,False,False
HCM,ReqOCM,CAM,CAM|OCM,2,False,True,False,True,True,True,True,False,False
HCM,EndTask,CAM,CAM,1,True,True,False,True,True,True,True,False,False
HCM,ReqHCM,CAM,CAM,1,True,True,False,True,True,True,True,False,False
HCM,tick,CAM,CAM,1,True,True,False,True,True,True,True,False,False
CAM,ReqVel,CAM,CAM,1,True,True,False,True,True,True,True,False,False
CAM,ReqHdng,CAM,CAM,1,True,True,False,True,True,True,True,False,False
CAM,ReqMOM,CAM,CAM,1,True,True,False,True,True,True,True,False,False
CAM,ReqOCM,OCM,OCM,1,True,True,False,True,True,True,True,False,False
CAM,EndTask,CAM,CAM,1,True,True,False,True,True,True,True,False,False
CAM,ReqHCM,CAM,CAM,1,True,True,False,True,True,True,True,False,False
CAM,tick,CAM,CAM,1,True,True,False,True,True,True,True,False,False
OCM,ReqVel,OCM,OCM,1,True,True,False,True,True,True,True,False,True
OCM,ReqHdng,OCM,OCM,1,True,True,False,True,True,True,True,False,True
OCM,ReqMOM,OCM,OCM,1,True,True,False,True,True,True,True,False,True
OCM,ReqOCM,OCM,OCM,1,True,True,False,True,True,True,True,False,True
OCM,EndTask,OCM,OCM,1,True,True,False,True,True,True,True,False,True
OCM,ReqHCM,OCM,OCM,1,True,True,False,True,True,True,True,False,True
OCM,tick,OCM,OCM,1,True,True,False,True,True,True,True,False,True
MOM,ReqVel,CAM,CAM,1,True,True,False,True,True,True,True,False,True
MOM,ReqHdng,CAM,CAM,1,True,True,False,True,True,True,True,False,True
MOM,ReqMOM,CAM,CAM,1,True,True,False,True,True,True,True,False,True
MOM,ReqOCM,CAM,CAM|OCM,2,False,True,False,True,True,True,True,False,True
MOM,EndTask,CAM,CAM|OCM,2,False,True,False,True,True,True,True,False,True
MOM,ReqHCM,CAM,CAM|HCM,2,False,True,False,True,True,True,True,False,True
MOM,tick,CAM,CAM,1,True,True,False,True,True,True,True,False,True
HCM,ReqVel,CAM,CAM,1,True,True,False,True,True,True,True,False,True
HCM,ReqHdng,CAM,CAM,1,True,True,False,True,True,True,True,False,True
HCM,ReqMOM,CAM,CAM,1,True,True,False,True,True,True,True,False,True
HCM,ReqOCM,CAM,CAM|OCM,2,False,True,False,True,True,True,True,False,True
HCM,EndTask,CAM,CAM,1,True,True,False,True,True,True,True,False,True
HCM,ReqHCM,CAM,CAM,1,True,True,False,True,True,True,True,False,True
HCM,tick,CAM,CAM,1,True,True,False,True,True,True,True,False,True
CAM,ReqVel,OCM,OCM,1,True,True,False,True,True,True,True,False,True
CAM,ReqHdng,OCM,OCM,1,True,True,False,True,True,True,True,False,True
CAM,ReqMOM,OCM,OCM,1,True,True,False,True,True,True,True,False,True
CAM,ReqOCM,OCM,OCM,1,True,True,False,True,True,True,True,False,True
CAM,EndTask,OCM,OCM,1,True,True,False,True,True,True,True,False,True
CAM,ReqHCM,OCM,OCM,1,True,True,False,True,True,True,True,False,True
CAM,tick,OCM,OCM,1,True,True,False,True,True,True,True,False,True
OCM,ReqVel,OCM,OCM,1,True,True,False,True,True,True,True,True,False
OCM,ReqHdng,OCM,OCM,1,True,True,False,True,True,True,True,True,False
OCM,ReqMOM,OCM,OCM,1,True,True,False,True,True,True,True,True,False
OCM,ReqOCM,OCM,OCM,1,True,True,False,True,True,True,True,True,False
OCM,EndTask,OCM,OCM,1,True,True,False,True,True,True,True,True,False
OCM,ReqHCM,OCM,OCM,1,True,True,False,True,True,True,True,True,False
OCM,tick,OCM,OCM,1,True,True,False,True,True,True,True,True,False
MOM,ReqVel,CAM,CAM,1,True,True,False,True,True,True,True,True,False
MOM,ReqHdng,CAM,CAM,1,True,True,False,True,True,True,True,True,False
MOM,ReqMOM,CAM,CAM,1,True,True,False,True,True,True,True,True,False
MOM,ReqOCM,CAM,CAM|OCM,2,False,True,False,True,True,True,True,True,False
MOM,EndTask,CAM,CAM|OCM,2,False,True,False,True,True,True,True,True,False
MOM,ReqHCM,CAM,CAM|HCM,2,False,True,False,True,True,True,True,True,False
MOM,tick,CAM,CAM,1,True,True,False,True,True,True,True,True,False
HCM,ReqVel,CAM,CAM,1,True,True,False,True,True,True,True,True,False
HCM,ReqHdng,CAM,CAM,1,True,True,False,True,True,True,True,True,False
HCM,ReqMOM,CAM,CAM,1,True,True,False,True,True,True,True,True,False
HCM,ReqOCM,CAM,CAM|OCM,2,False,True,False,True,True,True,True,True,False
HCM,EndTask,CAM,CAM,1,True,True,False,True,True,True,True,True,False
HCM,ReqHCM,CAM,CAM,1,True,True,False,True,True,True,True,True,False
HCM,tick,CAM,CAM,1,True,True,False,True,True,True,True,True,False
CAM,ReqVel,CAM,CAM,1,True,True,False,True,True,True,True,True,False
CAM,ReqHdng,CAM,CAM,1,True,True,False,True,True,True,True,True,False
CAM,ReqMOM,CAM,CAM,1,True,True,False,True,True,True,True,True,False
CAM,ReqOCM,OCM,OCM,1,True,True,False,True,True,True,True,True,False
CAM,EndTask,CAM,CAM,1,True,True,False,True,True,True,True,True,False
CAM,ReqHCM,CAM,CAM,1,True,True,False,True,True,True,True,True,False
CAM,tick,CAM,CAM,1,True,True,False,True,True,True,True,True,False
OCM,ReqVel,OCM,OCM,1,True,True,False,True,True,True,True,True,True
OCM,ReqHdng,OCM,OCM,1,True,True,False,True,True,True,True,True,True
OCM,ReqMOM,OCM,OCM,1,True,True,False,True,True,True,True,True,True
OCM,ReqOCM,OCM,OCM,1,True,True,False,True,True,True,True,True,True
OCM,EndTask,OCM,OCM,1,True,True,False,True,True,True,True,True,True
OCM,ReqHCM,OCM,OCM,1,True,True,False,True,True,True,True,True,True
OCM,tick,OCM,OCM,1,True,True,False,True,True,True,True,True,True
MOM,ReqVel,CAM,CAM,1,True,True,False,True,True,True,True,True,True
MOM,ReqHdng,CAM,CAM,1,True,True,False,True,True,True,True,True,True
MOM,ReqMOM,CAM,CAM,1,True,True,False,True,True,True,True,True,True
MOM,ReqOCM,CAM,CAM|OCM,2,False,True,False,True,True,True,True,True,True
MOM,EndTask,CAM,CAM|OCM,2,False,True,False,True,True,True,True,True,True
MOM,ReqHCM,CAM,CAM|HCM,2,False,True,False,True,True,True,True,True,True
MOM,tick,CAM,CAM,1,True,True,False,True,True,True,True,True,True
HCM,ReqVel,CAM,CAM,1,True,True,False,True,True,True,True,True,True
HCM,ReqHdng,CAM,CAM,1,True,True,False,True,True,True,True,True,True
HCM,ReqMOM,CAM,CAM,1,True,True,False,True,True,True,True,True,True
HCM,ReqOCM,CAM,CAM|OCM,2,False,True,False,True,True,True,True,True,True
HCM,EndTask,CAM,CAM,1,True,True,False,True,True,True,True,True,True
HCM,ReqHCM,CAM,CAM,1,True,True,False,True,True,True,True,True,True
HCM,tick,CAM,CAM,1,True,True,False,True,True,True,True,True,True
CAM,ReqVel,OCM,OCM,1,True,True,False,True,True,True,True,True,True
CAM,ReqHdng,OCM,OCM,1,True,True,False,True,True,True,True,True,True
CAM,ReqMOM,OCM,OCM,1,True,True,False,True,True,True,True,True,True
CAM,ReqOCM,OCM,OCM,1,True,True,False,True,True,True,True,True,True
CAM,EndTask,OCM,OCM,1,True,True,False,True,True,True,True,True,True
CAM,ReqHCM,OCM,OCM,1,True,True,False,True,True,True,True,True,True
CAM,tick,OCM,OCM,1,True,True,False,True,True,True,True,True,True
OCM,ReqVel,OCM,OCM,1,True,True,True,False,False,False,False,False,False
OCM,ReqHdng,OCM,OCM,1,True,True,True,False,False,False,False,False,False
OCM,ReqMOM,OCM,OCM,1,True,True,True,False,False,False,False,False,False
OCM,ReqOCM,OCM,OCM,1,True,True,True,False,False,False,False,False,False
OCM,EndTask,OCM,OCM,1,True,True,True,False,False,False,False,False,False
OCM,ReqHCM,OCM,OCM,1,True,True,True,False,False,False,False,False,False
OCM,tick,OCM,OCM,1,True,True,True,False,False,False,False,False,False
MOM,ReqVel,CAM,CAM,1,True,True,True,False,False,False,False,False,False
MOM,ReqHdng,CAM,CAM,1,True,True,True,False,False,False,False,False,False
MOM,ReqMOM,CAM,CAM,1,True,True,True,False,False,False,False,False,False
MOM,ReqOCM,CAM,CAM|OCM,2,False,True,True,False,False,False,False,False,False
MOM,EndTask,CAM,CAM|OCM,2,False,True,True,False,False,False,False,False,False
MOM,ReqHCM,CAM,CAM|HCM,2,False,True,True,False,False,False,False,False,False
MOM,tick,CAM,CAM,1,True,True,True,False,False,False,False,False,False
HCM,ReqVel,CAM,CAM,1,True,True,True,False,False,False,False,False,False
HCM,ReqHdng,CAM,CAM,1,True,True,True,False,False,False,False,False,False
HCM,ReqMOM,CAM,CAM,1,True,True,True,False,False,False,False,False,False
HCM,ReqOCM,CAM,CAM|OCM,2,False,True,True,False,False,False,False,False,False
HCM,EndTask,CAM,CAM,1,True,True,True,False,False,False,False,False,False
HCM,ReqHCM,CAM,CAM,1,True,True,True,False,False,False,False,False,False
HCM,tick,CAM,CAM,1,True,True,True,False,False,False,False,False,False
CAM,ReqVel,CAM,CAM,1,True,True,True,False,False,False,False,False,False
CAM,ReqHdng,CAM,CAM,1,True,True,True,False,False,False,False,False,False
CAM,ReqMOM,CAM,CAM,1,True,True,True,False,False,False,False,False,False
CAM,ReqOCM,OCM,OCM,1,True,True,True,False,False,False,False,False,False
CAM,EndTask,CAM,CAM,1,True,True,True,False,False,False,False,False,False
CAM,ReqHCM,CAM,CAM,1,True,True,True,False,False,False,False,False,False
CAM,tick,CAM,CAM,1,True,True,True,False,False,False,False,False,False
OCM,ReqVel,OCM,OCM,1,True,True,True,False,False,False,False,False,True
OCM,ReqHdng,OCM,OCM,1,True,True,True,False,False,False,False,False,True
OCM,ReqMOM,OCM,OCM,1,True,True,True,False,False,False,False,False,True
OCM,ReqOCM,OCM,OCM,1,True,True,True,False,False,False,False,False,True
OCM,EndTask,OCM,OCM,1,True,True,True,False,False,False,False,False,True
OCM,ReqHCM,OCM,OCM,1,True,True,True,False,False,False,False,False,True
OCM,tick,OCM,OCM,1,True,True,True,False,False,False,False,False,True
MOM,ReqVel,CAM,CAM,1,True,True,True,False,False,False,False,False,True
MOM,ReqHdng,CAM,CAM,1,True,True,True,False,False,False,False,False,True
MOM,ReqMOM,CAM,CAM,1,True,True,True,False,False,False,False,False,True
MOM,ReqOCM,CAM,CAM|OCM,2,False,True,True,False,False,False,False,False,True
MOM,EndTask,CAM,CAM|OCM,2,False,True,True,False,False,False,False,False,True
MOM,ReqHCM,CAM,CAM|HCM,2,False,True,True,False,False,False,False,False,True
MOM,tick,CAM,CAM,1,True,True,True,False,False,False,False,False,True
HCM,ReqVel,CAM,CAM,1,True,True,True,False,False,False,False,False,True
HCM,ReqHdng,CAM,CAM,1,True,True,True,False,False,False,False,False,True
HCM,ReqMOM,CAM,CAM,1,True,True,True,False,False,False,False,False,True
HCM,ReqOCM,CAM,CAM|OCM,2,False,True,True,False,False,False,False,False,True
HCM,EndTask,CAM,CAM,1,True,True,True,False,False,False,False,False,True
HCM,ReqHCM,CAM,CAM,1,True,True,True,False,False,False,False,False,True
HCM,tick,CAM,CAM,1,True,True,True,False,False,False,False,False,True
CAM,ReqVel,OCM,OCM,1,True,True,True,False,False,False,False,False,True
CAM,ReqHdng,OCM,OCM,1,True,True,True,False,False,False,False,False,True
CAM,ReqMOM,OCM,OCM,1,True,True,True,False,False,False,False,False,True
CAM,ReqOCM,OCM,OCM,1,True,True,True,False,False,False,False,False,True
CAM,EndTask,OCM,OCM,1,True,True,True,False,False,False,False,False,True
CAM,ReqHCM,OCM,OCM,1,True,True,True,False,False,False,False,False,True
CAM,tick,OCM,OCM,1,True,True,True,False,False,False,False,False,True
OCM,ReqVel,OCM,OCM,1,True,True,True,False,False,False,False,True,False
OCM,ReqHdng,OCM,OCM,1,True,True,True,False,False,False,False,True,False
OCM,ReqMOM,OCM,OCM,1,True,True,True,False,False,False,False,True,False
OCM,ReqOCM,OCM,OCM,1,True,True,True,False,False,False,False,True,False
OCM,EndTask,OCM,OCM,1,True,True,True,False,False,False,False,True,False
OCM,ReqHCM,OCM,OCM,1,True,True,True,False,False,False,False,True,False
OCM,tick,OCM,OCM,1,True,True,True,False,False,False,False,True,False
MOM,ReqVel,CAM,CAM,1,True,True,True,False,False,False,False,True,False
MOM,ReqHdng,CAM,CAM,1,True,True,True,False,False,False,False,True,False
MOM,ReqMOM,CAM,CAM,1,True,True,True,False,False,False,False,True,False
MOM,ReqOCM,CAM,CAM|OCM,2,False,True,True,False,False,False,False,True,False
MOM,EndTask,CAM,CAM|OCM,2,False,True,True,False,False,False,False,True,False
MOM,ReqHCM,CAM,CAM|HCM,2,False,True,True,False,False,False,False,True,False
MOM,tick,CAM,CAM,1,True,True,True,False,False,False,False,True,False
HCM,ReqVel,CAM,CAM,1,True,True,True,False,False,False,False,True,False
HCM,ReqHdng,CAM,CAM,1,True,True,True,False,False,False,False,True,False
HCM,ReqMOM,CAM,CAM,1,True,True,True,False,False,False,False,True,False
HCM,ReqOCM,CAM,CAM|OCM,2,False,True,True,False,False,False,False,True,False
HCM,EndTask,CAM,CAM,1,True,True,True,False,False,False,False,True,False
HCM,ReqHCM,CAM,CAM,1,True,True,True,False,False,False,False,True,False
HCM,tick,CAM,CAM,1,True,True,True,False,False,False,False,True,False
CAM,ReqVel,CAM,CAM,1,True,True,True,False,False,False,False,True,False
CAM,ReqHdng,CAM,CAM,1,True,True,True,False,False,False,False,True,False
CAM,ReqMOM,CAM,CAM,1,True,True,True,False,False,False,False,True,False
CAM,ReqOCM,OCM,OCM,1,True,True,True,False,False,False,False,True,False
CAM,EndTask,CAM,CAM,1,True,True,True,False,False,False,False,True,False
CAM,ReqHCM,CAM,CAM,1,True,True,True,False,False,False,False,True,False
CAM,tick,CAM,CAM,1,True,True,True,False,False,False,False,True,False
OCM,ReqVel,OCM,OCM,1,True,True,True,False,False,False,False,True,True
OCM,ReqHdng,OCM,OCM,1,True,True,True,False,False,False,False,True,True
OCM,ReqMOM,OCM,OCM,1,True,True,True,False,False,False,False,True,True
OCM,ReqOCM,OCM,OCM,1,True,True,True,False,False,False,False,True,True
OCM,EndTask,OCM,OCM,1,True,True,True,False,False,False,False,True,True
OCM,ReqHCM,OCM,OCM,1,True,True,True,False,False,False,False,True,True
OCM,tick,OCM,OCM,1,True,True,True,False,False,False,False,True,True
MOM,ReqVel,CAM,CAM,1,True,True,True,False,False,False,False,True,True
MOM,ReqHdng,CAM,CAM,1,True,True,True,False,False,False,False,True,True
MOM,ReqMOM,CAM,CAM,1,True,True,True,False,False,False,False,True,True
MOM,ReqOCM,CAM,CAM|OCM,2,False,True,True,False,False,False,False,True,True
MOM,EndTask,CAM,CAM|OCM,2,False,True,True,False,False,False,False,True,True
MOM,ReqHCM,CAM,CAM|HCM,2,False,True,True,False,False,False,False,True,True
MOM,tick,CAM,CAM,1,True,True,True,False,False,False,False,True,True
HCM,ReqVel,CAM,CAM,1,True,True,True,False,False,False,False,True,True
HCM,ReqHdng,CAM,CAM,1,True,True,True,False,False,False,False,True,True
HCM,ReqMOM,CAM,CAM,1,True,True,True,False,False,False,False,True,True
HCM,ReqOCM,CAM,CAM|OCM,2,False,True,True,False,False,False,False,True,True
HCM,EndTask,CAM,CAM,1,True,True,True,False,False,False,False,True,True
HCM,ReqHCM,CAM,CAM,1,True,True,True,False,False,False,False,True,True
HCM,tick,CAM,CAM,1,True,True,True,False,False,False,False,True,True
CAM,ReqVel,OCM,OCM,1,True,True,True,False,False,False,False,True,True
CAM,ReqHdng,OCM,OCM,1,True,True,True,False,False,False,False,True,True
CAM,ReqMOM,OCM,OCM,1,True,True,True,False,False,False,False,True,True
CAM,ReqOCM,OCM,OCM,1,True,True,True,False,False,False,False,True,True
CAM,EndTask,OCM,OCM,1,True,True,True,False,False,False,False,True,True
CAM,ReqHCM,OCM,OCM,1,True,True,True,False,False,False,False,True,True
CAM,tick,OCM,OCM,1,True,True,True,False,False,False,False,True,True
OCM,ReqVel,OCM,OCM,1,True,True,True,False,False,False,True,False,False
OCM,ReqHdng,OCM,OCM,1,True,True,True,False,False,False,True,False,False
OCM,ReqMOM,OCM,OCM,1,True,True,True,False,False,False,True,False,False
OCM,ReqOCM,OCM,OCM,1,True,True,True,False,False,False,True,False,False
OCM,EndTask,OCM,OCM,1,True,True,True,False,False,False,True,False,False
OCM,ReqHCM,OCM,OCM,1,True,True,True,False,False,False,True,False,False
OCM,tick,OCM,OCM,1,True,True,True,False,False,False,True,False,False
MOM,ReqVel,CAM,CAM,1,True,True,True,False,False,False,True,False,False
MOM,ReqHdng,CAM,CAM,1,True,True,True,False,False,False,True,False,False
MOM,ReqMOM,CAM,CAM,1,True,True,True,False,False,False,True,False,False
MOM,ReqOCM,CAM,CAM|OCM,2,False,True,True,False,False,False,True,False,False
MOM,EndTask,CAM,CAM|OCM,2,False,True,True,False,False,False,True,False,False
MOM,ReqHCM,CAM,CAM|HCM,2,False,True,True,False,False,False,True,False,False
MOM,tick,CAM,CAM,1,True,True,True,False,False,False,True,False,False
HCM,ReqVel,CAM,CAM,1,True,True,True,False,False,False,True,False,False
HCM,ReqHdng,CAM,CAM,1,True,True,True,False,False,False,True,False,False
HCM,ReqMOM,CAM,CAM,1,True,True,True,False,False,False,True,False,False
HCM,ReqOCM,CAM,CAM|OCM,2,False,True,True,False,False,False,True,False,False
HCM,EndTask,CAM,CAM,1,True,True,True,False,False,False,True,False,False
HCM,ReqHCM,CAM,CAM,1,True,True,True,False,False,False,True,False,False
HCM,tick,CAM,CAM,1,True,True,True,False,False,False,True,False,False
CAM,ReqVel,CAM,CAM,1,True,True,True,False,False,False,True,False,False
CAM,ReqHdng,CAM,CAM,1,True,True,True,False,False,False,True,False,False
CAM,ReqMOM,CAM,CAM,1,True,True,True,False,False,False,True,False,False
CAM,ReqOCM,OCM,OCM,1,True,True,True,False,False,False,True,False,False
CAM,EndTask,CAM,CAM,1,True,True,True,False,False,False,True,False,False
CAM,ReqHCM,CAM,CAM,1,True,True,True,False,False,False,True,False,False
CAM,tick,CAM,CAM,1,True,True,True,False,False,False,True,False,False
OCM,ReqVel,OCM,OCM,1,True,True,True,False,False,False,True,False,True
OCM,ReqHdng,OCM,OCM,1,True,True,True,False,False,False,True,False,True
OCM,ReqMOM,OCM,OCM,1,True,True,True,False,False,False,True,False,True
OCM,ReqOCM,OCM,OCM,1,True,True,True,False,False,False,True,False,True
OCM,EndTask,OCM,OCM,1,True,True,True,False,False,False,True,False,True
OCM,ReqHCM,OCM,OCM,1,True,True,True,False,False,False,True,False,True
OCM,tick,OCM,OCM,1,True,True,True,False,False,False,True,False,True
MOM,ReqVel,CAM,CAM,1,True,True,True,False,False,False,True,False,True
MOM,ReqHdng,CAM,CAM,1,True,True,True,False,False,False,True,False,True
MOM,ReqMOM,CAM,CAM,1,True,True,True,False,False,False,True,False,True
MOM,ReqOCM,CAM,CAM|OCM,2,False,True,True,False,False,False,True,False,True
MOM,EndTask,CAM,CAM|OCM,2,False,True,True,False,False,False,True,False,True
MOM,ReqHCM,CAM,CAM|HCM,2,False,True,True,False,False,False,True,False,True
MOM,tick,CAM,CAM,1,True,True,True,False,False,False,True,False,True
HCM,ReqVel,CAM,CAM,1,True,True,True,False,False,False,True,False,True
HCM,ReqHdng,CAM,CAM,1,True,True,True,False,False,False,True,False,True
HCM,ReqMOM,CAM,CAM,1,True,True,True,False,False,False,True,False,True
HCM,ReqOCM,CAM,CAM|OCM,2,False,True,True,False,False,False,True,False,True
HCM,EndTask,CAM,CAM,1,True,True,True,False,False,False,True,False,True
HCM,ReqHCM,CAM,CAM,1,True,True,True,False,False,False,True,False,True
HCM,tick,CAM,CAM,1,True,True,True,False,False,False,True,False,True
CAM,ReqVel,OCM,OCM,1,True,True,True,False,False,False,True,False,True
CAM,ReqHdng,OCM,OCM,1,True,True,True,False,False,False,True,False,True
CAM,ReqMOM,OCM,OCM,1,True,True,True,False,False,False,True,False,True
CAM,ReqOCM,OCM,OCM,1,True,True,True,False,False,False,True,False,True
CAM,EndTask,OCM,OCM,1,True,True,True,False,False,False,True,False,True
CAM,ReqHCM,OCM,OCM,1,True,True,True,False,False,False,True,False,True
CAM,tick,OCM,OCM,1,True,True,True,False,False,False,True,False,True
OCM,ReqVel,OCM,OCM,1,True,True,True,False,False,False,True,True,False
OCM,ReqHdng,OCM,OCM,1,True,True,True,False,False,False,True,True,False
OCM,ReqMOM,OCM,OCM,1,True,True,True,False,False,False,True,True,False
OCM,ReqOCM,OCM,OCM,1,True,True,True,False,False,False,True,True,False
OCM,EndTask,OCM,OCM,1,True,True,True,False,False,False,True,True,False
OCM,ReqHCM,OCM,OCM,1,True,True,True,False,False,False,True,True,False
OCM,tick,OCM,OCM,1,True,True,True,False,False,False,True,True,False
MOM,ReqVel,CAM,CAM,1,True,True,True,False,False,False,True,True,False
MOM,ReqHdng,CAM,CAM,1,True,True,True,False,False,False,True,True,False
MOM,ReqMOM,CAM,CAM,1,True,True,True,False,False,False,True,True,False
MOM,ReqOCM,CAM,CAM|OCM,2,False,True,True,False,False,False,True,True,False
MOM,EndTask,CAM,CAM|OCM,2,False,True,True,False,False,False,True,True,False
MOM,ReqHCM,CAM,CAM|HCM,2,False,True,True,False,False,False,True,True,False
MOM,tick,CAM,CAM,1,True,True,True,False,False,False,True,True,False
HCM,ReqVel,CAM,CAM,1,True,True,True,False,False,False,True,True,False
HCM,ReqHdng,CAM,CAM,1,True,True,True,False,False,False,True,True,False
HCM,ReqMOM,CAM,CAM,1,True,True,True,False,False,False,True,True,False
HCM,ReqOCM,CAM,CAM|OCM,2,False,True,True,False,False,False,True,True,False
HCM,EndTask,CAM,CAM,1,True,True,True,False,False,False,True,True,False
HCM,ReqHCM,CAM,CAM,1,True,True,True,False,False,False,True,True,False
HCM,tick,CAM,CAM,1,True,True,True,False,False,False,True,True,False
CAM,ReqVel,CAM,CAM,1,True,True,True,False,False,False,True,True,False
CAM,ReqHdng,CAM,CAM,1,True,True,True,False,False,False,True,True,False
CAM,ReqMOM,CAM,CAM,1,True,True,True,False,False,False,True,True,False
CAM,ReqOCM,OCM,OCM,1,True,True,True,False,False,False,True,True,False
CAM,EndTask,CAM,CAM,1,True,True,True,False,False,False,True,True,False
CAM,ReqHCM,CAM,CAM,1,True,True,True,False,False,False,True,True,False
CAM,tick,CAM,CAM,1,True,True,True,False,False,False,True,True,False
OCM,ReqVel,OCM,OCM,1,True,True,True,False,False,False,True,True,True
OCM,ReqHdng,OCM,OCM,1,True,True,True,False,False,False,True,True,True
OCM,ReqMOM,OCM,OCM,1,True,True,True,False,False,False,True,True,True
OCM,ReqOCM,OCM,OCM,1,True,True,True,False,False,False,True,True,True
OCM,EndTask,OCM,OCM,1,True,True,True,False,False,False,True,True,True
OCM,ReqHCM,OCM,OCM,1,True,True,True,False,False,False,True,True,True
OCM,tick,OCM,OCM,1,True,True,True,False,False,False,True,True,True
MOM,ReqVel,CAM,CAM,1,True,True,True,False,False,False,True,True,True
MOM,ReqHdng,CAM,CAM,1,True,True,True,False,False,False,True,True,True
MOM,ReqMOM,CAM,CAM,1,True,True,True,False,False,False,True,True,True
MOM,ReqOCM,CAM,CAM|OCM,2,False,True,True,False,False,False,True,True,True
MOM,EndTask,CAM,CAM|OCM,2,False,True,True,False,False,False,True,True,True
MOM,ReqHCM,CAM,CAM|HCM,2,False,True,True,False,False,False,True,True,True
MOM,tick,CAM,CAM,1,True,True,True,False,False,False,True,True,True
HCM,ReqVel,CAM,CAM,1,True,True,True,False,False,False,True,True,True
HCM,ReqHdng,CAM,CAM,1,True,True,True,False,False,False,True,True,True
HCM,ReqMOM,CAM,CAM,1,True,True,True,False,False,False,True,True,True
HCM,ReqOCM,CAM,CAM|OCM,2,False,True,True,False,False,False,True,True,True
HCM,EndTask,CAM,CAM,1,True,True,True,False,False,False,True,True,True
HCM,ReqHCM,CAM,CAM,1,True,True,True,False,False,False,True,True,True
HCM,tick,CAM,CAM,1,True,True,True,False,False,False,True,True,True
CAM,ReqVel,OCM,OCM,1,True,True,True,False,False,False,True,True,True
CAM,ReqHdng,OCM,OCM,1,True,True,True,False,False,False,True,True,True
CAM,ReqMOM,OCM,OCM,1,True,True,True,False,False,False,True,True,True
CAM,ReqOCM,OCM,OCM,1,True,True,True,False,False,False,True,True,True
CAM,EndTask,OCM,OCM,1,True,True,True,False,False,False,True,True,True
CAM,ReqHCM,OCM,OCM,1,True,True,True,False,False,False,True,True,True
CAM,tick,OCM,OCM,1,True,True,True,False,False,False,True,True,True
OCM,ReqVel,OCM,OCM,1,True,True,True,False,False,True,False,False,False
OCM,ReqHdng,OCM,OCM,1,True,True,True,False,False,True,False,False,False
OCM,ReqMOM,OCM,OCM,1,True,True,True,False,False,True,False,False,False
OCM,ReqOCM,OCM,OCM,1,True,True,True,False,False,True,False,False,False
OCM,EndTask,OCM,OCM,1,True,True,True,False,False,True,False,False,False
OCM,ReqHCM,OCM,OCM,1,True,True,True,False,False,True,False,False,False
OCM,tick,OCM,OCM,1,True,True,True,False,False,True,False,False,False
MOM,ReqVel,CAM,CAM,1,True,True,True,False,False,True,False,False,False
MOM,ReqHdng,CAM,CAM,1,True,True,True,False,False,True,False,False,False
MOM,ReqMOM,CAM,CAM,1,True,True,True,False,False,True,False,False,False
MOM,ReqOCM,CAM,CAM|OCM,2,False,True,True,False,False,True,False,False,False
MOM,EndTask,CAM,CAM|OCM,2,False,True,True,False,False,True,False,False,False
MOM,ReqHCM,CAM,CAM|HCM,2,False,True,True,False,False,True,False,False,False
MOM,tick,CAM,CAM,1,True,True,True,False,False,True,False,False,False
HCM,ReqVel,CAM,CAM,1,True,True,True,False,False,True,False,False,False
HCM,ReqHdng,CAM,CAM,1,True,True,True,False,False,True,False,False,False
HCM,ReqMOM,CAM,CAM,1,True,True,True,False,False,True,False,False,False
HCM,ReqOCM,CAM,CAM|OCM,2,False,True,True,False,False,True,False,False,False
HCM,EndTask,CAM,CAM,1,True,True,True,False,False,True,False,False,False
HCM,ReqHCM,CAM,CAM,1,True,True,True,False,False,True,False,False,False
HCM,tick,CAM,CAM,1,True,True,True,False,False,True,False,False,False
CAM,ReqVel,CAM,CAM,1,True,True,True,False,False,True,False,False,False
CAM,ReqHdng,CAM,CAM,1,True,True,True,False,False,True,False,False,False
CAM,ReqMOM,CAM,CAM,1,True,True,True,False,False,True,False,False,False
CAM,ReqOCM,OCM,OCM,1,True,True,True,False,False,True,False,False,False
CAM,EndTask,CAM,CAM,1,True,True,True,False,False,True,False,False,False
CAM,ReqHCM,CAM,CAM,1,True,True,True,False,False,True,False,False,False
CAM,tick,CAM,CAM,1,True,True,True,False,False,True,False,False,False
OCM,ReqVel,OCM,OCM,1,True,True,True,False,False,True,False,False,True
OCM,ReqHdng,OCM,OCM,1,True,True,True,False,False,True,False,False,True
OCM,ReqMOM,OCM,OCM,1,True,True,True,False,False,True,False,False,True
OCM,ReqOCM,OCM,OCM,1,True,True,True,False,False,True,False,False,True
OCM,EndTask,OCM,OCM,1,True,True,True,False,False,True,False,False,True
OCM,ReqHCM,OCM,OCM,1,True,True,True,False,False,True,False,False,True
OCM,tick,OCM,OCM,1,True,True,True,False,False,True,False,False,True
MOM,ReqVel,CAM,CAM,1,True,True,True,False,False,True,False,False,True
MOM,ReqHdng,CAM,CAM,1,True,True,True,False,False,True,False,False,True
MOM,ReqMOM,CAM,CAM,1,True,True,True,False,False,True,False,False,True
MOM,ReqOCM,CAM,CAM|OCM,2,False,True,True,False,False,True,False,False,True
MOM,EndTask,CAM,CAM|OCM,2,False,True,True,False,False,True,False,False,True
MOM,ReqHCM,CAM,CAM|HCM,2,False,True,True,False,False,True,False,False,True
MOM,tick,CAM,CAM,1,True,True,True,False,False,True,False,False,True
HCM,ReqVel,CAM,CAM,1,True,True,True,False,False,True,False,False,True
HCM,ReqHdng,CAM,CAM,1,True,True,True,False,False,True,False,False,True
HCM,ReqMOM,CAM,CAM,1,True,True,True,False,False,True,False,False,True
HCM,ReqOCM,CAM,CAM|OCM,2,False,True,True,False,False,True,False,False,True
HCM,EndTask,CAM,CAM,1,True,True,True,False,False,True,False,False,True
HCM,ReqHCM,CAM,CAM,1,True,True,True,False,False,True,False,False,True
HCM,tick,CAM,CAM,1,True,True,True,False,False,True,False,False,True
CAM,ReqVel,OCM,OCM,1,True,True,True,False,False,True,False,False,True
CAM,ReqHdng,OCM,OCM,1,True,True,True,False,False,True,False,False,True
CAM,ReqMOM,OCM,OCM,1,True,True,True,False,False,True,False,False,True
CAM,ReqOCM,OCM,OCM,1,True,True,True,False,False,True,False,False,True
CAM,EndTask,OCM,OCM,1,True,True,True,False,False,True,False,False,True
CAM,ReqHCM,OCM,OCM,1,True,True,True,False,False,True,False,False,True
CAM,tick,OCM,OCM,1,True,True,True,False,False,True,False,False,True
OCM,ReqVel,OCM,OCM,1,True,True,True,False,False,True,False,True,False
OCM,ReqHdng,OCM,OCM,1,True,True,True,False,False,True,False,True,False
OCM,ReqMOM,OCM,OCM,1,True,True,True,False,False,True,False,True,False
OCM,ReqOCM,OCM,OCM,1,True,True,True,False,False,True,False,True,False
OCM,EndTask,OCM,OCM,1,True,True,True,False,False,True,False,True,False
OCM,ReqHCM,OCM,OCM,1,True,True,True,False,False,True,False,True,False
OCM,tick,OCM,OCM,1,True,True,True,False,False,True,False,True,False
MOM,ReqVel,CAM,CAM,1,True,True,True,False,False,True,False,True,False
MOM,ReqHdng,CAM,CAM,1,True,True,True,False,False,True,False,True,False
MOM,ReqMOM,CAM,CAM,1,True,True,True,False,False,True,False,True,False
MOM,ReqOCM,CAM,CAM|OCM,2,False,True,True,False,False,True,False,True,False
MOM,EndTask,CAM,CAM|OCM,2,False,True,True,False,False,True,False,True,False
MOM,ReqHCM,CAM,CAM|HCM,2,False,True,True,False,False,True,False,True,False
MOM,tick,CAM,CAM,1,True,True,True,False,False,True,False,True,False
HCM,ReqVel,CAM,CAM,1,True,True,True,False,False,True,False,True,False
HCM,ReqHdng,CAM,CAM,1,True,True,True,False,False,True,False,True,False
HCM,ReqMOM,CAM,CAM,1,True,True,True,False,False,True,False,True,False
HCM,ReqOCM,CAM,CAM|OCM,2,False,True,True,False,False,True,False,True,False
HCM,EndTask,CAM,CAM,1,True,True,True,False,False,True,False,True,False
HCM,ReqHCM,CAM,CAM,1,True,True,True,False,False,True,False,True,False
HCM,tick,CAM,CAM,1,True,True,True,False,False,True,False,True,False
CAM,ReqVel,CAM,CAM,1,True,True,True,False,False,True,False,True,False
CAM,ReqHdng,CAM,CAM,1,True,True,True,False,False,True,False,True,False
CAM,ReqMOM,CAM,CAM,1,True,True,True,False,False,True,False,True,False
CAM,ReqOCM,OCM,OCM,1,True,True,True,False,False,True,False,True,False
CAM,EndTask,CAM,CAM,1,True,True,True,False,False,True,False,True,False
CAM,ReqHCM,CAM,CAM,1,True,True,True,False,False,True,False,True,False
CAM,tick,CAM,CAM,1,True,True,True,False,False,True,False,True,False
OCM,ReqVel,OCM,OCM,1,True,True,True,False,False,True,False,True,True
OCM,ReqHdng,OCM,OCM,1,True,True,True,False,False,True,False,True,True
OCM,ReqMOM,OCM,OCM,1,True,True,True,False,False,True,False,True,True
OCM,ReqOCM,OCM,OCM,1,True,True,True,False,False,True,False,True,True
OCM,EndTask,OCM,OCM,1,True,True,True,False,False,True,False,True,True
OCM,ReqHCM,OCM,OCM,1,True,True,True,False,False,True,False,True,True
OCM,tick,OCM,OCM,1,True,True,True,False,False,True,False,True,True
MOM,ReqVel,CAM,CAM,1,True,True,True,False,False,True,False,True,True
MOM,ReqHdng,CAM,CAM,1,True,True,True,False,False,True,False,True,True
MOM,ReqMOM,CAM,CAM,1,True,True,True,False,False,True,False,True,True
MOM,ReqOCM,CAM,CAM|OCM,2,False,True,True,False,False,True,False,True,True
MOM,EndTask,CAM,CAM|OCM,2,False,True,True,False,False,True,False,True,True
MOM,ReqHCM,CAM,CAM|HCM,2,False,True,True,False,False,True,False,True,True
MOM,tick,CAM,CAM,1,True,True,True,False,False,True,False,True,True
HCM,ReqVel,CAM,CAM,1,True,True,True,False,False,True,False,True,True
HCM,ReqHdng,CAM,CAM,1,True,True,True,False,False,True,False,True,True
HCM,ReqMOM,CAM,CAM,1,True,True,True,False,False,True,False,True,True
HCM,ReqOCM,CAM,CAM|OCM,2,False,True,True,False,False,True,False,True,True
HCM,EndTask,CAM,CAM,1,True,True,True,False,False,True,False,True,True
HCM,ReqHCM,CAM,CAM,1,True,True,True,False,False,True,False,True,True
HCM,tick,CAM,CAM,1,True,True,True,False,False,True,False,True,True
CAM,ReqVel,OCM,OCM,1,True,True,True,False,False,True,False,True,True
CAM,ReqHdng,OCM,OCM,1,True,True,True,False,False,True,False,True,True
CAM,ReqMOM,OCM,OCM,1,True,True,True,False,False,True,False,True,True
CAM,ReqOCM,OCM,OCM,1,True,True,True,False,False,True,False,True,True
CAM,EndTask,OCM,OCM,1,True,True,True,False,False,True,False,True,True
CAM,ReqHCM,OCM,OCM,1,True,True,True,False,False,True,False,True,True
CAM,tick,OCM,OCM,1,True,True,True,False,False,True,False,True,True
OCM,ReqVel,OCM,OCM,1,True,True,True,False,False,True,True,False,False
OCM,ReqHdng,OCM,OCM,1,True,True,True,False,False,True,True,False,False
OCM,ReqMOM,OCM,OCM,1,True,True,True,False,False,True,True,False,False
OCM,ReqOCM,OCM,OCM,1,True,True,True,False,False,True,True,False,False
OCM,EndTask,OCM,OCM,1,True,True,True,False,False,True,True,False,False
OCM,ReqHCM,OCM,OCM,1,True,True,True,False,False,True,True,False,False
OCM,tick,OCM,OCM,1,True,True,True,False,False,True,True,False,False
MOM,ReqVel,CAM,CAM,1,True,True,True,False,False,True,True,False,False
MOM,ReqHdng,CAM,CAM,1,True,True,True,False,False,True,True,False,False
MOM,ReqMOM,CAM,CAM,1,True,True,True,False,False,True,True,False,False
MOM,ReqOCM,CAM,CAM|OCM,2,False,True,True,False,False,True,True,False,False
MOM,EndTask,CAM,CAM|OCM,2,False,True,True,False,False,True,True,False,False
MOM,ReqHCM,CAM,CAM|HCM,2,False,True,True,False,False,True,True,False,False
MOM,tick,CAM,CAM,1,True,True,True,False,False,True,True,False,False
HCM,ReqVel,CAM,CAM,1,True,True,True,False,False,True,True,False,False
HCM,ReqHdng,CAM,CAM,1,True,True,True,False,False,True,True,False,False
HCM,ReqMOM,CAM,CAM,1,True,True,True,False,False,True,True,False,False
HCM,ReqOCM,CAM,CAM|OCM,2,False,True,True,False,False,True,True,False,False
HCM,EndTask,CAM,CAM,1,True,True,True,False,False,True,True,False,False
HCM,ReqHCM,CAM,CAM,1,True,True,True,False,False,True,True,False,False
HCM,tick,CAM,CAM,1,True,True,True,False,False,True,True,False,False
CAM,ReqVel,CAM,CAM,1,True,True,True,False,False,True,True,False,False
CAM,ReqHdng,CAM,CAM,1,True,True,True,False,False,True,True,False,False
CAM,ReqMOM,CAM,CAM,1,True,True,True,False,False,True,True,False,False
CAM,ReqOCM,OCM,OCM,1,True,True,True,False,False,True,True,False,False
CAM,EndTask,CAM,CAM,1,True,True,True,False,False,True,True,False,False
CAM,ReqHCM,CAM,CAM,1,True,True,True,False,False,True,True,False,False
CAM,tick,CAM,CAM,1,True,True,True,False,False,True,True,False,False
OCM,ReqVel,OCM,OCM,1,True,True,True,False,False,True,True,False,True
OCM,ReqHdng,OCM,OCM,1,True,True,True,False,False,True,True,False,True
OCM,ReqMOM,OCM,OCM,1,True,True,True,False,False,True,True,False,True
OCM,ReqOCM,OCM,OCM,1,True,True,True,False,False,True,True,False,True
OCM,EndTask,OCM,OCM,1,True,True,True,False,False,True,True,False,True
OCM,ReqHCM,OCM,OCM,1,True,True,True,False,False,True,True,False,True
OCM,tick,OCM,OCM,1,True,True,True,False,False,True,True,False,True
MOM,ReqVel,CAM,CAM,1,True,True,True,False,False,True,True,False,True
MOM,ReqHdng,CAM,CAM,1,True,True,True,False,False,True,True,False,True
MOM,ReqMOM,CAM,CAM,1,True,True,True,False,False,True,True,False,True
MOM,ReqOCM,CAM,CAM|OCM,2,False,True,True,False,False,True,True,False,True
MOM,EndTask,CAM,CAM|OCM,2,False,True,True,False,False,True,True,False,True
MOM,ReqHCM,CAM,CAM|HCM,2,False,True,True,False,False,True,True,False,True
MOM,tick,CAM,CAM,1,True,True,True,False,False,True,True,False,True
HCM,ReqVel,CAM,CAM,1,True,True,True,False,False,True,True,False,True
HCM,ReqHdng,CAM,CAM,1,True,True,True,False,False,True,True,False,True
HCM,ReqMOM,CAM,CAM,1,True,True,True,False,False,True,True,False,True
HCM,ReqOCM,CAM,CAM|OCM,2,False,True,True,False,False,True,True,False,True
HCM,EndTask,CAM,CAM,1,True,True,True,False,False,True,True,False,True
HCM,ReqHCM,CAM,CAM,1,True,True,True,False,False,True,True,False,True
HCM,tick,CAM,CAM,1,True,True,True,False,False,True,True,False,True
CAM,ReqVel,OCM,OCM,1,True,True,True,False,False,True,True,False,True
CAM,ReqHdng,OCM,OCM,1,True,True,True,False,False,True,True,False,True
CAM,ReqMOM,OCM,OCM,1,True,True,True,False,False,True,True,False,True
CAM,ReqOCM,OCM,OCM,1,True,True,True,False,False,True,True,False,True
CAM,EndTask,OCM,OCM,1,True,True,True,False,False,True,True,False,True
CAM,ReqHCM,OCM,OCM,1,True,True,True,False,False,True,True,False,True
CAM,tick,OCM,OCM,1,True,True,True,False,False,True,True,False,True
OCM,ReqVel,OCM,MOM|OCM,2,False,True,True,False,False,True,True,True,False
OCM,ReqHdng,OCM,MOM|OCM,2,False,True,True,False,False,True,True,True,False
OCM,ReqMOM,MOM,MOM,1,True,True,True,False,False,True,True,True,False
OCM,ReqOCM,OCM,MOM,1,False,True,True,False,False,True,True,True,False
OCM,EndTask,OCM,MOM,1,False,True,True,False,False,True,True,True,False
OCM,ReqHCM,OCM,MOM,1,False,True,True,False,False,True,True,True,False
OCM,tick,OCM,MOM,1,False,True,True,False,False,True,True,True,False
MOM,ReqVel,CAM,CAM,1,True,True,True,False,False,True,True,True,False
MOM,ReqHdng,CAM,CAM,1,True,True,True,False,False,True,True,True,False
MOM,ReqMOM,CAM,CAM,1,True,True,True,False,False,True,True,True,False
MOM,ReqOCM,CAM,CAM|OCM,2,False,True,True,False,False,True,True,True,False
MOM,EndTask,CAM,CAM|OCM,2,False,True,True,False,False,True,True,True,False
MOM,ReqHCM,CAM,CAM|HCM,2,False,True,True,False,False,True,True,True,False
MOM,tick,CAM,CAM,1,True,True,True,False,False,True,True,True,False
HCM,ReqVel,CAM,CAM,1,True,True,True,False,False,True,True,True,False
HCM,ReqHdng,CAM,CAM,1,True,True,True,False,False,True,True,True,False
HCM,ReqMOM,CAM,CAM,1,True,True,True,False,False,True,True,True,False
HCM,ReqOCM,CAM,CAM|OCM,2,False,True,True,False,False,True,True,True,False
HCM,EndTask,CAM,CAM,1,True,True,True,False,False,True,True,True,False
HCM,ReqHCM,CAM,CAM,1,True,True,True,False,False,True,True,True,False
HCM,tick,CAM,CAM,1,True,True,True,False,False,True,True,True,False
CAM,ReqVel,CAM,CAM,1,True,True,True,False,False,True,True,True,False
CAM,ReqHdng,CAM,CAM,1,True,True,True,False,False,True,True,True,False
CAM,ReqMOM,CAM,CAM,1,True,True,True,False,False,True,True,True,False
CAM,ReqOCM,OCM,OCM,1,True,True,True,False,False,True,True,True,False
CAM,EndTask,CAM,CAM,1,True,True,True,False,False,True,True,True,False
CAM,ReqHCM,CAM,CAM,1,True,True,True,False,False,True,True,True,False
CAM,tick,CAM,CAM,1,True,True,True,False,False,True,True,True,False
OCM,ReqVel,OCM,MOM|OCM,2,False,True,True,False,False,True,True,True,True
OCM,ReqHdng,OCM,MOM|OCM,2,False,True,True,False,False,True,True,True,True
OCM,ReqMOM,MOM,MOM,1,True,True,True,False,False,True,True,True,True
OCM,ReqOCM,OCM,MOM,1,False,True,True,False,False,True,True,True,True
OCM,EndTask,OCM,MOM,1,False,True,True,False,False,True,True,True,True
OCM,ReqHCM,OCM,MOM,1,False,True,True,False,False,True,True,True,True
OCM,tick,OCM,MOM,1,False,True,True,False,False,True,True,True,True
MOM,ReqVel,CAM,CAM,1,True,True,True,False,False,True,True,True,True
MOM,ReqHdng,CAM,CAM,1,True,True,True,False,False,True,True,True,True
MOM,ReqMOM,CAM,CAM,1,True,True,True,False,False,True,True,True,True
MOM,ReqOCM,CAM,CAM|OCM,2,False,True,True,False,False,True,True,True,True
MOM,EndTask,CAM,CAM|OCM,2,False,True,True,False,False,True,True,True,True
MOM,ReqHCM,CAM,CAM|HCM,2,False,True,True,False,False,True,True,True,True
MOM,tick,CAM,CAM,1,True,True,True,False,False,True,True,True,True
HCM,ReqVel,CAM,CAM,1,True,True,True,False,False,True,True,True,True
HCM,ReqHdng,CAM,CAM,1,True,True,True,False,False,True,True,True,True
HCM,ReqMOM,CAM,CAM,1,True,True,True,False,False,True,True,True,True
HCM,ReqOCM,CAM,CAM|OCM,2,False,True,True,False,False,True,True,True,True
HCM,EndTask,CAM,CAM,1,True,True,True,False,False,True,True,True,True
HCM,ReqHCM,CAM,CAM,1,True,True,True,False,False,True,True,True,True
HCM,tick,CAM,CAM,1,True,True,True,False,False,True,True,True,True
CAM,ReqVel,OCM,OCM,1,True,True,True,False,False,True,True,True,True
CAM,ReqHdng,OCM,OCM,1,True,True,True,False,False,True,True,True,True
CAM,ReqMOM,OCM,OCM,1,True,True,True,False,False,True,True,True,True
CAM,ReqOCM,OCM,OCM,1,True,True,True,False,False,True,True,True,True
CAM,EndTask,OCM,OCM,1,True,True,True,False,False,True,True,True,True
CAM,ReqHCM,OCM,OCM,1,True,True,True,False,False,True,True,True,True
CAM,tick,OCM,OCM,1,True,True,True,False,False,True,True,True,True
OCM,ReqVel,OCM,OCM,1,True,True,True,False,True,False,False,False,False
OCM,ReqHdng,OCM,OCM,1,True,True,True,False,True,False,False,False,False
OCM,ReqMOM,OCM,OCM,1,True,True,True,False,True,False,False,False,False
OCM,ReqOCM,OCM,OCM,1,True,True,True,False,True,False,False,False,False
OCM,EndTask,OCM,OCM,1,True,True,True,False,True,False,False,False,False
OCM,ReqHCM,OCM,OCM,1,True,True,True,False,True,False,False,False,False
OCM,tick,OCM,OCM,1,True,True,True,False,True,False,False,False,False
MOM,ReqVel,CAM,CAM,1,True,True,True,False,True,False,False,False,False
MOM,ReqHdng,CAM,CAM,1,True,True,True,False,True,False,False,False,False
MOM,ReqMOM,CAM,CAM,1,True,True,True,False,True,False,False,False,False
MOM,ReqOCM,CAM,CAM|OCM,2,False,True,True,False,True,False,False,False,False
MOM,EndTask,CAM,CAM|OCM,2,False,True,True,False,True,False,False,False,False
MOM,ReqHCM,CAM,CAM|HCM,2,False,True,True,False,True,False,False,False,False
MOM,tick,CAM,CAM,1,True,True,True,False,True,False,False,False,False
HCM,ReqVel,CAM,CAM,1,True,True,True,False,True,False,False,False,False
HCM,ReqHdng,CAM,CAM,1,True,True,True,False,True,False,False,False,False
HCM,ReqMOM,CAM,CAM,1,True,True,True,False,True,False,False,False,False
HCM,ReqOCM,CAM,CAM|OCM,2,False,True,True,False,True,False,False,False,False
HCM,EndTask,CAM,CAM,1,True,True,True,False,True,False,False,False,False
HCM,ReqHCM,CAM,CAM,1,True,True,True,False,True,False,False,False,False
HCM,tick,CAM,CAM,1,True,True,True,False,True,False,False,False,False
CAM,ReqVel,CAM,CAM,1,True,True,True,False,True,False,False,False,False
CAM,ReqHdng,CAM,CAM,1,True,True,True,False,True,False,False,False,False
CAM,ReqMOM,CAM,CAM,1,True,True,True,False,True,False,False,False,False
CAM,ReqOCM,OCM,OCM,1,True,True,True,False,True,False,False,False,False
CAM,EndTask,CAM,CAM,1,True,True,True,False,True,False,False,False,False
CAM,ReqHCM,CAM,CAM,1,True,True,True,False,True,False,False,False,False
CAM,tick,CAM,CAM,1,True,True,True,False,True,False,False,False,False
OCM,ReqVel,OCM,OCM,1,True,True,True,False,True,False,False,False,True
OCM,ReqHdng,OCM,OCM,1,True,True,True,False,True,False,False,False,True
OCM,ReqMOM,OCM,OCM,1,True,True,True,False,True,False,False,False,True
OCM,ReqOCM,OCM,OCM,1,True,True,True,False,True,False,False,False,True
OCM,EndTask,OCM,OCM,1,True,True,True,False,True,False,False,False,True
OCM,ReqHCM,OCM,OCM,1,True,True,True,False,True,False,False,False,True
OCM,tick,OCM,OCM,1,True,True,True,False,True,False,False,False,True
MOM,ReqVel,CAM,CAM,1,True,True,True,False,True,False,False,False,True
MOM,ReqHdng,CAM,CAM,1,True,True,True,False,True,False,False,False,True
MOM,ReqMOM,CAM,CAM,1,True,True,True,False,True,False,False,False,True
MOM,ReqOCM,CAM,CAM|OCM,2,False,True,True,False,True,False,False,False,True
MOM,EndTask,CAM,CAM|OCM,2,False,True,True,False,True,False,False,False,True
MOM,ReqHCM,CAM,CAM|HCM,2,False,True,True,False,True,False,False,False,True
MOM,tick,CAM,CAM,1,True,True,True,False,True,False,False,False,True
HCM,ReqVel,CAM,CAM,1,True,True,True,False,True,False,False,False,True
HCM,ReqHdng,CAM,CAM,1,True,True,True,False,True,False,False,False,True
HCM,ReqMOM,CAM,CAM,1,True,True,True,False,True,False,False,False,True
HCM,ReqOCM,CAM,CAM|OCM,2,False,True,True,False,True,False,False,False,True
HCM,EndTask,CAM,CAM,1,True,True,True,False,True,False,False,False,True
HCM,ReqHCM,CAM,CAM,1,True,True,True,False,True,False,False,False,True
HCM,tick,CAM,CAM,1,True,True,True,False,True,False,False,False,True
CAM,ReqVel,OCM,OCM,1,True,True,True,False,True,False,False,False,True
CAM,ReqHdng,OCM,OCM,1,True,True,True,False,True,False,False,False,True
CAM,ReqMOM,OCM,OCM,1,True,True,True,False,True,False,False,False,True
CAM,ReqOCM,OCM,OCM,1,True,True,True,False,True,False,False,False,True
CAM,EndTask,OCM,OCM,1,True,True,True,False,True,False,False,False,True
CAM,ReqHCM,OCM,OCM,1,True,True,True,False,True,False,False,False,True
CAM,tick,OCM,OCM,1,True,True,True,False,True,False,False,False,True
OCM,ReqVel,OCM,OCM,1,True,True,True,False,True,False,False,True,False
OCM,ReqHdng,OCM,OCM,1,True,True,True,False,True,False,False,True,False
OCM,ReqMOM,OCM,OCM,1,True,True,True,False,True,False,False,True,False
OCM,ReqOCM,OCM,OCM,1,True,True,True,False,True,False,False,True,False
OCM,EndTask,OCM,OCM,1,True,True,True,False,True,False,False,True,False
OCM,ReqHCM,OCM,OCM,1,True,True,True,False,True,False,False,True,False
OCM,tick,OCM,OCM,1,True,True,True,False,True,False,False,True,False
MOM,ReqVel,CAM,CAM,1,True,True,True,False,True,False,False,True,False
MOM,ReqHdng,CAM,CAM,1,True,True,True,False,True,False,False,True,False
MOM,ReqMOM,CAM,CAM,1,True,True,True,False,True,False,False,True,False
MOM,ReqOCM,CAM,CAM|OCM,2,False,True,True,False,True,False,False,True,False
MOM,EndTask,CAM,CAM|OCM,2,False,True,True,False,True,False,False,True,False
MOM,ReqHCM,CAM,CAM|HCM,2,False,True,True,False,True,False,False,True,False
MOM,tick,CAM,CAM,1,True,True,True,False,True,False,False,True,False
HCM,ReqVel,CAM,CAM,1,True,True,True,False,True,False,False,True,False
HCM,ReqHdng,CAM,CAM,1,True,True,True,False,True,False,False,True,False
HCM,ReqMOM,CAM,CAM,1,True,True,True,False,True,False,False,True,False
HCM,ReqOCM,CAM,CAM|OCM,2,False,True,True,False,True,False,False,True,False
HCM,EndTask,CAM,CAM,1,True,True,True,False,True,False,False,True,False
HCM,ReqHCM,CAM,CAM,1,True,True,True,False,True,False,False,True,False
HCM,tick,CAM,CAM,1,True,True,True,False,True,False,False,True,False
CAM,ReqVel,CAM,CAM,1,True,True,True,False,True,False,False,True,False
CAM,ReqHdng,CAM,CAM,1,True,True,True,False,True,False,False,True,False
CAM,ReqMOM,CAM,CAM,1,True,True,True,False,True,False,False,True,False
CAM,ReqOCM,OCM,OCM,1,True,True,True,False,True,False,False,True,False
CAM,EndTask,CAM,CAM,1,True,True,True,False,True,False,False,True,False
CAM,ReqHCM,CAM,CAM,1,True,True,True,False,True,False,False,True,False
CAM,tick,CAM,CAM,1,True,True,True,False,True,False,False,True,False
OCM,ReqVel,OCM,OCM,1,True,True,True,False,True,False,False,True,True
OCM,ReqHdng,OCM,OCM,1,True,True,True,False,True,False,False,True,True
OCM,ReqMOM,OCM,OCM,1,True,True,True,False,True,False,False,True,True
OCM,ReqOCM,OCM,OCM,1,True,True,True,False,True,False,False,True,True
OCM,EndTask,OCM,OCM,1,True,True,True,False,True,False,False,True,True
OCM,ReqHCM,OCM,OCM,1,True,True,True,False,True,False,False,True,True
OCM,tick,OCM,OCM,1,True,True,True,False,True,False,False,True,True
MOM,ReqVel,CAM,CAM,1,True,True,True,False,True,False,False,True,True
MOM,ReqHdng,CAM,CAM,1,True,True,True,False,True,False,False,True,True
MOM,ReqMOM,CAM,CAM,1,True,True,True,False,True,False,False,True,True
MOM,ReqOCM,CAM,CAM|OCM,2,False,True,True,False,True,False,False,True,True
MOM,EndTask,CAM,CAM|OCM,2,False,True,True,False,True,False,False,True,True
MOM,ReqHCM,CAM,CAM|HCM,2,False,True,True,False,True,False,False,True,True
MOM,tick,CAM,CAM,1,True,True,True,False,True,False,False,True,True
HCM,ReqVel,CAM,CAM,1,True,True,True,False,True,False,False,True,True
HCM,ReqHdng,CAM,CAM,1,True,True,True,False,True,False,False,True,True
HCM,ReqMOM,CAM,CAM,1,True,True,True,False,True,False,False,True,True
HCM,ReqOCM,CAM,CAM|OCM,2,False,True,True,False,True,False,False,True,True
HCM,EndTask,CAM,CAM,1,True,True,True,False,True,False,False,True,True
HCM,ReqHCM,CAM,CAM,1,True,True,True,False,True,False,False,True,True
HCM,tick,CAM,CAM,1,True,True,True,False,True,False,False,True,True
CAM,ReqVel,OCM,OCM,1,True,True,True,False,True,False,False,True,True
CAM,ReqHdng,OCM,OCM,1,True,True,True,False,True,False,False,True,True
CAM,ReqMOM,OCM,OCM,1,True,True,True,False,True,False,False,True,True
CAM,ReqOCM,OCM,OCM,1,True,True,True,False,True,False,False,True,True
CAM,EndTask,OCM,OCM,1,True,True,True,False,True,False,False,True,True
CAM,ReqHCM,OCM,OCM,1,True,True,True,False,True,False,False,True,True
CAM,tick,OCM,OCM,1,True,True,True,False,True,False,False,True,True
OCM,ReqVel,OCM,OCM,1,True,True,True,False,True,False,True,False,False
OCM,ReqHdng,OCM,OCM,1,True,True,True,False,True,False,True,False,False
OCM,ReqMOM,OCM,OCM,1,True,True,True,False,True,False,True,False,False
OCM,ReqOCM,OCM,OCM,1,True,True,True,False,True,False,True,False,False
OCM,EndTask,OCM,OCM,1,True,True,True,False,True,False,True,False,False
OCM,ReqHCM,OCM,OCM,1,True,True,True,False,True,False,True,False,False
OCM,tick,OCM,OCM,1,True,True,True,False,True,False,True,False,False
MOM,ReqVel,CAM,CAM,1,True,True,True,False,True,False,True,False,False
MOM,ReqHdng,CAM,CAM,1,True,True,True,False,True,False,True,False,False
MOM,ReqMOM,CAM,CAM,1,True,True,True,False,True,False,True,False,False
MOM,ReqOCM,CAM,CAM|OCM,2,False,True,True,False,True,False,True,False,False
MOM,EndTask,CAM,CAM|OCM,2,False,True,True,False,True,False,True,False,False
MOM,ReqHCM,CAM,CAM|HCM,2,False,True,True,False,True,False,True,False,False
MOM,tick,CAM,CAM,1,True,True,True,False,True,False,True,False,False
HCM,ReqVel,CAM,CAM,1,True,True,True,False,True,False,True,False,False
HCM,ReqHdng,CAM,CAM,1,True,True,True,False,True,False,True,False,False
HCM,ReqMOM,CAM,CAM,1,True,True,True,False,True,False,True,False,False
HCM,ReqOCM,CAM,CAM|OCM,2,False,True,True,False,True,False,True,False,False
HCM,EndTask,CAM,CAM,1,True,True,True,False,True,False,True,False,False
HCM,ReqHCM,CAM,CAM,1,True,True,True,False,True,False,True,False,False
HCM,tick,CAM,CAM,1,True,True,True,False,True,False,True,False,False
CAM,ReqVel,CAM,CAM,1,True,True,True,False,True,False,True,False,False
CAM,ReqHdng,CAM,CAM,1,True,True,True,False,True,False,True,False,False
CAM,ReqMOM,CAM,CAM,1,True,True,True,False,True,False,True,False,False
CAM,ReqOCM,OCM,OCM,1,True,True,True,False,True,False,True,False,False
CAM,EndTask,CAM,CAM,1,True,True,True,False,True,False,True,False,False
CAM,ReqHCM,CAM,CAM,1,True,True,True,False,True,False,True,False,False
CAM,tick,CAM,CAM,1,True,True,True,False,True,False,True,False,False
OCM,ReqVel,OCM,OCM,1,True,True,True,False,True,False,True,False,True
OCM,ReqHdng,OCM,OCM,1,True,True,True,False,True,False,True,False,True
OCM,ReqMOM,OCM,OCM,1,True,True,True,False,True,False,True,False,True
OCM,ReqOCM,OCM,OCM,1,True,True,True,False,True,False,True,False,True
OCM,EndTask,OCM,OCM,1,True,True,True,False,True,False,True,False,True
OCM,ReqHCM,OCM,OCM,1,True,True,True,False,True,False,True,False,True
OCM,tick,OCM,OCM,1,True,True,True,False,True,False,True,False,True
MOM,ReqVel,CAM,CAM,1,True,True,True,False,True,False,True,False,True
MOM,ReqHdng,CAM,CAM,1,True,True,True,False,True,False,True,False,True
MOM,ReqMOM,CAM,CAM,1,True,True,True,False,True,False,True,False,True
MOM,ReqOCM,CAM,CAM|OCM,2,False,True,True,False,True,False,True,False,True
MOM,EndTask,CAM,CAM|OCM,2,False,True,True,False,True,False,True,False,True
MOM,ReqHCM,CAM,CAM|HCM,2,False,True,True,False,True,False,True,False,True
MOM,tick,CAM,CAM,1,True,True,True,False,True,False,True,False,True
HCM,ReqVel,CAM,CAM,1,True,True,True,False,True,False,True,False,True
HCM,ReqHdng,CAM,CAM,1,True,True,True,False,True,False,True,False,True
HCM,ReqMOM,CAM,CAM,1,True,True,True,False,True,False,True,False,True
HCM,ReqOCM,CAM,CAM|OCM,2,False,True,True,False,True,False,True,False,True
HCM,EndTask,CAM,CAM,1,True,True,True,False,True,False,True,False,True
HCM,ReqHCM,CAM,CAM,1,True,True,True,False,True,False,True,False,True
HCM,tick,CAM,CAM,1,True,True,True,False,True,False,True,False,True
CAM,ReqVel,OCM,OCM,1,True,True,True,False,True,False,True,False,True
CAM,ReqHdng,OCM,OCM,1,True,True,True,False,True,False,True,False,True
CAM,ReqMOM,OCM,OCM,1,True,True,True,False,True,False,True,False,True
CAM,ReqOCM,OCM,OCM,1,True,True,True,False,True,False,True,False,True
CAM,EndTask,OCM,OCM,1,True,True,True,False,True,False,True,False,True
CAM,ReqHCM,OCM,OCM,1,True,True,True,False,True,False,True,False,True
CAM,tick,OCM,OCM,1,True,True,True,False,True,False,True,False,True
OCM,ReqVel,OCM,OCM,1,True,True,True,False,True,False,True,True,False
OCM,ReqHdng,OCM,OCM,1,True,True,True,False,True,False,True,True,False
OCM,ReqMOM,OCM,OCM,1,True,True,True,False,True,False,True,True,False
OCM,ReqOCM,OCM,OCM,1,True,True,True,False,True,False,True,True,False
OCM,EndTask,OCM,OCM,1,True,True,True,False,True,False,True,True,False
OCM,ReqHCM,OCM,OCM,1,True,True,True,False,True,False,True,True,False
OCM,tick,OCM,OCM,1,True,True,True,False,True,False,True,True,False
MOM,ReqVel,CAM,CAM,1,True,True,True,False,True,False,True,True,False
MOM,ReqHdng,CAM,CAM,1,True,True,True,False,True,False,True,True,False
MOM,ReqMOM,CAM,CAM,1,True,True,True,False,True,False,True,True,False
MOM,ReqOCM,CAM,CAM|OCM,2,False,True,True,False,True,False,True,True,False
MOM,EndTask,CAM,CAM|OCM,2,False,True,True,False,True,False,True,True,False
MOM,ReqHCM,CAM,CAM|HCM,2,False,True,True,False,True,False,True,True,False
MOM,tick,CAM,CAM,1,True,True,True,False,True,False,True,True,False
HCM,ReqVel,CAM,CAM,1,True,True,True,False,True,False,True,True,False
HCM,ReqHdng,CAM,CAM,1,True,True,True,False,True,False,True,True,False
HCM,ReqMOM,CAM,CAM,1,True,True,True,False,True,False,True,True,False
HCM,ReqOCM,CAM,CAM|OCM,2,False,True,True,False,True,False,True,True,False
HCM,EndTask,CAM,CAM,1,True,True,True,False,True,False,True,True,False
HCM,ReqHCM,CAM,CAM,1,True,True,True,False,True,False,True,True,False
HCM,tick,CAM,CAM,1,True,True,True,False,True,False,True,True,False
CAM,ReqVel,CAM,CAM,1,True,True,True,False,True,False,True,True,False
CAM,ReqHdng,CAM,CAM,1,True,True,True,False,True,False,True,True,False
CAM,ReqMOM,CAM,CAM,1,True,True,True,False,True,False,True,True,False
CAM,ReqOCM,OCM,OCM,1,True,True,True,False,True,False,True,True,False
CAM,EndTask,CAM,CAM,1,True,True,True,False,True,False,True,True,False
CAM,ReqHCM,CAM,CAM,1,True,True,True,False,True,False,True,True,False
CAM,tick,CAM,CAM,1,True,True,True,False,True,False,True,True,False
OCM,ReqVel,OCM,OCM,1,True,True,True,False,True,False,True,True,True
OCM,ReqHdng,OCM,OCM,1,True,True,True,False,True,False,True,True,True
OCM,ReqMOM,OCM,OCM,1,True,True,True,False,True,False,True,True,True
OCM,ReqOCM,OCM,OCM,1,True,True,True,False,True,False,True,True,True
OCM,EndTask,OCM,OCM,1,True,True,True,False,True,False,True,True,True
OCM,ReqHCM,OCM,OCM,1,True,True,True,False,True,False,True,True,True
OCM,tick,OCM,OCM,1,True,True,True,False,True,False,True,True,True
MOM,ReqVel,CAM,CAM,1,True,True,True,False,True,False,True,True,True
MOM,ReqHdng,CAM,CAM,1,True,True,True,False,True,False,True,True,True
MOM,ReqMOM,CAM,CAM,1,True,True,True,False,True,False,True,True,True
MOM,ReqOCM,CAM,CAM|OCM,2,False,True,True,False,True,False,True,True,True
MOM,EndTask,CAM,CAM|OCM,2,False,True,True,False,True,False,True,True,True
MOM,ReqHCM,CAM,CAM|HCM,2,False,True,True,False,True,False,True,True,True
MOM,tick,CAM,CAM,1,True,True,True,False,True,False,True,True,True
HCM,ReqVel,CAM,CAM,1,True,True,True,False,True,False,True,True,True
HCM,ReqHdng,CAM,CAM,1,True,True,True,False,True,False,True,True,True
HCM,ReqMOM,CAM,CAM,1,True,True,True,False,True,False,True,True,True
HCM,ReqOCM,CAM,CAM|OCM,2,False,True,True,False,True,False,True,True,True
HCM,EndTask,CAM,CAM,1,True,True,True,False,True,False,True,True,True
HCM,ReqHCM,CAM,CAM,1,True,True,True,False,True,False,True,True,True
HCM,tick,CAM,CAM,1,True,True,True,False,True,False,True,True,True
CAM,ReqVel,OCM,OCM,1,True,True,True,False,True,False,True,True,True
CAM,ReqHdng,OCM,OCM,1,True,True,True,False,True,False,True,True,True
CAM,ReqMOM,OCM,OCM,1,True,True,True,False,True,False,True,True,True
CAM,ReqOCM,OCM,OCM,1,True,True,True,False,True,False,True,True,True
CAM,EndTask,OCM,OCM,1,True,True,True,False,True,False,True,True,True
CAM,ReqHCM,OCM,OCM,1,True,True,True,False,True,False,True,True,True
CAM,tick,OCM,OCM,1,True,True,True,False,True,False,True,True,True
OCM,ReqVel,OCM,OCM,1,True,True,True,False,True,True,False,False,False
OCM,ReqHdng,OCM,OCM,1,True,True,True,False,True,True,False,False,False
OCM,ReqMOM,OCM,OCM,1,True,True,True,False,True,True,False,False,False
OCM,ReqOCM,OCM,OCM,1,True,True,True,False,True,True,False,False,False
OCM,EndTask,OCM,OCM,1,True,True,True,False,True,True,False,False,False
OCM,ReqHCM,OCM,OCM,1,True,True,True,False,True,True,False,False,False
OCM,tick,OCM,OCM,1,True,True,True,False,True,True,False,False,False
MOM,ReqVel,CAM,CAM,1,True,True,True,False,True,True,False,False,False
MOM,ReqHdng,CAM,CAM,1,True,True,True,False,True,True,False,False,False
MOM,ReqMOM,CAM,CAM,1,True,True,True,False,True,True,False,False,False
MOM,ReqOCM,CAM,CAM|OCM,2,False,True,True,False,True,True,False,False,False
MOM,EndTask,CAM,CAM|OCM,2,False,True,True,False,True,True,False,False,False
MOM,ReqHCM,CAM,CAM|HCM,2,False,True,True,False,True,True,False,False,False
MOM,tick,CAM,CAM,1,True,True,True,False,True,True,False,False,False
HCM,ReqVel,CAM,CAM,1,True,True,True,False,True,True,False,False,False
HCM,ReqHdng,CAM,CAM,1,True,True,True,False,True,True,False,False,False
HCM,ReqMOM,CAM,CAM,1,True,True,True,False,True,True,False,False,False
HCM,ReqOCM,CAM,CAM|OCM,2,False,True,True,False,True,True,False,False,False
HCM,EndTask,CAM,CAM,1,True,True,True,False,True,True,False,False,False
HCM,ReqHCM,CAM,CAM,1,True,True,True,False,True,True,False,False,False
HCM,tick,CAM,CAM,1,True,True,True,False,True,True,False,False,False
CAM,ReqVel,CAM,CAM,1,True,True,True,False,True,True,False,False,False
CAM,ReqHdng,CAM,CAM,1,True,True,True,False,True,True,False,False,False
CAM,ReqMOM,CAM,CAM,1,True,True,True,False,True,True,False,False,False
CAM,ReqOCM,OCM,OCM,1,True,True,True,False,True,True,False,False,False
CAM,EndTask,CAM,CAM,1,True,True,True,False,True,True,False,False,False
CAM,ReqHCM,CAM,CAM,1,True,True,True,False,True,True,False,False,False
CAM,tick,CAM,CAM,1,True,True,True,False,True,True,False,False,False
OCM,ReqVel,OCM,OCM,1,True,True,True,False,True,True,False,False,True
OCM,ReqHdng,OCM,OCM,1,True,True,True,False,True,True,False,False,True
OCM,ReqMOM,OCM,OCM,1,True,True,True,False,True,True,False,False,True
OCM,ReqOCM,OCM,OCM,1,True,True,True,False,True,True,False,False,True
OCM,EndTask,OCM,OCM,1,True,True,True,False,True,True,False,False,True
OCM,ReqHCM,OCM,OCM,1,True,True,True,False,True,True,False,False,True
OCM,tick,OCM,OCM,1,True,True,True,False,True,True,False,False,True
MOM,ReqVel,CAM,CAM,1,True,True,True,False,True,True,False,False,True
MOM,ReqHdng,CAM,CAM,1,True,True,True,False,True,True,False,False,True
MOM,ReqMOM,CAM,CAM,1,True,True,True,False,True,True,False,False,True
MOM,ReqOCM,CAM,CAM|OCM,2,False,True,True,False,True,True,False,False,True
MOM,EndTask,CAM,CAM|OCM,2,False,True,True,False,True,True,False,False,True
MOM,ReqHCM,CAM,CAM|HCM,2,False,True,True,False,True,True,False,False,True
MOM,tick,CAM,CAM,1,True,True,True,False,True,True,False,False,True
HCM,ReqVel,CAM,CAM,1,True,True,True,False,True,True,False,False,True
HCM,ReqHdng,CAM,CAM,1,True,True,True,False,True,True,False,False,True
HCM,ReqMOM,CAM,CAM,1,True,True,True,False,True,True,False,False,True
HCM,ReqOCM,CAM,CAM|OCM,2,False,True,True,False,True,True,False,False,True
HCM,EndTask,CAM,CAM,1,True,True,True,False,True,True,False,False,True
HCM,ReqHCM,CAM,CAM,1,True,True,True,False,True,True,False,False,True
HCM,tick,CAM,CAM,1,True,True,True,False,True,True,False,False,True
CAM,ReqVel,OCM,OCM,1,True,True,True,False,True,True,False,False,True
CAM,ReqHdng,OCM,OCM,1,True,True,True,False,True,True,False,False,True
CAM,ReqMOM,OCM,OCM,1,True,True,True,False,True,True,False,False,True
CAM,ReqOCM,OCM,OCM,1,True,True,True,False,True,True,False,False,True
CAM,EndTask,OCM,OCM,1,True,True,True,False,True,True,False,False,True
CAM,ReqHCM,OCM,OCM,1,True,True,True,False,True,True,False,False,True
CAM,tick,OCM,OCM,1,True,True,True,False,True,True,False,False,True
OCM,ReqVel,OCM,OCM,1,True,True,True,False,True,True,False,True,False
OCM,ReqHdng,OCM,OCM,1,True,True,True,False,True,True,False,True,False
OCM,ReqMOM,OCM,OCM,1,True,True,True,False,True,True,False,True,False
OCM,ReqOCM,OCM,OCM,1,True,True,True,False,True,True,False,True,False
OCM,EndTask,OCM,OCM,1,True,True,True,False,True,True,False,True,False
OCM,ReqHCM,OCM,OCM,1,True,True,True,False,True,True,False,True,False
OCM,tick,OCM,OCM,1,True,True,True,False,True,True,False,True,False
MOM,ReqVel,CAM,CAM,1,True,True,True,False,True,True,False,True,False
MOM,ReqHdng,CAM,CAM,1,True,True,True,False,True,True,False,True,False
MOM,ReqMOM,CAM,CAM,1,True,True,True,False,True,True,False,True,False
MOM,ReqOCM,CAM,CAM|OCM,2,False,True,True,False,True,True,False,True,False
MOM,EndTask,CAM,CAM|OCM,2,False,True,True,False,True,True,False,True,False
MOM,ReqHCM,CAM,CAM|HCM,2,False,True,True,False,True,True,False,True,False
MOM,tick,CAM,CAM,1,True,True,True,False,True,True,False,True,False
HCM,ReqVel,CAM,CAM,1,True,True,True,False,True,True,False,True,False
HCM,ReqHdng,CAM,CAM,1,True,True,True,False,True,True,False,True,False
HCM,ReqMOM,CAM,CAM,1,True,True,True,False,True,True,False,True,False
HCM,ReqOCM,CAM,CAM|OCM,2,False,True,True,False,True,True,False,True,False
HCM,EndTask,CAM,CAM,1,True,True,True,False,True,True,False,True,False
HCM,ReqHCM,CAM,CAM,1,True,True,True,False,True,True,False,True,False
HCM,tick,CAM,CAM,1,True,True,True,False,True,True,False,True,False
CAM,ReqVel,CAM,CAM,1,True,True,True,False,True,True,False,True,False
CAM,ReqHdng,CAM,CAM,1,True,True,True,False,True,True,False,True,False
CAM,ReqMOM,CAM,CAM,1,True,True,True,False,True,True,False,True,False
CAM,ReqOCM,OCM,OCM,1,True,True,True,False,True,True,False,True,False
CAM,EndTask,CAM,CAM,1,True,True,True,False,True,True,False,True,False
CAM,ReqHCM,CAM,CAM,1,True,True,True,False,True,True,False,True,False
CAM,tick,CAM,CAM,1,True,True,True,False,True,True,False,True,False
OCM,ReqVel,OCM,OCM,1,True,True,True,False,True,True,False,True,True
OCM,ReqHdng,OCM,OCM,1,True,True,True,False,True,True,False,True,True
OCM,ReqMOM,OCM,OCM,1,True,True,True,False,True,True,False,True,True
OCM,ReqOCM,OCM,OCM,1,True,True,True,False,True,True,False,True,True
OCM,EndTask,OCM,OCM,1,True,True,True,False,True,True,False,True,True
OCM,ReqHCM,OCM,OCM,1,True,True,True,False,True,True,False,True,True
OCM,tick,OCM,OCM,1,True,True,True,False,True,True,False,True,True
MOM,ReqVel,CAM,CAM,1,True,True,True,False,True,True,False,True,True
MOM,ReqHdng,CAM,CAM,1,True,True,True,False,True,True,False,True,True
MOM,ReqMOM,CAM,CAM,1,True,True,True,False,True,True,False,True,True
MOM,ReqOCM,CAM,CAM|OCM,2,False,True,True,False,True,True,False,True,True
MOM,EndTask,CAM,CAM|OCM,2,False,True,True,False,True,True,False,True,True
MOM,ReqHCM,CAM,CAM|HCM,2,False,True,True,False,True,True,False,True,True
MOM,tick,CAM,CAM,1,True,True,True,False,True,True,False,True,True
HCM,ReqVel,CAM,CAM,1,True,True,True,False,True,True,False,True,True
HCM,ReqHdng,CAM,CAM,1,True,True,True,False,True,True,False,True,True
HCM,ReqMOM,CAM,CAM,1,True,True,True,False,True,True,False,True,True
HCM,ReqOCM,CAM,CAM|OCM,2,False,True,True,False,True,True,False,True,True
HCM,EndTask,CAM,CAM,1,True,True,True,False,True,True,False,True,True
HCM,ReqHCM,CAM,CAM,1,True,True,True,False,True,True,False,True,True
HCM,tick,CAM,CAM,1,True,True,True,False,True,True,False,True,True
CAM,ReqVel,OCM,OCM,1,True,True,True,False,True,True,False,True,True
CAM,ReqHdng,OCM,OCM,1,True,True,True,False,True,True,False,True,True
CAM,ReqMOM,OCM,OCM,1,True,True,True,False,True,True,False,True,True
CAM,ReqOCM,OCM,OCM,1,True,True,True,False,True,True,False,True,True
CAM,EndTask,OCM,OCM,1,True,True,True,False,True,True,False,True,True
CAM,ReqHCM,OCM,OCM,1,True,True,True,False,True,True,False,True,True
CAM,tick,OCM,OCM,1,True,True,True,False,True,True,False,True,True
OCM,ReqVel,OCM,OCM,1,True,True,True,False,True,True,True,False,False
OCM,ReqHdng,OCM,OCM,1,True,True,True,False,True,True,True,False,False
OCM,ReqMOM,OCM,OCM,1,True,True,True,False,True,True,True,False,False
OCM,ReqOCM,OCM,OCM,1,True,True,True,False,True,True,True,False,False
OCM,EndTask,OCM,OCM,1,True,True,True,False,True,True,True,False,False
OCM,ReqHCM,OCM,OCM,1,True,True,True,False,True,True,True,False,False
OCM,tick,OCM,OCM,1,True,True,True,False,True,True,True,False,False
MOM,ReqVel,CAM,CAM,1,True,True,True,False,True,True,True,False,False
MOM,ReqHdng,CAM,CAM,1,True,True,True,False,True,True,True,False,False
MOM,ReqMOM,CAM,CAM,1,True,True,True,False,True,True,True,False,False
MOM,ReqOCM,CAM,CAM|OCM,2,False,True,True,False,True,True,True,False,False
MOM,EndTask,CAM,CAM|OCM,2,False,True,True,False,True,True,True,False,False
MOM,ReqHCM,CAM,CAM|HCM,2,False,True,True,False,True,True,True,False,False
MOM,tick,CAM,CAM,1,True,True,True,False,True,True,True,False,False
HCM,ReqVel,CAM,CAM,1,True,True,True,False,True,True,True,False,False
HCM,ReqHdng,CAM,CAM,1,True,True,True,False,True,True,True,False,False
HCM,ReqMOM,CAM,CAM,1,True,True,True,False,True,True,True,False,False
HCM,ReqOCM,CAM,CAM|OCM,2,False,True,True,False,True,True,True,False,False
HCM,EndTask,CAM,CAM,1,True,True,True,False,True,True,True,False,False
HCM,ReqHCM,CAM,CAM,1,True,True,True,False,True,True,True,False,False
HCM,tick,CAM,CAM,1,True,True,True,False,True,True,True,False,False
CAM,ReqVel,CAM,CAM,1,True,True,True,False,True,True,True,False,False
CAM,ReqHdng,CAM,CAM,1,True,True,True,False,True,True,True,False,False
CAM,ReqMOM,CAM,CAM,1,True,True,True,False,True,True,True,False,False
CAM,ReqOCM,OCM,OCM,1,True,True,True,False,True,True,True,False,False
CAM,EndTask,CAM,CAM,1,True,True,True,False,True,True,True,False,False
CAM,ReqHCM,CAM,CAM,1,True,True,True,False,True,True,True,False,False
CAM,tick,CAM,CAM,1,True,True,True,False,True,True,True,False,False
OCM,ReqVel,OCM,OCM,1,True,True,True,False,True,True,True,False,True
OCM,ReqHdng,OCM,OCM,1,True,True,True,False,True,True,True,False,True
OCM,ReqMOM,OCM,OCM,1,True,True,True,False,True,True,True,False,True
OCM,ReqOCM,OCM,OCM,1,True,True,True,False,True,True,True,False,True
OCM,EndTask,OCM,OCM,1,True,True,True,False,True,True,True,False,True
OCM,ReqHCM,OCM,OCM,1,True,True,True,False,True,True,True,False,True
OCM,tick,OCM,OCM,1,True,True,True,False,True,True,True,False,True
MOM,ReqVel,CAM,CAM,1,True,True,True,False,True,True,True,False,True
MOM,ReqHdng,CAM,CAM,1,True,True,True,False,True,True,True,False,True
MOM,ReqMOM,CAM,CAM,1,True,True,True,False,True,True,True,False,True
MOM,ReqOCM,CAM,CAM|OCM,2,False,True,True,False,True,True,True,False,True
MOM,EndTask,CAM,CAM|OCM,2,False,True,True,False,True,True,True,False,True
MOM,ReqHCM,CAM,CAM|HCM,2,False,True,True,False,True,True,True,False,True
MOM,tick,CAM,CAM,1,True,True,True,False,True,True,True,False,True
HCM,ReqVel,CAM,CAM,1,True,True,True,False,True,True,True,False,True
HCM,ReqHdng,CAM,CAM,1,True,True,True,False,True,True,True,False,True
HCM,ReqMOM,CAM,CAM,1,True,True,True,False,True,True,True,False,True
HCM,ReqOCM,CAM,CAM|OCM,2,False,True,True,False,True,True,True,False,True
HCM,EndTask,CAM,CAM,1,True,True,True,False,True,True,True,False,True
HCM,ReqHCM,CAM,CAM,1,True,True,True,False,True,True,True,False,True
HCM,tick,CAM,CAM,1,True,True,True,False,True,True,True,False,True
CAM,ReqVel,OCM,OCM,1,True,True,True,False,True,True,True,False,True
CAM,ReqHdng,OCM,OCM,1,True,True,True,False,True,True,True,False,True
CAM,ReqMOM,OCM,OCM,1,True,True,True,False,True,True,True,False,True
CAM,ReqOCM,OCM,OCM,1,True,True,True,False,True,True,True,False,True
CAM,EndTask,OCM,OCM,1,True,True,True,False,True,True,True,False,True
CAM,ReqHCM,OCM,OCM,1,True,True,True,False,True,True,True,False,True
CAM,tick,OCM,OCM,1,True,True,True,False,True,True,True,False,True
OCM,ReqVel,OCM,MOM|OCM,2,False,True,True,False,True,True,True,True,False
OCM,ReqHdng,OCM,MOM|OCM,2,False,True,True,False,True,True,True,True,False
OCM,ReqMOM,MOM,MOM,1,True,True,True,False,True,True,True,True,False
OCM,ReqOCM,OCM,MOM,1,False,True,True,False,True,True,True,True,False
OCM,EndTask,OCM,MOM,1,False,True,True,False,True,True,True,True,False
OCM,ReqHCM,OCM,MOM,1,False,True,True,False,True,True,True,True,False
OCM,tick,OCM,MOM,1,False,True,True,False,True,True,True,True,False
MOM,ReqVel,CAM,CAM,1,True,True,True,False,True,True,True,True,False
MOM,ReqHdng,CAM,CAM,1,True,True,True,False,True,True,True,True,False
MOM,ReqMOM,CAM,CAM,1,True,True,True,False,True,True,True,True,False
MOM,ReqOCM,CAM,CAM|OCM,2,False,True,True,False,True,True,True,True,False
MOM,EndTask,CAM,CAM|OCM,2,False,True,True,False,True,True,True,True,False
MOM,ReqHCM,CAM,CAM|HCM,2,False,True,True,False,True,True,True,True,False
MOM,tick,CAM,CAM,1,True,True,True,False,True,True,True,True,False
HCM,ReqVel,CAM,CAM,1,True,True,True,False,True,True,True,True,False
HCM,ReqHdng,CAM,CAM,1,True,True,True,False,True,True,True,True,False
HCM,ReqMOM,CAM,CAM,1,True,True,True,False,True,True,True,True,False
HCM,ReqOCM,CAM,CAM|OCM,2,False,True,True,False,True,True,True,True,False
HCM,EndTask,CAM,CAM,1,True,True,True,False,True,True,True,True,False
HCM,ReqHCM,CAM,CAM,1,True,True,True,False,True,True,True,True,False
HCM,tick,CAM,CAM,1,True,True,True,False,True,True,True,True,False
CAM,ReqVel,CAM,CAM,1,True,True,True,False,True,True,True,True,False
CAM,ReqHdng,CAM,CAM,1,True,True,True,False,True,True,True,True,False
CAM,ReqMOM,CAM,CAM,1,True,True,True,False,True,True,True,True,False
CAM,ReqOCM,OCM,OCM,1,True,True,True,False,True,True,True,True,False
CAM,EndTask,CAM,CAM,1,True,True,True,False,True,True,True,True,False
CAM,ReqHCM,CAM,CAM,1,True,True,True,False,True,True,True,True,False
CAM,tick,CAM,CAM,1,True,True,True,False,True,True,True,True,False
OCM,ReqVel,OCM,MOM|OCM,2,False,True,True,False,True,True,True,True,True
OCM,ReqHdng,OCM,MOM|OCM,2,False,True,True,False,True,True,True,True,True
OCM,ReqMOM,MOM,MOM,1,True,True,True,False,True,True,True,True,True
OCM,ReqOCM,OCM,MOM,1,False,True,True,False,True,True,True,True,True
OCM,EndTask,OCM,MOM,1,False,True,True,False,True,True,True,True,True
OCM,ReqHCM,OCM,MOM,1,False,True,True,False,True,True,True,True,True
OCM,tick,OCM,MOM,1,False,True,True,False,True,True,True,True,True
MOM,ReqVel,CAM,CAM,1,True,True,True,False,True,True,True,True,True
MOM,ReqHdng,CAM,CAM,1,True,True,True,False,True,True,True,True,True
MOM,ReqMOM,CAM,CAM,1,True,True,True,False,True,True,True,True,True
MOM,ReqOCM,CAM,CAM|OCM,2,False,True,True,False,True,True,True,True,True
MOM,EndTask,CAM,CAM|OCM,2,False,True,True,False,True,True,True,True,True
MOM,ReqHCM,CAM,CAM|HCM,2,False,True,True,False,True,True,True,True,True
MOM,tick,CAM,CAM,1,True,True,True,False,True,True,True,True,True
HCM,ReqVel,CAM,CAM,1,True,True,True,False,True,True,True,True,True
HCM,ReqHdng,CAM,CAM,1,True,True,True,False,True,True,True,True,True
HCM,ReqMOM,CAM,CAM,1,True,True,True,False,True,True,True,True,True
HCM,ReqOCM,CAM,CAM|OCM,2,False,True,True,False,True,True,True,True,True
HCM,EndTask,CAM,CAM,1,True,True,True,False,True,True,True,True,True
HCM,ReqHCM,CAM,CAM,1,True,True,True,False,True,True,True,True,True
HCM,tick,CAM,CAM,1,True,True,True,False,True,True,True,True,True
CAM,ReqVel,OCM,OCM,1,True,True,True,False,True,True,True,True,True
CAM,ReqHdng,OCM,OCM,1,True,True,True,False,True,True,True,True,True
CAM,ReqMOM,OCM,OCM,1,True,True,True,False,True,True,True,True,True
CAM,ReqOCM,OCM,OCM,1,True,True,True,False,True,True,True,True,True
CAM,EndTask,OCM,OCM,1,True,True,True,False,True,True,True,True,True
CAM,ReqHCM,OCM,OCM,1,True,True,True,False,True,True,True,True,True
CAM,tick,OCM,OCM,1,True,True,True,False,True,True,True,True,True
OCM,ReqVel,OCM,OCM,1,True,True,True,True,False,False,False,False,False
OCM,ReqHdng,OCM,OCM,1,True,True,True,True,False,False,False,False,False
OCM,ReqMOM,OCM,OCM,1,True,True,True,True,False,False,False,False,False
OCM,ReqOCM,OCM,OCM,1,True,True,True,True,False,False,False,False,False
OCM,EndTask,OCM,OCM,1,True,True,True,True,False,False,False,False,False
OCM,ReqHCM,OCM,OCM,1,True,True,True,True,False,False,False,False,False
OCM,tick,OCM,OCM,1,True,True,True,True,False,False,False,False,False
MOM,ReqVel,CAM,CAM,1,True,True,True,True,False,False,False,False,False
MOM,ReqHdng,CAM,CAM,1,True,True,True,True,False,False,False,False,False
MOM,ReqMOM,CAM,CAM,1,True,True,True,True,False,False,False,False,False
MOM,ReqOCM,CAM,CAM|OCM,2,False,True,True,True,False,False,False,False,False
MOM,EndTask,CAM,CAM|OCM,2,False,True,True,True,False,False,False,False,False
MOM,ReqHCM,CAM,CAM|HCM,2,False,True,True,True,False,False,False,False,False
MOM,tick,CAM,CAM,1,True,True,True,True,False,False,False,False,False
HCM,ReqVel,CAM,CAM,1,True,True,True,True,False,False,False,False,False
HCM,ReqHdng,CAM,CAM,1,True,True,True,True,False,False,False,False,False
HCM,ReqMOM,CAM,CAM,1,True,True,True,True,False,False,False,False,False
HCM,ReqOCM,CAM,CAM|OCM,2,False,True,True,True,False,False,False,False,False
HCM,EndTask,CAM,CAM,1,True,True,True,True,False,False,False,False,False
HCM,ReqHCM,CAM,CAM,1,True,True,True,True,False,False,False,False,False
HCM,tick,CAM,CAM,1,True,True,True,True,False,False,False,False,False
CAM,ReqVel,CAM,CAM,1,True,True,True,True,False,False,False,False,False
CAM,ReqHdng,CAM,CAM,1,True,True,True,True,False,False,False,False,False
CAM,ReqMOM,CAM,CAM,1,True,True,True,True,False,False,False,False,False
CAM,ReqOCM,OCM,OCM,1,True,True,True,True,False,False,False,False,False
CAM,EndTask,CAM,CAM,1,True,True,True,True,False,False,False,False,False
CAM,ReqHCM,CAM,CAM,1,True,True,True,True,False,False,False,False,False
CAM,tick,CAM,CAM,1,True,True,True,True,False,False,False,False,False
OCM,ReqVel,OCM,OCM,1,True,True,True,True,False,False,False,False,True
OCM,ReqHdng,OCM,OCM,1,True,True,True,True,False,False,False,False,True
OCM,ReqMOM,OCM,OCM,1,True,True,True,True,False,False,False,False,True
OCM,ReqOCM,OCM,OCM,1,True,True,True,True,False,False,False,False,True
OCM,EndTask,OCM,OCM,1,True,True,True,True,False,False,False,False,True
OCM,ReqHCM,OCM,OCM,1,True,True,True,True,False,False,False,False,True
OCM,tick,OCM,OCM,1,True,True,True,True,False,False,False,False,True
MOM,ReqVel,CAM,CAM,1,True,True,True,True,False,False,False,False,True
MOM,ReqHdng,CAM,CAM,1,True,True,True,True,False,False,False,False,True
MOM,ReqMOM,CAM,CAM,1,True,True,True,True,False,False,False,False,True
MOM,ReqOCM,CAM,CAM|OCM,2,False,True,True,True,False,False,False,False,True
MOM,EndTask,CAM,CAM|OCM,2,False,True,True,True,False,False,False,False,True
MOM,ReqHCM,CAM,CAM|HCM,2,False,True,True,True,False,False,False,False,True
MOM,tick,CAM,CAM,1,True,True,True,True,False,False,False,False,True
HCM,ReqVel,CAM,CAM,1,True,True,True,True,False,False,False,False,True
HCM,ReqHdng,CAM,CAM,1,True,True,True,True,False,False,False,False,True
HCM,ReqMOM,CAM,CAM,1,True,True,True,True,False,False,False,False,True
HCM,ReqOCM,CAM,CAM|OCM,2,False,True,True,True,False,False,False,False,True
HCM,EndTask,CAM,CAM,1,True,True,True,True,False,False,False,False,True
HCM,ReqHCM,CAM,CAM,1,True,True,True,True,False,False,False,False,True
HCM,tick,CAM,CAM,1,True,True,True,True,False,False,False,False,True
CAM,ReqVel,OCM,OCM,1,True,True,True,True,False,False,False,False,True
CAM,ReqHdng,OCM,OCM,1,True,True,True,True,False,False,False,False,True
CAM,ReqMOM,OCM,OCM,1,True,True,True,True,False,False,False,False,True
CAM,ReqOCM,OCM,OCM,1,True,True,True,True,False,False,False,False,True
CAM,EndTask,OCM,OCM,1,True,True,True,True,False,False,False,False,True
CAM,ReqHCM,OCM,OCM,1,True,True,True,True,False,False,False,False,True
CAM,tick,OCM,OCM,1,True,True,True,True,False,False,False,False,True
OCM,ReqVel,OCM,OCM,1,True,True,True,True,False,False,False,True,False
OCM,ReqHdng,OCM,OCM,1,True,True,True,True,False,False,False,True,False
OCM,ReqMOM,OCM,OCM,1,True,True,True,True,False,False,False,True,False
OCM,ReqOCM,OCM,OCM,1,True,True,True,True,False,False,False,True,False
OCM,EndTask,OCM,OCM,1,True,True,True,True,False,False,False,True,False
OCM,ReqHCM,OCM,OCM,1,True,True,True,True,False,False,False,True,False
OCM,tick,OCM,OCM,1,True,True,True,True,False,False,False,True,False
MOM,ReqVel,CAM,CAM,1,True,True,True,True,False,False,False,True,False
MOM,ReqHdng,CAM,CAM,1,True,True,True,True,False,False,False,True,False
MOM,ReqMOM,CAM,CAM,1,True,True,True,True,False,False,False,True,False
MOM,ReqOCM,CAM,CAM|OCM,2,False,True,True,True,False,False,False,True,False
MOM,EndTask,CAM,CAM|OCM,2,False,True,True,True,False,False,False,True,False
MOM,ReqHCM,CAM,CAM|HCM,2,False,True,True,True,False,False,False,True,False
MOM,tick,CAM,CAM,1,True,True,True,True,False,False,False,True,False
HCM,ReqVel,CAM,CAM,1,True,True,True,True,False,False,False,True,False
HCM,ReqHdng,CAM,CAM,1,True,True,True,True,False,False,False,True,False
HCM,ReqMOM,CAM,CAM,1,True,True,True,True,False,False,False,True,False
HCM,ReqOCM,CAM,CAM|OCM,2,False,True,True,True,False,False,False,True,False
HCM,EndTask,CAM,CAM,1,True,True,True,True,False,False,False,True,False
HCM,ReqHCM,CAM,CAM,1,True,True,True,True,False,False,False,True,False
HCM,tick,CAM,CAM,1,True,True,True,True,False,False,False,True,False
CAM,ReqVel,CAM,CAM,1,True,True,True,True,False,False,False,True,False
CAM,ReqHdng,CAM,CAM,1,True,True,True,True,False,False,False,True,False
CAM,ReqMOM,CAM,CAM,1,True,True,True,True,False,False,False,True,False
CAM,ReqOCM,OCM,OCM,1,True,True,True,True,False,False,False,True,False
CAM,EndTask,CAM,CAM,1,True,True,True,True,False,False,False,True,False
CAM,ReqHCM,CAM,CAM,1,True,True,True,True,False,False,False,True,False
CAM,tick,CAM,CAM,1,True,True,True,True,False,False,False,True,False
OCM,ReqVel,OCM,OCM,1,True,True,True,True,False,False,False,True,True
OCM,ReqHdng,OCM,OCM,1,True,True,True,True,False,False,False,True,True
OCM,ReqMOM,OCM,OCM,1,True,True,True,True,False,False,False,True,True
OCM,ReqOCM,OCM,OCM,1,True,True,True,True,False,False,False,True,True
OCM,EndTask,OCM,OCM,1,True,True,True,True,False,False,False,True,True
OCM,ReqHCM,OCM,OCM,1,True,True,True,True,False,False,False,True,True
OCM,tick,OCM,OCM,1,True,True,True,True,False,False,False,True,True
MOM,ReqVel,CAM,CAM,1,True,True,True,True,False,False,False,True,True
MOM,ReqHdng,CAM,CAM,1,True,True,True,True,False,False,False,True,True
MOM,ReqMOM,CAM,CAM,1,True,True,True,True,False,False,False,True,True
MOM,ReqOCM,CAM,CAM|OCM,2,False,True,True,True,False,False,False,True,True
MOM,EndTask,CAM,CAM|OCM,2,False,True,True,True,False,False,False,True,True
MOM,ReqHCM,CAM,CAM|HCM,2,False,True,True,True,False,False,False,True,True
MOM,tick,CAM,CAM,1,True,True,True,True,False,False,False,True,True
HCM,ReqVel,CAM,CAM,1,True,True,True,True,False,False,False,True,True
HCM,ReqHdng,CAM,CAM,1,True,True,True,True,False,False,False,True,True
HCM,ReqMOM,CAM,CAM,1,True,True,True,True,False,False,False,True,True
HCM,ReqOCM,CAM,CAM|OCM,2,False,True,True,True,False,False,False,True,True
HCM,EndTask,CAM,CAM,1,True,True,True,True,False,False,False,True,True
HCM,ReqHCM,CAM,CAM,1,True,True,True,True,False,False,False,True,True
HCM,tick,CAM,CAM,1,True,True,True,True,False,False,False,True,True
CAM,ReqVel,OCM,OCM,1,True,True,True,True,False,False,False,True,True
CAM,ReqHdng,OCM,OCM,1,True,True,True,True,False,False,False,True,True
CAM,ReqMOM,OCM,OCM,1,True,True,True,True,False,False,False,True,True
CAM,ReqOCM,OCM,OCM,1,True,True,True,True,False,False,False,True,True
CAM,EndTask,OCM,OCM,1,True,True,True,True,False,False,False,True,True
CAM,ReqHCM,OCM,OCM,1,True,True,True,True,False,False,False,True,True
CAM,tick,OCM,OCM,1,True,True,True,True,False,False,False,True,True
OCM,ReqVel,OCM,OCM,1,True,True,True,True,False,False,True,False,False
OCM,ReqHdng,OCM,OCM,1,True,True,True,True,False,False,True,False,False
OCM,ReqMOM,OCM,OCM,1,True,True,True,True,False,False,True,False,False
OCM,ReqOCM,OCM,OCM,1,True,True,True,True,False,False,True,False,False
OCM,EndTask,OCM,OCM,1,True,True,True,True,False,False,True,False,False
OCM,ReqHCM,OCM,OCM,1,True,True,True,True,False,False,True,False,False
OCM,tick,OCM,OCM,1,True,True,True,True,False,False,True,False,False
MOM,ReqVel,CAM,CAM,1,True,True,True,True,False,False,True,False,False
MOM,ReqHdng,CAM,CAM,1,True,True,True,True,False,False,True,False,False
MOM,ReqMOM,CAM,CAM,1,True,True,True,True,False,False,True,False,False
MOM,ReqOCM,CAM,CAM|OCM,2,False,True,True,True,False,False,True,False,False
MOM,EndTask,CAM,CAM|OCM,2,False,True,True,True,False,False,True,False,False
MOM,ReqHCM,CAM,CAM|HCM,2,False,True,True,True,False,False,True,False,False
MOM,tick,CAM,CAM,1,True,True,True,True,False,False,True,False,False
HCM,ReqVel,CAM,CAM,1,True,True,True,True,False,False,True,False,False
HCM,ReqHdng,CAM,CAM,1,True,True,True,True,False,False,True,False,False
HCM,ReqMOM,CAM,CAM,1,True,True,True,True,False,False,True,False,False
HCM,ReqOCM,CAM,CAM|OCM,2,False,True,True,True,False,False,True,False,False
HCM,EndTask,CAM,CAM,1,True,True,True,True,False,False,True,False,False
HCM,ReqHCM,CAM,CAM,1,True,True,True,True,False,False,True,False,False
HCM,tick,CAM,CAM,1,True,True,True,True,False,False,True,False,False
CAM,ReqVel,CAM,CAM,1,True,True,True,True,False,False,True,False,False
CAM,ReqHdng,CAM,CAM,1,True,True,True,True,False,False,True,False,False
CAM,ReqMOM,CAM,CAM,1,True,True,True,True,False,False,True,False,False
CAM,ReqOCM,OCM,OCM,1,True,True,True,True,False,False,True,False,False
CAM,EndTask,CAM,CAM,1,True,True,True,True,False,False,True,False,False
CAM,ReqHCM,CAM,CAM,1,True,True,True,True,False,False,True,False,False
CAM,tick,CAM,CAM,1,True,True,True,True,False,False,True,False,False
OCM,ReqVel,OCM,OCM,1,True,True,True,True,False,False,True,False,True
OCM,ReqHdng,OCM,OCM,1,True,True,True,True,False,False,True,False,True
OCM,ReqMOM,OCM,OCM,1,True,True,True,True,False,False,True,False,True
OCM,ReqOCM,OCM,OCM,1,True,True,True,True,False,False,True,False,True
OCM,EndTask,OCM,OCM,1,True,True,True,True,False,False,True,False,True
OCM,ReqHCM,OCM,OCM,1,True,True,True,True,False,False,True,False,True
OCM,tick,OCM,OCM,1,True,True,True,True,False,False,True,False,True
MOM,ReqVel,CAM,CAM,1,True,True,True,True,False,False,True,False,True
MOM,ReqHdng,CAM,CAM,1,True,True,True,True,False,False,True,False,True
MOM,ReqMOM,CAM,CAM,1,True,True,True,True,False,False,True,False,True
MOM,ReqOCM,CAM,CAM|OCM,2,False,True,True,True,False,False,True,False,True
MOM,EndTask,CAM,CAM|OCM,2,False,True,True,True,False,False,True,False,True
MOM,ReqHCM,CAM,CAM|HCM,2,False,True,True,True,False,False,True,False,True
MOM,tick,CAM,CAM,1,True,True,True,True,False,False,True,False,True
HCM,ReqVel,CAM,CAM,1,True,True,True,True,False,False,True,False,True
HCM,ReqHdng,CAM,CAM,1,True,True,True,True,False,False,True,False,True
HCM,ReqMOM,CAM,CAM,1,True,True,True,True,False,False,True,False,True
HCM,ReqOCM,CAM,CAM|OCM,2,False,True,True,True,False,False,True,False,True
HCM,EndTask,CAM,CAM,1,True,True,True,True,False,False,True,False,True
HCM,ReqHCM,CAM,CAM,1,True,True,True,True,False,False,True,False,True
HCM,tick,CAM,CAM,1,True,True,True,True,False,False,True,False,True
CAM,ReqVel,OCM,OCM,1,True,True,True,True,False,False,True,False,True
CAM,ReqHdng,OCM,OCM,1,True,True,True,True,False,False,True,False,True
CAM,ReqMOM,OCM,OCM,1,True,True,True,True,False,False,True,False,True
CAM,ReqOCM,OCM,OCM,1,True,True,True,True,False,False,True,False,True
CAM,EndTask,OCM,OCM,1,True,True,True,True,False,False,True,False,True
CAM,ReqHCM,OCM,OCM,1,True,True,True,True,False,False,True,False,True
CAM,tick,OCM,OCM,1,True,True,True,True,False,False,True,False,True
OCM,ReqVel,OCM,OCM,1,True,True,True,True,False,False,True,True,False
OCM,ReqHdng,OCM,OCM,1,True,True,True,True,False,False,True,True,False
OCM,ReqMOM,OCM,OCM,1,True,True,True,True,False,False,True,True,False
OCM,ReqOCM,OCM,OCM,1,True,True,True,True,False,False,True,True,False
OCM,EndTask,OCM,OCM,1,True,True,True,True,False,False,True,True,False
OCM,ReqHCM,OCM,OCM,1,True,True,True,True,False,False,True,True,False
OCM,tick,OCM,OCM,1,True,True,True,True,False,False,True,True,False
MOM,ReqVel,CAM,CAM,1,True,True,True,True,False,False,True,True,False
MOM,ReqHdng,CAM,CAM,1,True,True,True,True,False,False,True,True,False
MOM,ReqMOM,CAM,CAM,1,True,True,True,True,False,False,True,True,False
MOM,ReqOCM,CAM,CAM|OCM,2,False,True,True,True,False,False,True,True,False
MOM,EndTask,CAM,CAM|OCM,2,False,True,True,True,False,False,True,True,False
MOM,ReqHCM,CAM,CAM|HCM,2,False,True,True,True,False,False,True,True,False
MOM,tick,CAM,CAM,1,True,True,True,True,False,False,True,True,False
HCM,ReqVel,CAM,CAM,1,True,True,True,True,False,False,True,True,False
HCM,ReqHdng,CAM,CAM,1,True,True,True,True,False,False,True,True,False
HCM,ReqMOM,CAM,CAM,1,True,True,True,True,False,False,True,True,False
HCM,ReqOCM,CAM,CAM|OCM,2,False,True,True,True,False,False,True,True,False
HCM,EndTask,CAM,CAM,1,True,True,True,True,False,False,True,True,False
HCM,ReqHCM,CAM,CAM,1,True,True,True,True,False,False,True,True,False
HCM,tick,CAM,CAM,1,True,True,True,True,False,False,True,True,False
CAM,ReqVel,CAM,CAM,1,True,True,True,True,False,False,True,True,False
CAM,ReqHdng,CAM,CAM,1,True,True,True,True,False,False,True,True,False
CAM,ReqMOM,CAM,CAM,1,True,True,True,True,False,False,True,True,False
CAM,ReqOCM,OCM,OCM,1,True,True,True,True,False,False,True,True,False
CAM,EndTask,CAM,CAM,1,True,True,True,True,False,False,True,True,False
CAM,ReqHCM,CAM,CAM,1,True,True,True,True,False,False,True,True,False
CAM,tick,CAM,CAM,1,True,True,True,True,False,False,True,True,False
OCM,ReqVel,OCM,OCM,1,True,True,True,True,False,False,True,True,True
OCM,ReqHdng,OCM,OCM,1,True,True,True,True,False,False,True,True,True
OCM,ReqMOM,OCM,OCM,1,True,True,True,True,False,False,True,True,True
OCM,ReqOCM,OCM,OCM,1,True,True,True,True,False,False,True,True,True
OCM,EndTask,OCM,OCM,1,True,True,True,True,False,False,True,True,True
OCM,ReqHCM,OCM,OCM,1,True,True,True,True,False,False,True,True,True
OCM,tick,OCM,OCM,1,True,True,True,True,False,False,True,True,True
MOM,ReqVel,CAM,CAM,1,True,True,True,True,False,False,True,True,True
MOM,ReqHdng,CAM,CAM,1,True,True,True,True,False,False,True,True,True
MOM,ReqMOM,CAM,CAM,1,True,True,True,True,False,False,True,True,True
MOM,ReqOCM,CAM,CAM|OCM,2,False,True,True,True,False,False,True,True,True
MOM,EndTask,CAM,CAM|OCM,2,False,True,True,True,False,False,True,True,True
MOM,ReqHCM,CAM,CAM|HCM,2,False,True,True,True,False,False,True,True,True
MOM,tick,CAM,CAM,1,True,True,True,True,False,False,True,True,True
HCM,ReqVel,CAM,CAM,1,True,True,True,True,False,False,True,True,True
HCM,ReqHdng,CAM,CAM,1,True,True,True,True,False,False,True,True,True
HCM,ReqMOM,CAM,CAM,1,True,True,True,True,False,False,True,True,True
HCM,ReqOCM,CAM,CAM|OCM,2,False,True,True,True,False,False,True,True,True
HCM,EndTask,CAM,CAM,1,True,True,True,True,False,False,True,True,True
HCM,ReqHCM,CAM,CAM,1,True,True,True,True,False,False,True,True,True
HCM,tick,CAM,CAM,1,True,True,True,True,False,False,True,True,True
CAM,ReqVel,OCM,OCM,1,True,True,True,True,False,False,True,True,True
CAM,ReqHdng,OCM,OCM,1,True,True,True,True,False,False,True,True,True
CAM,ReqMOM,OCM,OCM,1,True,True,True,True,False,False,True,True,True
CAM,ReqOCM,OCM,OCM,1,True,True,True,True,False,False,True,True,True
CAM,EndTask,OCM,OCM,1,True,True,True,True,False,False,True,True,True
CAM,ReqHCM,OCM,OCM,1,True,True,True,True,False,False,True,True,True
CAM,tick,OCM,OCM,1,True,True,True,True,False,False,True,True,True
OCM,ReqVel,OCM,OCM,1,True,True,True,True,False,True,False,False,False
OCM,ReqHdng,OCM,OCM,1,True,True,True,True,False,True,False,False,False
OCM,ReqMOM,OCM,OCM,1,True,True,True,True,False,True,False,False,False
OCM,ReqOCM,OCM,OCM,1,True,True,True,True,False,True,False,False,False
OCM,EndTask,OCM,OCM,1,True,True,True,True,False,True,False,False,False
OCM,ReqHCM,OCM,OCM,1,True,True,True,True,False,True,False,False,False
OCM,tick,OCM,OCM,1,True,True,True,True,False,True,False,False,False
MOM,ReqVel,CAM,CAM,1,True,True,True,True,False,True,False,False,False
MOM,ReqHdng,CAM,CAM,1,True,True,True,True,False,True,False,False,False
MOM,ReqMOM,CAM,CAM,1,True,True,True,True,False,True,False,False,False
MOM,ReqOCM,CAM,CAM|OCM,2,False,True,True,True,False,True,False,False,False
MOM,EndTask,CAM,CAM|OCM,2,False,True,True,True,False,True,False,False,False
MOM,ReqHCM,CAM,CAM|HCM,2,False,True,True,True,False,True,False,False,False
MOM,tick,CAM,CAM,1,True,True,True,True,False,True,False,False,False
HCM,ReqVel,CAM,CAM,1,True,True,True,True,False,True,False,False,False
HCM,ReqHdng,CAM,CAM,1,True,True,True,True,False,True,False,False,False
HCM,ReqMOM,CAM,CAM,1,True,True,True,True,False,True,False,False,False
HCM,ReqOCM,CAM,CAM|OCM,2,False,True,True,True,False,True,False,False,False
HCM,EndTask,CAM,CAM,1,True,True,True,True,False,True,False,False,False
HCM,ReqHCM,CAM,CAM,1,True,True,True,True,False,True,False,False,False
HCM,tick,CAM,CAM,1,True,True,True,True,False,True,False,False,False
CAM,ReqVel,CAM,CAM,1,True,True,True,True,False,True,False,False,False
CAM,ReqHdng,CAM,CAM,1,True,True,True,True,False,True,False,False,False
CAM,ReqMOM,CAM,CAM,1,True,True,True,True,False,True,False,False,False
CAM,ReqOCM,OCM,OCM,1,True,True,True,True,False,True,False,False,False
CAM,EndTask,CAM,CAM,1,True,True,True,True,False,True,False,False,False
CAM,ReqHCM,CAM,CAM,1,True,True,True,True,False,True,False,False,False
CAM,tick,CAM,CAM,1,True,True,True,True,False,True,False,False,False
OCM,ReqVel,OCM,OCM,1,True,True,True,True,False,True,False,False,True
OCM,ReqHdng,OCM,OCM,1,True,True,True,True,False,True,False,False,True
OCM,ReqMOM,OCM,OCM,1,True,True,True,True,False,True,False,False,True
OCM,ReqOCM,OCM,OCM,1,True,True,True,True,False,True,False,False,True
OCM,EndTask,OCM,OCM,1,True,True,True,True,False,True,False,False,True
OCM,ReqHCM,OCM,OCM,1,True,True,True,True,False,True,False,False,True
OCM,tick,OCM,OCM,1,True,True,True,True,False,True,False,False,True
MOM,ReqVel,CAM,CAM,1,True,True,True,True,False,True,False,False,True
MOM,ReqHdng,CAM,CAM,1,True,True,True,True,False,True,False,False,True
MOM,ReqMOM,CAM,CAM,1,True,True,True,True,False,True,False,False,True
MOM,ReqOCM,CAM,CAM|OCM,2,False,True,True,True,False,True,False,False,True
MOM,EndTask,CAM,CAM|OCM,2,False,True,True,True,False,True,False,False,True
MOM,ReqHCM,CAM,CAM|HCM,2,False,True,True,True,False,True,False,False,True
MOM,tick,CAM,CAM,1,True,True,True,True,False,True,False,False,True
HCM,ReqVel,CAM,CAM,1,True,True,True,True,False,True,False,False,True
HCM,ReqHdng,CAM,CAM,1,True,True,True,True,False,True,False,False,True
HCM,ReqMOM,CAM,CAM,1,True,True,True,True,False,True,False,False,True
HCM,ReqOCM,CAM,CAM|OCM,2,False,True,True,True,False,True,False,False,True
HCM,EndTask,CAM,CAM,1,True,True,True,True,False,True,False,False,True
HCM,ReqHCM,CAM,CAM,1,True,True,True,True,False,True,False,False,True
HCM,tick,CAM,CAM,1,True,True,True,True,False,True,False,False,True
CAM,ReqVel,OCM,OCM,1,True,True,True,True,False,True,False,False,True
CAM,ReqHdng,OCM,OCM,1,True,True,True,True,False,True,False,False,True
CAM,ReqMOM,OCM,OCM,1,True,True,True,True,False,True,False,False,True
CAM,ReqOCM,OCM,OCM,1,True,True,True,True,False,True,False,False,True
CAM,EndTask,OCM,OCM,1,True,True,True,True,False,True,False,False,True
CAM,ReqHCM,OCM,OCM,1,True,True,True,True,False,True,False,False,True
CAM,tick,OCM,OCM,1,True,True,True,True,False,True,False,False,True
OCM,ReqVel,OCM,OCM,1,True,True,True,True,False,True,False,True,False
OCM,ReqHdng,OCM,OCM,1,True,True,True,True,False,True,False,True,False
OCM,ReqMOM,OCM,OCM,1,True,True,True,True,False,True,False,True,False
OCM,ReqOCM,OCM,OCM,1,True,True,True,True,False,True,False,True,False
OCM,EndTask,OCM,OCM,1,True,True,True,True,False,True,False,True,False
OCM,ReqHCM,OCM,OCM,1,True,True,True,True,False,True,False,True,False
OCM,tick,OCM,OCM,1,True,True,True,True,False,True,False,True,False
MOM,ReqVel,CAM,CAM,1,True,True,True,True,False,True,False,True,False
MOM,ReqHdng,CAM,CAM,1,True,True,True,True,False,True,False,True,False
MOM,ReqMOM,CAM,CAM,1,True,True,True,True,False,True,False,True,False
MOM,ReqOCM,CAM,CAM|OCM,2,False,True,True,True,False,True,False,True,False
MOM,EndTask,CAM,CAM|OCM,2,False,True,True,True,False,True,False,True,False
MOM,ReqHCM,CAM,CAM|HCM,2,False,True,True,True,False,True,False,True,False
MOM,tick,CAM,CAM,1,True,True,True,True,False,True,False,True,False
HCM,ReqVel,CAM,CAM,1,True,True,True,True,False,True,False,True,False
HCM,ReqHdng,CAM,CAM,1,True,True,True,True,False,True,False,True,False
HCM,ReqMOM,CAM,CAM,1,True,True,True,True,False,True,False,True,False
HCM,ReqOCM,CAM,CAM|OCM,2,False,True,True,True,False,True,False,True,False
HCM,EndTask,CAM,CAM,1,True,True,True,True,False,True,False,True,False
HCM,ReqHCM,CAM,CAM,1,True,True,True,True,False,True,False,True,False
HCM,tick,CAM,CAM,1,True,True,True,True,False,True,False,True,False
CAM,ReqVel,CAM,CAM,1,True,True,True,True,False,True,False,True,False
CAM,ReqHdng,CAM,CAM,1,True,True,True,True,False,True,False,True,False
CAM,ReqMOM,CAM,CAM,1,True,True,True,True,False,True,False,True,False
CAM,ReqOCM,OCM,OCM,1,True,True,True,True,False,True,False,True,False
CAM,EndTask,CAM,CAM,1,True,True,True,True,False,True,False,True,False
CAM,ReqHCM,CAM,CAM,1,True,True,True,True,False,True,False,True,False
CAM,tick,CAM,CAM,1,True,True,True,True,False,True,False,True,False
OCM,ReqVel,OCM,OCM,1,True,True,True,True,False,True,False,True,True
OCM,ReqHdng,OCM,OCM,1,True,True,True,True,False,True,False,True,True
OCM,ReqMOM,OCM,OCM,1,True,True,True,True,False,True,False,True,True
OCM,ReqOCM,OCM,OCM,1,True,True,True,True,False,True,False,True,True
OCM,EndTask,OCM,OCM,1,True,True,True,True,False,True,False,True,True
OCM,ReqHCM,OCM,OCM,1,True,True,True,True,False,True,False,True,True
OCM,tick,OCM,OCM,1,True,True,True,True,False,True,False,True,True
MOM,ReqVel,CAM,CAM,1,True,True,True,True,False,True,False,True,True
MOM,ReqHdng,CAM,CAM,1,True,True,True,True,False,True,False,True,True
MOM,ReqMOM,CAM,CAM,1,True,True,True,True,False,True,False,True,True
MOM,ReqOCM,CAM,CAM|OCM,2,False,True,True,True,False,True,False,True,True
MOM,EndTask,CAM,CAM|OCM,2,False,True,True,True,False,True,False,True,True
MOM,ReqHCM,CAM,CAM|HCM,2,False,True,True,True,False,True,False,True,True
MOM,tick,CAM,CAM,1,True,True,True,True,False,True,False,True,True
HCM,ReqVel,CAM,CAM,1,True,True,True,True,False,True,False,True,True
HCM,ReqHdng,CAM,CAM,1,True,True,True,True,False,True,False,True,True
HCM,ReqMOM,CAM,CAM,1,True,True,True,True,False,True,False,True,True
HCM,ReqOCM,CAM,CAM|OCM,2,False,True,True,True,False,True,False,True,True
HCM,EndTask,CAM,CAM,1,True,True,True,True,False,True,False,True,True
HCM,ReqHCM,CAM,CAM,1,True,True,True,True,False,True,False,True,True
HCM,tick,CAM,CAM,1,True,True,True,True,False,True,False,True,True
CAM,ReqVel,OCM,OCM,1,True,True,True,True,False,True,False,True,True
CAM,ReqHdng,OCM,OCM,1,True,True,True,True,False,True,False,True,True
CAM,ReqMOM,OCM,OCM,1,True,True,True,True,False,True,False,True,True
CAM,ReqOCM,OCM,OCM,1,True,True,True,True,False,True,False,True,True
CAM,EndTask,OCM,OCM,1,True,True,True,True,False,True,False,True,True
CAM,ReqHCM,OCM,OCM,1,True,True,True,True,False,True,False,True,True
CAM,tick,OCM,OCM,1,True,True,True,True,False,True,False,True,True
OCM,ReqVel,OCM,OCM,1,True,True,True,True,False,True,True,False,False
OCM,ReqHdng,OCM,OCM,1,True,True,True,True,False,True,True,False,False
OCM,ReqMOM,OCM,OCM,1,True,True,True,True,False,True,True,False,False
OCM,ReqOCM,OCM,OCM,1,True,True,True,True,False,True,True,False,False
OCM,EndTask,OCM,OCM,1,True,True,True,True,False,True,True,False,False
OCM,ReqHCM,OCM,OCM,1,True,True,True,True,False,True,True,False,False
OCM,tick,OCM,OCM,1,True,True,True,True,False,True,True,False,False
MOM,ReqVel,CAM,CAM,1,True,True,True,True,False,True,True,False,False
MOM,ReqHdng,CAM,CAM,1,True,True,True,True,False,True,True,False,False
MOM,ReqMOM,CAM,CAM,1,True,True,True,True,False,True,True,False,False
MOM,ReqOCM,CAM,CAM|OCM,2,False,True,True,True,False,True,True,False,False
MOM,EndTask,CAM,CAM|OCM,2,False,True,True,True,False,True,True,False,False
MOM,ReqHCM,CAM,CAM|HCM,2,False,True,True,True,False,True,True,False,False
MOM,tick,CAM,CAM,1,True,True,True,True,False,True,True,False,False
HCM,ReqVel,CAM,CAM,1,True,True,True,True,False,True,True,False,False
HCM,ReqHdng,CAM,CAM,1,True,True,True,True,False,True,True,False,False
HCM,ReqMOM,CAM,CAM,1,True,True,True,True,False,True,True,False,False
HCM,ReqOCM,CAM,CAM|OCM,2,False,True,True,True,False,True,True,False,False
HCM,EndTask,CAM,CAM,1,True,True,True,True,False,True,True,False,False
HCM,ReqHCM,CAM,CAM,1,True,True,True,True,False,True,True,False,False
HCM,tick,CAM,CAM,1,True,True,True,True,False,True,True,False,False
CAM,ReqVel,CAM,CAM,1,True,True,True,True,False,True,True,False,False
CAM,ReqHdng,CAM,CAM,1,True,True,True,True,False,True,True,False,False
CAM,ReqMOM,CAM,CAM,1,True,True,True,True,False,True,True,False,False
CAM,ReqOCM,OCM,OCM,1,True,True,True,True,False,True,True,False,False
CAM,EndTask,CAM,CAM,1,True,True,True,True,False,True,True,False,False
CAM,ReqHCM,CAM,CAM,1,True,True,True,True,False,True,True,False,False
CAM,tick,CAM,CAM,1,True,True,True,True,False,True,True,False,False
OCM,ReqVel,OCM,OCM,1,True,True,True,True,False,True,True,False,True
OCM,ReqHdng,OCM,OCM,1,True,True,True,True,False,True,True,False,True
OCM,ReqMOM,OCM,OCM,1,True,True,True,True,False,True,True,False,True
OCM,ReqOCM,OCM,OCM,1,True,True,True,True,False,True,True,False,True
OCM,EndTask,OCM,OCM,1,True,True,True,True,False,True,True,False,True
OCM,ReqHCM,OCM,OCM,1,True,True,True,True,False,True,True,False,True
OCM,tick,OCM,OCM,1,True,True,True,True,False,True,True,False,True
MOM,ReqVel,CAM,CAM,1,True,True,True,True,False,True,True,False,True
MOM,ReqHdng,CAM,CAM,1,True,True,True,True,False,True,True,False,True
MOM,ReqMOM,CAM,CAM,1,True,True,True,True,False,True,True,False,True
MOM,ReqOCM,CAM,CAM|OCM,2,False,True,True,True,False,True,True,False,True
MOM,EndTask,CAM,CAM|OCM,2,False,True,True,True,False,True,True,False,True
MOM,ReqHCM,CAM,CAM|HCM,2,False,True,True,True,False,True,True,False,True
MOM,tick,CAM,CAM,1,True,True,True,True,False,True,True,False,True
HCM,ReqVel,CAM,CAM,1,True,True,True,True,False,True,True,False,True
HCM,ReqHdng,CAM,CAM,1,True,True,True,True,False,True,True,False,True
HCM,ReqMOM,CAM,CAM,1,True,True,True,True,False,True,True,False,True
HCM,ReqOCM,CAM,CAM|OCM,2,False,True,True,True,False,True,True,False,True
HCM,EndTask,CAM,CAM,1,True,True,True,True,False,True,True,False,True
HCM,ReqHCM,CAM,CAM,1,True,True,True,True,False,True,True,False,True
HCM,tick,CAM,CAM,1,True,True,True,True,False,True,True,False,True
CAM,ReqVel,OCM,OCM,1,True,True,True,True,False,True,True,False,True
CAM,ReqHdng,OCM,OCM,1,True,True,True,True,False,True,True,False,True
CAM,ReqMOM,OCM,OCM,1,True,True,True,True,False,True,True,False,True
CAM,ReqOCM,OCM,OCM,1,True,True,True,True,False,True,True,False,True
CAM,EndTask,OCM,OCM,1,True,True,True,True,False,True,True,False,True
CAM,ReqHCM,OCM,OCM,1,True,True,True,True,False,True,True,False,True
CAM,tick,OCM,OCM,1,True,True,True,True,False,True,True,False,True
OCM,ReqVel,OCM,OCM,1,True,True,True,True,False,True,True,True,False
OCM,ReqHdng,OCM,OCM,1,True,True,True,True,False,True,True,True,False
OCM,ReqMOM,OCM,OCM,1,True,True,True,True,False,True,True,True,False
OCM,ReqOCM,OCM,OCM,1,True,True,True,True,False,True,True,True,False
OCM,EndTask,OCM,OCM,1,True,True,True,True,False,True,True,True,False
OCM,ReqHCM,OCM,OCM,1,True,True,True,True,False,True,True,True,False
OCM,tick,OCM,OCM,1,True,True,True,True,False,True,True,True,False
MOM,ReqVel,CAM,CAM,1,True,True,True,True,False,True,True,True,False
MOM,ReqHdng,CAM,CAM,1,True,True,True,True,False,True,True,True,False
MOM,ReqMOM,CAM,CAM,1,True,True,True,True,False,True,True,True,False
MOM,ReqOCM,CAM,CAM|OCM,2,False,True,True,True,False,True,True,True,False
MOM,EndTask,CAM,CAM|OCM,2,False,True,True,True,False,True,True,True,False
MOM,ReqHCM,CAM,CAM|HCM,2,False,True,True,True,False,True,True,True,False
MOM,tick,CAM,CAM,1,True,True,True,True,False,True,True,True,False
HCM,ReqVel,CAM,CAM,1,True,True,True,True,False,True,True,True,False
HCM,ReqHdng,CAM,CAM,1,True,True,True,True,False,True,True,True,False
HCM,ReqMOM,CAM,CAM,1,True,True,True,True,False,True,True,True,False
HCM,ReqOCM,CAM,CAM|OCM,2,False,True,True,True,False,True,True,True,False
HCM,EndTask,CAM,CAM,1,True,True,True,True,False,True,True,True,False
HCM,ReqHCM,CAM,CAM,1,True,True,True,True,False,True,True,True,False
HCM,tick,CAM,CAM,1,True,True,True,True,False,True,True,True,False
CAM,ReqVel,CAM,CAM,1,True,True,True,True,False,True,True,True,False
CAM,ReqHdng,CAM,CAM,1,True,True,True,True,False,True,True,True,False
CAM,ReqMOM,CAM,CAM,1,True,True,True,True,False,True,True,True,False
CAM,ReqOCM,OCM,OCM,1,True,True,True,True,False,True,True,True,False
CAM,EndTask,CAM,CAM,1,True,True,True,True,False,True,True,True,False
CAM,ReqHCM,CAM,CAM,1,True,True,True,True,False,True,True,True,False
CAM,tick,CAM,CAM,1,True,True,True,True,False,True,True,True,False
OCM,ReqVel,OCM,OCM,1,True,True,True,True,False,True,True,True,True
OCM,ReqHdng,OCM,OCM,1,True,True,True,True,False,True,True,True,True
OCM,ReqMOM,OCM,OCM,1,True,True,True,True,False,True,True,True,True
OCM,ReqOCM,OCM,OCM,1,True,True,True,True,False,True,True,True,True
OCM,EndTask,OCM,OCM,1,True,True,True,True,False,True,True,True,True
OCM,ReqHCM,OCM,OCM,1,True,True,True,True,False,True,True,True,True
OCM,tick,OCM,OCM,1,True,True,True,True,False,True,True,True,True
MOM,ReqVel,CAM,CAM,1,True,True,True,True,False,True,True,True,True
MOM,ReqHdng,CAM,CAM,1,True,True,True,True,False,True,True,True,True
MOM,ReqMOM,CAM,CAM,1,True,True,True,True,False,True,True,True,True
MOM,ReqOCM,CAM,CAM|OCM,2,False,True,True,True,False,True,True,True,True
MOM,EndTask,CAM,CAM|OCM,2,False,True,True,True,False,True,True,True,True
MOM,ReqHCM,CAM,CAM|HCM,2,False,True,True,True,False,True,True,True,True
MOM,tick,CAM,CAM,1,True,True,True,True,False,True,True,True,True
HCM,ReqVel,CAM,CAM,1,True,True,True,True,False,True,True,True,True
HCM,ReqHdng,CAM,CAM,1,True,True,True,True,False,True,True,True,True
HCM,ReqMOM,CAM,CAM,1,True,True,True,True,False,True,True,True,True
HCM,ReqOCM,CAM,CAM|OCM,2,False,True,True,True,False,True,True,True,True
HCM,EndTask,CAM,CAM,1,True,True,True,True,False,True,True,True,True
HCM,ReqHCM,CAM,CAM,1,True,True,True,True,False,True,True,True,True
HCM,tick,CAM,CAM,1,True,True,True,True,False,True,True,True,True
CAM,ReqVel,OCM,OCM,1,True,True,True,True,False,True,True,True,True
CAM,ReqHdng,OCM,OCM,1,True,True,True,True,False,True,True,True,True
CAM,ReqMOM,OCM,OCM,1,True,True,True,True,False,True,True,True,True
CAM,ReqOCM,OCM,OCM,1,True,True,True,True,False,True,True,True,True
CAM,EndTask,OCM,OCM,1,True,True,True,True,False,True,True,True,True
CAM,ReqHCM,OCM,OCM,1,True,True,True,True,False,True,True,True,True
CAM,tick,OCM,OCM,1,True,True,True,True,False,True,True,True,True
OCM,ReqVel,OCM,OCM,1,True,True,True,True,True,False,False,False,False
OCM,ReqHdng,OCM,OCM,1,True,True,True,True,True,False,False,False,False
OCM,ReqMOM,OCM,OCM,1,True,True,True,True,True,False,False,False,False
OCM,ReqOCM,OCM,OCM,1,True,True,True,True,True,False,False,False,False
OCM,EndTask,OCM,OCM,1,True,True,True,True,True,False,False,False,False
OCM,ReqHCM,OCM,OCM,1,True,True,True,True,True,False,False,False,False
OCM,tick,OCM,OCM,1,True,True,True,True,True,False,False,False,False
MOM,ReqVel,CAM,CAM,1,True,True,True,True,True,False,False,False,False
MOM,ReqHdng,CAM,CAM,1,True,True,True,True,True,False,False,False,False
MOM,ReqMOM,CAM,CAM,1,True,True,True,True,True,False,False,False,False
MOM,ReqOCM,CAM,CAM|OCM,2,False,True,True,True,True,False,False,False,False
MOM,EndTask,CAM,CAM|OCM,2,False,True,True,True,True,False,False,False,False
MOM,ReqHCM,CAM,CAM|HCM,2,False,True,True,True,True,False,False,False,False
MOM,tick,CAM,CAM,1,True,True,True,True,True,False,False,False,False
HCM,ReqVel,CAM,CAM,1,True,True,True,True,True,False,False,False,False
HCM,ReqHdng,CAM,CAM,1,True,True,True,True,True,False,False,False,False
HCM,ReqMOM,CAM,CAM,1,True,True,True,True,True,False,False,False,False
HCM,ReqOCM,CAM,CAM|OCM,2,False,True,True,True,True,False,False,False,False
HCM,EndTask,CAM,CAM,1,True,True,True,True,True,False,False,False,False
HCM,ReqHCM,CAM,CAM,1,True,True,True,True,True,False,False,False,False
HCM,tick,CAM,CAM,1,True,True,True,True,True,False,False,False,False
CAM,ReqVel,CAM,CAM,1,True,True,True,True,True,False,False,False,False
CAM,ReqHdng,CAM,CAM,1,True,True,True,True,True,False,False,False,False
CAM,ReqMOM,CAM,CAM,1,True,True,True,True,True,False,False,False,False
CAM,ReqOCM,OCM,OCM,1,True,True,True,True,True,False,False,False,False
CAM,EndTask,CAM,CAM,1,True,True,True,True,True,False,False,False,False
CAM,ReqHCM,CAM,CAM,1,True,True,True,True,True,False,False,False,False
CAM,tick,CAM,CAM,1,True,True,True,True,True,False,False,False,False
OCM,ReqVel,OCM,OCM,1,True,True,True,True,True,False,False,False,True
OCM,ReqHdng,OCM,OCM,1,True,True,True,True,True,False,False,False,True
OCM,ReqMOM,OCM,OCM,1,True,True,True,True,True,False,False,False,True
OCM,ReqOCM,OCM,OCM,1,True,True,True,True,True,False,False,False,True
OCM,EndTask,OCM,OCM,1,True,True,True,True,True,False,False,False,True
OCM,ReqHCM,OCM,OCM,1,True,True,True,True,True,False,False,False,True
OCM,tick,OCM,OCM,1,True,True,True,True,True,False,False,False,True
MOM,ReqVel,CAM,CAM,1,True,True,True,True,True,False,False,False,True
MOM,ReqHdng,CAM,CAM,1,True,True,True,True,True,False,False,False,True
MOM,ReqMOM,CAM,CAM,1,True,True,True,True,True,False,False,False,True
MOM,ReqOCM,CAM,CAM|OCM,2,False,True,True,True,True,False,False,False,True
MOM,EndTask,CAM,CAM|OCM,2,False,True,True,True,True,False,False,False,True
MOM,ReqHCM,CAM,CAM|HCM,2,False,True,True,True,True,False,False,False,True
MOM,tick,CAM,CAM,1,True,True,True,True,True,False,False,False,True
HCM,ReqVel,CAM,CAM,1,True,True,True,True,True,False,False,False,True
HCM,ReqHdng,CAM,CAM,1,True,True,True,True,True,False,False,False,True
HCM,ReqMOM,CAM,CAM,1,True,True,True,True,True,False,False,False,True
HCM,ReqOCM,CAM,CAM|OCM,2,False,True,True,True,True,False,False,False,True
HCM,EndTask,CAM,CAM,1,True,True,True,True,True,False,False,False,True
HCM,ReqHCM,CAM,CAM,1,True,True,True,True,True,False,False,False,True
HCM,tick,CAM,CAM,1,True,True,True,True,True,False,False,False,True
CAM,ReqVel,OCM,OCM,1,True,True,True,True,True,False,False,False,True
CAM,ReqHdng,OCM,OCM,1,True,True,True,True,True,False,False,False,True
CAM,ReqMOM,OCM,OCM,1,True,True,True,True,True,False,False,False,True
CAM,ReqOCM,OCM,OCM,1,True,True,True,True,True,False,False,False,True
CAM,EndTask,OCM,OCM,1,True,True,True,True,True,False,False,False,True
CAM,ReqHCM,OCM,OCM,1,True,True,True,True,True,False,False,False,True
CAM,tick,OCM,OCM,1,True,True,True,True,True,False,False,False,True
OCM,ReqVel,OCM,OCM,1,True,True,True,True,True,False,False,True,False
OCM,ReqHdng,OCM,OCM,1,True,True,True,True,True,False,False,True,False
OCM,ReqMOM,OCM,OCM,1,True,True,True,True,True,False,False,True,False
OCM,ReqOCM,OCM,OCM,1,True,True,True,True,True,False,False,True,False
OCM,EndTask,OCM,OCM,1,True,True,True,True,True,False,False,True,False
OCM,ReqHCM,OCM,OCM,1,True,True,True,True,True,False,False,True,False
OCM,tick,OCM,OCM,1,True,True,True,True,True,False,False,True,False
MOM,ReqVel,CAM,CAM,1,True,True,True,True,True,False,False,True,False
MOM,ReqHdng,CAM,CAM,1,True,True,True,True,True,False,False,True,False
MOM,ReqMOM,CAM,CAM,1,True,True,True,True,True,False,False,True,False
MOM,ReqOCM,CAM,CAM|OCM,2,False,True,True,True,True,False,False,True,False
MOM,EndTask,CAM,CAM|OCM,2,False,True,True,True,True,False,False,True,False
MOM,ReqHCM,CAM,CAM|HCM,2,False,True,True,True,True,False,False,True,False
MOM,tick,CAM,CAM,1,True,True,True,True,True,False,False,True,False
HCM,ReqVel,CAM,CAM,1,True,True,True,True,True,False,False,True,False
HCM,ReqHdng,CAM,CAM,1,True,True,True,True,True,False,False,True,False
HCM,ReqMOM,CAM,CAM,1,True,True,True,True,True,False,False,True,False
HCM,ReqOCM,CAM,CAM|OCM,2,False,True,True,True,True,False,False,True,False
HCM,EndTask,CAM,CAM,1,True,True,True,True,True,False,False,True,False
HCM,ReqHCM,CAM,CAM,1,True,True,True,True,True,False,False,True,False
HCM,tick,CAM,CAM,1,True,True,True,True,True,False,False,True,False
CAM,ReqVel,CAM,CAM,1,True,True,True,True,True,False,False,True,False
CAM,ReqHdng,CAM,CAM,1,True,True,True,True,True,False,False,True,False
CAM,ReqMOM,CAM,CAM,1,True,True,True,True,True,False,False,True,False
CAM,ReqOCM,OCM,OCM,1,True,True,True,True,True,False,False,True,False
CAM,EndTask,CAM,CAM,1,True,True,True,True,True,False,False,True,False
CAM,ReqHCM,CAM,CAM,1,True,True,True,True,True,False,False,True,False
CAM,tick,CAM,CAM,1,True,True,True,True,True,False,False,True,False
OCM,ReqVel,OCM,OCM,1,True,True,True,True,True,False,False,True,True
OCM,ReqHdng,OCM,OCM,1,True,True,True,True,True,False,False,True,True
OCM,ReqMOM,OCM,OCM,1,True,True,True,True,True,False,False,True,True
OCM,ReqOCM,OCM,OCM,1,True,True,True,True,True,False,False,True,True
OCM,EndTask,OCM,OCM,1,True,True,True,True,True,False,False,True,True
OCM,ReqHCM,OCM,OCM,1,True,True,True,True,True,False,False,True,True
OCM,tick,OCM,OCM,1,True,True,True,True,True,False,False,True,True
MOM,ReqVel,CAM,CAM,1,True,True,True,True,True,False,False,True,True
MOM,ReqHdng,CAM,CAM,1,True,True,True,True,True,False,False,True,True
MOM,ReqMOM,CAM,CAM,1,True,True,True,True,True,False,False,True,True
MOM,ReqOCM,CAM,CAM|OCM,2,False,True,True,True,True,False,False,True,True
MOM,EndTask,CAM,CAM|OCM,2,False,True,True,True,True,False,False,True,True
MOM,ReqHCM,CAM,CAM|HCM,2,False,True,True,True,True,False,False,True,True
MOM,tick,CAM,CAM,1,True,True,True,True,True,False,False,True,True
HCM,ReqVel,CAM,CAM,1,True,True,True,True,True,False,False,True,True
HCM,ReqHdng,CAM,CAM,1,True,True,True,True,True,False,False,True,True
HCM,ReqMOM,CAM,CAM,1,True,True,True,True,True,False,False,True,True
HCM,ReqOCM,CAM,CAM|OCM,2,False,True,True,True,True,False,False,True,True
HCM,EndTask,CAM,CAM,1,True,True,True,True,True,False,False,True,True
HCM,ReqHCM,CAM,CAM,1,True,True,True,True,True,False,False,True,True
HCM,tick,CAM,CAM,1,True,True,True,True,True,False,False,True,True
CAM,ReqVel,OCM,OCM,1,True,True,True,True,True,False,False,True,True
CAM,ReqHdng,OCM,OCM,1,True,True,True,True,True,False,False,True,True
CAM,ReqMOM,OCM,OCM,1,True,True,True,True,True,False,False,True,True
CAM,ReqOCM,OCM,OCM,1,True,True,True,True,True,False,False,True,True
CAM,EndTask,OCM,OCM,1,True,True,True,True,True,False,False,True,True
CAM,ReqHCM,OCM,OCM,1,True,True,True,True,True,False,False,True,True
CAM,tick,OCM,OCM,1,True,True,True,True,True,False,False,True,True
OCM,ReqVel,OCM,OCM,1,True,True,True,True,True,False,True,False,False
OCM,ReqHdng,OCM,OCM,1,True,True,True,True,True,False,True,False,False
OCM,ReqMOM,OCM,OCM,1,True,True,True,True,True,False,True,False,False
OCM,ReqOCM,OCM,OCM,1,True,True,True,True,True,False,True,False,False
OCM,EndTask,OCM,OCM,1,True,True,True,True,True,False,True,False,False
OCM,ReqHCM,OCM,OCM,1,True,True,True,True,True,False,True,False,False
OCM,tick,OCM,OCM,1,True,True,True,True,True,False,True,False,False
MOM,ReqVel,CAM,CAM,1,True,True,True,True,True,False,True,False,False
MOM,ReqHdng,CAM,CAM,1,True,True,True,True,True,False,True,False,False
MOM,ReqMOM,CAM,CAM,1,True,True,True,True,True,False,True,False,False
MOM,ReqOCM,CAM,CAM|OCM,2,False,True,True,True,True,False,True,False,False
MOM,EndTask,CAM,CAM|OCM,2,False,True,True,True,True,False,True,False,False
MOM,ReqHCM,CAM,CAM|HCM,2,False,True,True,True,True,False,True,False,False
MOM,tick,CAM,CAM,1,True,True,True,True,True,False,True,False,False
HCM,ReqVel,CAM,CAM,1,True,True,True,True,True,False,True,False,False
HCM,ReqHdng,CAM,CAM,1,True,True,True,True,True,False,True,False,False
HCM,ReqMOM,CAM,CAM,1,True,True,True,True,True,False,True,False,False
HCM,ReqOCM,CAM,CAM|OCM,2,False,True,True,True,True,False,True,False,False
HCM,EndTask,CAM,CAM,1,True,True,True,True,True,False,True,False,False
HCM,ReqHCM,CAM,CAM,1,True,True,True,True,True,False,True,False,False
HCM,tick,CAM,CAM,1,True,True,True,True,True,False,True,False,False
CAM,ReqVel,CAM,CAM,1,True,True,True,True,True,False,True,False,False
CAM,ReqHdng,CAM,CAM,1,True,True,True,True,True,False,True,False,False
CAM,ReqMOM,CAM,CAM,1,True,True,True,True,True,False,True,False,False
CAM,ReqOCM,OCM,OCM,1,True,True,True,True,True,False,True,False,False
CAM,EndTask,CAM,CAM,1,True,True,True,True,True,False,True,False,False
CAM,ReqHCM,CAM,CAM,1,True,True,True,True,True,False,True,False,False
CAM,tick,CAM,CAM,1,True,True,True,True,True,False,True,False,False
OCM,ReqVel,OCM,OCM,1,True,True,True,True,True,False,True,False,True
OCM,ReqHdng,OCM,OCM,1,True,True,True,True,True,False,True,False,True
OCM,ReqMOM,OCM,OCM,1,True,True,True,True,True,False,True,False,True
OCM,ReqOCM,OCM,OCM,1,True,True,True,True,True,False,True,False,True
OCM,EndTask,OCM,OCM,1,True,True,True,True,True,False,True,False,True
OCM,ReqHCM,OCM,OCM,1,True,True,True,True,True,False,True,False,True
OCM,tick,OCM,OCM,1,True,True,True,True,True,False,True,False,True
MOM,ReqVel,CAM,CAM,1,True,True,True,True,True,False,True,False,True
MOM,ReqHdng,CAM,CAM,1,True,True,True,True,True,False,True,False,True
MOM,ReqMOM,CAM,CAM,1,True,True,True,True,True,False,True,False,True
MOM,ReqOCM,CAM,CAM|OCM,2,False,True,True,True,True,False,True,False,True
MOM,EndTask,CAM,CAM|OCM,2,False,True,True,True,True,False,True,False,True
MOM,ReqHCM,CAM,CAM|HCM,2,False,True,True,True,True,False,True,False,True
MOM,tick,CAM,CAM,1,True,True,True,True,True,False,True,False,True
HCM,ReqVel,CAM,CAM,1,True,True,True,True,True,False,True,False,True
HCM,ReqHdng,CAM,CAM,1,True,True,True,True,True,False,True,False,True
HCM,ReqMOM,CAM,CAM,1,True,True,True,True,True,False,True,False,True
HCM,ReqOCM,CAM,CAM|OCM,2,False,True,True,True,True,False,True,False,True
HCM,EndTask,CAM,CAM,1,True,True,True,True,True,False,True,False,True
HCM,ReqHCM,CAM,CAM,1,True,True,True,True,True,False,True,False,True
HCM,tick,CAM,CAM,1,True,True,True,True,True,False,True,False,True
CAM,ReqVel,OCM,OCM,1,True,True,True,True,True,False,True,False,True
CAM,ReqHdng,OCM,OCM,1,True,True,True,True,True,False,True,False,True
CAM,ReqMOM,OCM,OCM,1,True,True,True,True,True,False,True,False,True
CAM,ReqOCM,OCM,OCM,1,True,True,True,True,True,False,True,False,True
CAM,EndTask,OCM,OCM,1,True,True,True,True,True,False,True,False,True
CAM,ReqHCM,OCM,OCM,1,True,True,True,True,True,False,True,False,True
CAM,tick,OCM,OCM,1,True,True,True,True,True,False,True,False,True
OCM,ReqVel,OCM,OCM,1,True,True,True,True,True,False,True,True,False
OCM,ReqHdng,OCM,OCM,1,True,True,True,True,True,False,True,True,False
OCM,ReqMOM,OCM,OCM,1,True,True,True,True,True,False,True,True,False
OCM,ReqOCM,OCM,OCM,1,True,True,True,True,True,False,True,True,False
OCM,EndTask,OCM,OCM,1,True,True,True,True,True,False,True,True,False
OCM,ReqHCM,OCM,OCM,1,True,True,True,True,True,False,True,True,False
OCM,tick,OCM,OCM,1,True,True,True,True,True,False,True,True,False
MOM,ReqVel,CAM,CAM,1,True,True,True,True,True,False,True,True,False
MOM,ReqHdng,CAM,CAM,1,True,True,True,True,True,False,True,True,False
MOM,ReqMOM,CAM,CAM,1,True,True,True,True,True,False,True,True,False
MOM,ReqOCM,CAM,CAM|OCM,2,False,True,True,True,True,False,True,True,False
MOM,EndTask,CAM,CAM|OCM,2,False,True,True,True,True,False,True,True,False
MOM,ReqHCM,CAM,CAM|HCM,2,False,True,True,True,True,False,True,True,False
MOM,tick,CAM,CAM,1,True,True,True,True,True,False,True,True,False
HCM,ReqVel,CAM,CAM,1,True,True,True,True,True,False,True,True,False
HCM,ReqHdng,CAM,CAM,1,True,True,True,True,True,False,True,True,False
HCM,ReqMOM,CAM,CAM,1,True,True,True,True,True,False,True,True,False
HCM,ReqOCM,CAM,CAM|OCM,2,False,True,True,True,True,False,True,True,False
HCM,EndTask,CAM,CAM,1,True,True,True,True,True,False,True,True,False
HCM,ReqHCM,CAM,CAM,1,True,True,True,True,True,False,True,True,False
HCM,tick,CAM,CAM,1,True,True,True,True,True,False,True,True,False
CAM,ReqVel,CAM,CAM,1,True,True,True,True,True,False,True,True,False
CAM,ReqHdng,CAM,CAM,1,True,True,True,True,True,False,True,True,False
CAM,ReqMOM,CAM,CAM,1,True,True,True,True,True,False,True,True,False
CAM,ReqOCM,OCM,OCM,1,True,True,True,True,True,False,True,True,False
CAM,EndTask,CAM,CAM,1,True,True,True,True,True,False,True,True,False
CAM,ReqHCM,CAM,CAM,1,True,True,True,True,True,False,True,True,False
CAM,tick,CAM,CAM,1,True,True,True,True,True,False,True,True,False
OCM,ReqVel,OCM,OCM,1,True,True,True,True,True,False,True,True,True
OCM,ReqHdng,OCM,OCM,1,True,True,True,True,True,False,True,True,True
OCM,ReqMOM,OCM,OCM,1,True,True,True,True,True,False,True,True,True
OCM,ReqOCM,OCM,OCM,1,True,True,True,True,True,False,True,True,True
OCM,EndTask,OCM,OCM,1,True,True,True,True,True,False,True,True,True
OCM,ReqHCM,OCM,OCM,1,True,True,True,True,True,False,True,True,True
OCM,tick,OCM,OCM,1,True,True,True,True,True,False,True,True,True
MOM,ReqVel,CAM,CAM,1,True,True,True,True,True,False,True,True,True
MOM,ReqHdng,CAM,CAM,1,True,True,True,True,True,False,True,True,True
MOM,ReqMOM,CAM,CAM,1,True,True,True,True,True,False,True,True,True
MOM,ReqOCM,CAM,CAM|OCM,2,False,True,True,True,True,False,True,True,True
MOM,EndTask,CAM,CAM|OCM,2,False,True,True,True,True,False,True,True,True
MOM,ReqHCM,CAM,CAM|HCM,2,False,True,True,True,True,False,True,True,True
MOM,tick,CAM,CAM,1,True,True,True,True,True,False,True,True,True
HCM,ReqVel,CAM,CAM,1,True,True,True,True,True,False,True,True,True
HCM,ReqHdng,CAM,CAM,1,True,True,True,True,True,False,True,True,True
HCM,ReqMOM,CAM,CAM,1,True,True,True,True,True,False,True,True,True
HCM,ReqOCM,CAM,CAM|OCM,2,False,True,True,True,True,False,True,True,True
HCM,EndTask,CAM,CAM,1,True,True,True,True,True,False,True,True,True
HCM,ReqHCM,CAM,CAM,1,True,True,True,True,True,False,True,True,True
HCM,tick,CAM,CAM,1,True,True,True,True,True,False,True,True,True
CAM,ReqVel,OCM,OCM,1,True,True,True,True,True,False,True,True,True
CAM,ReqHdng,OCM,OCM,1,True,True,True,True,True,False,True,True,True
CAM,ReqMOM,OCM,OCM,1,True,True,True,True,True,False,True,True,True
CAM,ReqOCM,OCM,OCM,1,True,True,True,True,True,False,True,True,True
CAM,EndTask,OCM,OCM,1,True,True,True,True,True,False,True,True,True
CAM,ReqHCM,OCM,OCM,1,True,True,True,True,True,False,True,True,True
CAM,tick,OCM,OCM,1,True,True,True,True,True,False,True,True,True
OCM,ReqVel,OCM,OCM,1,True,True,True,True,True,True,False,False,False
OCM,ReqHdng,OCM,OCM,1,True,True,True,True,True,True,False,False,False
OCM,ReqMOM,OCM,OCM,1,True,True,True,True,True,True,False,False,False
OCM,ReqOCM,OCM,OCM,1,True,True,True,True,True,True,False,False,False
OCM,EndTask,OCM,OCM,1,True,True,True,True,True,True,False,False,False
OCM,ReqHCM,OCM,OCM,1,True,True,True,True,True,True,False,False,False
OCM,tick,OCM,OCM,1,True,True,True,True,True,True,False,False,False
MOM,ReqVel,CAM,CAM,1,True,True,True,True,True,True,False,False,False
MOM,ReqHdng,CAM,CAM,1,True,True,True,True,True,True,False,False,False
MOM,ReqMOM,CAM,CAM,1,True,True,True,True,True,True,False,False,False
MOM,ReqOCM,CAM,CAM|OCM,2,False,True,True,True,True,True,False,False,False
MOM,EndTask,CAM,CAM|OCM,2,False,True,True,True,True,True,False,False,False
MOM,ReqHCM,CAM,CAM|HCM,2,False,True,True,True,True,True,False,False,False
MOM,tick,CAM,CAM,1,True,True,True,True,True,True,False,False,False
HCM,ReqVel,CAM,CAM,1,True,True,True,True,True,True,False,False,False
HCM,ReqHdng,CAM,CAM,1,True,True,True,True,True,True,False,False,False
HCM,ReqMOM,CAM,CAM,1,True,True,True,True,True,True,False,False,False
HCM,ReqOCM,CAM,CAM|OCM,2,False,True,True,True,True,True,False,False,False
HCM,EndTask,CAM,CAM,1,True,True,True,True,True,True,False,False,False
HCM,ReqHCM,CAM,CAM,1,True,True,True,True,True,True,False,False,False
HCM,tick,CAM,CAM,1,True,True,True,True,True,True,False,False,False
CAM,ReqVel,CAM,CAM,1,True,True,True,True,True,True,False,False,False
CAM,ReqHdng,CAM,CAM,1,True,True,True,True,True,True,False,False,False
CAM,ReqMOM,CAM,CAM,1,True,True,True,True,True,True,False,False,False
CAM,ReqOCM,OCM,OCM,1,True,True,True,True,True,True,False,False,False
CAM,EndTask,CAM,CAM,1,True,True,True,True,True,True,False,False,False
CAM,ReqHCM,CAM,CAM,1,True,True,True,True,True,True,False,False,False
CAM,tick,CAM,CAM,1,True,True,True,True,True,True,False,False,False
OCM,ReqVel,OCM,OCM,1,True,True,True,True,True,True,False,False,True
OCM,ReqHdng,OCM,OCM,1,True,True,True,True,True,True,False,False,True
OCM,ReqMOM,OCM,OCM,1,True,True,True,True,True,True,False,False,True
OCM,ReqOCM,OCM,OCM,1,True,True,True,True,True,True,False,False,True
OCM,EndTask,OCM,OCM,1,True,True,True,True,True,True,False,False,True
OCM,ReqHCM,OCM,OCM,1,True,True,True,True,True,True,False,False,True
OCM,tick,OCM,OCM,1,True,True,True,True,True,True,False,False,True
MOM,ReqVel,CAM,CAM,1,True,True,True,True,True,True,False,False,True
MOM,ReqHdng,CAM,CAM,1,True,True,True,True,True,True,False,False,True
MOM,ReqMOM,CAM,CAM,1,True,True,True,True,True,True,False,False,True
MOM,ReqOCM,CAM,CAM|OCM,2,False,True,True,True,True,True,False,False,True
MOM,EndTask,CAM,CAM|OCM,2,False,True,True,True,True,True,False,False,True
MOM,ReqHCM,CAM,CAM|HCM,2,False,True,True,True,True,True,False,False,True
MOM,tick,CAM,CAM,1,True,True,True,True,True,True,False,False,True
HCM,ReqVel,CAM,CAM,1,True,True,True,True,True,True,False,False,True
HCM,ReqHdng,CAM,CAM,1,True,True,True,True,True,True,False,False,True
HCM,ReqMOM,CAM,CAM,1,True,True,True,True,True,True,False,False,True
HCM,ReqOCM,CAM,CAM|OCM,2,False,True,True,True,True,True,False,False,True
HCM,EndTask,CAM,CAM,1,True,True,True,True,True,True,False,False,True
HCM,ReqHCM,CAM,CAM,1,True,True,True,True,True,True,False,False,True
HCM,tick,CAM,CAM,1,True,True,True,True,True,True,False,False,True
CAM,ReqVel,OCM,OCM,1,True,True,True,True,True,True,False,False,True
CAM,ReqHdng,OCM,OCM,1,True,True,True,True,True,True,False,False,True
CAM,ReqMOM,OCM,OCM,1,True,True,True,True,True,True,False,False,True
CAM,ReqOCM,OCM,OCM,1,True,True,True,True,True,True,False,False,True
CAM,EndTask,OCM,OCM,1,True,True,True,True,True,True,False,False,True
CAM,ReqHCM,OCM,OCM,1,True,True,True,True,True,True,False,False,True
CAM,tick,OCM,OCM,1,True,True,True,True,True,True,False,False,True
OCM,ReqVel,OCM,OCM,1,True,True,True,True,True,True,False,True,False
OCM,ReqHdng,OCM,OCM,1,True,True,True,True,True,True,False,True,False
OCM,ReqMOM,OCM,OCM,1,True,True,True,True,True,True,False,True,False
OCM,ReqOCM,OCM,OCM,1,True,True,True,True,True,True,False,True,False
OCM,EndTask,OCM,OCM,1,True,True,True,True,True,True,False,True,False
OCM,ReqHCM,OCM,OCM,1,True,True,True,True,True,True,False,True,False
OCM,tick,OCM,OCM,1,True,True,True,True,True,True,False,True,False
MOM,ReqVel,CAM,CAM,1,True,True,True,True,True,True,False,True,False
MOM,ReqHdng,CAM,CAM,1,True,True,True,True,True,True,False,True,False
MOM,ReqMOM,CAM,CAM,1,True,True,True,True,True,True,False,True,False
MOM,ReqOCM,CAM,CAM|OCM,2,False,True,True,True,True,True,False,True,False
MOM,EndTask,CAM,CAM|OCM,2,False,True,True,True,True,True,False,True,False
MOM,ReqHCM,CAM,CAM|HCM,2,False,True,True,True,True,True,False,True,False
MOM,tick,CAM,CAM,1,True,True,True,True,True,True,False,True,False
HCM,ReqVel,CAM,CAM,1,True,True,True,True,True,True,False,True,False
HCM,ReqHdng,CAM,CAM,1,True,True,True,True,True,True,False,True,False
HCM,ReqMOM,CAM,CAM,1,True,True,True,True,True,True,False,True,False
HCM,ReqOCM,CAM,CAM|OCM,2,False,True,True,True,True,True,False,True,False
HCM,EndTask,CAM,CAM,1,True,True,True,True,True,True,False,True,False
HCM,ReqHCM,CAM,CAM,1,True,True,True,True,True,True,False,True,False
HCM,tick,CAM,CAM,1,True,True,True,True,True,True,False,True,False
CAM,ReqVel,CAM,CAM,1,True,True,True,True,True,True,False,True,False
CAM,ReqHdng,CAM,CAM,1,True,True,True,True,True,True,False,True,False
CAM,ReqMOM,CAM,CAM,1,True,True,True,True,True,True,False,True,False
CAM,ReqOCM,OCM,OCM,1,True,True,True,True,True,True,False,True,False
CAM,EndTask,CAM,CAM,1,True,True,True,True,True,True,False,True,False
CAM,ReqHCM,CAM,CAM,1,True,True,True,True,True,True,False,True,False
CAM,tick,CAM,CAM,1,True,True,True,True,True,True,False,True,False
OCM,ReqVel,OCM,OCM,1,True,True,True,True,True,True,False,True,True
OCM,ReqHdng,OCM,OCM,1,True,True,True,True,True,True,False,True,True
OCM,ReqMOM,OCM,OCM,1,True,True,True,True,True,True,False,True,True
OCM,ReqOCM,OCM,OCM,1,True,True,True,True,True,True,False,True,True
OCM,EndTask,OCM,OCM,1,True,True,True,True,True,True,False,True,True
OCM,ReqHCM,OCM,OCM,1,True,True,True,True,True,True,False,True,True
OCM,tick,OCM,OCM,1,True,True,True,True,True,True,False,True,True
MOM,ReqVel,CAM,CAM,1,True,True,True,True,True,True,False,True,True
MOM,ReqHdng,CAM,CAM,1,True,True,True,True,True,True,False,True,True
MOM,ReqMOM,CAM,CAM,1,True,True,True,True,True,True,False,True,True
MOM,ReqOCM,CAM,CAM|OCM,2,False,True,True,True,True,True,False,True,True
MOM,EndTask,CAM,CAM|OCM,2,False,True,True,True,True,True,False,True,True
MOM,ReqHCM,CAM,CAM|HCM,2,False,True,True,True,True,True,False,True,True
MOM,tick,CAM,CAM,1,True,True,True,True,True,True,False,True,True
HCM,ReqVel,CAM,CAM,1,True,True,True,True,True,True,False,True,True
HCM,ReqHdng,CAM,CAM,1,True,True,True,True,True,True,False,True,True
HCM,ReqMOM,CAM,CAM,1,True,True,True,True,True,True,False,True,True
HCM,ReqOCM,CAM,CAM|OCM,2,False,True,True,True,True,True,False,True,True
HCM,EndTask,CAM,CAM,1,True,True,True,True,True,True,False,True,True
HCM,ReqHCM,CAM,CAM,1,True,True,True,True,True,True,False,True,True
HCM,tick,CAM,CAM,1,True,True,True,True,True,True,False,True,True
CAM,ReqVel,OCM,OCM,1,True,True,True,True,True,True,False,True,True
CAM,ReqHdng,OCM,OCM,1,True,True,True,True,True,True,False,True,True
CAM,ReqMOM,OCM,OCM,1,True,True,True,True,True,True,False,True,True
CAM,ReqOCM,OCM,OCM,1,True,True,True,True,True,True,False,True,True
CAM,EndTask,OCM,OCM,1,True,True,True,True,True,True,False,True,True
CAM,ReqHCM,OCM,OCM,1,True,True,True,True,True,True,False,True,True
CAM,tick,OCM,OCM,1,True,True,True,True,True,True,False,True,True
OCM,ReqVel,OCM,OCM,1,True,True,True,True,True,True,True,False,False
OCM,ReqHdng,OCM,OCM,1,True,True,True,True,True,True,True,False,False
OCM,ReqMOM,OCM,OCM,1,True,True,True,True,True,True,True,False,False
OCM,ReqOCM,OCM,OCM,1,True,True,True,True,True,True,True,False,False
OCM,EndTask,OCM,OCM,1,True,True,True,True,True,True,True,False,False
OCM,ReqHCM,OCM,OCM,1,True,True,True,True,True,True,True,False,False
OCM,tick,OCM,OCM,1,True,True,True,True,True,True,True,False,False
MOM,ReqVel,CAM,CAM,1,True,True,True,True,True,True,True,False,False
MOM,ReqHdng,CAM,CAM,1,True,True,True,True,True,True,True,False,False
MOM,ReqMOM,CAM,CAM,1,True,True,True,True,True,True,True,False,False
MOM,ReqOCM,CAM,CAM|OCM,2,False,True,True,True,True,True,True,False,False
MOM,EndTask,CAM,CAM|OCM,2,False,True,True,True,True,True,True,False,False
MOM,ReqHCM,CAM,CAM|HCM,2,False,True,True,True,True,True,True,False,False
MOM,tick,CAM,CAM,1,True,True,True,True,True,True,True,False,False
HCM,ReqVel,CAM,CAM,1,True,True,True,True,True,True,True,False,False
HCM,ReqHdng,CAM,CAM,1,True,True,True,True,True,True,True,False,False
HCM,ReqMOM,CAM,CAM,1,True,True,True,True,True,True,True,False,False
HCM,ReqOCM,CAM,CAM|OCM,2,False,True,True,True,True,True,True,False,False
HCM,EndTask,CAM,CAM,1,True,True,True,True,True,True,True,False,False
HCM,ReqHCM,CAM,CAM,1,True,True,True,True,True,True,True,False,False
HCM,tick,CAM,CAM,1,True,True,True,True,True,True,True,False,False
CAM,ReqVel,CAM,CAM,1,True,True,True,True,True,True,True,False,False
CAM,ReqHdng,CAM,CAM,1,True,True,True,True,True,True,True,False,False
CAM,ReqMOM,CAM,CAM,1,True,True,True,True,True,True,True,False,False
CAM,ReqOCM,OCM,OCM,1,True,True,True,True,True,True,True,False,False
CAM,EndTask,CAM,CAM,1,True,True,True,True,True,True,True,False,False
CAM,ReqHCM,CAM,CAM,1,True,True,True,True,True,True,True,False,False
CAM,tick,CAM,CAM,1,True,True,True,True,True,True,True,False,False
OCM,ReqVel,OCM,OCM,1,True,True,True,True,True,True,True,False,True
OCM,ReqHdng,OCM,OCM,1,True,True,True,True,True,True,True,False,True
OCM,ReqMOM,OCM,OCM,1,True,True,True,True,True,True,True,False,True
OCM,ReqOCM,OCM,OCM,1,True,True,True,True,True,True,True,False,True
OCM,EndTask,OCM,OCM,1,True,True,True,True,True,True,True,False,True
OCM,ReqHCM,OCM,OCM,1,True,True,True,True,True,True,True,False,True
OCM,tick,OCM,OCM,1,True,True,True,True,True,True,True,False,True
MOM,ReqVel,CAM,CAM,1,True,True,True,True,True,True,True,False,True
MOM,ReqHdng,CAM,CAM,1,True,True,True,True,True,True,True,False,True
MOM,ReqMOM,CAM,CAM,1,True,True,True,True,True,True,True,False,True
MOM,ReqOCM,CAM,CAM|OCM,2,False,True,True,True,True,True,True,False,True
MOM,EndTask,CAM,CAM|OCM,2,False,True,True,True,True,True,True,False,True
MOM,ReqHCM,CAM,CAM|HCM,2,False,True,True,True,True,True,True,False,True
MOM,tick,CAM,CAM,1,True,True,True,True,True,True,True,False,True
HCM,ReqVel,CAM,CAM,1,True,True,True,True,True,True,True,False,True
HCM,ReqHdng,CAM,CAM,1,True,True,True,True,True,True,True,False,True
HCM,ReqMOM,CAM,CAM,1,True,True,True,True,True,True,True,False,True
HCM,ReqOCM,CAM,CAM|OCM,2,False,True,True,True,True,True,True,False,True
HCM,EndTask,CAM,CAM,1,True,True,True,True,True,True,True,False,True
HCM,ReqHCM,CAM,CAM,1,True,True,True,True,True,True,True,False,True
HCM,tick,CAM,CAM,1,True,True,True,True,True,True,True,False,True
CAM,ReqVel,OCM,OCM,1,True,True,True,True,True,True,True,False,True
CAM,ReqHdng,OCM,OCM,1,True,True,True,True,True,True,True,False,True
CAM,ReqMOM,OCM,OCM,1,True,True,True,True,True,True,True,False,True
CAM,ReqOCM,OCM,OCM,1,True,True,True,True,True,True,True,False,True
CAM,EndTask,OCM,OCM,1,True,True,True,True,True,True,True,False,True
CAM,ReqHCM,OCM,OCM,1,True,True,True,True,True,True,True,False,True
CAM,tick,OCM,OCM,1,True,True,True,True,True,True,True,False,True
OCM,ReqVel,OCM,OCM,1,True,True,True,True,True,True,True,True,False
OCM,ReqHdng,OCM,OCM,1,True,True,True,True,True,True,True,True,False
OCM,ReqMOM,OCM,OCM,1,True,True,True,True,True,True,True,True,False
OCM,ReqOCM,OCM,OCM,1,True,True,True,True,True,True,True,True,False
OCM,EndTask,OCM,OCM,1,True,True,True,True,True,True,True,True,False
OCM,ReqHCM,OCM,OCM,1,True,True,True,True,True,True,True,True,False
OCM,tick,OCM,OCM,1,True,True,True,True,True,True,True,True,False
MOM,ReqVel,CAM,CAM,1,True,True,True,True,True,True,True,True,False
MOM,ReqHdng,CAM,CAM,1,True,True,True,True,True,True,True,True,False
MOM,ReqMOM,CAM,CAM,1,True,True,True,True,True,True,True,True,False
MOM,ReqOCM,CAM,CAM|OCM,2,False,True,True,True,True,True,True,True,False
MOM,EndTask,CAM,CAM|OCM,2,False,True,True,True,True,True,True,True,False
MOM,ReqHCM,CAM,CAM|HCM,2,False,True,True,True,True,True,True,True,False
MOM,tick,CAM,CAM,1,True,True,True,True,True,True,True,True,False
HCM,ReqVel,CAM,CAM,1,True,True,True,True,True,True,True,True,False
HCM,ReqHdng,CAM,CAM,1,True,True,True,True,True,True,True,True,False
HCM,ReqMOM,CAM,CAM,1,True,True,True,True,True,True,True,True,False
HCM,ReqOCM,CAM,CAM|OCM,2,False,True,True,True,True,True,True,True,False
HCM,EndTask,CAM,CAM,1,True,True,True,True,True,True,True,True,False
HCM,ReqHCM,CAM,CAM,1,True,True,True,True,True,True,True,True,False
HCM,tick,CAM,CAM,1,True,True,True,True,True,True,True,True,False
CAM,ReqVel,CAM,CAM,1,True,True,True,True,True,True,True,True,False
CAM,ReqHdng,CAM,CAM,1,True,True,True,True,True,True,True,True,False
CAM,ReqMOM,CAM,CAM,1,True,True,True,True,True,True,True,True,False
CAM,ReqOCM,OCM,OCM,1,True,True,True,True,True,True,True,True,False
CAM,EndTask,CAM,CAM,1,True,True,True,True,True,True,True,True,False
CAM,ReqHCM,CAM,CAM,1,True,True,True,True,True,True,True,True,False
CAM,tick,CAM,CAM,1,True,True,True,True,True,True,True,True,False
OCM,ReqVel,OCM,OCM,1,True,True,True,True,True,True,True,True,True
OCM,ReqHdng,OCM,OCM,1,True,True,True,True,True,True,True,True,True
OCM,ReqMOM,OCM,OCM,1,True,True,True,True,True,True,True,True,True
OCM,ReqOCM,OCM,OCM,1,True,True,True,True,True,True,True,True,True
OCM,EndTask,OCM,OCM,1,True,True,True,True,True,True,True,True,True
OCM,ReqHCM,OCM,OCM,1,True,True,True,True,True,True,True,True,True
OCM,tick,OCM,OCM,1,True,True,True,True,True,True,True,True,True
MOM,ReqVel,CAM,CAM,1,True,True,True,True,True,True,True,True,True
MOM,ReqHdng,CAM,CAM,1,True,True,True,True,True,True,True,True,True
MOM,ReqMOM,CAM,CAM,1,True,True,True,True,True,True,True,True,True
MOM,ReqOCM,CAM,CAM|OCM,2,False,True,True,True,True,True,True,True,True
MOM,EndTask,CAM,CAM|OCM,2,False,True,True,True,True,True,True,True,True
MOM,ReqHCM,CAM,CAM|HCM,2,False,True,True,True,True,True,True,True,True
MOM,tick,CAM,CAM,1,True,True,True,True,True,True,True,True,True
HCM,ReqVel,CAM,CAM,1,True,True,True,True,True,True,True,True,True
HCM,ReqHdng,CAM,CAM,1,True,True,True,True,True,True,True,True,True
HCM,ReqMOM,CAM,CAM,1,True,True,True,True,True,True,True,True,True
HCM,ReqOCM,CAM,CAM|OCM,2,False,True,True,True,True,True,True,True,True
HCM,EndTask,CAM,CAM,1,True,True,True,True,True,True,True,True,True
HCM,ReqHCM,CAM,CAM,1,True,True,True,True,True,True,True,True,True
HCM,tick,CAM,CAM,1,True,True,True,True,True,True,True,True,True
CAM,ReqVel,OCM,OCM,1,True,True,True,True,True,True,True,True,True
CAM,ReqHdng,OCM,OCM,1,True,True,True,True,True,True,True,True,True
CAM,ReqMOM,OCM,OCM,1,True,True,True,True,True,True,True,True,True
CAM,ReqOCM,OCM,OCM,1,True,True,True,True,True,True,True,True,True
CAM,EndTask,OCM,OCM,1,True,True,True,True,True,True,True,True,True
CAM,ReqHCM,OCM,OCM,1,True,True,True,True,True,True,True,True,True
CAM,tick,OCM,OCM,1,True,True,True,True,True,True,True,True,True
