study,arm,mode,event,camActive,hcmActive,inOpez,momReturn,velBelowOrAtOne,odistCdynAboveOne,odistCstcAboveOne,cdaAboveOrAtMinSafe,java_next,model_admits,n_adm,model_ops,agree,obstacleDetected,turnDurationElapsed,stsIsGasD,insAboveThr
lre,prefix,OCM,ReqVel,False,False,False,False,False,False,False,False,OCM,OCM,1,OCMToOCM,True,,,,
lre,prefix,OCM,ReqHdng,False,False,False,False,False,False,False,False,OCM,OCM,1,OCMToOCM_1,True,,,,
lre,prefix,OCM,ReqMOM,False,False,False,False,False,False,False,False,OCM,OCM,0,-,True,,,,
lre,prefix,OCM,ReqOCM,False,False,False,False,False,False,False,False,OCM,OCM,0,-,True,,,,
lre,prefix,OCM,EndTask,False,False,False,False,False,False,False,False,OCM,OCM,0,-,True,,,,
lre,prefix,OCM,ReqHCM,False,False,False,False,False,False,False,False,OCM,OCM,0,-,True,,,,
lre,prefix,OCM,tick,False,False,False,False,False,False,False,False,OCM,OCM,0,-,True,,,,
lre,prefix,OCM,ReqVel,False,False,False,False,False,False,False,True,OCM,OCM,1,OCMToOCM,True,,,,
lre,prefix,OCM,ReqHdng,False,False,False,False,False,False,False,True,OCM,OCM,1,OCMToOCM_1,True,,,,
lre,prefix,OCM,ReqMOM,False,False,False,False,False,False,False,True,OCM,OCM,0,-,True,,,,
lre,prefix,OCM,ReqOCM,False,False,False,False,False,False,False,True,OCM,OCM,0,-,True,,,,
lre,prefix,OCM,EndTask,False,False,False,False,False,False,False,True,OCM,OCM,0,-,True,,,,
lre,prefix,OCM,ReqHCM,False,False,False,False,False,False,False,True,OCM,OCM,0,-,True,,,,
lre,prefix,OCM,tick,False,False,False,False,False,False,False,True,OCM,OCM,0,-,True,,,,
lre,prefix,OCM,ReqVel,False,False,False,False,False,False,True,False,OCM,OCM,1,OCMToOCM,True,,,,
lre,prefix,OCM,ReqHdng,False,False,False,False,False,False,True,False,OCM,OCM,1,OCMToOCM_1,True,,,,
lre,prefix,OCM,ReqMOM,False,False,False,False,False,False,True,False,OCM,OCM,0,-,True,,,,
lre,prefix,OCM,ReqOCM,False,False,False,False,False,False,True,False,OCM,OCM,0,-,True,,,,
lre,prefix,OCM,EndTask,False,False,False,False,False,False,True,False,OCM,OCM,0,-,True,,,,
lre,prefix,OCM,ReqHCM,False,False,False,False,False,False,True,False,OCM,OCM,0,-,True,,,,
lre,prefix,OCM,tick,False,False,False,False,False,False,True,False,OCM,OCM,0,-,True,,,,
lre,prefix,OCM,ReqVel,False,False,False,False,False,False,True,True,OCM,OCM,1,OCMToOCM,True,,,,
lre,prefix,OCM,ReqHdng,False,False,False,False,False,False,True,True,OCM,OCM,1,OCMToOCM_1,True,,,,
lre,prefix,OCM,ReqMOM,False,False,False,False,False,False,True,True,OCM,OCM,0,-,True,,,,
lre,prefix,OCM,ReqOCM,False,False,False,False,False,False,True,True,OCM,OCM,0,-,True,,,,
lre,prefix,OCM,EndTask,False,False,False,False,False,False,True,True,OCM,OCM,0,-,True,,,,
lre,prefix,OCM,ReqHCM,False,False,False,False,False,False,True,True,OCM,OCM,0,-,True,,,,
lre,prefix,OCM,tick,False,False,False,False,False,False,True,True,OCM,OCM,0,-,True,,,,
lre,prefix,OCM,ReqVel,False,False,False,False,False,True,False,False,OCM,OCM,1,OCMToOCM,True,,,,
lre,prefix,OCM,ReqHdng,False,False,False,False,False,True,False,False,OCM,OCM,1,OCMToOCM_1,True,,,,
lre,prefix,OCM,ReqMOM,False,False,False,False,False,True,False,False,OCM,OCM,0,-,True,,,,
lre,prefix,OCM,ReqOCM,False,False,False,False,False,True,False,False,OCM,OCM,0,-,True,,,,
lre,prefix,OCM,EndTask,False,False,False,False,False,True,False,False,OCM,OCM,0,-,True,,,,
lre,prefix,OCM,ReqHCM,False,False,False,False,False,True,False,False,OCM,OCM,0,-,True,,,,
lre,prefix,OCM,tick,False,False,False,False,False,True,False,False,OCM,OCM,0,-,True,,,,
lre,prefix,OCM,ReqVel,False,False,False,False,False,True,False,True,OCM,OCM,1,OCMToOCM,True,,,,
lre,prefix,OCM,ReqHdng,False,False,False,False,False,True,False,True,OCM,OCM,1,OCMToOCM_1,True,,,,
lre,prefix,OCM,ReqMOM,False,False,False,False,False,True,False,True,OCM,OCM,0,-,True,,,,
lre,prefix,OCM,ReqOCM,False,False,False,False,False,True,False,True,OCM,OCM,0,-,True,,,,
lre,prefix,OCM,EndTask,False,False,False,False,False,True,False,True,OCM,OCM,0,-,True,,,,
lre,prefix,OCM,ReqHCM,False,False,False,False,False,True,False,True,OCM,OCM,0,-,True,,,,
lre,prefix,OCM,tick,False,False,False,False,False,True,False,True,OCM,OCM,0,-,True,,,,
lre,prefix,OCM,ReqVel,False,False,False,False,False,True,True,False,OCM,OCM,1,OCMToOCM,True,,,,
lre,prefix,OCM,ReqHdng,False,False,False,False,False,True,True,False,OCM,OCM,1,OCMToOCM_1,True,,,,
lre,prefix,OCM,ReqMOM,False,False,False,False,False,True,True,False,OCM,OCM,0,-,True,,,,
lre,prefix,OCM,ReqOCM,False,False,False,False,False,True,True,False,OCM,OCM,0,-,True,,,,
lre,prefix,OCM,EndTask,False,False,False,False,False,True,True,False,OCM,OCM,0,-,True,,,,
lre,prefix,OCM,ReqHCM,False,False,False,False,False,True,True,False,OCM,OCM,0,-,True,,,,
lre,prefix,OCM,tick,False,False,False,False,False,True,True,False,OCM,OCM,0,-,True,,,,
lre,prefix,OCM,ReqVel,False,False,False,False,False,True,True,True,OCM,OCM,1,OCMToOCM,True,,,,
lre,prefix,OCM,ReqHdng,False,False,False,False,False,True,True,True,OCM,OCM,1,OCMToOCM_1,True,,,,
lre,prefix,OCM,ReqMOM,False,False,False,False,False,True,True,True,OCM,OCM,0,-,True,,,,
lre,prefix,OCM,ReqOCM,False,False,False,False,False,True,True,True,OCM,OCM,0,-,True,,,,
lre,prefix,OCM,EndTask,False,False,False,False,False,True,True,True,OCM,OCM,0,-,True,,,,
lre,prefix,OCM,ReqHCM,False,False,False,False,False,True,True,True,OCM,OCM,0,-,True,,,,
lre,prefix,OCM,tick,False,False,False,False,False,True,True,True,OCM,OCM,0,-,True,,,,
lre,prefix,OCM,ReqVel,False,False,False,False,True,False,False,False,OCM,OCM,1,OCMToOCM,True,,,,
lre,prefix,OCM,ReqHdng,False,False,False,False,True,False,False,False,OCM,OCM,1,OCMToOCM_1,True,,,,
lre,prefix,OCM,ReqMOM,False,False,False,False,True,False,False,False,OCM,OCM,0,-,True,,,,
lre,prefix,OCM,ReqOCM,False,False,False,False,True,False,False,False,OCM,OCM,0,-,True,,,,
lre,prefix,OCM,EndTask,False,False,False,False,True,False,False,False,OCM,OCM,0,-,True,,,,
lre,prefix,OCM,ReqHCM,False,False,False,False,True,False,False,False,OCM,OCM,0,-,True,,,,
lre,prefix,OCM,tick,False,False,False,False,True,False,False,False,OCM,OCM,0,-,True,,,,
lre,prefix,OCM,ReqVel,False,False,False,False,True,False,False,True,OCM,OCM,1,OCMToOCM,True,,,,
lre,prefix,OCM,ReqHdng,False,False,False,False,True,False,False,True,OCM,OCM,1,OCMToOCM_1,True,,,,
lre,prefix,OCM,ReqMOM,False,False,False,False,True,False,False,True,OCM,OCM,0,-,True,,,,
lre,prefix,OCM,ReqOCM,False,False,False,False,True,False,False,True,OCM,OCM,0,-,True,,,,
lre,prefix,OCM,EndTask,False,False,False,False,True,False,False,True,OCM,OCM,0,-,True,,,,
lre,prefix,OCM,ReqHCM,False,False,False,False,True,False,False,True,OCM,OCM,0,-,True,,,,
lre,prefix,OCM,tick,False,False,False,False,True,False,False,True,OCM,OCM,0,-,True,,,,
lre,prefix,OCM,ReqVel,False,False,False,False,True,False,True,False,OCM,OCM,1,OCMToOCM,True,,,,
lre,prefix,OCM,ReqHdng,False,False,False,False,True,False,True,False,OCM,OCM,1,OCMToOCM_1,True,,,,
lre,prefix,OCM,ReqMOM,False,False,False,False,True,False,True,False,OCM,OCM,0,-,True,,,,
lre,prefix,OCM,ReqOCM,False,False,False,False,True,False,True,False,OCM,OCM,0,-,True,,,,
lre,prefix,OCM,EndTask,False,False,False,False,True,False,True,False,OCM,OCM,0,-,True,,,,
lre,prefix,OCM,ReqHCM,False,False,False,False,True,False,True,False,OCM,OCM,0,-,True,,,,
lre,prefix,OCM,tick,False,False,False,False,True,False,True,False,OCM,OCM,0,-,True,,,,
lre,prefix,OCM,ReqVel,False,False,False,False,True,False,True,True,OCM,OCM,1,OCMToOCM,True,,,,
lre,prefix,OCM,ReqHdng,False,False,False,False,True,False,True,True,OCM,OCM,1,OCMToOCM_1,True,,,,
lre,prefix,OCM,ReqMOM,False,False,False,False,True,False,True,True,OCM,OCM,0,-,True,,,,
lre,prefix,OCM,ReqOCM,False,False,False,False,True,False,True,True,OCM,OCM,0,-,True,,,,
lre,prefix,OCM,EndTask,False,False,False,False,True,False,True,True,OCM,OCM,0,-,True,,,,
lre,prefix,OCM,ReqHCM,False,False,False,False,True,False,True,True,OCM,OCM,0,-,True,,,,
lre,prefix,OCM,tick,False,False,False,False,True,False,True,True,OCM,OCM,0,-,True,,,,
lre,prefix,OCM,ReqVel,False,False,False,False,True,True,False,False,OCM,OCM,1,OCMToOCM,True,,,,
lre,prefix,OCM,ReqHdng,False,False,False,False,True,True,False,False,OCM,OCM,1,OCMToOCM_1,True,,,,
lre,prefix,OCM,ReqMOM,False,False,False,False,True,True,False,False,OCM,OCM,0,-,True,,,,
lre,prefix,OCM,ReqOCM,False,False,False,False,True,True,False,False,OCM,OCM,0,-,True,,,,
lre,prefix,OCM,EndTask,False,False,False,False,True,True,False,False,OCM,OCM,0,-,True,,,,
lre,prefix,OCM,ReqHCM,False,False,False,False,True,True,False,False,OCM,OCM,0,-,True,,,,
lre,prefix,OCM,tick,False,False,False,False,True,True,False,False,OCM,OCM,0,-,True,,,,
lre,prefix,OCM,ReqVel,False,False,False,False,True,True,False,True,OCM,OCM,1,OCMToOCM,True,,,,
lre,prefix,OCM,ReqHdng,False,False,False,False,True,True,False,True,OCM,OCM,1,OCMToOCM_1,True,,,,
lre,prefix,OCM,ReqMOM,False,False,False,False,True,True,False,True,OCM,OCM,0,-,True,,,,
lre,prefix,OCM,ReqOCM,False,False,False,False,True,True,False,True,OCM,OCM,0,-,True,,,,
lre,prefix,OCM,EndTask,False,False,False,False,True,True,False,True,OCM,OCM,0,-,True,,,,
lre,prefix,OCM,ReqHCM,False,False,False,False,True,True,False,True,OCM,OCM,0,-,True,,,,
lre,prefix,OCM,tick,False,False,False,False,True,True,False,True,OCM,OCM,0,-,True,,,,
lre,prefix,OCM,ReqVel,False,False,False,False,True,True,True,False,OCM,MOM|OCM,2,OCMToOCM|OCMToMOM,False,,,,
lre,prefix,OCM,ReqHdng,False,False,False,False,True,True,True,False,OCM,MOM|OCM,2,OCMToOCM_1|OCMToMOM,False,,,,
lre,prefix,OCM,ReqMOM,False,False,False,False,True,True,True,False,MOM,MOM,1,OCMToMOM,True,,,,
lre,prefix,OCM,ReqOCM,False,False,False,False,True,True,True,False,OCM,MOM,1,OCMToMOM,False,,,,
lre,prefix,OCM,EndTask,False,False,False,False,True,True,True,False,OCM,MOM,1,OCMToMOM,False,,,,
lre,prefix,OCM,ReqHCM,False,False,False,False,True,True,True,False,OCM,MOM,1,OCMToMOM,False,,,,
lre,prefix,OCM,tick,False,False,False,False,True,True,True,False,OCM,MOM,1,OCMToMOM,False,,,,
lre,prefix,OCM,ReqVel,False,False,False,False,True,True,True,True,OCM,MOM|OCM,2,OCMToOCM|OCMToMOM,False,,,,
lre,prefix,OCM,ReqHdng,False,False,False,False,True,True,True,True,OCM,MOM|OCM,2,OCMToOCM_1|OCMToMOM,False,,,,
lre,prefix,OCM,ReqMOM,False,False,False,False,True,True,True,True,MOM,MOM,1,OCMToMOM,True,,,,
lre,prefix,OCM,ReqOCM,False,False,False,False,True,True,True,True,OCM,MOM,1,OCMToMOM,False,,,,
lre,prefix,OCM,EndTask,False,False,False,False,True,True,True,True,OCM,MOM,1,OCMToMOM,False,,,,
lre,prefix,OCM,ReqHCM,False,False,False,False,True,True,True,True,OCM,MOM,1,OCMToMOM,False,,,,
lre,prefix,OCM,tick,False,False,False,False,True,True,True,True,OCM,MOM,1,OCMToMOM,False,,,,
lre,prefix,OCM,ReqVel,False,False,False,True,False,False,False,False,OCM,OCM,1,OCMToOCM,True,,,,
lre,prefix,OCM,ReqHdng,False,False,False,True,False,False,False,False,OCM,OCM,1,OCMToOCM_1,True,,,,
lre,prefix,OCM,ReqMOM,False,False,False,True,False,False,False,False,OCM,OCM,0,-,True,,,,
lre,prefix,OCM,ReqOCM,False,False,False,True,False,False,False,False,OCM,OCM,0,-,True,,,,
lre,prefix,OCM,EndTask,False,False,False,True,False,False,False,False,OCM,OCM,0,-,True,,,,
lre,prefix,OCM,ReqHCM,False,False,False,True,False,False,False,False,OCM,OCM,0,-,True,,,,
lre,prefix,OCM,tick,False,False,False,True,False,False,False,False,OCM,OCM,0,-,True,,,,
lre,prefix,OCM,ReqVel,False,False,False,True,False,False,False,True,OCM,OCM,1,OCMToOCM,True,,,,
lre,prefix,OCM,ReqHdng,False,False,False,True,False,False,False,True,OCM,OCM,1,OCMToOCM_1,True,,,,
lre,prefix,OCM,ReqMOM,False,False,False,True,False,False,False,True,OCM,OCM,0,-,True,,,,
lre,prefix,OCM,ReqOCM,False,False,False,True,False,False,False,True,OCM,OCM,0,-,True,,,,
lre,prefix,OCM,EndTask,False,False,False,True,False,False,False,True,OCM,OCM,0,-,True,,,,
lre,prefix,OCM,ReqHCM,False,False,False,True,False,False,False,True,OCM,OCM,0,-,True,,,,
lre,prefix,OCM,tick,False,False,False,True,False,False,False,True,OCM,OCM,0,-,True,,,,
lre,prefix,OCM,ReqVel,False,False,False,True,False,False,True,False,OCM,OCM,1,OCMToOCM,True,,,,
lre,prefix,OCM,ReqHdng,False,False,False,True,False,False,True,False,OCM,OCM,1,OCMToOCM_1,True,,,,
lre,prefix,OCM,ReqMOM,False,False,False,True,False,False,True,False,OCM,OCM,0,-,True,,,,
lre,prefix,OCM,ReqOCM,False,False,False,True,False,False,True,False,OCM,OCM,0,-,True,,,,
lre,prefix,OCM,EndTask,False,False,False,True,False,False,True,False,OCM,OCM,0,-,True,,,,
lre,prefix,OCM,ReqHCM,False,False,False,True,False,False,True,False,OCM,OCM,0,-,True,,,,
lre,prefix,OCM,tick,False,False,False,True,False,False,True,False,OCM,OCM,0,-,True,,,,
lre,prefix,OCM,ReqVel,False,False,False,True,False,False,True,True,OCM,OCM,1,OCMToOCM,True,,,,
lre,prefix,OCM,ReqHdng,False,False,False,True,False,False,True,True,OCM,OCM,1,OCMToOCM_1,True,,,,
lre,prefix,OCM,ReqMOM,False,False,False,True,False,False,True,True,OCM,OCM,0,-,True,,,,
lre,prefix,OCM,ReqOCM,False,False,False,True,False,False,True,True,OCM,OCM,0,-,True,,,,
lre,prefix,OCM,EndTask,False,False,False,True,False,False,True,True,OCM,OCM,0,-,True,,,,
lre,prefix,OCM,ReqHCM,False,False,False,True,False,False,True,True,OCM,OCM,0,-,True,,,,
lre,prefix,OCM,tick,False,False,False,True,False,False,True,True,OCM,OCM,0,-,True,,,,
lre,prefix,OCM,ReqVel,False,False,False,True,False,True,False,False,OCM,OCM,1,OCMToOCM,True,,,,
lre,prefix,OCM,ReqHdng,False,False,False,True,False,True,False,False,OCM,OCM,1,OCMToOCM_1,True,,,,
lre,prefix,OCM,ReqMOM,False,False,False,True,False,True,False,False,OCM,OCM,0,-,True,,,,
lre,prefix,OCM,ReqOCM,False,False,False,True,False,True,False,False,OCM,OCM,0,-,True,,,,
lre,prefix,OCM,EndTask,False,False,False,True,False,True,False,False,OCM,OCM,0,-,True,,,,
lre,prefix,OCM,ReqHCM,False,False,False,True,False,True,False,False,OCM,OCM,0,-,True,,,,
lre,prefix,OCM,tick,False,False,False,True,False,True,False,False,OCM,OCM,0,-,True,,,,
lre,prefix,OCM,ReqVel,False,False,False,True,False,True,False,True,OCM,OCM,1,OCMToOCM,True,,,,
lre,prefix,OCM,ReqHdng,False,False,False,True,False,True,False,True,OCM,OCM,1,OCMToOCM_1,True,,,,
lre,prefix,OCM,ReqMOM,False,False,False,True,False,True,False,True,OCM,OCM,0,-,True,,,,
lre,prefix,OCM,ReqOCM,False,False,False,True,False,True,False,True,OCM,OCM,0,-,True,,,,
lre,prefix,OCM,EndTask,False,False,False,True,False,True,False,True,OCM,OCM,0,-,True,,,,
lre,prefix,OCM,ReqHCM,False,False,False,True,False,True,False,True,OCM,OCM,0,-,True,,,,
lre,prefix,OCM,tick,False,False,False,True,False,True,False,True,OCM,OCM,0,-,True,,,,
lre,prefix,OCM,ReqVel,False,False,False,True,False,True,True,False,OCM,OCM,1,OCMToOCM,True,,,,
lre,prefix,OCM,ReqHdng,False,False,False,True,False,True,True,False,OCM,OCM,1,OCMToOCM_1,True,,,,
lre,prefix,OCM,ReqMOM,False,False,False,True,False,True,True,False,OCM,OCM,0,-,True,,,,
lre,prefix,OCM,ReqOCM,False,False,False,True,False,True,True,False,OCM,OCM,0,-,True,,,,
lre,prefix,OCM,EndTask,False,False,False,True,False,True,True,False,OCM,OCM,0,-,True,,,,
lre,prefix,OCM,ReqHCM,False,False,False,True,False,True,True,False,OCM,OCM,0,-,True,,,,
lre,prefix,OCM,tick,False,False,False,True,False,True,True,False,OCM,OCM,0,-,True,,,,
lre,prefix,OCM,ReqVel,False,False,False,True,False,True,True,True,OCM,OCM,1,OCMToOCM,True,,,,
lre,prefix,OCM,ReqHdng,False,False,False,True,False,True,True,True,OCM,OCM,1,OCMToOCM_1,True,,,,
lre,prefix,OCM,ReqMOM,False,False,False,True,False,True,True,True,OCM,OCM,0,-,True,,,,
lre,prefix,OCM,ReqOCM,False,False,False,True,False,True,True,True,OCM,OCM,0,-,True,,,,
lre,prefix,OCM,EndTask,False,False,False,True,False,True,True,True,OCM,OCM,0,-,True,,,,
lre,prefix,OCM,ReqHCM,False,False,False,True,False,True,True,True,OCM,OCM,0,-,True,,,,
lre,prefix,OCM,tick,False,False,False,True,False,True,True,True,OCM,OCM,0,-,True,,,,
lre,prefix,OCM,ReqVel,False,False,False,True,True,False,False,False,OCM,OCM,1,OCMToOCM,True,,,,
lre,prefix,OCM,ReqHdng,False,False,False,True,True,False,False,False,OCM,OCM,1,OCMToOCM_1,True,,,,
lre,prefix,OCM,ReqMOM,False,False,False,True,True,False,False,False,OCM,OCM,0,-,True,,,,
lre,prefix,OCM,ReqOCM,False,False,False,True,True,False,False,False,OCM,OCM,0,-,True,,,,
lre,prefix,OCM,EndTask,False,False,False,True,True,False,False,False,OCM,OCM,0,-,True,,,,
lre,prefix,OCM,ReqHCM,False,False,False,True,True,False,False,False,OCM,OCM,0,-,True,,,,
lre,prefix,OCM,tick,False,False,False,True,True,False,False,False,OCM,OCM,0,-,True,,,,
lre,prefix,OCM,ReqVel,False,False,False,True,True,False,False,True,OCM,OCM,1,OCMToOCM,True,,,,
lre,prefix,OCM,ReqHdng,False,False,False,True,True,False,False,True,OCM,OCM,1,OCMToOCM_1,True,,,,
lre,prefix,OCM,ReqMOM,False,False,False,True,True,False,False,True,OCM,OCM,0,-,True,,,,
lre,prefix,OCM,ReqOCM,False,False,False,True,True,False,False,True,OCM,OCM,0,-,True,,,,
lre,prefix,OCM,EndTask,False,False,False,True,True,False,False,True,OCM,OCM,0,-,True,,,,
lre,prefix,OCM,ReqHCM,False,False,False,True,True,False,False,True,OCM,OCM,0,-,True,,,,
lre,prefix,OCM,tick,False,False,False,True,True,False,False,True,OCM,OCM,0,-,True,,,,
lre,prefix,OCM,ReqVel,False,False,False,True,True,False,True,False,OCM,OCM,1,OCMToOCM,True,,,,
lre,prefix,OCM,ReqHdng,False,False,False,True,True,False,True,False,OCM,OCM,1,OCMToOCM_1,True,,,,
lre,prefix,OCM,ReqMOM,False,False,False,True,True,False,True,False,OCM,OCM,0,-,True,,,,
lre,prefix,OCM,ReqOCM,False,False,False,True,True,False,True,False,OCM,OCM,0,-,True,,,,
lre,prefix,OCM,EndTask,False,False,False,True,True,False,True,False,OCM,OCM,0,-,True,,,,
lre,prefix,OCM,ReqHCM,False,False,False,True,True,False,True,False,OCM,OCM,0,-,True,,,,
lre,prefix,OCM,tick,False,False,False,True,True,False,True,False,OCM,OCM,0,-,True,,,,
lre,prefix,OCM,ReqVel,False,False,False,True,True,False,True,True,OCM,OCM,1,OCMToOCM,True,,,,
lre,prefix,OCM,ReqHdng,False,False,False,True,True,False,True,True,OCM,OCM,1,OCMToOCM_1,True,,,,
lre,prefix,OCM,ReqMOM,False,False,False,True,True,False,True,True,OCM,OCM,0,-,True,,,,
lre,prefix,OCM,ReqOCM,False,False,False,True,True,False,True,True,OCM,OCM,0,-,True,,,,
lre,prefix,OCM,EndTask,False,False,False,True,True,False,True,True,OCM,OCM,0,-,True,,,,
lre,prefix,OCM,ReqHCM,False,False,False,True,True,False,True,True,OCM,OCM,0,-,True,,,,
lre,prefix,OCM,tick,False,False,False,True,True,False,True,True,OCM,OCM,0,-,True,,,,
lre,prefix,OCM,ReqVel,False,False,False,True,True,True,False,False,OCM,OCM,1,OCMToOCM,True,,,,
lre,prefix,OCM,ReqHdng,False,False,False,True,True,True,False,False,OCM,OCM,1,OCMToOCM_1,True,,,,
lre,prefix,OCM,ReqMOM,False,False,False,True,True,True,False,False,OCM,OCM,0,-,True,,,,
lre,prefix,OCM,ReqOCM,False,False,False,True,True,True,False,False,OCM,OCM,0,-,True,,,,
lre,prefix,OCM,EndTask,False,False,False,True,True,True,False,False,OCM,OCM,0,-,True,,,,
lre,prefix,OCM,ReqHCM,False,False,False,True,True,True,False,False,OCM,OCM,0,-,True,,,,
lre,prefix,OCM,tick,False,False,False,True,True,True,False,False,OCM,OCM,0,-,True,,,,
lre,prefix,OCM,ReqVel,False,False,False,True,True,True,False,True,OCM,OCM,1,OCMToOCM,True,,,,
lre,prefix,OCM,ReqHdng,False,False,False,True,True,True,False,True,OCM,OCM,1,OCMToOCM_1,True,,,,
lre,prefix,OCM,ReqMOM,False,False,False,True,True,True,False,True,OCM,OCM,0,-,True,,,,
lre,prefix,OCM,ReqOCM,False,False,False,True,True,True,False,True,OCM,OCM,0,-,True,,,,
lre,prefix,OCM,EndTask,False,False,False,True,True,True,False,True,OCM,OCM,0,-,True,,,,
lre,prefix,OCM,ReqHCM,False,False,False,True,True,True,False,True,OCM,OCM,0,-,True,,,,
lre,prefix,OCM,tick,False,False,False,True,True,True,False,True,OCM,OCM,0,-,True,,,,
lre,prefix,OCM,ReqVel,False,False,False,True,True,True,True,False,OCM,MOM|OCM,2,OCMToOCM|OCMToMOM,False,,,,
lre,prefix,OCM,ReqHdng,False,False,False,True,True,True,True,False,OCM,MOM|OCM,2,OCMToOCM_1|OCMToMOM,False,,,,
lre,prefix,OCM,ReqMOM,False,False,False,True,True,True,True,False,MOM,MOM,1,OCMToMOM,True,,,,
lre,prefix,OCM,ReqOCM,False,False,False,True,True,True,True,False,OCM,MOM,1,OCMToMOM,False,,,,
lre,prefix,OCM,EndTask,False,False,False,True,True,True,True,False,OCM,MOM,1,OCMToMOM,False,,,,
lre,prefix,OCM,ReqHCM,False,False,False,True,True,True,True,False,OCM,MOM,1,OCMToMOM,False,,,,
lre,prefix,OCM,tick,False,False,False,True,True,True,True,False,OCM,MOM,1,OCMToMOM,False,,,,
lre,prefix,OCM,ReqVel,False,False,False,True,True,True,True,True,OCM,MOM|OCM,2,OCMToOCM|OCMToMOM,False,,,,
lre,prefix,OCM,ReqHdng,False,False,False,True,True,True,True,True,OCM,MOM|OCM,2,OCMToOCM_1|OCMToMOM,False,,,,
lre,prefix,OCM,ReqMOM,False,False,False,True,True,True,True,True,MOM,MOM,1,OCMToMOM,True,,,,
lre,prefix,OCM,ReqOCM,False,False,False,True,True,True,True,True,OCM,MOM,1,OCMToMOM,False,,,,
lre,prefix,OCM,EndTask,False,False,False,True,True,True,True,True,OCM,MOM,1,OCMToMOM,False,,,,
lre,prefix,OCM,ReqHCM,False,False,False,True,True,True,True,True,OCM,MOM,1,OCMToMOM,False,,,,
lre,prefix,OCM,tick,False,False,False,True,True,True,True,True,OCM,MOM,1,OCMToMOM,False,,,,
lre,prefix,OCM,ReqVel,False,False,True,False,False,False,False,False,OCM,OCM,1,OCMToOCM,True,,,,
lre,prefix,OCM,ReqHdng,False,False,True,False,False,False,False,False,OCM,OCM,1,OCMToOCM_1,True,,,,
lre,prefix,OCM,ReqMOM,False,False,True,False,False,False,False,False,OCM,OCM,0,-,True,,,,
lre,prefix,OCM,ReqOCM,False,False,True,False,False,False,False,False,OCM,OCM,0,-,True,,,,
lre,prefix,OCM,EndTask,False,False,True,False,False,False,False,False,OCM,OCM,0,-,True,,,,
lre,prefix,OCM,ReqHCM,False,False,True,False,False,False,False,False,OCM,OCM,0,-,True,,,,
lre,prefix,OCM,tick,False,False,True,False,False,False,False,False,OCM,OCM,0,-,True,,,,
lre,prefix,OCM,ReqVel,False,False,True,False,False,False,False,True,OCM,OCM,1,OCMToOCM,True,,,,
lre,prefix,OCM,ReqHdng,False,False,True,False,False,False,False,True,OCM,OCM,1,OCMToOCM_1,True,,,,
lre,prefix,OCM,ReqMOM,False,False,True,False,False,False,False,True,OCM,OCM,0,-,True,,,,
lre,prefix,OCM,ReqOCM,False,False,True,False,False,False,False,True,OCM,OCM,0,-,True,,,,
lre,prefix,OCM,EndTask,False,False,True,False,False,False,False,True,OCM,OCM,0,-,True,,,,
lre,prefix,OCM,ReqHCM,False,False,True,False,False,False,False,True,OCM,OCM,0,-,True,,,,
lre,prefix,OCM,tick,False,False,True,False,False,False,False,True,OCM,OCM,0,-,True,,,,
lre,prefix,OCM,ReqVel,False,False,True,False,False,False,True,False,OCM,OCM,1,OCMToOCM,True,,,,
lre,prefix,OCM,ReqHdng,False,False,True,False,False,False,True,False,OCM,OCM,1,OCMToOCM_1,True,,,,
lre,prefix,OCM,ReqMOM,False,False,True,False,False,False,True,False,OCM,OCM,0,-,True,,,,
lre,prefix,OCM,ReqOCM,False,False,True,False,False,False,True,False,OCM,OCM,0,-,True,,,,
lre,prefix,OCM,EndTask,False,False,True,False,False,False,True,False,OCM,OCM,0,-,True,,,,
lre,prefix,OCM,ReqHCM,False,False,True,False,False,False,True,False,OCM,OCM,0,-,True,,,,
lre,prefix,OCM,tick,False,False,True,False,False,False,True,False,OCM,OCM,0,-,True,,,,
lre,prefix,OCM,ReqVel,False,False,True,False,False,False,True,True,OCM,OCM,1,OCMToOCM,True,,,,
lre,prefix,OCM,ReqHdng,False,False,True,False,False,False,True,True,OCM,OCM,1,OCMToOCM_1,True,,,,
lre,prefix,OCM,ReqMOM,False,False,True,False,False,False,True,True,OCM,OCM,0,-,True,,,,
lre,prefix,OCM,ReqOCM,False,False,True,False,False,False,True,True,OCM,OCM,0,-,True,,,,
lre,prefix,OCM,EndTask,False,False,True,False,False,False,True,True,OCM,OCM,0,-,True,,,,
lre,prefix,OCM,ReqHCM,False,False,True,False,False,False,True,True,OCM,OCM,0,-,True,,,,
lre,prefix,OCM,tick,False,False,True,False,False,False,True,True,OCM,OCM,0,-,True,,,,
lre,prefix,OCM,ReqVel,False,False,True,False,False,True,False,False,OCM,OCM,1,OCMToOCM,True,,,,
lre,prefix,OCM,ReqHdng,False,False,True,False,False,True,False,False,OCM,OCM,1,OCMToOCM_1,True,,,,
lre,prefix,OCM,ReqMOM,False,False,True,False,False,True,False,False,OCM,OCM,0,-,True,,,,
lre,prefix,OCM,ReqOCM,False,False,True,False,False,True,False,False,OCM,OCM,0,-,True,,,,
lre,prefix,OCM,EndTask,False,False,True,False,False,True,False,False,OCM,OCM,0,-,True,,,,
lre,prefix,OCM,ReqHCM,False,False,True,False,False,True,False,False,OCM,OCM,0,-,True,,,,
lre,prefix,OCM,tick,False,False,True,False,False,True,False,False,OCM,OCM,0,-,True,,,,
lre,prefix,OCM,ReqVel,False,False,True,False,False,True,False,True,OCM,OCM,1,OCMToOCM,True,,,,
lre,prefix,OCM,ReqHdng,False,False,True,False,False,True,False,True,OCM,OCM,1,OCMToOCM_1,True,,,,
lre,prefix,OCM,ReqMOM,False,False,True,False,False,True,False,True,OCM,OCM,0,-,True,,,,
lre,prefix,OCM,ReqOCM,False,False,True,False,False,True,False,True,OCM,OCM,0,-,True,,,,
lre,prefix,OCM,EndTask,False,False,True,False,False,True,False,True,OCM,OCM,0,-,True,,,,
lre,prefix,OCM,ReqHCM,False,False,True,False,False,True,False,True,OCM,OCM,0,-,True,,,,
lre,prefix,OCM,tick,False,False,True,False,False,True,False,True,OCM,OCM,0,-,True,,,,
lre,prefix,OCM,ReqVel,False,False,True,False,False,True,True,False,OCM,OCM,1,OCMToOCM,True,,,,
lre,prefix,OCM,ReqHdng,False,False,True,False,False,True,True,False,OCM,OCM,1,OCMToOCM_1,True,,,,
lre,prefix,OCM,ReqMOM,False,False,True,False,False,True,True,False,OCM,OCM,0,-,True,,,,
lre,prefix,OCM,ReqOCM,False,False,True,False,False,True,True,False,OCM,OCM,0,-,True,,,,
lre,prefix,OCM,EndTask,False,False,True,False,False,True,True,False,OCM,OCM,0,-,True,,,,
lre,prefix,OCM,ReqHCM,False,False,True,False,False,True,True,False,OCM,OCM,0,-,True,,,,
lre,prefix,OCM,tick,False,False,True,False,False,True,True,False,OCM,OCM,0,-,True,,,,
lre,prefix,OCM,ReqVel,False,False,True,False,False,True,True,True,OCM,OCM,1,OCMToOCM,True,,,,
lre,prefix,OCM,ReqHdng,False,False,True,False,False,True,True,True,OCM,OCM,1,OCMToOCM_1,True,,,,
lre,prefix,OCM,ReqMOM,False,False,True,False,False,True,True,True,OCM,OCM,0,-,True,,,,
lre,prefix,OCM,ReqOCM,False,False,True,False,False,True,True,True,OCM,OCM,0,-,True,,,,
lre,prefix,OCM,EndTask,False,False,True,False,False,True,True,True,OCM,OCM,0,-,True,,,,
lre,prefix,OCM,ReqHCM,False,False,True,False,False,True,True,True,OCM,OCM,0,-,True,,,,
lre,prefix,OCM,tick,False,False,True,False,False,True,True,True,OCM,OCM,0,-,True,,,,
lre,prefix,OCM,ReqVel,False,False,True,False,True,False,False,False,OCM,OCM,1,OCMToOCM,True,,,,
lre,prefix,OCM,ReqHdng,False,False,True,False,True,False,False,False,OCM,OCM,1,OCMToOCM_1,True,,,,
lre,prefix,OCM,ReqMOM,False,False,True,False,True,False,False,False,OCM,OCM,0,-,True,,,,
lre,prefix,OCM,ReqOCM,False,False,True,False,True,False,False,False,OCM,OCM,0,-,True,,,,
lre,prefix,OCM,EndTask,False,False,True,False,True,False,False,False,OCM,OCM,0,-,True,,,,
lre,prefix,OCM,ReqHCM,False,False,True,False,True,False,False,False,OCM,OCM,0,-,True,,,,
lre,prefix,OCM,tick,False,False,True,False,True,False,False,False,OCM,OCM,0,-,True,,,,
lre,prefix,OCM,ReqVel,False,False,True,False,True,False,False,True,OCM,OCM,1,OCMToOCM,True,,,,
lre,prefix,OCM,ReqHdng,False,False,True,False,True,False,False,True,OCM,OCM,1,OCMToOCM_1,True,,,,
lre,prefix,OCM,ReqMOM,False,False,True,False,True,False,False,True,OCM,OCM,0,-,True,,,,
lre,prefix,OCM,ReqOCM,False,False,True,False,True,False,False,True,OCM,OCM,0,-,True,,,,
lre,prefix,OCM,EndTask,False,False,True,False,True,False,False,True,OCM,OCM,0,-,True,,,,
lre,prefix,OCM,ReqHCM,False,False,True,False,True,False,False,True,OCM,OCM,0,-,True,,,,
lre,prefix,OCM,tick,False,False,True,False,True,False,False,True,OCM,OCM,0,-,True,,,,
lre,prefix,OCM,ReqVel,False,False,True,False,True,False,True,False,OCM,OCM,1,OCMToOCM,True,,,,
lre,prefix,OCM,ReqHdng,False,False,True,False,True,False,True,False,OCM,OCM,1,OCMToOCM_1,True,,,,
lre,prefix,OCM,ReqMOM,False,False,True,False,True,False,True,False,OCM,OCM,0,-,True,,,,
lre,prefix,OCM,ReqOCM,False,False,True,False,True,False,True,False,OCM,OCM,0,-,True,,,,
lre,prefix,OCM,EndTask,False,False,True,False,True,False,True,False,OCM,OCM,0,-,True,,,,
lre,prefix,OCM,ReqHCM,False,False,True,False,True,False,True,False,OCM,OCM,0,-,True,,,,
lre,prefix,OCM,tick,False,False,True,False,True,False,True,False,OCM,OCM,0,-,True,,,,
lre,prefix,OCM,ReqVel,False,False,True,False,True,False,True,True,OCM,OCM,1,OCMToOCM,True,,,,
lre,prefix,OCM,ReqHdng,False,False,True,False,True,False,True,True,OCM,OCM,1,OCMToOCM_1,True,,,,
lre,prefix,OCM,ReqMOM,False,False,True,False,True,False,True,True,OCM,OCM,0,-,True,,,,
lre,prefix,OCM,ReqOCM,False,False,True,False,True,False,True,True,OCM,OCM,0,-,True,,,,
lre,prefix,OCM,EndTask,False,False,True,False,True,False,True,True,OCM,OCM,0,-,True,,,,
lre,prefix,OCM,ReqHCM,False,False,True,False,True,False,True,True,OCM,OCM,0,-,True,,,,
lre,prefix,OCM,tick,False,False,True,False,True,False,True,True,OCM,OCM,0,-,True,,,,
lre,prefix,OCM,ReqVel,False,False,True,False,True,True,False,False,OCM,OCM,1,OCMToOCM,True,,,,
lre,prefix,OCM,ReqHdng,False,False,True,False,True,True,False,False,OCM,OCM,1,OCMToOCM_1,True,,,,
lre,prefix,OCM,ReqMOM,False,False,True,False,True,True,False,False,OCM,OCM,0,-,True,,,,
lre,prefix,OCM,ReqOCM,False,False,True,False,True,True,False,False,OCM,OCM,0,-,True,,,,
lre,prefix,OCM,EndTask,False,False,True,False,True,True,False,False,OCM,OCM,0,-,True,,,,
lre,prefix,OCM,ReqHCM,False,False,True,False,True,True,False,False,OCM,OCM,0,-,True,,,,
lre,prefix,OCM,tick,False,False,True,False,True,True,False,False,OCM,OCM,0,-,True,,,,
lre,prefix,OCM,ReqVel,False,False,True,False,True,True,False,True,OCM,OCM,1,OCMToOCM,True,,,,
lre,prefix,OCM,ReqHdng,False,False,True,False,True,True,False,True,OCM,OCM,1,OCMToOCM_1,True,,,,
lre,prefix,OCM,ReqMOM,False,False,True,False,True,True,False,True,OCM,OCM,0,-,True,,,,
lre,prefix,OCM,ReqOCM,False,False,True,False,True,True,False,True,OCM,OCM,0,-,True,,,,
lre,prefix,OCM,EndTask,False,False,True,False,True,True,False,True,OCM,OCM,0,-,True,,,,
lre,prefix,OCM,ReqHCM,False,False,True,False,True,True,False,True,OCM,OCM,0,-,True,,,,
lre,prefix,OCM,tick,False,False,True,False,True,True,False,True,OCM,OCM,0,-,True,,,,
lre,prefix,OCM,ReqVel,False,False,True,False,True,True,True,False,OCM,OCM,1,OCMToOCM,True,,,,
lre,prefix,OCM,ReqHdng,False,False,True,False,True,True,True,False,OCM,OCM,1,OCMToOCM_1,True,,,,
lre,prefix,OCM,ReqMOM,False,False,True,False,True,True,True,False,OCM,OCM,0,-,True,,,,
lre,prefix,OCM,ReqOCM,False,False,True,False,True,True,True,False,OCM,OCM,0,-,True,,,,
lre,prefix,OCM,EndTask,False,False,True,False,True,True,True,False,OCM,OCM,0,-,True,,,,
lre,prefix,OCM,ReqHCM,False,False,True,False,True,True,True,False,OCM,OCM,0,-,True,,,,
lre,prefix,OCM,tick,False,False,True,False,True,True,True,False,OCM,OCM,0,-,True,,,,
lre,prefix,OCM,ReqVel,False,False,True,False,True,True,True,True,OCM,OCM,1,OCMToOCM,True,,,,
lre,prefix,OCM,ReqHdng,False,False,True,False,True,True,True,True,OCM,OCM,1,OCMToOCM_1,True,,,,
lre,prefix,OCM,ReqMOM,False,False,True,False,True,True,True,True,OCM,OCM,0,-,True,,,,
lre,prefix,OCM,ReqOCM,False,False,True,False,True,True,True,True,OCM,OCM,0,-,True,,,,
lre,prefix,OCM,EndTask,False,False,True,False,True,True,True,True,OCM,OCM,0,-,True,,,,
lre,prefix,OCM,ReqHCM,False,False,True,False,True,True,True,True,OCM,OCM,0,-,True,,,,
lre,prefix,OCM,tick,False,False,True,False,True,True,True,True,OCM,OCM,0,-,True,,,,
lre,prefix,OCM,ReqVel,False,False,True,True,False,False,False,False,OCM,OCM,1,OCMToOCM,True,,,,
lre,prefix,OCM,ReqHdng,False,False,True,True,False,False,False,False,OCM,OCM,1,OCMToOCM_1,True,,,,
lre,prefix,OCM,ReqMOM,False,False,True,True,False,False,False,False,OCM,OCM,0,-,True,,,,
lre,prefix,OCM,ReqOCM,False,False,True,True,False,False,False,False,OCM,OCM,0,-,True,,,,
lre,prefix,OCM,EndTask,False,False,True,True,False,False,False,False,OCM,OCM,0,-,True,,,,
lre,prefix,OCM,ReqHCM,False,False,True,True,False,False,False,False,OCM,OCM,0,-,True,,,,
lre,prefix,OCM,tick,False,False,True,True,False,False,False,False,OCM,OCM,0,-,True,,,,
lre,prefix,OCM,ReqVel,False,False,True,True,False,False,False,True,OCM,OCM,1,OCMToOCM,True,,,,
lre,prefix,OCM,ReqHdng,False,False,True,True,False,False,False,True,OCM,OCM,1,OCMToOCM_1,True,,,,
lre,prefix,OCM,ReqMOM,False,False,True,True,False,False,False,True,OCM,OCM,0,-,True,,,,
lre,prefix,OCM,ReqOCM,False,False,True,True,False,False,False,True,OCM,OCM,0,-,True,,,,
lre,prefix,OCM,EndTask,False,False,True,True,False,False,False,True,OCM,OCM,0,-,True,,,,
lre,prefix,OCM,ReqHCM,False,False,True,True,False,False,False,True,OCM,OCM,0,-,True,,,,
lre,prefix,OCM,tick,False,False,True,True,False,False,False,True,OCM,OCM,0,-,True,,,,
lre,prefix,OCM,ReqVel,False,False,True,True,False,False,True,False,OCM,OCM,1,OCMToOCM,True,,,,
lre,prefix,OCM,ReqHdng,False,False,True,True,False,False,True,False,OCM,OCM,1,OCMToOCM_1,True,,,,
lre,prefix,OCM,ReqMOM,False,False,True,True,False,False,True,False,OCM,OCM,0,-,True,,,,
lre,prefix,OCM,ReqOCM,False,False,True,True,False,False,True,False,OCM,OCM,0,-,True,,,,
lre,prefix,OCM,EndTask,False,False,True,True,False,False,True,False,OCM,OCM,0,-,True,,,,
lre,prefix,OCM,ReqHCM,False,False,True,True,False,False,True,False,OCM,OCM,0,-,True,,,,
lre,prefix,OCM,tick,False,False,True,True,False,False,True,False,OCM,OCM,0,-,True,,,,
lre,prefix,OCM,ReqVel,False,False,True,True,False,False,True,True,OCM,OCM,1,OCMToOCM,True,,,,
lre,prefix,OCM,ReqHdng,False,False,True,True,False,False,True,True,OCM,OCM,1,OCMToOCM_1,True,,,,
lre,prefix,OCM,ReqMOM,False,False,True,True,False,False,True,True,OCM,OCM,0,-,True,,,,
lre,prefix,OCM,ReqOCM,False,False,True,True,False,False,True,True,OCM,OCM,0,-,True,,,,
lre,prefix,OCM,EndTask,False,False,True,True,False,False,True,True,OCM,OCM,0,-,True,,,,
lre,prefix,OCM,ReqHCM,False,False,True,True,False,False,True,True,OCM,OCM,0,-,True,,,,
lre,prefix,OCM,tick,False,False,True,True,False,False,True,True,OCM,OCM,0,-,True,,,,
lre,prefix,OCM,ReqVel,False,False,True,True,False,True,False,False,OCM,OCM,1,OCMToOCM,True,,,,
lre,prefix,OCM,ReqHdng,False,False,True,True,False,True,False,False,OCM,OCM,1,OCMToOCM_1,True,,,,
lre,prefix,OCM,ReqMOM,False,False,True,True,False,True,False,False,OCM,OCM,0,-,True,,,,
lre,prefix,OCM,ReqOCM,False,False,True,True,False,True,False,False,OCM,OCM,0,-,True,,,,
lre,prefix,OCM,EndTask,False,False,True,True,False,True,False,False,OCM,OCM,0,-,True,,,,
lre,prefix,OCM,ReqHCM,False,False,True,True,False,True,False,False,OCM,OCM,0,-,True,,,,
lre,prefix,OCM,tick,False,False,True,True,False,True,False,False,OCM,OCM,0,-,True,,,,
lre,prefix,OCM,ReqVel,False,False,True,True,False,True,False,True,OCM,OCM,1,OCMToOCM,True,,,,
lre,prefix,OCM,ReqHdng,False,False,True,True,False,True,False,True,OCM,OCM,1,OCMToOCM_1,True,,,,
lre,prefix,OCM,ReqMOM,False,False,True,True,False,True,False,True,OCM,OCM,0,-,True,,,,
lre,prefix,OCM,ReqOCM,False,False,True,True,False,True,False,True,OCM,OCM,0,-,True,,,,
lre,prefix,OCM,EndTask,False,False,True,True,False,True,False,True,OCM,OCM,0,-,True,,,,
lre,prefix,OCM,ReqHCM,False,False,True,True,False,True,False,True,OCM,OCM,0,-,True,,,,
lre,prefix,OCM,tick,False,False,True,True,False,True,False,True,OCM,OCM,0,-,True,,,,
lre,prefix,OCM,ReqVel,False,False,True,True,False,True,True,False,OCM,OCM,1,OCMToOCM,True,,,,
lre,prefix,OCM,ReqHdng,False,False,True,True,False,True,True,False,OCM,OCM,1,OCMToOCM_1,True,,,,
lre,prefix,OCM,ReqMOM,False,False,True,True,False,True,True,False,OCM,OCM,0,-,True,,,,
lre,prefix,OCM,ReqOCM,False,False,True,True,False,True,True,False,OCM,OCM,0,-,True,,,,
lre,prefix,OCM,EndTask,False,False,True,True,False,True,True,False,OCM,OCM,0,-,True,,,,
lre,prefix,OCM,ReqHCM,False,False,True,True,False,True,True,False,OCM,OCM,0,-,True,,,,
lre,prefix,OCM,tick,False,False,True,True,False,True,True,False,OCM,OCM,0,-,True,,,,
lre,prefix,OCM,ReqVel,False,False,True,True,False,True,True,True,OCM,OCM,1,OCMToOCM,True,,,,
lre,prefix,OCM,ReqHdng,False,False,True,True,False,True,True,True,OCM,OCM,1,OCMToOCM_1,True,,,,
lre,prefix,OCM,ReqMOM,False,False,True,True,False,True,True,True,OCM,OCM,0,-,True,,,,
lre,prefix,OCM,ReqOCM,False,False,True,True,False,True,True,True,OCM,OCM,0,-,True,,,,
lre,prefix,OCM,EndTask,False,False,True,True,False,True,True,True,OCM,OCM,0,-,True,,,,
lre,prefix,OCM,ReqHCM,False,False,True,True,False,True,True,True,OCM,OCM,0,-,True,,,,
lre,prefix,OCM,tick,False,False,True,True,False,True,True,True,OCM,OCM,0,-,True,,,,
lre,prefix,OCM,ReqVel,False,False,True,True,True,False,False,False,OCM,OCM,1,OCMToOCM,True,,,,
lre,prefix,OCM,ReqHdng,False,False,True,True,True,False,False,False,OCM,OCM,1,OCMToOCM_1,True,,,,
lre,prefix,OCM,ReqMOM,False,False,True,True,True,False,False,False,OCM,OCM,0,-,True,,,,
lre,prefix,OCM,ReqOCM,False,False,True,True,True,False,False,False,OCM,OCM,0,-,True,,,,
lre,prefix,OCM,EndTask,False,False,True,True,True,False,False,False,OCM,OCM,0,-,True,,,,
lre,prefix,OCM,ReqHCM,False,False,True,True,True,False,False,False,OCM,OCM,0,-,True,,,,
lre,prefix,OCM,tick,False,False,True,True,True,False,False,False,OCM,OCM,0,-,True,,,,
lre,prefix,OCM,ReqVel,False,False,True,True,True,False,False,True,OCM,OCM,1,OCMToOCM,True,,,,
lre,prefix,OCM,ReqHdng,False,False,True,True,True,False,False,True,OCM,OCM,1,OCMToOCM_1,True,,,,
lre,prefix,OCM,ReqMOM,False,False,True,True,True,False,False,True,OCM,OCM,0,-,True,,,,
lre,prefix,OCM,ReqOCM,False,False,True,True,True,False,False,True,OCM,OCM,0,-,True,,,,
lre,prefix,OCM,EndTask,False,False,True,True,True,False,False,True,OCM,OCM,0,-,True,,,,
lre,prefix,OCM,ReqHCM,False,False,True,True,True,False,False,True,OCM,OCM,0,-,True,,,,
lre,prefix,OCM,tick,False,False,True,True,True,False,False,True,OCM,OCM,0,-,True,,,,
lre,prefix,OCM,ReqVel,False,False,True,True,True,False,True,False,OCM,OCM,1,OCMToOCM,True,,,,
lre,prefix,OCM,ReqHdng,False,False,True,True,True,False,True,False,OCM,OCM,1,OCMToOCM_1,True,,,,
lre,prefix,OCM,ReqMOM,False,False,True,True,True,False,True,False,OCM,OCM,0,-,True,,,,
lre,prefix,OCM,ReqOCM,False,False,True,True,True,False,True,False,OCM,OCM,0,-,True,,,,
lre,prefix,OCM,EndTask,False,False,True,True,True,False,True,False,OCM,OCM,0,-,True,,,,
lre,prefix,OCM,ReqHCM,False,False,True,True,True,False,True,False,OCM,OCM,0,-,True,,,,
lre,prefix,OCM,tick,False,False,True,True,True,False,True,False,OCM,OCM,0,-,True,,,,
lre,prefix,OCM,ReqVel,False,False,True,True,True,False,True,True,OCM,OCM,1,OCMToOCM,True,,,,
lre,prefix,OCM,ReqHdng,False,False,True,True,True,False,True,True,OCM,OCM,1,OCMToOCM_1,True,,,,
lre,prefix,OCM,ReqMOM,False,False,True,True,True,False,True,True,OCM,OCM,0,-,True,,,,
lre,prefix,OCM,ReqOCM,False,False,True,True,True,False,True,True,OCM,OCM,0,-,True,,,,
lre,prefix,OCM,EndTask,False,False,True,True,True,False,True,True,OCM,OCM,0,-,True,,,,
lre,prefix,OCM,ReqHCM,False,False,True,True,True,False,True,True,OCM,OCM,0,-,True,,,,
lre,prefix,OCM,tick,False,False,True,True,True,False,True,True,OCM,OCM,0,-,True,,,,
lre,prefix,OCM,ReqVel,False,False,True,True,True,True,False,False,OCM,OCM,1,OCMToOCM,True,,,,
lre,prefix,OCM,ReqHdng,False,False,True,True,True,True,False,False,OCM,OCM,1,OCMToOCM_1,True,,,,
lre,prefix,OCM,ReqMOM,False,False,True,True,True,True,False,False,OCM,OCM,0,-,True,,,,
lre,prefix,OCM,ReqOCM,False,False,True,True,True,True,False,False,OCM,OCM,0,-,True,,,,
lre,prefix,OCM,EndTask,False,False,True,True,True,True,False,False,OCM,OCM,0,-,True,,,,
lre,prefix,OCM,ReqHCM,False,False,True,True,True,True,False,False,OCM,OCM,0,-,True,,,,
lre,prefix,OCM,tick,False,False,True,True,True,True,False,False,OCM,OCM,0,-,True,,,,
lre,prefix,OCM,ReqVel,False,False,True,True,True,True,False,True,OCM,OCM,1,OCMToOCM,True,,,,
lre,prefix,OCM,ReqHdng,False,False,True,True,True,True,False,True,OCM,OCM,1,OCMToOCM_1,True,,,,
lre,prefix,OCM,ReqMOM,False,False,True,True,True,True,False,True,OCM,OCM,0,-,True,,,,
lre,prefix,OCM,ReqOCM,False,False,True,True,True,True,False,True,OCM,OCM,0,-,True,,,,
lre,prefix,OCM,EndTask,False,False,True,True,True,True,False,True,OCM,OCM,0,-,True,,,,
lre,prefix,OCM,ReqHCM,False,False,True,True,True,True,False,True,OCM,OCM,0,-,True,,,,
lre,prefix,OCM,tick,False,False,True,True,True,True,False,True,OCM,OCM,0,-,True,,,,
lre,prefix,OCM,ReqVel,False,False,True,True,True,True,True,False,OCM,OCM,1,OCMToOCM,True,,,,
lre,prefix,OCM,ReqHdng,False,False,True,True,True,True,True,False,OCM,OCM,1,OCMToOCM_1,True,,,,
lre,prefix,OCM,ReqMOM,False,False,True,True,True,True,True,False,OCM,OCM,0,-,True,,,,
lre,prefix,OCM,ReqOCM,False,False,True,True,True,True,True,False,OCM,OCM,0,-,True,,,,
lre,prefix,OCM,EndTask,False,False,True,True,True,True,True,False,OCM,OCM,0,-,True,,,,
lre,prefix,OCM,ReqHCM,False,False,True,True,True,True,True,False,OCM,OCM,0,-,True,,,,
lre,prefix,OCM,tick,False,False,True,True,True,True,True,False,OCM,OCM,0,-,True,,,,
lre,prefix,OCM,ReqVel,False,False,True,True,True,True,True,True,OCM,OCM,1,OCMToOCM,True,,,,
lre,prefix,OCM,ReqHdng,False,False,True,True,True,True,True,True,OCM,OCM,1,OCMToOCM_1,True,,,,
lre,prefix,OCM,ReqMOM,False,False,True,True,True,True,True,True,OCM,OCM,0,-,True,,,,
lre,prefix,OCM,ReqOCM,False,False,True,True,True,True,True,True,OCM,OCM,0,-,True,,,,
lre,prefix,OCM,EndTask,False,False,True,True,True,True,True,True,OCM,OCM,0,-,True,,,,
lre,prefix,OCM,ReqHCM,False,False,True,True,True,True,True,True,OCM,OCM,0,-,True,,,,
lre,prefix,OCM,tick,False,False,True,True,True,True,True,True,OCM,OCM,0,-,True,,,,
lre,prefix,OCM,ReqVel,False,True,False,False,False,False,False,False,OCM,OCM,1,OCMToOCM,True,,,,
lre,prefix,OCM,ReqHdng,False,True,False,False,False,False,False,False,OCM,OCM,1,OCMToOCM_1,True,,,,
lre,prefix,OCM,ReqMOM,False,True,False,False,False,False,False,False,OCM,OCM,0,-,True,,,,
lre,prefix,OCM,ReqOCM,False,True,False,False,False,False,False,False,OCM,OCM,0,-,True,,,,
lre,prefix,OCM,EndTask,False,True,False,False,False,False,False,False,OCM,OCM,0,-,True,,,,
lre,prefix,OCM,ReqHCM,False,True,False,False,False,False,False,False,OCM,OCM,0,-,True,,,,
lre,prefix,OCM,tick,False,True,False,False,False,False,False,False,OCM,OCM,0,-,True,,,,
lre,prefix,OCM,ReqVel,False,True,False,False,False,False,False,True,OCM,OCM,1,OCMToOCM,True,,,,
lre,prefix,OCM,ReqHdng,False,True,False,False,False,False,False,True,OCM,OCM,1,OCMToOCM_1,True,,,,
lre,prefix,OCM,ReqMOM,False,True,False,False,False,False,False,True,OCM,OCM,0,-,True,,,,
lre,prefix,OCM,ReqOCM,False,True,False,False,False,False,False,True,OCM,OCM,0,-,True,,,,
lre,prefix,OCM,EndTask,False,True,False,False,False,False,False,True,OCM,OCM,0,-,True,,,,
lre,prefix,OCM,ReqHCM,False,True,False,False,False,False,False,True,OCM,OCM,0,-,True,,,,
lre,prefix,OCM,tick,False,True,False,False,False,False,False,True,OCM,OCM,0,-,True,,,,
lre,prefix,OCM,ReqVel,False,True,False,False,False,False,True,False,OCM,OCM,1,OCMToOCM,True,,,,
lre,prefix,OCM,ReqHdng,False,True,False,False,False,False,True,False,OCM,OCM,1,OCMToOCM_1,True,,,,
lre,prefix,OCM,ReqMOM,False,True,False,False,False,False,True,False,OCM,OCM,0,-,True,,,,
lre,prefix,OCM,ReqOCM,False,True,False,False,False,False,True,False,OCM,OCM,0,-,True,,,,
lre,prefix,OCM,EndTask,False,True,False,False,False,False,True,False,OCM,OCM,0,-,True,,,,
lre,prefix,OCM,ReqHCM,False,True,False,False,False,False,True,False,OCM,OCM,0,-,True,,,,
lre,prefix,OCM,tick,False,True,False,False,False,False,True,False,OCM,OCM,0,-,True,,,,
lre,prefix,OCM,ReqVel,False,True,False,False,False,False,True,True,OCM,OCM,1,OCMToOCM,True,,,,
lre,prefix,OCM,ReqHdng,False,True,False,False,False,False,True,True,OCM,OCM,1,OCMToOCM_1,True,,,,
lre,prefix,OCM,ReqMOM,False,True,False,False,False,False,True,True,OCM,OCM,0,-,True,,,,
lre,prefix,OCM,ReqOCM,False,True,False,False,False,False,True,True,OCM,OCM,0,-,True,,,,
lre,prefix,OCM,EndTask,False,True,False,False,False,False,True,True,OCM,OCM,0,-,True,,,,
lre,prefix,OCM,ReqHCM,False,True,False,False,False,False,True,True,OCM,OCM,0,-,True,,,,
lre,prefix,OCM,tick,False,True,False,False,False,False,True,True,OCM,OCM,0,-,True,,,,
lre,prefix,OCM,ReqVel,False,True,False,False,False,True,False,False,OCM,OCM,1,OCMToOCM,True,,,,
lre,prefix,OCM,ReqHdng,False,True,False,False,False,True,False,False,OCM,OCM,1,OCMToOCM_1,True,,,,
lre,prefix,OCM,ReqMOM,False,True,False,False,False,True,False,False,OCM,OCM,0,-,True,,,,
lre,prefix,OCM,ReqOCM,False,True,False,False,False,True,False,False,OCM,OCM,0,-,True,,,,
lre,prefix,OCM,EndTask,False,True,False,False,False,True,False,False,OCM,OCM,0,-,True,,,,
lre,prefix,OCM,ReqHCM,False,True,False,False,False,True,False,False,OCM,OCM,0,-,True,,,,
lre,prefix,OCM,tick,False,True,False,False,False,True,False,False,OCM,OCM,0,-,True,,,,
lre,prefix,OCM,ReqVel,False,True,False,False,False,True,False,True,OCM,OCM,1,OCMToOCM,True,,,,
lre,prefix,OCM,ReqHdng,False,True,False,False,False,True,False,True,OCM,OCM,1,OCMToOCM_1,True,,,,
lre,prefix,OCM,ReqMOM,False,True,False,False,False,True,False,True,OCM,OCM,0,-,True,,,,
lre,prefix,OCM,ReqOCM,False,True,False,False,False,True,False,True,OCM,OCM,0,-,True,,,,
lre,prefix,OCM,EndTask,False,True,False,False,False,True,False,True,OCM,OCM,0,-,True,,,,
lre,prefix,OCM,ReqHCM,False,True,False,False,False,True,False,True,OCM,OCM,0,-,True,,,,
lre,prefix,OCM,tick,False,True,False,False,False,True,False,True,OCM,OCM,0,-,True,,,,
lre,prefix,OCM,ReqVel,False,True,False,False,False,True,True,False,OCM,OCM,1,OCMToOCM,True,,,,
lre,prefix,OCM,ReqHdng,False,True,False,False,False,True,True,False,OCM,OCM,1,OCMToOCM_1,True,,,,
lre,prefix,OCM,ReqMOM,False,True,False,False,False,True,True,False,OCM,OCM,0,-,True,,,,
lre,prefix,OCM,ReqOCM,False,True,False,False,False,True,True,False,OCM,OCM,0,-,True,,,,
lre,prefix,OCM,EndTask,False,True,False,False,False,True,True,False,OCM,OCM,0,-,True,,,,
lre,prefix,OCM,ReqHCM,False,True,False,False,False,True,True,False,OCM,OCM,0,-,True,,,,
lre,prefix,OCM,tick,False,True,False,False,False,True,True,False,OCM,OCM,0,-,True,,,,
lre,prefix,OCM,ReqVel,False,True,False,False,False,True,True,True,OCM,OCM,1,OCMToOCM,True,,,,
lre,prefix,OCM,ReqHdng,False,True,False,False,False,True,True,True,OCM,OCM,1,OCMToOCM_1,True,,,,
lre,prefix,OCM,ReqMOM,False,True,False,False,False,True,True,True,OCM,OCM,0,-,True,,,,
lre,prefix,OCM,ReqOCM,False,True,False,False,False,True,True,True,OCM,OCM,0,-,True,,,,
lre,prefix,OCM,EndTask,False,True,False,False,False,True,True,True,OCM,OCM,0,-,True,,,,
lre,prefix,OCM,ReqHCM,False,True,False,False,False,True,True,True,OCM,OCM,0,-,True,,,,
lre,prefix,OCM,tick,False,True,False,False,False,True,True,True,OCM,OCM,0,-,True,,,,
lre,prefix,OCM,ReqVel,False,True,False,False,True,False,False,False,OCM,OCM,1,OCMToOCM,True,,,,
lre,prefix,OCM,ReqHdng,False,True,False,False,True,False,False,False,OCM,OCM,1,OCMToOCM_1,True,,,,
lre,prefix,OCM,ReqMOM,False,True,False,False,True,False,False,False,OCM,OCM,0,-,True,,,,
lre,prefix,OCM,ReqOCM,False,True,False,False,True,False,False,False,OCM,OCM,0,-,True,,,,
lre,prefix,OCM,EndTask,False,True,False,False,True,False,False,False,OCM,OCM,0,-,True,,,,
lre,prefix,OCM,ReqHCM,False,True,False,False,True,False,False,False,OCM,OCM,0,-,True,,,,
lre,prefix,OCM,tick,False,True,False,False,True,False,False,False,OCM,OCM,0,-,True,,,,
lre,prefix,OCM,ReqVel,False,True,False,False,True,False,False,True,OCM,OCM,1,OCMToOCM,True,,,,
lre,prefix,OCM,ReqHdng,False,True,False,False,True,False,False,True,OCM,OCM,1,OCMToOCM_1,True,,,,
lre,prefix,OCM,ReqMOM,False,True,False,False,True,False,False,True,OCM,OCM,0,-,True,,,,
lre,prefix,OCM,ReqOCM,False,True,False,False,True,False,False,True,OCM,OCM,0,-,True,,,,
lre,prefix,OCM,EndTask,False,True,False,False,True,False,False,True,OCM,OCM,0,-,True,,,,
lre,prefix,OCM,ReqHCM,False,True,False,False,True,False,False,True,OCM,OCM,0,-,True,,,,
lre,prefix,OCM,tick,False,True,False,False,True,False,False,True,OCM,OCM,0,-,True,,,,
lre,prefix,OCM,ReqVel,False,True,False,False,True,False,True,False,OCM,OCM,1,OCMToOCM,True,,,,
lre,prefix,OCM,ReqHdng,False,True,False,False,True,False,True,False,OCM,OCM,1,OCMToOCM_1,True,,,,
lre,prefix,OCM,ReqMOM,False,True,False,False,True,False,True,False,OCM,OCM,0,-,True,,,,
lre,prefix,OCM,ReqOCM,False,True,False,False,True,False,True,False,OCM,OCM,0,-,True,,,,
lre,prefix,OCM,EndTask,False,True,False,False,True,False,True,False,OCM,OCM,0,-,True,,,,
lre,prefix,OCM,ReqHCM,False,True,False,False,True,False,True,False,OCM,OCM,0,-,True,,,,
lre,prefix,OCM,tick,False,True,False,False,True,False,True,False,OCM,OCM,0,-,True,,,,
lre,prefix,OCM,ReqVel,False,True,False,False,True,False,True,True,OCM,OCM,1,OCMToOCM,True,,,,
lre,prefix,OCM,ReqHdng,False,True,False,False,True,False,True,True,OCM,OCM,1,OCMToOCM_1,True,,,,
lre,prefix,OCM,ReqMOM,False,True,False,False,True,False,True,True,OCM,OCM,0,-,True,,,,
lre,prefix,OCM,ReqOCM,False,True,False,False,True,False,True,True,OCM,OCM,0,-,True,,,,
lre,prefix,OCM,EndTask,False,True,False,False,True,False,True,True,OCM,OCM,0,-,True,,,,
lre,prefix,OCM,ReqHCM,False,True,False,False,True,False,True,True,OCM,OCM,0,-,True,,,,
lre,prefix,OCM,tick,False,True,False,False,True,False,True,True,OCM,OCM,0,-,True,,,,
lre,prefix,OCM,ReqVel,False,True,False,False,True,True,False,False,OCM,OCM,1,OCMToOCM,True,,,,
lre,prefix,OCM,ReqHdng,False,True,False,False,True,True,False,False,OCM,OCM,1,OCMToOCM_1,True,,,,
lre,prefix,OCM,ReqMOM,False,True,False,False,True,True,False,False,OCM,OCM,0,-,True,,,,
lre,prefix,OCM,ReqOCM,False,True,False,False,True,True,False,False,OCM,OCM,0,-,True,,,,
lre,prefix,OCM,EndTask,False,True,False,False,True,True,False,False,OCM,OCM,0,-,True,,,,
lre,prefix,OCM,ReqHCM,False,True,False,False,True,True,False,False,OCM,OCM,0,-,True,,,,
lre,prefix,OCM,tick,False,True,False,False,True,True,False,False,OCM,OCM,0,-,True,,,,
lre,prefix,OCM,ReqVel,False,True,False,False,True,True,False,True,OCM,OCM,1,OCMToOCM,True,,,,
lre,prefix,OCM,ReqHdng,False,True,False,False,True,True,False,True,OCM,OCM,1,OCMToOCM_1,True,,,,
lre,prefix,OCM,ReqMOM,False,True,False,False,True,True,False,True,OCM,OCM,0,-,True,,,,
lre,prefix,OCM,ReqOCM,False,True,False,False,True,True,False,True,OCM,OCM,0,-,True,,,,
lre,prefix,OCM,EndTask,False,True,False,False,True,True,False,True,OCM,OCM,0,-,True,,,,
lre,prefix,OCM,ReqHCM,False,True,False,False,True,True,False,True,OCM,OCM,0,-,True,,,,
lre,prefix,OCM,tick,False,True,False,False,True,True,False,True,OCM,OCM,0,-,True,,,,
lre,prefix,OCM,ReqVel,False,True,False,False,True,True,True,False,OCM,MOM|OCM,2,OCMToOCM|OCMToMOM,False,,,,
lre,prefix,OCM,ReqHdng,False,True,False,False,True,True,True,False,OCM,MOM|OCM,2,OCMToOCM_1|OCMToMOM,False,,,,
lre,prefix,OCM,ReqMOM,False,True,False,False,True,True,True,False,MOM,MOM,1,OCMToMOM,True,,,,
lre,prefix,OCM,ReqOCM,False,True,False,False,True,True,True,False,OCM,MOM,1,OCMToMOM,False,,,,
lre,prefix,OCM,EndTask,False,True,False,False,True,True,True,False,OCM,MOM,1,OCMToMOM,False,,,,
lre,prefix,OCM,ReqHCM,False,True,False,False,True,True,True,False,OCM,MOM,1,OCMToMOM,False,,,,
lre,prefix,OCM,tick,False,True,False,False,True,True,True,False,OCM,MOM,1,OCMToMOM,False,,,,
lre,prefix,OCM,ReqVel,False,True,False,False,True,True,True,True,OCM,MOM|OCM,2,OCMToOCM|OCMToMOM,False,,,,
lre,prefix,OCM,ReqHdng,False,True,False,False,True,True,True,True,OCM,MOM|OCM,2,OCMToOCM_1|OCMToMOM,False,,,,
lre,prefix,OCM,ReqMOM,False,True,False,False,True,True,True,True,MOM,MOM,1,OCMToMOM,True,,,,
lre,prefix,OCM,ReqOCM,False,True,False,False,True,True,True,True,OCM,MOM,1,OCMToMOM,False,,,,
lre,prefix,OCM,EndTask,False,True,False,False,True,True,True,True,OCM,MOM,1,OCMToMOM,False,,,,
lre,prefix,OCM,ReqHCM,False,True,False,False,True,True,True,True,OCM,MOM,1,OCMToMOM,False,,,,
lre,prefix,OCM,tick,False,True,False,False,True,True,True,True,OCM,MOM,1,OCMToMOM,False,,,,
lre,prefix,OCM,ReqVel,False,True,False,True,False,False,False,False,OCM,OCM,1,OCMToOCM,True,,,,
lre,prefix,OCM,ReqHdng,False,True,False,True,False,False,False,False,OCM,OCM,1,OCMToOCM_1,True,,,,
lre,prefix,OCM,ReqMOM,False,True,False,True,False,False,False,False,OCM,OCM,0,-,True,,,,
lre,prefix,OCM,ReqOCM,False,True,False,True,False,False,False,False,OCM,OCM,0,-,True,,,,
lre,prefix,OCM,EndTask,False,True,False,True,False,False,False,False,OCM,OCM,0,-,True,,,,
lre,prefix,OCM,ReqHCM,False,True,False,True,False,False,False,False,OCM,OCM,0,-,True,,,,
lre,prefix,OCM,tick,False,True,False,True,False,False,False,False,OCM,OCM,0,-,True,,,,
lre,prefix,OCM,ReqVel,False,True,False,True,False,False,False,True,OCM,OCM,1,OCMToOCM,True,,,,
lre,prefix,OCM,ReqHdng,False,True,False,True,False,False,False,True,OCM,OCM,1,OCMToOCM_1,True,,,,
lre,prefix,OCM,ReqMOM,False,True,False,True,False,False,False,True,OCM,OCM,0,-,True,,,,
lre,prefix,OCM,ReqOCM,False,True,False,True,False,False,False,True,OCM,OCM,0,-,True,,,,
lre,prefix,OCM,EndTask,False,True,False,True,False,False,False,True,OCM,OCM,0,-,True,,,,
lre,prefix,OCM,ReqHCM,False,True,False,True,False,False,False,True,OCM,OCM,0,-,True,,,,
lre,prefix,OCM,tick,False,True,False,True,False,False,False,True,OCM,OCM,0,-,True,,,,
lre,prefix,OCM,ReqVel,False,True,False,True,False,False,True,False,OCM,OCM,1,OCMToOCM,True,,,,
lre,prefix,OCM,ReqHdng,False,True,False,True,False,False,True,False,OCM,OCM,1,OCMToOCM_1,True,,,,
lre,prefix,OCM,ReqMOM,False,True,False,True,False,False,True,False,OCM,OCM,0,-,True,,,,
lre,prefix,OCM,ReqOCM,False,True,False,True,False,False,True,False,OCM,OCM,0,-,True,,,,
lre,prefix,OCM,EndTask,False,True,False,True,False,False,True,False,OCM,OCM,0,-,True,,,,
lre,prefix,OCM,ReqHCM,False,True,False,True,False,False,True,False,OCM,OCM,0,-,True,,,,
lre,prefix,OCM,tick,False,True,False,True,False,False,True,False,OCM,OCM,0,-,True,,,,
lre,prefix,OCM,ReqVel,False,True,False,True,False,False,True,True,OCM,OCM,1,OCMToOCM,True,,,,
lre,prefix,OCM,ReqHdng,False,True,False,True,False,False,True,True,OCM,OCM,1,OCMToOCM_1,True,,,,
lre,prefix,OCM,ReqMOM,False,True,False,True,False,False,True,True,OCM,OCM,0,-,True,,,,
lre,prefix,OCM,ReqOCM,False,True,False,True,False,False,True,True,OCM,OCM,0,-,True,,,,
lre,prefix,OCM,EndTask,False,True,False,True,False,False,True,True,OCM,OCM,0,-,True,,,,
lre,prefix,OCM,ReqHCM,False,True,False,True,False,False,True,True,OCM,OCM,0,-,True,,,,
lre,prefix,OCM,tick,False,True,False,True,False,False,True,True,OCM,OCM,0,-,True,,,,
lre,prefix,OCM,ReqVel,False,True,False,True,False,True,False,False,OCM,OCM,1,OCMToOCM,True,,,,
lre,prefix,OCM,ReqHdng,False,True,False,True,False,True,False,False,OCM,OCM,1,OCMToOCM_1,True,,,,
lre,prefix,OCM,ReqMOM,False,True,False,True,False,True,False,False,OCM,OCM,0,-,True,,,,
lre,prefix,OCM,ReqOCM,False,True,False,True,False,True,False,False,OCM,OCM,0,-,True,,,,
lre,prefix,OCM,EndTask,False,True,False,True,False,True,False,False,OCM,OCM,0,-,True,,,,
lre,prefix,OCM,ReqHCM,False,True,False,True,False,True,False,False,OCM,OCM,0,-,True,,,,
lre,prefix,OCM,tick,False,True,False,True,False,True,False,False,OCM,OCM,0,-,True,,,,
lre,prefix,OCM,ReqVel,False,True,False,True,False,True,False,True,OCM,OCM,1,OCMToOCM,True,,,,
lre,prefix,OCM,ReqHdng,False,True,False,True,False,True,False,True,OCM,OCM,1,OCMToOCM_1,True,,,,
lre,prefix,OCM,ReqMOM,False,True,False,True,False,True,False,True,OCM,OCM,0,-,True,,,,
lre,prefix,OCM,ReqOCM,False,True,False,True,False,True,False,True,OCM,OCM,0,-,True,,,,
lre,prefix,OCM,EndTask,False,True,False,True,False,True,False,True,OCM,OCM,0,-,True,,,,
lre,prefix,OCM,ReqHCM,False,True,False,True,False,True,False,True,OCM,OCM,0,-,True,,,,
lre,prefix,OCM,tick,False,True,False,True,False,True,False,True,OCM,OCM,0,-,True,,,,
lre,prefix,OCM,ReqVel,False,True,False,True,False,True,True,False,OCM,OCM,1,OCMToOCM,True,,,,
lre,prefix,OCM,ReqHdng,False,True,False,True,False,True,True,False,OCM,OCM,1,OCMToOCM_1,True,,,,
lre,prefix,OCM,ReqMOM,False,True,False,True,False,True,True,False,OCM,OCM,0,-,True,,,,
lre,prefix,OCM,ReqOCM,False,True,False,True,False,True,True,False,OCM,OCM,0,-,True,,,,
lre,prefix,OCM,EndTask,False,True,False,True,False,True,True,False,OCM,OCM,0,-,True,,,,
lre,prefix,OCM,ReqHCM,False,True,False,True,False,True,True,False,OCM,OCM,0,-,True,,,,
lre,prefix,OCM,tick,False,True,False,True,False,True,True,False,OCM,OCM,0,-,True,,,,
lre,prefix,OCM,ReqVel,False,True,False,True,False,True,True,True,OCM,OCM,1,OCMToOCM,True,,,,
lre,prefix,OCM,ReqHdng,False,True,False,True,False,True,True,True,OCM,OCM,1,OCMToOCM_1,True,,,,
lre,prefix,OCM,ReqMOM,False,True,False,True,False,True,True,True,OCM,OCM,0,-,True,,,,
lre,prefix,OCM,ReqOCM,False,True,False,True,False,True,True,True,OCM,OCM,0,-,True,,,,
lre,prefix,OCM,EndTask,False,True,False,True,False,True,True,True,OCM,OCM,0,-,True,,,,
lre,prefix,OCM,ReqHCM,False,True,False,True,False,True,True,True,OCM,OCM,0,-,True,,,,
lre,prefix,OCM,tick,False,True,False,True,False,True,True,True,OCM,OCM,0,-,True,,,,
lre,prefix,OCM,ReqVel,False,True,False,True,True,False,False,False,OCM,OCM,1,OCMToOCM,True,,,,
lre,prefix,OCM,ReqHdng,False,True,False,True,True,False,False,False,OCM,OCM,1,OCMToOCM_1,True,,,,
lre,prefix,OCM,ReqMOM,False,True,False,True,True,False,False,False,OCM,OCM,0,-,True,,,,
lre,prefix,OCM,ReqOCM,False,True,False,True,True,False,False,False,OCM,OCM,0,-,True,,,,
lre,prefix,OCM,EndTask,False,True,False,True,True,False,False,False,OCM,OCM,0,-,True,,,,
lre,prefix,OCM,ReqHCM,False,True,False,True,True,False,False,False,OCM,OCM,0,-,True,,,,
lre,prefix,OCM,tick,False,True,False,True,True,False,False,False,OCM,OCM,0,-,True,,,,
lre,prefix,OCM,ReqVel,False,True,False,True,True,False,False,True,OCM,OCM,1,OCMToOCM,True,,,,
lre,prefix,OCM,ReqHdng,False,True,False,True,True,False,False,True,OCM,OCM,1,OCMToOCM_1,True,,,,
lre,prefix,OCM,ReqMOM,False,True,False,True,True,False,False,True,OCM,OCM,0,-,True,,,,
lre,prefix,OCM,ReqOCM,False,True,False,True,True,False,False,True,OCM,OCM,0,-,True,,,,
lre,prefix,OCM,EndTask,False,True,False,True,True,False,False,True,OCM,OCM,0,-,True,,,,
lre,prefix,OCM,ReqHCM,False,True,False,True,True,False,False,True,OCM,OCM,0,-,True,,,,
lre,prefix,OCM,tick,False,True,False,True,True,False,False,True,OCM,OCM,0,-,True,,,,
lre,prefix,OCM,ReqVel,False,True,False,True,True,False,True,False,OCM,OCM,1,OCMToOCM,True,,,,
lre,prefix,OCM,ReqHdng,False,True,False,True,True,False,True,False,OCM,OCM,1,OCMToOCM_1,True,,,,
lre,prefix,OCM,ReqMOM,False,True,False,True,True,False,True,False,OCM,OCM,0,-,True,,,,
lre,prefix,OCM,ReqOCM,False,True,False,True,True,False,True,False,OCM,OCM,0,-,True,,,,
lre,prefix,OCM,EndTask,False,True,False,True,True,False,True,False,OCM,OCM,0,-,True,,,,
lre,prefix,OCM,ReqHCM,False,True,False,True,True,False,True,False,OCM,OCM,0,-,True,,,,
lre,prefix,OCM,tick,False,True,False,True,True,False,True,False,OCM,OCM,0,-,True,,,,
lre,prefix,OCM,ReqVel,False,True,False,True,True,False,True,True,OCM,OCM,1,OCMToOCM,True,,,,
lre,prefix,OCM,ReqHdng,False,True,False,True,True,False,True,True,OCM,OCM,1,OCMToOCM_1,True,,,,
lre,prefix,OCM,ReqMOM,False,True,False,True,True,False,True,True,OCM,OCM,0,-,True,,,,
lre,prefix,OCM,ReqOCM,False,True,False,True,True,False,True,True,OCM,OCM,0,-,True,,,,
lre,prefix,OCM,EndTask,False,True,False,True,True,False,True,True,OCM,OCM,0,-,True,,,,
lre,prefix,OCM,ReqHCM,False,True,False,True,True,False,True,True,OCM,OCM,0,-,True,,,,
lre,prefix,OCM,tick,False,True,False,True,True,False,True,True,OCM,OCM,0,-,True,,,,
lre,prefix,OCM,ReqVel,False,True,False,True,True,True,False,False,OCM,OCM,1,OCMToOCM,True,,,,
lre,prefix,OCM,ReqHdng,False,True,False,True,True,True,False,False,OCM,OCM,1,OCMToOCM_1,True,,,,
lre,prefix,OCM,ReqMOM,False,True,False,True,True,True,False,False,OCM,OCM,0,-,True,,,,
lre,prefix,OCM,ReqOCM,False,True,False,True,True,True,False,False,OCM,OCM,0,-,True,,,,
lre,prefix,OCM,EndTask,False,True,False,True,True,True,False,False,OCM,OCM,0,-,True,,,,
lre,prefix,OCM,ReqHCM,False,True,False,True,True,True,False,False,OCM,OCM,0,-,True,,,,
lre,prefix,OCM,tick,False,True,False,True,True,True,False,False,OCM,OCM,0,-,True,,,,
lre,prefix,OCM,ReqVel,False,True,False,True,True,True,False,True,OCM,OCM,1,OCMToOCM,True,,,,
lre,prefix,OCM,ReqHdng,False,True,False,True,True,True,False,True,OCM,OCM,1,OCMToOCM_1,True,,,,
lre,prefix,OCM,ReqMOM,False,True,False,True,True,True,False,True,OCM,OCM,0,-,True,,,,
lre,prefix,OCM,ReqOCM,False,True,False,True,True,True,False,True,OCM,OCM,0,-,True,,,,
lre,prefix,OCM,EndTask,False,True,False,True,True,True,False,True,OCM,OCM,0,-,True,,,,
lre,prefix,OCM,ReqHCM,False,True,False,True,True,True,False,True,OCM,OCM,0,-,True,,,,
lre,prefix,OCM,tick,False,True,False,True,True,True,False,True,OCM,OCM,0,-,True,,,,
lre,prefix,OCM,ReqVel,False,True,False,True,True,True,True,False,OCM,MOM|OCM,2,OCMToOCM|OCMToMOM,False,,,,
lre,prefix,OCM,ReqHdng,False,True,False,True,True,True,True,False,OCM,MOM|OCM,2,OCMToOCM_1|OCMToMOM,False,,,,
lre,prefix,OCM,ReqMOM,False,True,False,True,True,True,True,False,MOM,MOM,1,OCMToMOM,True,,,,
lre,prefix,OCM,ReqOCM,False,True,False,True,True,True,True,False,OCM,MOM,1,OCMToMOM,False,,,,
lre,prefix,OCM,EndTask,False,True,False,True,True,True,True,False,OCM,MOM,1,OCMToMOM,False,,,,
lre,prefix,OCM,ReqHCM,False,True,False,True,True,True,True,False,OCM,MOM,1,OCMToMOM,False,,,,
lre,prefix,OCM,tick,False,True,False,True,True,True,True,False,OCM,MOM,1,OCMToMOM,False,,,,
lre,prefix,OCM,ReqVel,False,True,False,True,True,True,True,True,OCM,MOM|OCM,2,OCMToOCM|OCMToMOM,False,,,,
lre,prefix,OCM,ReqHdng,False,True,False,True,True,True,True,True,OCM,MOM|OCM,2,OCMToOCM_1|OCMToMOM,False,,,,
lre,prefix,OCM,ReqMOM,False,True,False,True,True,True,True,True,MOM,MOM,1,OCMToMOM,True,,,,
lre,prefix,OCM,ReqOCM,False,True,False,True,True,True,True,True,OCM,MOM,1,OCMToMOM,False,,,,
lre,prefix,OCM,EndTask,False,True,False,True,True,True,True,True,OCM,MOM,1,OCMToMOM,False,,,,
lre,prefix,OCM,ReqHCM,False,True,False,True,True,True,True,True,OCM,MOM,1,OCMToMOM,False,,,,
lre,prefix,OCM,tick,False,True,False,True,True,True,True,True,OCM,MOM,1,OCMToMOM,False,,,,
lre,prefix,OCM,ReqVel,False,True,True,False,False,False,False,False,OCM,OCM,1,OCMToOCM,True,,,,
lre,prefix,OCM,ReqHdng,False,True,True,False,False,False,False,False,OCM,OCM,1,OCMToOCM_1,True,,,,
lre,prefix,OCM,ReqMOM,False,True,True,False,False,False,False,False,OCM,OCM,0,-,True,,,,
lre,prefix,OCM,ReqOCM,False,True,True,False,False,False,False,False,OCM,OCM,0,-,True,,,,
lre,prefix,OCM,EndTask,False,True,True,False,False,False,False,False,OCM,OCM,0,-,True,,,,
lre,prefix,OCM,ReqHCM,False,True,True,False,False,False,False,False,OCM,OCM,0,-,True,,,,
lre,prefix,OCM,tick,False,True,True,False,False,False,False,False,OCM,OCM,0,-,True,,,,
lre,prefix,OCM,ReqVel,False,True,True,False,False,False,False,True,OCM,OCM,1,OCMToOCM,True,,,,
lre,prefix,OCM,ReqHdng,False,True,True,False,False,False,False,True,OCM,OCM,1,OCMToOCM_1,True,,,,
lre,prefix,OCM,ReqMOM,False,True,True,False,False,False,False,True,OCM,OCM,0,-,True,,,,
lre,prefix,OCM,ReqOCM,False,True,True,False,False,False,False,True,OCM,OCM,0,-,True,,,,
lre,prefix,OCM,EndTask,False,True,True,False,False,False,False,True,OCM,OCM,0,-,True,,,,
lre,prefix,OCM,ReqHCM,False,True,True,False,False,False,False,True,OCM,OCM,0,-,True,,,,
lre,prefix,OCM,tick,False,True,True,False,False,False,False,True,OCM,OCM,0,-,True,,,,
lre,prefix,OCM,ReqVel,False,True,True,False,False,False,True,False,OCM,OCM,1,OCMToOCM,True,,,,
lre,prefix,OCM,ReqHdng,False,True,True,False,False,False,True,False,OCM,OCM,1,OCMToOCM_1,True,,,,
lre,prefix,OCM,ReqMOM,False,True,True,False,False,False,True,False,OCM,OCM,0,-,True,,,,
lre,prefix,OCM,ReqOCM,False,True,True,False,False,False,True,False,OCM,OCM,0,-,True,,,,
lre,prefix,OCM,EndTask,False,True,True,False,False,False,True,False,OCM,OCM,0,-,True,,,,
lre,prefix,OCM,ReqHCM,False,True,True,False,False,False,True,False,OCM,OCM,0,-,True,,,,
lre,prefix,OCM,tick,False,True,True,False,False,False,True,False,OCM,OCM,0,-,True,,,,
lre,prefix,OCM,ReqVel,False,True,True,False,False,False,True,True,OCM,OCM,1,OCMToOCM,True,,,,
lre,prefix,OCM,ReqHdng,False,True,True,False,False,False,True,True,OCM,OCM,1,OCMToOCM_1,True,,,,
lre,prefix,OCM,ReqMOM,False,True,True,False,False,False,True,True,OCM,OCM,0,-,True,,,,
lre,prefix,OCM,ReqOCM,False,True,True,False,False,False,True,True,OCM,OCM,0,-,True,,,,
lre,prefix,OCM,EndTask,False,True,True,False,False,False,True,True,OCM,OCM,0,-,True,,,,
lre,prefix,OCM,ReqHCM,False,True,True,False,False,False,True,True,OCM,OCM,0,-,True,,,,
lre,prefix,OCM,tick,False,True,True,False,False,False,True,True,OCM,OCM,0,-,True,,,,
lre,prefix,OCM,ReqVel,False,True,True,False,False,True,False,False,OCM,OCM,1,OCMToOCM,True,,,,
lre,prefix,OCM,ReqHdng,False,True,True,False,False,True,False,False,OCM,OCM,1,OCMToOCM_1,True,,,,
lre,prefix,OCM,ReqMOM,False,True,True,False,False,True,False,False,OCM,OCM,0,-,True,,,,
lre,prefix,OCM,ReqOCM,False,True,True,False,False,True,False,False,OCM,OCM,0,-,True,,,,
lre,prefix,OCM,EndTask,False,True,True,False,False,True,False,False,OCM,OCM,0,-,True,,,,
lre,prefix,OCM,ReqHCM,False,True,True,False,False,True,False,False,OCM,OCM,0,-,True,,,,
lre,prefix,OCM,tick,False,True,True,False,False,True,False,False,OCM,OCM,0,-,True,,,,
lre,prefix,OCM,ReqVel,False,True,True,False,False,True,False,True,OCM,OCM,1,OCMToOCM,True,,,,
lre,prefix,OCM,ReqHdng,False,True,True,False,False,True,False,True,OCM,OCM,1,OCMToOCM_1,True,,,,
lre,prefix,OCM,ReqMOM,False,True,True,False,False,True,False,True,OCM,OCM,0,-,True,,,,
lre,prefix,OCM,ReqOCM,False,True,True,False,False,True,False,True,OCM,OCM,0,-,True,,,,
lre,prefix,OCM,EndTask,False,True,True,False,False,True,False,True,OCM,OCM,0,-,True,,,,
lre,prefix,OCM,ReqHCM,False,True,True,False,False,True,False,True,OCM,OCM,0,-,True,,,,
lre,prefix,OCM,tick,False,True,True,False,False,True,False,True,OCM,OCM,0,-,True,,,,
lre,prefix,OCM,ReqVel,False,True,True,False,False,True,True,False,OCM,OCM,1,OCMToOCM,True,,,,
lre,prefix,OCM,ReqHdng,False,True,True,False,False,True,True,False,OCM,OCM,1,OCMToOCM_1,True,,,,
lre,prefix,OCM,ReqMOM,False,True,True,False,False,True,True,False,OCM,OCM,0,-,True,,,,
lre,prefix,OCM,ReqOCM,False,True,True,False,False,True,True,False,OCM,OCM,0,-,True,,,,
lre,prefix,OCM,EndTask,False,True,True,False,False,True,True,False,OCM,OCM,0,-,True,,,,
lre,prefix,OCM,ReqHCM,False,True,True,False,False,True,True,False,OCM,OCM,0,-,True,,,,
lre,prefix,OCM,tick,False,True,True,False,False,True,True,False,OCM,OCM,0,-,True,,,,
lre,prefix,OCM,ReqVel,False,True,True,False,False,True,True,True,OCM,OCM,1,OCMToOCM,True,,,,
lre,prefix,OCM,ReqHdng,False,True,True,False,False,True,True,True,OCM,OCM,1,OCMToOCM_1,True,,,,
lre,prefix,OCM,ReqMOM,False,True,True,False,False,True,True,True,OCM,OCM,0,-,True,,,,
lre,prefix,OCM,ReqOCM,False,True,True,False,False,True,True,True,OCM,OCM,0,-,True,,,,
lre,prefix,OCM,EndTask,False,True,True,False,False,True,True,True,OCM,OCM,0,-,True,,,,
lre,prefix,OCM,ReqHCM,False,True,True,False,False,True,True,True,OCM,OCM,0,-,True,,,,
lre,prefix,OCM,tick,False,True,True,False,False,True,True,True,OCM,OCM,0,-,True,,,,
lre,prefix,OCM,ReqVel,False,True,True,False,True,False,False,False,OCM,OCM,1,OCMToOCM,True,,,,
lre,prefix,OCM,ReqHdng,False,True,True,False,True,False,False,False,OCM,OCM,1,OCMToOCM_1,True,,,,
lre,prefix,OCM,ReqMOM,False,True,True,False,True,False,False,False,OCM,OCM,0,-,True,,,,
lre,prefix,OCM,ReqOCM,False,True,True,False,True,False,False,False,OCM,OCM,0,-,True,,,,
lre,prefix,OCM,EndTask,False,True,True,False,True,False,False,False,OCM,OCM,0,-,True,,,,
lre,prefix,OCM,ReqHCM,False,True,True,False,True,False,False,False,OCM,OCM,0,-,True,,,,
lre,prefix,OCM,tick,False,True,True,False,True,False,False,False,OCM,OCM,0,-,True,,,,
lre,prefix,OCM,ReqVel,False,True,True,False,True,False,False,True,OCM,OCM,1,OCMToOCM,True,,,,
lre,prefix,OCM,ReqHdng,False,True,True,False,True,False,False,True,OCM,OCM,1,OCMToOCM_1,True,,,,
lre,prefix,OCM,ReqMOM,False,True,True,False,True,False,False,True,OCM,OCM,0,-,True,,,,
lre,prefix,OCM,ReqOCM,False,True,True,False,True,False,False,True,OCM,OCM,0,-,True,,,,
lre,prefix,OCM,EndTask,False,True,True,False,True,False,False,True,OCM,OCM,0,-,True,,,,
lre,prefix,OCM,ReqHCM,False,True,True,False,True,False,False,True,OCM,OCM,0,-,True,,,,
lre,prefix,OCM,tick,False,True,True,False,True,False,False,True,OCM,OCM,0,-,True,,,,
lre,prefix,OCM,ReqVel,False,True,True,False,True,False,True,False,OCM,OCM,1,OCMToOCM,True,,,,
lre,prefix,OCM,ReqHdng,False,True,True,False,True,False,True,False,OCM,OCM,1,OCMToOCM_1,True,,,,
lre,prefix,OCM,ReqMOM,False,True,True,False,True,False,True,False,OCM,OCM,0,-,True,,,,
lre,prefix,OCM,ReqOCM,False,True,True,False,True,False,True,False,OCM,OCM,0,-,True,,,,
lre,prefix,OCM,EndTask,False,True,True,False,True,False,True,False,OCM,OCM,0,-,True,,,,
lre,prefix,OCM,ReqHCM,False,True,True,False,True,False,True,False,OCM,OCM,0,-,True,,,,
lre,prefix,OCM,tick,False,True,True,False,True,False,True,False,OCM,OCM,0,-,True,,,,
lre,prefix,OCM,ReqVel,False,True,True,False,True,False,True,True,OCM,OCM,1,OCMToOCM,True,,,,
lre,prefix,OCM,ReqHdng,False,True,True,False,True,False,True,True,OCM,OCM,1,OCMToOCM_1,True,,,,
lre,prefix,OCM,ReqMOM,False,True,True,False,True,False,True,True,OCM,OCM,0,-,True,,,,
lre,prefix,OCM,ReqOCM,False,True,True,False,True,False,True,True,OCM,OCM,0,-,True,,,,
lre,prefix,OCM,EndTask,False,True,True,False,True,False,True,True,OCM,OCM,0,-,True,,,,
lre,prefix,OCM,ReqHCM,False,True,True,False,True,False,True,True,OCM,OCM,0,-,True,,,,
lre,prefix,OCM,tick,False,True,True,False,True,False,True,True,OCM,OCM,0,-,True,,,,
lre,prefix,OCM,ReqVel,False,True,True,False,True,True,False,False,OCM,OCM,1,OCMToOCM,True,,,,
lre,prefix,OCM,ReqHdng,False,True,True,False,True,True,False,False,OCM,OCM,1,OCMToOCM_1,True,,,,
lre,prefix,OCM,ReqMOM,False,True,True,False,True,True,False,False,OCM,OCM,0,-,True,,,,
lre,prefix,OCM,ReqOCM,False,True,True,False,True,True,False,False,OCM,OCM,0,-,True,,,,
lre,prefix,OCM,EndTask,False,True,True,False,True,True,False,False,OCM,OCM,0,-,True,,,,
lre,prefix,OCM,ReqHCM,False,True,True,False,True,True,False,False,OCM,OCM,0,-,True,,,,
lre,prefix,OCM,tick,False,True,True,False,True,True,False,False,OCM,OCM,0,-,True,,,,
lre,prefix,OCM,ReqVel,False,True,True,False,True,True,False,True,OCM,OCM,1,OCMToOCM,True,,,,
lre,prefix,OCM,ReqHdng,False,True,True,False,True,True,False,True,OCM,OCM,1,OCMToOCM_1,True,,,,
lre,prefix,OCM,ReqMOM,False,True,True,False,True,True,False,True,OCM,OCM,0,-,True,,,,
lre,prefix,OCM,ReqOCM,False,True,True,False,True,True,False,True,OCM,OCM,0,-,True,,,,
lre,prefix,OCM,EndTask,False,True,True,False,True,True,False,True,OCM,OCM,0,-,True,,,,
lre,prefix,OCM,ReqHCM,False,True,True,False,True,True,False,True,OCM,OCM,0,-,True,,,,
lre,prefix,OCM,tick,False,True,True,False,True,True,False,True,OCM,OCM,0,-,True,,,,
lre,prefix,OCM,ReqVel,False,True,True,False,True,True,True,False,OCM,OCM,1,OCMToOCM,True,,,,
lre,prefix,OCM,ReqHdng,False,True,True,False,True,True,True,False,OCM,OCM,1,OCMToOCM_1,True,,,,
lre,prefix,OCM,ReqMOM,False,True,True,False,True,True,True,False,OCM,OCM,0,-,True,,,,
lre,prefix,OCM,ReqOCM,False,True,True,False,True,True,True,False,OCM,OCM,0,-,True,,,,
lre,prefix,OCM,EndTask,False,True,True,False,True,True,True,False,OCM,OCM,0,-,True,,,,
lre,prefix,OCM,ReqHCM,False,True,True,False,True,True,True,False,OCM,OCM,0,-,True,,,,
lre,prefix,OCM,tick,False,True,True,False,True,True,True,False,OCM,OCM,0,-,True,,,,
lre,prefix,OCM,ReqVel,False,True,True,False,True,True,True,True,OCM,OCM,1,OCMToOCM,True,,,,
lre,prefix,OCM,ReqHdng,False,True,True,False,True,True,True,True,OCM,OCM,1,OCMToOCM_1,True,,,,
lre,prefix,OCM,ReqMOM,False,True,True,False,True,True,True,True,OCM,OCM,0,-,True,,,,
lre,prefix,OCM,ReqOCM,False,True,True,False,True,True,True,True,OCM,OCM,0,-,True,,,,
lre,prefix,OCM,EndTask,False,True,True,False,True,True,True,True,OCM,OCM,0,-,True,,,,
lre,prefix,OCM,ReqHCM,False,True,True,False,True,True,True,True,OCM,OCM,0,-,True,,,,
lre,prefix,OCM,tick,False,True,True,False,True,True,True,True,OCM,OCM,0,-,True,,,,
lre,prefix,OCM,ReqVel,False,True,True,True,False,False,False,False,OCM,OCM,1,OCMToOCM,True,,,,
lre,prefix,OCM,ReqHdng,False,True,True,True,False,False,False,False,OCM,OCM,1,OCMToOCM_1,True,,,,
lre,prefix,OCM,ReqMOM,False,True,True,True,False,False,False,False,OCM,OCM,0,-,True,,,,
lre,prefix,OCM,ReqOCM,False,True,True,True,False,False,False,False,OCM,OCM,0,-,True,,,,
lre,prefix,OCM,EndTask,False,True,True,True,False,False,False,False,OCM,OCM,0,-,True,,,,
lre,prefix,OCM,ReqHCM,False,True,True,True,False,False,False,False,OCM,OCM,0,-,True,,,,
lre,prefix,OCM,tick,False,True,True,True,False,False,False,False,OCM,OCM,0,-,True,,,,
lre,prefix,OCM,ReqVel,False,True,True,True,False,False,False,True,OCM,OCM,1,OCMToOCM,True,,,,
lre,prefix,OCM,ReqHdng,False,True,True,True,False,False,False,True,OCM,OCM,1,OCMToOCM_1,True,,,,
lre,prefix,OCM,ReqMOM,False,True,True,True,False,False,False,True,OCM,OCM,0,-,True,,,,
lre,prefix,OCM,ReqOCM,False,True,True,True,False,False,False,True,OCM,OCM,0,-,True,,,,
lre,prefix,OCM,EndTask,False,True,True,True,False,False,False,True,OCM,OCM,0,-,True,,,,
lre,prefix,OCM,ReqHCM,False,True,True,True,False,False,False,True,OCM,OCM,0,-,True,,,,
lre,prefix,OCM,tick,False,True,True,True,False,False,False,True,OCM,OCM,0,-,True,,,,
lre,prefix,OCM,ReqVel,False,True,True,True,False,False,True,False,OCM,OCM,1,OCMToOCM,True,,,,
lre,prefix,OCM,ReqHdng,False,True,True,True,False,False,True,False,OCM,OCM,1,OCMToOCM_1,True,,,,
lre,prefix,OCM,ReqMOM,False,True,True,True,False,False,True,False,OCM,OCM,0,-,True,,,,
lre,prefix,OCM,ReqOCM,False,True,True,True,False,False,True,False,OCM,OCM,0,-,True,,,,
lre,prefix,OCM,EndTask,False,True,True,True,False,False,True,False,OCM,OCM,0,-,True,,,,
lre,prefix,OCM,ReqHCM,False,True,True,True,False,False,True,False,OCM,OCM,0,-,True,,,,
lre,prefix,OCM,tick,False,True,True,True,False,False,True,False,OCM,OCM,0,-,True,,,,
lre,prefix,OCM,ReqVel,False,True,True,True,False,False,True,True,OCM,OCM,1,OCMToOCM,True,,,,
lre,prefix,OCM,ReqHdng,False,True,True,True,False,False,True,True,OCM,OCM,1,OCMToOCM_1,True,,,,
lre,prefix,OCM,ReqMOM,False,True,True,True,False,False,True,True,OCM,OCM,0,-,True,,,,
lre,prefix,OCM,ReqOCM,False,True,True,True,False,False,True,True,OCM,OCM,0,-,True,,,,
lre,prefix,OCM,EndTask,False,True,True,True,False,False,True,True,OCM,OCM,0,-,True,,,,
lre,prefix,OCM,ReqHCM,False,True,True,True,False,False,True,True,OCM,OCM,0,-,True,,,,
lre,prefix,OCM,tick,False,True,True,True,False,False,True,True,OCM,OCM,0,-,True,,,,
lre,prefix,OCM,ReqVel,False,True,True,True,False,True,False,False,OCM,OCM,1,OCMToOCM,True,,,,
lre,prefix,OCM,ReqHdng,False,True,True,True,False,True,False,False,OCM,OCM,1,OCMToOCM_1,True,,,,
lre,prefix,OCM,ReqMOM,False,True,True,True,False,True,False,False,OCM,OCM,0,-,True,,,,
lre,prefix,OCM,ReqOCM,False,True,True,True,False,True,False,False,OCM,OCM,0,-,True,,,,
lre,prefix,OCM,EndTask,False,True,True,True,False,True,False,False,OCM,OCM,0,-,True,,,,
lre,prefix,OCM,ReqHCM,False,True,True,True,False,True,False,False,OCM,OCM,0,-,True,,,,
lre,prefix,OCM,tick,False,True,True,True,False,True,False,False,OCM,OCM,0,-,True,,,,
lre,prefix,OCM,ReqVel,False,True,True,True,False,True,False,True,OCM,OCM,1,OCMToOCM,True,,,,
lre,prefix,OCM,ReqHdng,False,True,True,True,False,True,False,True,OCM,OCM,1,OCMToOCM_1,True,,,,
lre,prefix,OCM,ReqMOM,False,True,True,True,False,True,False,True,OCM,OCM,0,-,True,,,,
lre,prefix,OCM,ReqOCM,False,True,True,True,False,True,False,True,OCM,OCM,0,-,True,,,,
lre,prefix,OCM,EndTask,False,True,True,True,False,True,False,True,OCM,OCM,0,-,True,,,,
lre,prefix,OCM,ReqHCM,False,True,True,True,False,True,False,True,OCM,OCM,0,-,True,,,,
lre,prefix,OCM,tick,False,True,True,True,False,True,False,True,OCM,OCM,0,-,True,,,,
lre,prefix,OCM,ReqVel,False,True,True,True,False,True,True,False,OCM,OCM,1,OCMToOCM,True,,,,
lre,prefix,OCM,ReqHdng,False,True,True,True,False,True,True,False,OCM,OCM,1,OCMToOCM_1,True,,,,
lre,prefix,OCM,ReqMOM,False,True,True,True,False,True,True,False,OCM,OCM,0,-,True,,,,
lre,prefix,OCM,ReqOCM,False,True,True,True,False,True,True,False,OCM,OCM,0,-,True,,,,
lre,prefix,OCM,EndTask,False,True,True,True,False,True,True,False,OCM,OCM,0,-,True,,,,
lre,prefix,OCM,ReqHCM,False,True,True,True,False,True,True,False,OCM,OCM,0,-,True,,,,
lre,prefix,OCM,tick,False,True,True,True,False,True,True,False,OCM,OCM,0,-,True,,,,
lre,prefix,OCM,ReqVel,False,True,True,True,False,True,True,True,OCM,OCM,1,OCMToOCM,True,,,,
lre,prefix,OCM,ReqHdng,False,True,True,True,False,True,True,True,OCM,OCM,1,OCMToOCM_1,True,,,,
lre,prefix,OCM,ReqMOM,False,True,True,True,False,True,True,True,OCM,OCM,0,-,True,,,,
lre,prefix,OCM,ReqOCM,False,True,True,True,False,True,True,True,OCM,OCM,0,-,True,,,,
lre,prefix,OCM,EndTask,False,True,True,True,False,True,True,True,OCM,OCM,0,-,True,,,,
lre,prefix,OCM,ReqHCM,False,True,True,True,False,True,True,True,OCM,OCM,0,-,True,,,,
lre,prefix,OCM,tick,False,True,True,True,False,True,True,True,OCM,OCM,0,-,True,,,,
lre,prefix,OCM,ReqVel,False,True,True,True,True,False,False,False,OCM,OCM,1,OCMToOCM,True,,,,
lre,prefix,OCM,ReqHdng,False,True,True,True,True,False,False,False,OCM,OCM,1,OCMToOCM_1,True,,,,
lre,prefix,OCM,ReqMOM,False,True,True,True,True,False,False,False,OCM,OCM,0,-,True,,,,
lre,prefix,OCM,ReqOCM,False,True,True,True,True,False,False,False,OCM,OCM,0,-,True,,,,
lre,prefix,OCM,EndTask,False,True,True,True,True,False,False,False,OCM,OCM,0,-,True,,,,
lre,prefix,OCM,ReqHCM,False,True,True,True,True,False,False,False,OCM,OCM,0,-,True,,,,
lre,prefix,OCM,tick,False,True,True,True,True,False,False,False,OCM,OCM,0,-,True,,,,
lre,prefix,OCM,ReqVel,False,True,True,True,True,False,False,True,OCM,OCM,1,OCMToOCM,True,,,,
lre,prefix,OCM,ReqHdng,False,True,True,True,True,False,False,True,OCM,OCM,1,OCMToOCM_1,True,,,,
lre,prefix,OCM,ReqMOM,False,True,True,True,True,False,False,True,OCM,OCM,0,-,True,,,,
lre,prefix,OCM,ReqOCM,False,True,True,True,True,False,False,True,OCM,OCM,0,-,True,,,,
lre,prefix,OCM,EndTask,False,True,True,True,True,False,False,True,OCM,OCM,0,-,True,,,,
lre,prefix,OCM,ReqHCM,False,True,True,True,True,False,False,True,OCM,OCM,0,-,True,,,,
lre,prefix,OCM,tick,False,True,True,True,True,False,False,True,OCM,OCM,0,-,True,,,,
lre,prefix,OCM,ReqVel,False,True,True,True,True,False,True,False,OCM,OCM,1,OCMToOCM,True,,,,
lre,prefix,OCM,ReqHdng,False,True,True,True,True,False,True,False,OCM,OCM,1,OCMToOCM_1,True,,,,
lre,prefix,OCM,ReqMOM,False,True,True,True,True,False,True,False,OCM,OCM,0,-,True,,,,
lre,prefix,OCM,ReqOCM,False,True,True,True,True,False,True,False,OCM,OCM,0,-,True,,,,
lre,prefix,OCM,EndTask,False,True,True,True,True,False,True,False,OCM,OCM,0,-,True,,,,
lre,prefix,OCM,ReqHCM,False,True,True,True,True,False,True,False,OCM,OCM,0,-,True,,,,
lre,prefix,OCM,tick,False,True,True,True,True,False,True,False,OCM,OCM,0,-,True,,,,
lre,prefix,OCM,ReqVel,False,True,True,True,True,False,True,True,OCM,OCM,1,OCMToOCM,True,,,,
lre,prefix,OCM,ReqHdng,False,True,True,True,True,False,True,True,OCM,OCM,1,OCMToOCM_1,True,,,,
lre,prefix,OCM,ReqMOM,False,True,True,True,True,False,True,True,OCM,OCM,0,-,True,,,,
lre,prefix,OCM,ReqOCM,False,True,True,True,True,False,True,True,OCM,OCM,0,-,True,,,,
lre,prefix,OCM,EndTask,False,True,True,True,True,False,True,True,OCM,OCM,0,-,True,,,,
lre,prefix,OCM,ReqHCM,False,True,True,True,True,False,True,True,OCM,OCM,0,-,True,,,,
lre,prefix,OCM,tick,False,True,True,True,True,False,True,True,OCM,OCM,0,-,True,,,,
lre,prefix,OCM,ReqVel,False,True,True,True,True,True,False,False,OCM,OCM,1,OCMToOCM,True,,,,
lre,prefix,OCM,ReqHdng,False,True,True,True,True,True,False,False,OCM,OCM,1,OCMToOCM_1,True,,,,
lre,prefix,OCM,ReqMOM,False,True,True,True,True,True,False,False,OCM,OCM,0,-,True,,,,
lre,prefix,OCM,ReqOCM,False,True,True,True,True,True,False,False,OCM,OCM,0,-,True,,,,
lre,prefix,OCM,EndTask,False,True,True,True,True,True,False,False,OCM,OCM,0,-,True,,,,
lre,prefix,OCM,ReqHCM,False,True,True,True,True,True,False,False,OCM,OCM,0,-,True,,,,
lre,prefix,OCM,tick,False,True,True,True,True,True,False,False,OCM,OCM,0,-,True,,,,
lre,prefix,OCM,ReqVel,False,True,True,True,True,True,False,True,OCM,OCM,1,OCMToOCM,True,,,,
lre,prefix,OCM,ReqHdng,False,True,True,True,True,True,False,True,OCM,OCM,1,OCMToOCM_1,True,,,,
lre,prefix,OCM,ReqMOM,False,True,True,True,True,True,False,True,OCM,OCM,0,-,True,,,,
lre,prefix,OCM,ReqOCM,False,True,True,True,True,True,False,True,OCM,OCM,0,-,True,,,,
lre,prefix,OCM,EndTask,False,True,True,True,True,True,False,True,OCM,OCM,0,-,True,,,,
lre,prefix,OCM,ReqHCM,False,True,True,True,True,True,False,True,OCM,OCM,0,-,True,,,,
lre,prefix,OCM,tick,False,True,True,True,True,True,False,True,OCM,OCM,0,-,True,,,,
lre,prefix,OCM,ReqVel,False,True,True,True,True,True,True,False,OCM,OCM,1,OCMToOCM,True,,,,
lre,prefix,OCM,ReqHdng,False,True,True,True,True,True,True,False,OCM,OCM,1,OCMToOCM_1,True,,,,
lre,prefix,OCM,ReqMOM,False,True,True,True,True,True,True,False,OCM,OCM,0,-,True,,,,
lre,prefix,OCM,ReqOCM,False,True,True,True,True,True,True,False,OCM,OCM,0,-,True,,,,
lre,prefix,OCM,EndTask,False,True,True,True,True,True,True,False,OCM,OCM,0,-,True,,,,
lre,prefix,OCM,ReqHCM,False,True,True,True,True,True,True,False,OCM,OCM,0,-,True,,,,
lre,prefix,OCM,tick,False,True,True,True,True,True,True,False,OCM,OCM,0,-,True,,,,
lre,prefix,OCM,ReqVel,False,True,True,True,True,True,True,True,OCM,OCM,1,OCMToOCM,True,,,,
lre,prefix,OCM,ReqHdng,False,True,True,True,True,True,True,True,OCM,OCM,1,OCMToOCM_1,True,,,,
lre,prefix,OCM,ReqMOM,False,True,True,True,True,True,True,True,OCM,OCM,0,-,True,,,,
lre,prefix,OCM,ReqOCM,False,True,True,True,True,True,True,True,OCM,OCM,0,-,True,,,,
lre,prefix,OCM,EndTask,False,True,True,True,True,True,True,True,OCM,OCM,0,-,True,,,,
lre,prefix,OCM,ReqHCM,False,True,True,True,True,True,True,True,OCM,OCM,0,-,True,,,,
lre,prefix,OCM,tick,False,True,True,True,True,True,True,True,OCM,OCM,0,-,True,,,,
lre,prefix,OCM,ReqVel,True,False,False,False,False,False,False,False,OCM,OCM,1,OCMToOCM,True,,,,
lre,prefix,OCM,ReqHdng,True,False,False,False,False,False,False,False,OCM,OCM,1,OCMToOCM_1,True,,,,
lre,prefix,OCM,ReqMOM,True,False,False,False,False,False,False,False,OCM,OCM,0,-,True,,,,
lre,prefix,OCM,ReqOCM,True,False,False,False,False,False,False,False,OCM,OCM,0,-,True,,,,
lre,prefix,OCM,EndTask,True,False,False,False,False,False,False,False,OCM,OCM,0,-,True,,,,
lre,prefix,OCM,ReqHCM,True,False,False,False,False,False,False,False,OCM,OCM,0,-,True,,,,
lre,prefix,OCM,tick,True,False,False,False,False,False,False,False,OCM,OCM,0,-,True,,,,
lre,prefix,OCM,ReqVel,True,False,False,False,False,False,False,True,OCM,OCM,1,OCMToOCM,True,,,,
lre,prefix,OCM,ReqHdng,True,False,False,False,False,False,False,True,OCM,OCM,1,OCMToOCM_1,True,,,,
lre,prefix,OCM,ReqMOM,True,False,False,False,False,False,False,True,OCM,OCM,0,-,True,,,,
lre,prefix,OCM,ReqOCM,True,False,False,False,False,False,False,True,OCM,OCM,0,-,True,,,,
lre,prefix,OCM,EndTask,True,False,False,False,False,False,False,True,OCM,OCM,0,-,True,,,,
lre,prefix,OCM,ReqHCM,True,False,False,False,False,False,False,True,OCM,OCM,0,-,True,,,,
lre,prefix,OCM,tick,True,False,False,False,False,False,False,True,OCM,OCM,0,-,True,,,,
lre,prefix,OCM,ReqVel,True,False,False,False,False,False,True,False,OCM,OCM,1,OCMToOCM,True,,,,
lre,prefix,OCM,ReqHdng,True,False,False,False,False,False,True,False,OCM,OCM,1,OCMToOCM_1,True,,,,
lre,prefix,OCM,ReqMOM,True,False,False,False,False,False,True,False,OCM,OCM,0,-,True,,,,
lre,prefix,OCM,ReqOCM,True,False,False,False,False,False,True,False,OCM,OCM,0,-,True,,,,
lre,prefix,OCM,EndTask,True,False,False,False,False,False,True,False,OCM,OCM,0,-,True,,,,
lre,prefix,OCM,ReqHCM,True,False,False,False,False,False,True,False,OCM,OCM,0,-,True,,,,
lre,prefix,OCM,tick,True,False,False,False,False,False,True,False,OCM,OCM,0,-,True,,,,
lre,prefix,OCM,ReqVel,True,False,False,False,False,False,True,True,OCM,OCM,1,OCMToOCM,True,,,,
lre,prefix,OCM,ReqHdng,True,False,False,False,False,False,True,True,OCM,OCM,1,OCMToOCM_1,True,,,,
lre,prefix,OCM,ReqMOM,True,False,False,False,False,False,True,True,OCM,OCM,0,-,True,,,,
lre,prefix,OCM,ReqOCM,True,False,False,False,False,False,True,True,OCM,OCM,0,-,True,,,,
lre,prefix,OCM,EndTask,True,False,False,False,False,False,True,True,OCM,OCM,0,-,True,,,,
lre,prefix,OCM,ReqHCM,True,False,False,False,False,False,True,True,OCM,OCM,0,-,True,,,,
lre,prefix,OCM,tick,True,False,False,False,False,False,True,True,OCM,OCM,0,-,True,,,,
lre,prefix,OCM,ReqVel,True,False,False,False,False,True,False,False,OCM,OCM,1,OCMToOCM,True,,,,
lre,prefix,OCM,ReqHdng,True,False,False,False,False,True,False,False,OCM,OCM,1,OCMToOCM_1,True,,,,
lre,prefix,OCM,ReqMOM,True,False,False,False,False,True,False,False,OCM,OCM,0,-,True,,,,
lre,prefix,OCM,ReqOCM,True,False,False,False,False,True,False,False,OCM,OCM,0,-,True,,,,
lre,prefix,OCM,EndTask,True,False,False,False,False,True,False,False,OCM,OCM,0,-,True,,,,
lre,prefix,OCM,ReqHCM,True,False,False,False,False,True,False,False,OCM,OCM,0,-,True,,,,
lre,prefix,OCM,tick,True,False,False,False,False,True,False,False,OCM,OCM,0,-,True,,,,
lre,prefix,OCM,ReqVel,True,False,False,False,False,True,False,True,OCM,OCM,1,OCMToOCM,True,,,,
lre,prefix,OCM,ReqHdng,True,False,False,False,False,True,False,True,OCM,OCM,1,OCMToOCM_1,True,,,,
lre,prefix,OCM,ReqMOM,True,False,False,False,False,True,False,True,OCM,OCM,0,-,True,,,,
lre,prefix,OCM,ReqOCM,True,False,False,False,False,True,False,True,OCM,OCM,0,-,True,,,,
lre,prefix,OCM,EndTask,True,False,False,False,False,True,False,True,OCM,OCM,0,-,True,,,,
lre,prefix,OCM,ReqHCM,True,False,False,False,False,True,False,True,OCM,OCM,0,-,True,,,,
lre,prefix,OCM,tick,True,False,False,False,False,True,False,True,OCM,OCM,0,-,True,,,,
lre,prefix,OCM,ReqVel,True,False,False,False,False,True,True,False,OCM,OCM,1,OCMToOCM,True,,,,
lre,prefix,OCM,ReqHdng,True,False,False,False,False,True,True,False,OCM,OCM,1,OCMToOCM_1,True,,,,
lre,prefix,OCM,ReqMOM,True,False,False,False,False,True,True,False,OCM,OCM,0,-,True,,,,
lre,prefix,OCM,ReqOCM,True,False,False,False,False,True,True,False,OCM,OCM,0,-,True,,,,
lre,prefix,OCM,EndTask,True,False,False,False,False,True,True,False,OCM,OCM,0,-,True,,,,
lre,prefix,OCM,ReqHCM,True,False,False,False,False,True,True,False,OCM,OCM,0,-,True,,,,
lre,prefix,OCM,tick,True,False,False,False,False,True,True,False,OCM,OCM,0,-,True,,,,
lre,prefix,OCM,ReqVel,True,False,False,False,False,True,True,True,OCM,OCM,1,OCMToOCM,True,,,,
lre,prefix,OCM,ReqHdng,True,False,False,False,False,True,True,True,OCM,OCM,1,OCMToOCM_1,True,,,,
lre,prefix,OCM,ReqMOM,True,False,False,False,False,True,True,True,OCM,OCM,0,-,True,,,,
lre,prefix,OCM,ReqOCM,True,False,False,False,False,True,True,True,OCM,OCM,0,-,True,,,,
lre,prefix,OCM,EndTask,True,False,False,False,False,True,True,True,OCM,OCM,0,-,True,,,,
lre,prefix,OCM,ReqHCM,True,False,False,False,False,True,True,True,OCM,OCM,0,-,True,,,,
lre,prefix,OCM,tick,True,False,False,False,False,True,True,True,OCM,OCM,0,-,True,,,,
lre,prefix,OCM,ReqVel,True,False,False,False,True,False,False,False,OCM,OCM,1,OCMToOCM,True,,,,
lre,prefix,OCM,ReqHdng,True,False,False,False,True,False,False,False,OCM,OCM,1,OCMToOCM_1,True,,,,
lre,prefix,OCM,ReqMOM,True,False,False,False,True,False,False,False,OCM,OCM,0,-,True,,,,
lre,prefix,OCM,ReqOCM,True,False,False,False,True,False,False,False,OCM,OCM,0,-,True,,,,
lre,prefix,OCM,EndTask,True,False,False,False,True,False,False,False,OCM,OCM,0,-,True,,,,
lre,prefix,OCM,ReqHCM,True,False,False,False,True,False,False,False,OCM,OCM,0,-,True,,,,
lre,prefix,OCM,tick,True,False,False,False,True,False,False,False,OCM,OCM,0,-,True,,,,
lre,prefix,OCM,ReqVel,True,False,False,False,True,False,False,True,OCM,OCM,1,OCMToOCM,True,,,,
lre,prefix,OCM,ReqHdng,True,False,False,False,True,False,False,True,OCM,OCM,1,OCMToOCM_1,True,,,,
lre,prefix,OCM,ReqMOM,True,False,False,False,True,False,False,True,OCM,OCM,0,-,True,,,,
lre,prefix,OCM,ReqOCM,True,False,False,False,True,False,False,True,OCM,OCM,0,-,True,,,,
lre,prefix,OCM,EndTask,True,False,False,False,True,False,False,True,OCM,OCM,0,-,True,,,,
lre,prefix,OCM,ReqHCM,True,False,False,False,True,False,False,True,OCM,OCM,0,-,True,,,,
lre,prefix,OCM,tick,True,False,False,False,True,False,False,True,OCM,OCM,0,-,True,,,,
lre,prefix,OCM,ReqVel,True,False,False,False,True,False,True,False,OCM,OCM,1,OCMToOCM,True,,,,
lre,prefix,OCM,ReqHdng,True,False,False,False,True,False,True,False,OCM,OCM,1,OCMToOCM_1,True,,,,
lre,prefix,OCM,ReqMOM,True,False,False,False,True,False,True,False,OCM,OCM,0,-,True,,,,
lre,prefix,OCM,ReqOCM,True,False,False,False,True,False,True,False,OCM,OCM,0,-,True,,,,
lre,prefix,OCM,EndTask,True,False,False,False,True,False,True,False,OCM,OCM,0,-,True,,,,
lre,prefix,OCM,ReqHCM,True,False,False,False,True,False,True,False,OCM,OCM,0,-,True,,,,
lre,prefix,OCM,tick,True,False,False,False,True,False,True,False,OCM,OCM,0,-,True,,,,
lre,prefix,OCM,ReqVel,True,False,False,False,True,False,True,True,OCM,OCM,1,OCMToOCM,True,,,,
lre,prefix,OCM,ReqHdng,True,False,False,False,True,False,True,True,OCM,OCM,1,OCMToOCM_1,True,,,,
lre,prefix,OCM,ReqMOM,True,False,False,False,True,False,True,True,OCM,OCM,0,-,True,,,,
lre,prefix,OCM,ReqOCM,True,False,False,False,True,False,True,True,OCM,OCM,0,-,True,,,,
lre,prefix,OCM,EndTask,True,False,False,False,True,False,True,True,OCM,OCM,0,-,True,,,,
lre,prefix,OCM,ReqHCM,True,False,False,False,True,False,True,True,OCM,OCM,0,-,True,,,,
lre,prefix,OCM,tick,True,False,False,False,True,False,True,True,OCM,OCM,0,-,True,,,,
lre,prefix,OCM,ReqVel,True,False,False,False,True,True,False,False,OCM,OCM,1,OCMToOCM,True,,,,
lre,prefix,OCM,ReqHdng,True,False,False,False,True,True,False,False,OCM,OCM,1,OCMToOCM_1,True,,,,
lre,prefix,OCM,ReqMOM,True,False,False,False,True,True,False,False,OCM,OCM,0,-,True,,,,
lre,prefix,OCM,ReqOCM,True,False,False,False,True,True,False,False,OCM,OCM,0,-,True,,,,
lre,prefix,OCM,EndTask,True,False,False,False,True,True,False,False,OCM,OCM,0,-,True,,,,
lre,prefix,OCM,ReqHCM,True,False,False,False,True,True,False,False,OCM,OCM,0,-,True,,,,
lre,prefix,OCM,tick,True,False,False,False,True,True,False,False,OCM,OCM,0,-,True,,,,
lre,prefix,OCM,ReqVel,True,False,False,False,True,True,False,True,OCM,OCM,1,OCMToOCM,True,,,,
lre,prefix,OCM,ReqHdng,True,False,False,False,True,True,False,True,OCM,OCM,1,OCMToOCM_1,True,,,,
lre,prefix,OCM,ReqMOM,True,False,False,False,True,True,False,True,OCM,OCM,0,-,True,,,,
lre,prefix,OCM,ReqOCM,True,False,False,False,True,True,False,True,OCM,OCM,0,-,True,,,,
lre,prefix,OCM,EndTask,True,False,False,False,True,True,False,True,OCM,OCM,0,-,True,,,,
lre,prefix,OCM,ReqHCM,True,False,False,False,True,True,False,True,OCM,OCM,0,-,True,,,,
lre,prefix,OCM,tick,True,False,False,False,True,True,False,True,OCM,OCM,0,-,True,,,,
lre,prefix,OCM,ReqVel,True,False,False,False,True,True,True,False,OCM,MOM|OCM,2,OCMToOCM|OCMToMOM,False,,,,
lre,prefix,OCM,ReqHdng,True,False,False,False,True,True,True,False,OCM,MOM|OCM,2,OCMToOCM_1|OCMToMOM,False,,,,
lre,prefix,OCM,ReqMOM,True,False,False,False,True,True,True,False,MOM,MOM,1,OCMToMOM,True,,,,
lre,prefix,OCM,ReqOCM,True,False,False,False,True,True,True,False,OCM,MOM,1,OCMToMOM,False,,,,
lre,prefix,OCM,EndTask,True,False,False,False,True,True,True,False,OCM,MOM,1,OCMToMOM,False,,,,
lre,prefix,OCM,ReqHCM,True,False,False,False,True,True,True,False,OCM,MOM,1,OCMToMOM,False,,,,
lre,prefix,OCM,tick,True,False,False,False,True,True,True,False,OCM,MOM,1,OCMToMOM,False,,,,
lre,prefix,OCM,ReqVel,True,False,False,False,True,True,True,True,OCM,MOM|OCM,2,OCMToOCM|OCMToMOM,False,,,,
lre,prefix,OCM,ReqHdng,True,False,False,False,True,True,True,True,OCM,MOM|OCM,2,OCMToOCM_1|OCMToMOM,False,,,,
lre,prefix,OCM,ReqMOM,True,False,False,False,True,True,True,True,MOM,MOM,1,OCMToMOM,True,,,,
lre,prefix,OCM,ReqOCM,True,False,False,False,True,True,True,True,OCM,MOM,1,OCMToMOM,False,,,,
lre,prefix,OCM,EndTask,True,False,False,False,True,True,True,True,OCM,MOM,1,OCMToMOM,False,,,,
lre,prefix,OCM,ReqHCM,True,False,False,False,True,True,True,True,OCM,MOM,1,OCMToMOM,False,,,,
lre,prefix,OCM,tick,True,False,False,False,True,True,True,True,OCM,MOM,1,OCMToMOM,False,,,,
lre,prefix,OCM,ReqVel,True,False,False,True,False,False,False,False,OCM,OCM,1,OCMToOCM,True,,,,
lre,prefix,OCM,ReqHdng,True,False,False,True,False,False,False,False,OCM,OCM,1,OCMToOCM_1,True,,,,
lre,prefix,OCM,ReqMOM,True,False,False,True,False,False,False,False,OCM,OCM,0,-,True,,,,
lre,prefix,OCM,ReqOCM,True,False,False,True,False,False,False,False,OCM,OCM,0,-,True,,,,
lre,prefix,OCM,EndTask,True,False,False,True,False,False,False,False,OCM,OCM,0,-,True,,,,
lre,prefix,OCM,ReqHCM,True,False,False,True,False,False,False,False,OCM,OCM,0,-,True,,,,
lre,prefix,OCM,tick,True,False,False,True,False,False,False,False,OCM,OCM,0,-,True,,,,
lre,prefix,OCM,ReqVel,True,False,False,True,False,False,False,True,OCM,OCM,1,OCMToOCM,True,,,,
lre,prefix,OCM,ReqHdng,True,False,False,True,False,False,False,True,OCM,OCM,1,OCMToOCM_1,True,,,,
lre,prefix,OCM,ReqMOM,True,False,False,True,False,False,False,True,OCM,OCM,0,-,True,,,,
lre,prefix,OCM,ReqOCM,True,False,False,True,False,False,False,True,OCM,OCM,0,-,True,,,,
lre,prefix,OCM,EndTask,True,False,False,True,False,False,False,True,OCM,OCM,0,-,True,,,,
lre,prefix,OCM,ReqHCM,True,False,False,True,False,False,False,True,OCM,OCM,0,-,True,,,,
lre,prefix,OCM,tick,True,False,False,True,False,False,False,True,OCM,OCM,0,-,True,,,,
lre,prefix,OCM,ReqVel,True,False,False,True,False,False,True,False,OCM,OCM,1,OCMToOCM,True,,,,
lre,prefix,OCM,ReqHdng,True,False,False,True,False,False,True,False,OCM,OCM,1,OCMToOCM_1,True,,,,
lre,prefix,OCM,ReqMOM,True,False,False,True,False,False,True,False,OCM,OCM,0,-,True,,,,
lre,prefix,OCM,ReqOCM,True,False,False,True,False,False,True,False,OCM,OCM,0,-,True,,,,
lre,prefix,OCM,EndTask,True,False,False,True,False,False,True,False,OCM,OCM,0,-,True,,,,
lre,prefix,OCM,ReqHCM,True,False,False,True,False,False,True,False,OCM,OCM,0,-,True,,,,
lre,prefix,OCM,tick,True,False,False,True,False,False,True,False,OCM,OCM,0,-,True,,,,
lre,prefix,OCM,ReqVel,True,False,False,True,False,False,True,True,OCM,OCM,1,OCMToOCM,True,,,,
lre,prefix,OCM,ReqHdng,True,False,False,True,False,False,True,True,OCM,OCM,1,OCMToOCM_1,True,,,,
lre,prefix,OCM,ReqMOM,True,False,False,True,False,False,True,True,OCM,OCM,0,-,True,,,,
lre,prefix,OCM,ReqOCM,True,False,False,True,False,False,True,True,OCM,OCM,0,-,True,,,,
lre,prefix,OCM,EndTask,True,False,False,True,False,False,True,True,OCM,OCM,0,-,True,,,,
lre,prefix,OCM,ReqHCM,True,False,False,True,False,False,True,True,OCM,OCM,0,-,True,,,,
lre,prefix,OCM,tick,True,False,False,True,False,False,True,True,OCM,OCM,0,-,True,,,,
lre,prefix,OCM,ReqVel,True,False,False,True,False,True,False,False,OCM,OCM,1,OCMToOCM,True,,,,
lre,prefix,OCM,ReqHdng,True,False,False,True,False,True,False,False,OCM,OCM,1,OCMToOCM_1,True,,,,
lre,prefix,OCM,ReqMOM,True,False,False,True,False,True,False,False,OCM,OCM,0,-,True,,,,
lre,prefix,OCM,ReqOCM,True,False,False,True,False,True,False,False,OCM,OCM,0,-,True,,,,
lre,prefix,OCM,EndTask,True,False,False,True,False,True,False,False,OCM,OCM,0,-,True,,,,
lre,prefix,OCM,ReqHCM,True,False,False,True,False,True,False,False,OCM,OCM,0,-,True,,,,
lre,prefix,OCM,tick,True,False,False,True,False,True,False,False,OCM,OCM,0,-,True,,,,
lre,prefix,OCM,ReqVel,True,False,False,True,False,True,False,True,OCM,OCM,1,OCMToOCM,True,,,,
lre,prefix,OCM,ReqHdng,True,False,False,True,False,True,False,True,OCM,OCM,1,OCMToOCM_1,True,,,,
lre,prefix,OCM,ReqMOM,True,False,False,True,False,True,False,True,OCM,OCM,0,-,True,,,,
lre,prefix,OCM,ReqOCM,True,False,False,True,False,True,False,True,OCM,OCM,0,-,True,,,,
lre,prefix,OCM,EndTask,True,False,False,True,False,True,False,True,OCM,OCM,0,-,True,,,,
lre,prefix,OCM,ReqHCM,True,False,False,True,False,True,False,True,OCM,OCM,0,-,True,,,,
lre,prefix,OCM,tick,True,False,False,True,False,True,False,True,OCM,OCM,0,-,True,,,,
lre,prefix,OCM,ReqVel,True,False,False,True,False,True,True,False,OCM,OCM,1,OCMToOCM,True,,,,
lre,prefix,OCM,ReqHdng,True,False,False,True,False,True,True,False,OCM,OCM,1,OCMToOCM_1,True,,,,
lre,prefix,OCM,ReqMOM,True,False,False,True,False,True,True,False,OCM,OCM,0,-,True,,,,
lre,prefix,OCM,ReqOCM,True,False,False,True,False,True,True,False,OCM,OCM,0,-,True,,,,
lre,prefix,OCM,EndTask,True,False,False,True,False,True,True,False,OCM,OCM,0,-,True,,,,
lre,prefix,OCM,ReqHCM,True,False,False,True,False,True,True,False,OCM,OCM,0,-,True,,,,
lre,prefix,OCM,tick,True,False,False,True,False,True,True,False,OCM,OCM,0,-,True,,,,
lre,prefix,OCM,ReqVel,True,False,False,True,False,True,True,True,OCM,OCM,1,OCMToOCM,True,,,,
lre,prefix,OCM,ReqHdng,True,False,False,True,False,True,True,True,OCM,OCM,1,OCMToOCM_1,True,,,,
lre,prefix,OCM,ReqMOM,True,False,False,True,False,True,True,True,OCM,OCM,0,-,True,,,,
lre,prefix,OCM,ReqOCM,True,False,False,True,False,True,True,True,OCM,OCM,0,-,True,,,,
lre,prefix,OCM,EndTask,True,False,False,True,False,True,True,True,OCM,OCM,0,-,True,,,,
lre,prefix,OCM,ReqHCM,True,False,False,True,False,True,True,True,OCM,OCM,0,-,True,,,,
lre,prefix,OCM,tick,True,False,False,True,False,True,True,True,OCM,OCM,0,-,True,,,,
lre,prefix,OCM,ReqVel,True,False,False,True,True,False,False,False,OCM,OCM,1,OCMToOCM,True,,,,
lre,prefix,OCM,ReqHdng,True,False,False,True,True,False,False,False,OCM,OCM,1,OCMToOCM_1,True,,,,
lre,prefix,OCM,ReqMOM,True,False,False,True,True,False,False,False,OCM,OCM,0,-,True,,,,
lre,prefix,OCM,ReqOCM,True,False,False,True,True,False,False,False,OCM,OCM,0,-,True,,,,
lre,prefix,OCM,EndTask,True,False,False,True,True,False,False,False,OCM,OCM,0,-,True,,,,
lre,prefix,OCM,ReqHCM,True,False,False,True,True,False,False,False,OCM,OCM,0,-,True,,,,
lre,prefix,OCM,tick,True,False,False,True,True,False,False,False,OCM,OCM,0,-,True,,,,
lre,prefix,OCM,ReqVel,True,False,False,True,True,False,False,True,OCM,OCM,1,OCMToOCM,True,,,,
lre,prefix,OCM,ReqHdng,True,False,False,True,True,False,False,True,OCM,OCM,1,OCMToOCM_1,True,,,,
lre,prefix,OCM,ReqMOM,True,False,False,True,True,False,False,True,OCM,OCM,0,-,True,,,,
lre,prefix,OCM,ReqOCM,True,False,False,True,True,False,False,True,OCM,OCM,0,-,True,,,,
lre,prefix,OCM,EndTask,True,False,False,True,True,False,False,True,OCM,OCM,0,-,True,,,,
lre,prefix,OCM,ReqHCM,True,False,False,True,True,False,False,True,OCM,OCM,0,-,True,,,,
lre,prefix,OCM,tick,True,False,False,True,True,False,False,True,OCM,OCM,0,-,True,,,,
lre,prefix,OCM,ReqVel,True,False,False,True,True,False,True,False,OCM,OCM,1,OCMToOCM,True,,,,
lre,prefix,OCM,ReqHdng,True,False,False,True,True,False,True,False,OCM,OCM,1,OCMToOCM_1,True,,,,
lre,prefix,OCM,ReqMOM,True,False,False,True,True,False,True,False,OCM,OCM,0,-,True,,,,
lre,prefix,OCM,ReqOCM,True,False,False,True,True,False,True,False,OCM,OCM,0,-,True,,,,
lre,prefix,OCM,EndTask,True,False,False,True,True,False,True,False,OCM,OCM,0,-,True,,,,
lre,prefix,OCM,ReqHCM,True,False,False,True,True,False,True,False,OCM,OCM,0,-,True,,,,
lre,prefix,OCM,tick,True,False,False,True,True,False,True,False,OCM,OCM,0,-,True,,,,
lre,prefix,OCM,ReqVel,True,False,False,True,True,False,True,True,OCM,OCM,1,OCMToOCM,True,,,,
lre,prefix,OCM,ReqHdng,True,False,False,True,True,False,True,True,OCM,OCM,1,OCMToOCM_1,True,,,,
lre,prefix,OCM,ReqMOM,True,False,False,True,True,False,True,True,OCM,OCM,0,-,True,,,,
lre,prefix,OCM,ReqOCM,True,False,False,True,True,False,True,True,OCM,OCM,0,-,True,,,,
lre,prefix,OCM,EndTask,True,False,False,True,True,False,True,True,OCM,OCM,0,-,True,,,,
lre,prefix,OCM,ReqHCM,True,False,False,True,True,False,True,True,OCM,OCM,0,-,True,,,,
lre,prefix,OCM,tick,True,False,False,True,True,False,True,True,OCM,OCM,0,-,True,,,,
lre,prefix,OCM,ReqVel,True,False,False,True,True,True,False,False,OCM,OCM,1,OCMToOCM,True,,,,
lre,prefix,OCM,ReqHdng,True,False,False,True,True,True,False,False,OCM,OCM,1,OCMToOCM_1,True,,,,
lre,prefix,OCM,ReqMOM,True,False,False,True,True,True,False,False,OCM,OCM,0,-,True,,,,
lre,prefix,OCM,ReqOCM,True,False,False,True,True,True,False,False,OCM,OCM,0,-,True,,,,
lre,prefix,OCM,EndTask,True,False,False,True,True,True,False,False,OCM,OCM,0,-,True,,,,
lre,prefix,OCM,ReqHCM,True,False,False,True,True,True,False,False,OCM,OCM,0,-,True,,,,
lre,prefix,OCM,tick,True,False,False,True,True,True,False,False,OCM,OCM,0,-,True,,,,
lre,prefix,OCM,ReqVel,True,False,False,True,True,True,False,True,OCM,OCM,1,OCMToOCM,True,,,,
lre,prefix,OCM,ReqHdng,True,False,False,True,True,True,False,True,OCM,OCM,1,OCMToOCM_1,True,,,,
lre,prefix,OCM,ReqMOM,True,False,False,True,True,True,False,True,OCM,OCM,0,-,True,,,,
lre,prefix,OCM,ReqOCM,True,False,False,True,True,True,False,True,OCM,OCM,0,-,True,,,,
lre,prefix,OCM,EndTask,True,False,False,True,True,True,False,True,OCM,OCM,0,-,True,,,,
lre,prefix,OCM,ReqHCM,True,False,False,True,True,True,False,True,OCM,OCM,0,-,True,,,,
lre,prefix,OCM,tick,True,False,False,True,True,True,False,True,OCM,OCM,0,-,True,,,,
lre,prefix,OCM,ReqVel,True,False,False,True,True,True,True,False,OCM,MOM|OCM,2,OCMToOCM|OCMToMOM,False,,,,
lre,prefix,OCM,ReqHdng,True,False,False,True,True,True,True,False,OCM,MOM|OCM,2,OCMToOCM_1|OCMToMOM,False,,,,
lre,prefix,OCM,ReqMOM,True,False,False,True,True,True,True,False,MOM,MOM,1,OCMToMOM,True,,,,
lre,prefix,OCM,ReqOCM,True,False,False,True,True,True,True,False,OCM,MOM,1,OCMToMOM,False,,,,
lre,prefix,OCM,EndTask,True,False,False,True,True,True,True,False,OCM,MOM,1,OCMToMOM,False,,,,
lre,prefix,OCM,ReqHCM,True,False,False,True,True,True,True,False,OCM,MOM,1,OCMToMOM,False,,,,
lre,prefix,OCM,tick,True,False,False,True,True,True,True,False,OCM,MOM,1,OCMToMOM,False,,,,
lre,prefix,OCM,ReqVel,True,False,False,True,True,True,True,True,OCM,MOM|OCM,2,OCMToOCM|OCMToMOM,False,,,,
lre,prefix,OCM,ReqHdng,True,False,False,True,True,True,True,True,OCM,MOM|OCM,2,OCMToOCM_1|OCMToMOM,False,,,,
lre,prefix,OCM,ReqMOM,True,False,False,True,True,True,True,True,MOM,MOM,1,OCMToMOM,True,,,,
lre,prefix,OCM,ReqOCM,True,False,False,True,True,True,True,True,OCM,MOM,1,OCMToMOM,False,,,,
lre,prefix,OCM,EndTask,True,False,False,True,True,True,True,True,OCM,MOM,1,OCMToMOM,False,,,,
lre,prefix,OCM,ReqHCM,True,False,False,True,True,True,True,True,OCM,MOM,1,OCMToMOM,False,,,,
lre,prefix,OCM,tick,True,False,False,True,True,True,True,True,OCM,MOM,1,OCMToMOM,False,,,,
lre,prefix,OCM,ReqVel,True,False,True,False,False,False,False,False,OCM,OCM,1,OCMToOCM,True,,,,
lre,prefix,OCM,ReqHdng,True,False,True,False,False,False,False,False,OCM,OCM,1,OCMToOCM_1,True,,,,
lre,prefix,OCM,ReqMOM,True,False,True,False,False,False,False,False,OCM,OCM,0,-,True,,,,
lre,prefix,OCM,ReqOCM,True,False,True,False,False,False,False,False,OCM,OCM,0,-,True,,,,
lre,prefix,OCM,EndTask,True,False,True,False,False,False,False,False,OCM,OCM,0,-,True,,,,
lre,prefix,OCM,ReqHCM,True,False,True,False,False,False,False,False,OCM,OCM,0,-,True,,,,
lre,prefix,OCM,tick,True,False,True,False,False,False,False,False,OCM,OCM,0,-,True,,,,
lre,prefix,OCM,ReqVel,True,False,True,False,False,False,False,True,OCM,OCM,1,OCMToOCM,True,,,,
lre,prefix,OCM,ReqHdng,True,False,True,False,False,False,False,True,OCM,OCM,1,OCMToOCM_1,True,,,,
lre,prefix,OCM,ReqMOM,True,False,True,False,False,False,False,True,OCM,OCM,0,-,True,,,,
lre,prefix,OCM,ReqOCM,True,False,True,False,False,False,False,True,OCM,OCM,0,-,True,,,,
lre,prefix,OCM,EndTask,True,False,True,False,False,False,False,True,OCM,OCM,0,-,True,,,,
lre,prefix,OCM,ReqHCM,True,False,True,False,False,False,False,True,OCM,OCM,0,-,True,,,,
lre,prefix,OCM,tick,True,False,True,False,False,False,False,True,OCM,OCM,0,-,True,,,,
lre,prefix,OCM,ReqVel,True,False,True,False,False,False,True,False,OCM,OCM,1,OCMToOCM,True,,,,
lre,prefix,OCM,ReqHdng,True,False,True,False,False,False,True,False,OCM,OCM,1,OCMToOCM_1,True,,,,
lre,prefix,OCM,ReqMOM,True,False,True,False,False,False,True,False,OCM,OCM,0,-,True,,,,
lre,prefix,OCM,ReqOCM,True,False,True,False,False,False,True,False,OCM,OCM,0,-,True,,,,
lre,prefix,OCM,EndTask,True,False,True,False,False,False,True,False,OCM,OCM,0,-,True,,,,
lre,prefix,OCM,ReqHCM,True,False,True,False,False,False,True,False,OCM,OCM,0,-,True,,,,
lre,prefix,OCM,tick,True,False,True,False,False,False,True,False,OCM,OCM,0,-,True,,,,
lre,prefix,OCM,ReqVel,True,False,True,False,False,False,True,True,OCM,OCM,1,OCMToOCM,True,,,,
lre,prefix,OCM,ReqHdng,True,False,True,False,False,False,True,True,OCM,OCM,1,OCMToOCM_1,True,,,,
lre,prefix,OCM,ReqMOM,True,False,True,False,False,False,True,True,OCM,OCM,0,-,True,,,,
lre,prefix,OCM,ReqOCM,True,False,True,False,False,False,True,True,OCM,OCM,0,-,True,,,,
lre,prefix,OCM,EndTask,True,False,True,False,False,False,True,True,OCM,OCM,0,-,True,,,,
lre,prefix,OCM,ReqHCM,True,False,True,False,False,False,True,True,OCM,OCM,0,-,True,,,,
lre,prefix,OCM,tick,True,False,True,False,False,False,True,True,OCM,OCM,0,-,True,,,,
lre,prefix,OCM,ReqVel,True,False,True,False,False,True,False,False,OCM,OCM,1,OCMToOCM,True,,,,
lre,prefix,OCM,ReqHdng,True,False,True,False,False,True,False,False,OCM,OCM,1,OCMToOCM_1,True,,,,
lre,prefix,OCM,ReqMOM,True,False,True,False,False,True,False,False,OCM,OCM,0,-,True,,,,
lre,prefix,OCM,ReqOCM,True,False,True,False,False,True,False,False,OCM,OCM,0,-,True,,,,
lre,prefix,OCM,EndTask,True,False,True,False,False,True,False,False,OCM,OCM,0,-,True,,,,
lre,prefix,OCM,ReqHCM,True,False,True,False,False,True,False,False,OCM,OCM,0,-,True,,,,
lre,prefix,OCM,tick,True,False,True,False,False,True,False,False,OCM,OCM,0,-,True,,,,
lre,prefix,OCM,ReqVel,True,False,True,False,False,True,False,True,OCM,OCM,1,OCMToOCM,True,,,,
lre,prefix,OCM,ReqHdng,True,False,True,False,False,True,False,True,OCM,OCM,1,OCMToOCM_1,True,,,,
lre,prefix,OCM,ReqMOM,True,False,True,False,False,True,False,True,OCM,OCM,0,-,True,,,,
lre,prefix,OCM,ReqOCM,True,False,True,False,False,True,False,True,OCM,OCM,0,-,True,,,,
lre,prefix,OCM,EndTask,True,False,True,False,False,True,False,True,OCM,OCM,0,-,True,,,,
lre,prefix,OCM,ReqHCM,True,False,True,False,False,True,False,True,OCM,OCM,0,-,True,,,,
lre,prefix,OCM,tick,True,False,True,False,False,True,False,True,OCM,OCM,0,-,True,,,,
lre,prefix,OCM,ReqVel,True,False,True,False,False,True,True,False,OCM,OCM,1,OCMToOCM,True,,,,
lre,prefix,OCM,ReqHdng,True,False,True,False,False,True,True,False,OCM,OCM,1,OCMToOCM_1,True,,,,
lre,prefix,OCM,ReqMOM,True,False,True,False,False,True,True,False,OCM,OCM,0,-,True,,,,
lre,prefix,OCM,ReqOCM,True,False,True,False,False,True,True,False,OCM,OCM,0,-,True,,,,
lre,prefix,OCM,EndTask,True,False,True,False,False,True,True,False,OCM,OCM,0,-,True,,,,
lre,prefix,OCM,ReqHCM,True,False,True,False,False,True,True,False,OCM,OCM,0,-,True,,,,
lre,prefix,OCM,tick,True,False,True,False,False,True,True,False,OCM,OCM,0,-,True,,,,
lre,prefix,OCM,ReqVel,True,False,True,False,False,True,True,True,OCM,OCM,1,OCMToOCM,True,,,,
lre,prefix,OCM,ReqHdng,True,False,True,False,False,True,True,True,OCM,OCM,1,OCMToOCM_1,True,,,,
lre,prefix,OCM,ReqMOM,True,False,True,False,False,True,True,True,OCM,OCM,0,-,True,,,,
lre,prefix,OCM,ReqOCM,True,False,True,False,False,True,True,True,OCM,OCM,0,-,True,,,,
lre,prefix,OCM,EndTask,True,False,True,False,False,True,True,True,OCM,OCM,0,-,True,,,,
lre,prefix,OCM,ReqHCM,True,False,True,False,False,True,True,True,OCM,OCM,0,-,True,,,,
lre,prefix,OCM,tick,True,False,True,False,False,True,True,True,OCM,OCM,0,-,True,,,,
lre,prefix,OCM,ReqVel,True,False,True,False,True,False,False,False,OCM,OCM,1,OCMToOCM,True,,,,
lre,prefix,OCM,ReqHdng,True,False,True,False,True,False,False,False,OCM,OCM,1,OCMToOCM_1,True,,,,
lre,prefix,OCM,ReqMOM,True,False,True,False,True,False,False,False,OCM,OCM,0,-,True,,,,
lre,prefix,OCM,ReqOCM,True,False,True,False,True,False,False,False,OCM,OCM,0,-,True,,,,
lre,prefix,OCM,EndTask,True,False,True,False,True,False,False,False,OCM,OCM,0,-,True,,,,
lre,prefix,OCM,ReqHCM,True,False,True,False,True,False,False,False,OCM,OCM,0,-,True,,,,
lre,prefix,OCM,tick,True,False,True,False,True,False,False,False,OCM,OCM,0,-,True,,,,
lre,prefix,OCM,ReqVel,True,False,True,False,True,False,False,True,OCM,OCM,1,OCMToOCM,True,,,,
lre,prefix,OCM,ReqHdng,True,False,True,False,True,False,False,True,OCM,OCM,1,OCMToOCM_1,True,,,,
lre,prefix,OCM,ReqMOM,True,False,True,False,True,False,False,True,OCM,OCM,0,-,True,,,,
lre,prefix,OCM,ReqOCM,True,False,True,False,True,False,False,True,OCM,OCM,0,-,True,,,,
lre,prefix,OCM,EndTask,True,False,True,False,True,False,False,True,OCM,OCM,0,-,True,,,,
lre,prefix,OCM,ReqHCM,True,False,True,False,True,False,False,True,OCM,OCM,0,-,True,,,,
lre,prefix,OCM,tick,True,False,True,False,True,False,False,True,OCM,OCM,0,-,True,,,,
lre,prefix,OCM,ReqVel,True,False,True,False,True,False,True,False,OCM,OCM,1,OCMToOCM,True,,,,
lre,prefix,OCM,ReqHdng,True,False,True,False,True,False,True,False,OCM,OCM,1,OCMToOCM_1,True,,,,
lre,prefix,OCM,ReqMOM,True,False,True,False,True,False,True,False,OCM,OCM,0,-,True,,,,
lre,prefix,OCM,ReqOCM,True,False,True,False,True,False,True,False,OCM,OCM,0,-,True,,,,
lre,prefix,OCM,EndTask,True,False,True,False,True,False,True,False,OCM,OCM,0,-,True,,,,
lre,prefix,OCM,ReqHCM,True,False,True,False,True,False,True,False,OCM,OCM,0,-,True,,,,
lre,prefix,OCM,tick,True,False,True,False,True,False,True,False,OCM,OCM,0,-,True,,,,
lre,prefix,OCM,ReqVel,True,False,True,False,True,False,True,True,OCM,OCM,1,OCMToOCM,True,,,,
lre,prefix,OCM,ReqHdng,True,False,True,False,True,False,True,True,OCM,OCM,1,OCMToOCM_1,True,,,,
lre,prefix,OCM,ReqMOM,True,False,True,False,True,False,True,True,OCM,OCM,0,-,True,,,,
lre,prefix,OCM,ReqOCM,True,False,True,False,True,False,True,True,OCM,OCM,0,-,True,,,,
lre,prefix,OCM,EndTask,True,False,True,False,True,False,True,True,OCM,OCM,0,-,True,,,,
lre,prefix,OCM,ReqHCM,True,False,True,False,True,False,True,True,OCM,OCM,0,-,True,,,,
lre,prefix,OCM,tick,True,False,True,False,True,False,True,True,OCM,OCM,0,-,True,,,,
lre,prefix,OCM,ReqVel,True,False,True,False,True,True,False,False,OCM,OCM,1,OCMToOCM,True,,,,
lre,prefix,OCM,ReqHdng,True,False,True,False,True,True,False,False,OCM,OCM,1,OCMToOCM_1,True,,,,
lre,prefix,OCM,ReqMOM,True,False,True,False,True,True,False,False,OCM,OCM,0,-,True,,,,
lre,prefix,OCM,ReqOCM,True,False,True,False,True,True,False,False,OCM,OCM,0,-,True,,,,
lre,prefix,OCM,EndTask,True,False,True,False,True,True,False,False,OCM,OCM,0,-,True,,,,
lre,prefix,OCM,ReqHCM,True,False,True,False,True,True,False,False,OCM,OCM,0,-,True,,,,
lre,prefix,OCM,tick,True,False,True,False,True,True,False,False,OCM,OCM,0,-,True,,,,
lre,prefix,OCM,ReqVel,True,False,True,False,True,True,False,True,OCM,OCM,1,OCMToOCM,True,,,,
lre,prefix,OCM,ReqHdng,True,False,True,False,True,True,False,True,OCM,OCM,1,OCMToOCM_1,True,,,,
lre,prefix,OCM,ReqMOM,True,False,True,False,True,True,False,True,OCM,OCM,0,-,True,,,,
lre,prefix,OCM,ReqOCM,True,False,True,False,True,True,False,True,OCM,OCM,0,-,True,,,,
lre,prefix,OCM,EndTask,True,False,True,False,True,True,False,True,OCM,OCM,0,-,True,,,,
lre,prefix,OCM,ReqHCM,True,False,True,False,True,True,False,True,OCM,OCM,0,-,True,,,,
lre,prefix,OCM,tick,True,False,True,False,True,True,False,True,OCM,OCM,0,-,True,,,,
lre,prefix,OCM,ReqVel,True,False,True,False,True,True,True,False,OCM,OCM,1,OCMToOCM,True,,,,
lre,prefix,OCM,ReqHdng,True,False,True,False,True,True,True,False,OCM,OCM,1,OCMToOCM_1,True,,,,
lre,prefix,OCM,ReqMOM,True,False,True,False,True,True,True,False,OCM,OCM,0,-,True,,,,
lre,prefix,OCM,ReqOCM,True,False,True,False,True,True,True,False,OCM,OCM,0,-,True,,,,
lre,prefix,OCM,EndTask,True,False,True,False,True,True,True,False,OCM,OCM,0,-,True,,,,
lre,prefix,OCM,ReqHCM,True,False,True,False,True,True,True,False,OCM,OCM,0,-,True,,,,
lre,prefix,OCM,tick,True,False,True,False,True,True,True,False,OCM,OCM,0,-,True,,,,
lre,prefix,OCM,ReqVel,True,False,True,False,True,True,True,True,OCM,OCM,1,OCMToOCM,True,,,,
lre,prefix,OCM,ReqHdng,True,False,True,False,True,True,True,True,OCM,OCM,1,OCMToOCM_1,True,,,,
lre,prefix,OCM,ReqMOM,True,False,True,False,True,True,True,True,OCM,OCM,0,-,True,,,,
lre,prefix,OCM,ReqOCM,True,False,True,False,True,True,True,True,OCM,OCM,0,-,True,,,,
lre,prefix,OCM,EndTask,True,False,True,False,True,True,True,True,OCM,OCM,0,-,True,,,,
lre,prefix,OCM,ReqHCM,True,False,True,False,True,True,True,True,OCM,OCM,0,-,True,,,,
lre,prefix,OCM,tick,True,False,True,False,True,True,True,True,OCM,OCM,0,-,True,,,,
lre,prefix,OCM,ReqVel,True,False,True,True,False,False,False,False,OCM,OCM,1,OCMToOCM,True,,,,
lre,prefix,OCM,ReqHdng,True,False,True,True,False,False,False,False,OCM,OCM,1,OCMToOCM_1,True,,,,
lre,prefix,OCM,ReqMOM,True,False,True,True,False,False,False,False,OCM,OCM,0,-,True,,,,
lre,prefix,OCM,ReqOCM,True,False,True,True,False,False,False,False,OCM,OCM,0,-,True,,,,
lre,prefix,OCM,EndTask,True,False,True,True,False,False,False,False,OCM,OCM,0,-,True,,,,
lre,prefix,OCM,ReqHCM,True,False,True,True,False,False,False,False,OCM,OCM,0,-,True,,,,
lre,prefix,OCM,tick,True,False,True,True,False,False,False,False,OCM,OCM,0,-,True,,,,
lre,prefix,OCM,ReqVel,True,False,True,True,False,False,False,True,OCM,OCM,1,OCMToOCM,True,,,,
lre,prefix,OCM,ReqHdng,True,False,True,True,False,False,False,True,OCM,OCM,1,OCMToOCM_1,True,,,,
lre,prefix,OCM,ReqMOM,True,False,True,True,False,False,False,True,OCM,OCM,0,-,True,,,,
lre,prefix,OCM,ReqOCM,True,False,True,True,False,False,False,True,OCM,OCM,0,-,True,,,,
lre,prefix,OCM,EndTask,True,False,True,True,False,False,False,True,OCM,OCM,0,-,True,,,,
lre,prefix,OCM,ReqHCM,True,False,True,True,False,False,False,True,OCM,OCM,0,-,True,,,,
lre,prefix,OCM,tick,True,False,True,True,False,False,False,True,OCM,OCM,0,-,True,,,,
lre,prefix,OCM,ReqVel,True,False,True,True,False,False,True,False,OCM,OCM,1,OCMToOCM,True,,,,
lre,prefix,OCM,ReqHdng,True,False,True,True,False,False,True,False,OCM,OCM,1,OCMToOCM_1,True,,,,
lre,prefix,OCM,ReqMOM,True,False,True,True,False,False,True,False,OCM,OCM,0,-,True,,,,
lre,prefix,OCM,ReqOCM,True,False,True,True,False,False,True,False,OCM,OCM,0,-,True,,,,
lre,prefix,OCM,EndTask,True,False,True,True,False,False,True,False,OCM,OCM,0,-,True,,,,
lre,prefix,OCM,ReqHCM,True,False,True,True,False,False,True,False,OCM,OCM,0,-,True,,,,
lre,prefix,OCM,tick,True,False,True,True,False,False,True,False,OCM,OCM,0,-,True,,,,
lre,prefix,OCM,ReqVel,True,False,True,True,False,False,True,True,OCM,OCM,1,OCMToOCM,True,,,,
lre,prefix,OCM,ReqHdng,True,False,True,True,False,False,True,True,OCM,OCM,1,OCMToOCM_1,True,,,,
lre,prefix,OCM,ReqMOM,True,False,True,True,False,False,True,True,OCM,OCM,0,-,True,,,,
lre,prefix,OCM,ReqOCM,True,False,True,True,False,False,True,True,OCM,OCM,0,-,True,,,,
lre,prefix,OCM,EndTask,True,False,True,True,False,False,True,True,OCM,OCM,0,-,True,,,,
lre,prefix,OCM,ReqHCM,True,False,True,True,False,False,True,True,OCM,OCM,0,-,True,,,,
lre,prefix,OCM,tick,True,False,True,True,False,False,True,True,OCM,OCM,0,-,True,,,,
lre,prefix,OCM,ReqVel,True,False,True,True,False,True,False,False,OCM,OCM,1,OCMToOCM,True,,,,
lre,prefix,OCM,ReqHdng,True,False,True,True,False,True,False,False,OCM,OCM,1,OCMToOCM_1,True,,,,
lre,prefix,OCM,ReqMOM,True,False,True,True,False,True,False,False,OCM,OCM,0,-,True,,,,
lre,prefix,OCM,ReqOCM,True,False,True,True,False,True,False,False,OCM,OCM,0,-,True,,,,
lre,prefix,OCM,EndTask,True,False,True,True,False,True,False,False,OCM,OCM,0,-,True,,,,
lre,prefix,OCM,ReqHCM,True,False,True,True,False,True,False,False,OCM,OCM,0,-,True,,,,
lre,prefix,OCM,tick,True,False,True,True,False,True,False,False,OCM,OCM,0,-,True,,,,
lre,prefix,OCM,ReqVel,True,False,True,True,False,True,False,True,OCM,OCM,1,OCMToOCM,True,,,,
lre,prefix,OCM,ReqHdng,True,False,True,True,False,True,False,True,OCM,OCM,1,OCMToOCM_1,True,,,,
lre,prefix,OCM,ReqMOM,True,False,True,True,False,True,False,True,OCM,OCM,0,-,True,,,,
lre,prefix,OCM,ReqOCM,True,False,True,True,False,True,False,True,OCM,OCM,0,-,True,,,,
lre,prefix,OCM,EndTask,True,False,True,True,False,True,False,True,OCM,OCM,0,-,True,,,,
lre,prefix,OCM,ReqHCM,True,False,True,True,False,True,False,True,OCM,OCM,0,-,True,,,,
lre,prefix,OCM,tick,True,False,True,True,False,True,False,True,OCM,OCM,0,-,True,,,,
lre,prefix,OCM,ReqVel,True,False,True,True,False,True,True,False,OCM,OCM,1,OCMToOCM,True,,,,
lre,prefix,OCM,ReqHdng,True,False,True,True,False,True,True,False,OCM,OCM,1,OCMToOCM_1,True,,,,
lre,prefix,OCM,ReqMOM,True,False,True,True,False,True,True,False,OCM,OCM,0,-,True,,,,
lre,prefix,OCM,ReqOCM,True,False,True,True,False,True,True,False,OCM,OCM,0,-,True,,,,
lre,prefix,OCM,EndTask,True,False,True,True,False,True,True,False,OCM,OCM,0,-,True,,,,
lre,prefix,OCM,ReqHCM,True,False,True,True,False,True,True,False,OCM,OCM,0,-,True,,,,
lre,prefix,OCM,tick,True,False,True,True,False,True,True,False,OCM,OCM,0,-,True,,,,
lre,prefix,OCM,ReqVel,True,False,True,True,False,True,True,True,OCM,OCM,1,OCMToOCM,True,,,,
lre,prefix,OCM,ReqHdng,True,False,True,True,False,True,True,True,OCM,OCM,1,OCMToOCM_1,True,,,,
lre,prefix,OCM,ReqMOM,True,False,True,True,False,True,True,True,OCM,OCM,0,-,True,,,,
lre,prefix,OCM,ReqOCM,True,False,True,True,False,True,True,True,OCM,OCM,0,-,True,,,,
lre,prefix,OCM,EndTask,True,False,True,True,False,True,True,True,OCM,OCM,0,-,True,,,,
lre,prefix,OCM,ReqHCM,True,False,True,True,False,True,True,True,OCM,OCM,0,-,True,,,,
lre,prefix,OCM,tick,True,False,True,True,False,True,True,True,OCM,OCM,0,-,True,,,,
lre,prefix,OCM,ReqVel,True,False,True,True,True,False,False,False,OCM,OCM,1,OCMToOCM,True,,,,
lre,prefix,OCM,ReqHdng,True,False,True,True,True,False,False,False,OCM,OCM,1,OCMToOCM_1,True,,,,
lre,prefix,OCM,ReqMOM,True,False,True,True,True,False,False,False,OCM,OCM,0,-,True,,,,
lre,prefix,OCM,ReqOCM,True,False,True,True,True,False,False,False,OCM,OCM,0,-,True,,,,
lre,prefix,OCM,EndTask,True,False,True,True,True,False,False,False,OCM,OCM,0,-,True,,,,
lre,prefix,OCM,ReqHCM,True,False,True,True,True,False,False,False,OCM,OCM,0,-,True,,,,
lre,prefix,OCM,tick,True,False,True,True,True,False,False,False,OCM,OCM,0,-,True,,,,
lre,prefix,OCM,ReqVel,True,False,True,True,True,False,False,True,OCM,OCM,1,OCMToOCM,True,,,,
lre,prefix,OCM,ReqHdng,True,False,True,True,True,False,False,True,OCM,OCM,1,OCMToOCM_1,True,,,,
lre,prefix,OCM,ReqMOM,True,False,True,True,True,False,False,True,OCM,OCM,0,-,True,,,,
lre,prefix,OCM,ReqOCM,True,False,True,True,True,False,False,True,OCM,OCM,0,-,True,,,,
lre,prefix,OCM,EndTask,True,False,True,True,True,False,False,True,OCM,OCM,0,-,True,,,,
lre,prefix,OCM,ReqHCM,True,False,True,True,True,False,False,True,OCM,OCM,0,-,True,,,,
lre,prefix,OCM,tick,True,False,True,True,True,False,False,True,OCM,OCM,0,-,True,,,,
lre,prefix,OCM,ReqVel,True,False,True,True,True,False,True,False,OCM,OCM,1,OCMToOCM,True,,,,
lre,prefix,OCM,ReqHdng,True,False,True,True,True,False,True,False,OCM,OCM,1,OCMToOCM_1,True,,,,
lre,prefix,OCM,ReqMOM,True,False,True,True,True,False,True,False,OCM,OCM,0,-,True,,,,
lre,prefix,OCM,ReqOCM,True,False,True,True,True,False,True,False,OCM,OCM,0,-,True,,,,
lre,prefix,OCM,EndTask,True,False,True,True,True,False,True,False,OCM,OCM,0,-,True,,,,
lre,prefix,OCM,ReqHCM,True,False,True,True,True,False,True,False,OCM,OCM,0,-,True,,,,
lre,prefix,OCM,tick,True,False,True,True,True,False,True,False,OCM,OCM,0,-,True,,,,
lre,prefix,OCM,ReqVel,True,False,True,True,True,False,True,True,OCM,OCM,1,OCMToOCM,True,,,,
lre,prefix,OCM,ReqHdng,True,False,True,True,True,False,True,True,OCM,OCM,1,OCMToOCM_1,True,,,,
lre,prefix,OCM,ReqMOM,True,False,True,True,True,False,True,True,OCM,OCM,0,-,True,,,,
lre,prefix,OCM,ReqOCM,True,False,True,True,True,False,True,True,OCM,OCM,0,-,True,,,,
lre,prefix,OCM,EndTask,True,False,True,True,True,False,True,True,OCM,OCM,0,-,True,,,,
lre,prefix,OCM,ReqHCM,True,False,True,True,True,False,True,True,OCM,OCM,0,-,True,,,,
lre,prefix,OCM,tick,True,False,True,True,True,False,True,True,OCM,OCM,0,-,True,,,,
lre,prefix,OCM,ReqVel,True,False,True,True,True,True,False,False,OCM,OCM,1,OCMToOCM,True,,,,
lre,prefix,OCM,ReqHdng,True,False,True,True,True,True,False,False,OCM,OCM,1,OCMToOCM_1,True,,,,
lre,prefix,OCM,ReqMOM,True,False,True,True,True,True,False,False,OCM,OCM,0,-,True,,,,
lre,prefix,OCM,ReqOCM,True,False,True,True,True,True,False,False,OCM,OCM,0,-,True,,,,
lre,prefix,OCM,EndTask,True,False,True,True,True,True,False,False,OCM,OCM,0,-,True,,,,
lre,prefix,OCM,ReqHCM,True,False,True,True,True,True,False,False,OCM,OCM,0,-,True,,,,
lre,prefix,OCM,tick,True,False,True,True,True,True,False,False,OCM,OCM,0,-,True,,,,
lre,prefix,OCM,ReqVel,True,False,True,True,True,True,False,True,OCM,OCM,1,OCMToOCM,True,,,,
lre,prefix,OCM,ReqHdng,True,False,True,True,True,True,False,True,OCM,OCM,1,OCMToOCM_1,True,,,,
lre,prefix,OCM,ReqMOM,True,False,True,True,True,True,False,True,OCM,OCM,0,-,True,,,,
lre,prefix,OCM,ReqOCM,True,False,True,True,True,True,False,True,OCM,OCM,0,-,True,,,,
lre,prefix,OCM,EndTask,True,False,True,True,True,True,False,True,OCM,OCM,0,-,True,,,,
lre,prefix,OCM,ReqHCM,True,False,True,True,True,True,False,True,OCM,OCM,0,-,True,,,,
lre,prefix,OCM,tick,True,False,True,True,True,True,False,True,OCM,OCM,0,-,True,,,,
lre,prefix,OCM,ReqVel,True,False,True,True,True,True,True,False,OCM,OCM,1,OCMToOCM,True,,,,
lre,prefix,OCM,ReqHdng,True,False,True,True,True,True,True,False,OCM,OCM,1,OCMToOCM_1,True,,,,
lre,prefix,OCM,ReqMOM,True,False,True,True,True,True,True,False,OCM,OCM,0,-,True,,,,
lre,prefix,OCM,ReqOCM,True,False,True,True,True,True,True,False,OCM,OCM,0,-,True,,,,
lre,prefix,OCM,EndTask,True,False,True,True,True,True,True,False,OCM,OCM,0,-,True,,,,
lre,prefix,OCM,ReqHCM,True,False,True,True,True,True,True,False,OCM,OCM,0,-,True,,,,
lre,prefix,OCM,tick,True,False,True,True,True,True,True,False,OCM,OCM,0,-,True,,,,
lre,prefix,OCM,ReqVel,True,False,True,True,True,True,True,True,OCM,OCM,1,OCMToOCM,True,,,,
lre,prefix,OCM,ReqHdng,True,False,True,True,True,True,True,True,OCM,OCM,1,OCMToOCM_1,True,,,,
lre,prefix,OCM,ReqMOM,True,False,True,True,True,True,True,True,OCM,OCM,0,-,True,,,,
lre,prefix,OCM,ReqOCM,True,False,True,True,True,True,True,True,OCM,OCM,0,-,True,,,,
lre,prefix,OCM,EndTask,True,False,True,True,True,True,True,True,OCM,OCM,0,-,True,,,,
lre,prefix,OCM,ReqHCM,True,False,True,True,True,True,True,True,OCM,OCM,0,-,True,,,,
lre,prefix,OCM,tick,True,False,True,True,True,True,True,True,OCM,OCM,0,-,True,,,,
lre,prefix,OCM,ReqVel,True,True,False,False,False,False,False,False,OCM,OCM,1,OCMToOCM,True,,,,
lre,prefix,OCM,ReqHdng,True,True,False,False,False,False,False,False,OCM,OCM,1,OCMToOCM_1,True,,,,
lre,prefix,OCM,ReqMOM,True,True,False,False,False,False,False,False,OCM,OCM,0,-,True,,,,
lre,prefix,OCM,ReqOCM,True,True,False,False,False,False,False,False,OCM,OCM,0,-,True,,,,
lre,prefix,OCM,EndTask,True,True,False,False,False,False,False,False,OCM,OCM,0,-,True,,,,
lre,prefix,OCM,ReqHCM,True,True,False,False,False,False,False,False,OCM,OCM,0,-,True,,,,
lre,prefix,OCM,tick,True,True,False,False,False,False,False,False,OCM,OCM,0,-,True,,,,
lre,prefix,OCM,ReqVel,True,True,False,False,False,False,False,True,OCM,OCM,1,OCMToOCM,True,,,,
lre,prefix,OCM,ReqHdng,True,True,False,False,False,False,False,True,OCM,OCM,1,OCMToOCM_1,True,,,,
lre,prefix,OCM,ReqMOM,True,True,False,False,False,False,False,True,OCM,OCM,0,-,True,,,,
lre,prefix,OCM,ReqOCM,True,True,False,False,False,False,False,True,OCM,OCM,0,-,True,,,,
lre,prefix,OCM,EndTask,True,True,False,False,False,False,False,True,OCM,OCM,0,-,True,,,,
lre,prefix,OCM,ReqHCM,True,True,False,False,False,False,False,True,OCM,OCM,0,-,True,,,,
lre,prefix,OCM,tick,True,True,False,False,False,False,False,True,OCM,OCM,0,-,True,,,,
lre,prefix,OCM,ReqVel,True,True,False,False,False,False,True,False,OCM,OCM,1,OCMToOCM,True,,,,
lre,prefix,OCM,ReqHdng,True,True,False,False,False,False,True,False,OCM,OCM,1,OCMToOCM_1,True,,,,
lre,prefix,OCM,ReqMOM,True,True,False,False,False,False,True,False,OCM,OCM,0,-,True,,,,
lre,prefix,OCM,ReqOCM,True,True,False,False,False,False,True,False,OCM,OCM,0,-,True,,,,
lre,prefix,OCM,EndTask,True,True,False,False,False,False,True,False,OCM,OCM,0,-,True,,,,
lre,prefix,OCM,ReqHCM,True,True,False,False,False,False,True,False,OCM,OCM,0,-,True,,,,
lre,prefix,OCM,tick,True,True,False,False,False,False,True,False,OCM,OCM,0,-,True,,,,
lre,prefix,OCM,ReqVel,True,True,False,False,False,False,True,True,OCM,OCM,1,OCMToOCM,True,,,,
lre,prefix,OCM,ReqHdng,True,True,False,False,False,False,True,True,OCM,OCM,1,OCMToOCM_1,True,,,,
lre,prefix,OCM,ReqMOM,True,True,False,False,False,False,True,True,OCM,OCM,0,-,True,,,,
lre,prefix,OCM,ReqOCM,True,True,False,False,False,False,True,True,OCM,OCM,0,-,True,,,,
lre,prefix,OCM,EndTask,True,True,False,False,False,False,True,True,OCM,OCM,0,-,True,,,,
lre,prefix,OCM,ReqHCM,True,True,False,False,False,False,True,True,OCM,OCM,0,-,True,,,,
lre,prefix,OCM,tick,True,True,False,False,False,False,True,True,OCM,OCM,0,-,True,,,,
lre,prefix,OCM,ReqVel,True,True,False,False,False,True,False,False,OCM,OCM,1,OCMToOCM,True,,,,
lre,prefix,OCM,ReqHdng,True,True,False,False,False,True,False,False,OCM,OCM,1,OCMToOCM_1,True,,,,
lre,prefix,OCM,ReqMOM,True,True,False,False,False,True,False,False,OCM,OCM,0,-,True,,,,
lre,prefix,OCM,ReqOCM,True,True,False,False,False,True,False,False,OCM,OCM,0,-,True,,,,
lre,prefix,OCM,EndTask,True,True,False,False,False,True,False,False,OCM,OCM,0,-,True,,,,
lre,prefix,OCM,ReqHCM,True,True,False,False,False,True,False,False,OCM,OCM,0,-,True,,,,
lre,prefix,OCM,tick,True,True,False,False,False,True,False,False,OCM,OCM,0,-,True,,,,
lre,prefix,OCM,ReqVel,True,True,False,False,False,True,False,True,OCM,OCM,1,OCMToOCM,True,,,,
lre,prefix,OCM,ReqHdng,True,True,False,False,False,True,False,True,OCM,OCM,1,OCMToOCM_1,True,,,,
lre,prefix,OCM,ReqMOM,True,True,False,False,False,True,False,True,OCM,OCM,0,-,True,,,,
lre,prefix,OCM,ReqOCM,True,True,False,False,False,True,False,True,OCM,OCM,0,-,True,,,,
lre,prefix,OCM,EndTask,True,True,False,False,False,True,False,True,OCM,OCM,0,-,True,,,,
lre,prefix,OCM,ReqHCM,True,True,False,False,False,True,False,True,OCM,OCM,0,-,True,,,,
lre,prefix,OCM,tick,True,True,False,False,False,True,False,True,OCM,OCM,0,-,True,,,,
lre,prefix,OCM,ReqVel,True,True,False,False,False,True,True,False,OCM,OCM,1,OCMToOCM,True,,,,
lre,prefix,OCM,ReqHdng,True,True,False,False,False,True,True,False,OCM,OCM,1,OCMToOCM_1,True,,,,
lre,prefix,OCM,ReqMOM,True,True,False,False,False,True,True,False,OCM,OCM,0,-,True,,,,
lre,prefix,OCM,ReqOCM,True,True,False,False,False,True,True,False,OCM,OCM,0,-,True,,,,
lre,prefix,OCM,EndTask,True,True,False,False,False,True,True,False,OCM,OCM,0,-,True,,,,
lre,prefix,OCM,ReqHCM,True,True,False,False,False,True,True,False,OCM,OCM,0,-,True,,,,
lre,prefix,OCM,tick,True,True,False,False,False,True,True,False,OCM,OCM,0,-,True,,,,
lre,prefix,OCM,ReqVel,True,True,False,False,False,True,True,True,OCM,OCM,1,OCMToOCM,True,,,,
lre,prefix,OCM,ReqHdng,True,True,False,False,False,True,True,True,OCM,OCM,1,OCMToOCM_1,True,,,,
lre,prefix,OCM,ReqMOM,True,True,False,False,False,True,True,True,OCM,OCM,0,-,True,,,,
lre,prefix,OCM,ReqOCM,True,True,False,False,False,True,True,True,OCM,OCM,0,-,True,,,,
lre,prefix,OCM,EndTask,True,True,False,False,False,True,True,True,OCM,OCM,0,-,True,,,,
lre,prefix,OCM,ReqHCM,True,True,False,False,False,True,True,True,OCM,OCM,0,-,True,,,,
lre,prefix,OCM,tick,True,True,False,False,False,True,True,True,OCM,OCM,0,-,True,,,,
lre,prefix,OCM,ReqVel,True,True,False,False,True,False,False,False,OCM,OCM,1,OCMToOCM,True,,,,
lre,prefix,OCM,ReqHdng,True,True,False,False,True,False,False,False,OCM,OCM,1,OCMToOCM_1,True,,,,
lre,prefix,OCM,ReqMOM,True,True,False,False,True,False,False,False,OCM,OCM,0,-,True,,,,
lre,prefix,OCM,ReqOCM,True,True,False,False,True,False,False,False,OCM,OCM,0,-,True,,,,
lre,prefix,OCM,EndTask,True,True,False,False,True,False,False,False,OCM,OCM,0,-,True,,,,
lre,prefix,OCM,ReqHCM,True,True,False,False,True,False,False,False,OCM,OCM,0,-,True,,,,
lre,prefix,OCM,tick,True,True,False,False,True,False,False,False,OCM,OCM,0,-,True,,,,
lre,prefix,OCM,ReqVel,True,True,False,False,True,False,False,True,OCM,OCM,1,OCMToOCM,True,,,,
lre,prefix,OCM,ReqHdng,True,True,False,False,True,False,False,True,OCM,OCM,1,OCMToOCM_1,True,,,,
lre,prefix,OCM,ReqMOM,True,True,False,False,True,False,False,True,OCM,OCM,0,-,True,,,,
lre,prefix,OCM,ReqOCM,True,True,False,False,True,False,False,True,OCM,OCM,0,-,True,,,,
lre,prefix,OCM,EndTask,True,True,False,False,True,False,False,True,OCM,OCM,0,-,True,,,,
lre,prefix,OCM,ReqHCM,True,True,False,False,True,False,False,True,OCM,OCM,0,-,True,,,,
lre,prefix,OCM,tick,True,True,False,False,True,False,False,True,OCM,OCM,0,-,True,,,,
lre,prefix,OCM,ReqVel,True,True,False,False,True,False,True,False,OCM,OCM,1,OCMToOCM,True,,,,
lre,prefix,OCM,ReqHdng,True,True,False,False,True,False,True,False,OCM,OCM,1,OCMToOCM_1,True,,,,
lre,prefix,OCM,ReqMOM,True,True,False,False,True,False,True,False,OCM,OCM,0,-,True,,,,
lre,prefix,OCM,ReqOCM,True,True,False,False,True,False,True,False,OCM,OCM,0,-,True,,,,
lre,prefix,OCM,EndTask,True,True,False,False,True,False,True,False,OCM,OCM,0,-,True,,,,
lre,prefix,OCM,ReqHCM,True,True,False,False,True,False,True,False,OCM,OCM,0,-,True,,,,
lre,prefix,OCM,tick,True,True,False,False,True,False,True,False,OCM,OCM,0,-,True,,,,
lre,prefix,OCM,ReqVel,True,True,False,False,True,False,True,True,OCM,OCM,1,OCMToOCM,True,,,,
lre,prefix,OCM,ReqHdng,True,True,False,False,True,False,True,True,OCM,OCM,1,OCMToOCM_1,True,,,,
lre,prefix,OCM,ReqMOM,True,True,False,False,True,False,True,True,OCM,OCM,0,-,True,,,,
lre,prefix,OCM,ReqOCM,True,True,False,False,True,False,True,True,OCM,OCM,0,-,True,,,,
lre,prefix,OCM,EndTask,True,True,False,False,True,False,True,True,OCM,OCM,0,-,True,,,,
lre,prefix,OCM,ReqHCM,True,True,False,False,True,False,True,True,OCM,OCM,0,-,True,,,,
lre,prefix,OCM,tick,True,True,False,False,True,False,True,True,OCM,OCM,0,-,True,,,,
lre,prefix,OCM,ReqVel,True,True,False,False,True,True,False,False,OCM,OCM,1,OCMToOCM,True,,,,
lre,prefix,OCM,ReqHdng,True,True,False,False,True,True,False,False,OCM,OCM,1,OCMToOCM_1,True,,,,
lre,prefix,OCM,ReqMOM,True,True,False,False,True,True,False,False,OCM,OCM,0,-,True,,,,
lre,prefix,OCM,ReqOCM,True,True,False,False,True,True,False,False,OCM,OCM,0,-,True,,,,
lre,prefix,OCM,EndTask,True,True,False,False,True,True,False,False,OCM,OCM,0,-,True,,,,
lre,prefix,OCM,ReqHCM,True,True,False,False,True,True,False,False,OCM,OCM,0,-,True,,,,
lre,prefix,OCM,tick,True,True,False,False,True,True,False,False,OCM,OCM,0,-,True,,,,
lre,prefix,OCM,ReqVel,True,True,False,False,True,True,False,True,OCM,OCM,1,OCMToOCM,True,,,,
lre,prefix,OCM,ReqHdng,True,True,False,False,True,True,False,True,OCM,OCM,1,OCMToOCM_1,True,,,,
lre,prefix,OCM,ReqMOM,True,True,False,False,True,True,False,True,OCM,OCM,0,-,True,,,,
lre,prefix,OCM,ReqOCM,True,True,False,False,True,True,False,True,OCM,OCM,0,-,True,,,,
lre,prefix,OCM,EndTask,True,True,False,False,True,True,False,True,OCM,OCM,0,-,True,,,,
lre,prefix,OCM,ReqHCM,True,True,False,False,True,True,False,True,OCM,OCM,0,-,True,,,,
lre,prefix,OCM,tick,True,True,False,False,True,True,False,True,OCM,OCM,0,-,True,,,,
lre,prefix,OCM,ReqVel,True,True,False,False,True,True,True,False,OCM,MOM|OCM,2,OCMToOCM|OCMToMOM,False,,,,
lre,prefix,OCM,ReqHdng,True,True,False,False,True,True,True,False,OCM,MOM|OCM,2,OCMToOCM_1|OCMToMOM,False,,,,
lre,prefix,OCM,ReqMOM,True,True,False,False,True,True,True,False,MOM,MOM,1,OCMToMOM,True,,,,
lre,prefix,OCM,ReqOCM,True,True,False,False,True,True,True,False,OCM,MOM,1,OCMToMOM,False,,,,
lre,prefix,OCM,EndTask,True,True,False,False,True,True,True,False,OCM,MOM,1,OCMToMOM,False,,,,
lre,prefix,OCM,ReqHCM,True,True,False,False,True,True,True,False,OCM,MOM,1,OCMToMOM,False,,,,
lre,prefix,OCM,tick,True,True,False,False,True,True,True,False,OCM,MOM,1,OCMToMOM,False,,,,
lre,prefix,OCM,ReqVel,True,True,False,False,True,True,True,True,OCM,MOM|OCM,2,OCMToOCM|OCMToMOM,False,,,,
lre,prefix,OCM,ReqHdng,True,True,False,False,True,True,True,True,OCM,MOM|OCM,2,OCMToOCM_1|OCMToMOM,False,,,,
lre,prefix,OCM,ReqMOM,True,True,False,False,True,True,True,True,MOM,MOM,1,OCMToMOM,True,,,,
lre,prefix,OCM,ReqOCM,True,True,False,False,True,True,True,True,OCM,MOM,1,OCMToMOM,False,,,,
lre,prefix,OCM,EndTask,True,True,False,False,True,True,True,True,OCM,MOM,1,OCMToMOM,False,,,,
lre,prefix,OCM,ReqHCM,True,True,False,False,True,True,True,True,OCM,MOM,1,OCMToMOM,False,,,,
lre,prefix,OCM,tick,True,True,False,False,True,True,True,True,OCM,MOM,1,OCMToMOM,False,,,,
lre,prefix,OCM,ReqVel,True,True,False,True,False,False,False,False,OCM,OCM,1,OCMToOCM,True,,,,
lre,prefix,OCM,ReqHdng,True,True,False,True,False,False,False,False,OCM,OCM,1,OCMToOCM_1,True,,,,
lre,prefix,OCM,ReqMOM,True,True,False,True,False,False,False,False,OCM,OCM,0,-,True,,,,
lre,prefix,OCM,ReqOCM,True,True,False,True,False,False,False,False,OCM,OCM,0,-,True,,,,
lre,prefix,OCM,EndTask,True,True,False,True,False,False,False,False,OCM,OCM,0,-,True,,,,
lre,prefix,OCM,ReqHCM,True,True,False,True,False,False,False,False,OCM,OCM,0,-,True,,,,
lre,prefix,OCM,tick,True,True,False,True,False,False,False,False,OCM,OCM,0,-,True,,,,
lre,prefix,OCM,ReqVel,True,True,False,True,False,False,False,True,OCM,OCM,1,OCMToOCM,True,,,,
lre,prefix,OCM,ReqHdng,True,True,False,True,False,False,False,True,OCM,OCM,1,OCMToOCM_1,True,,,,
lre,prefix,OCM,ReqMOM,True,True,False,True,False,False,False,True,OCM,OCM,0,-,True,,,,
lre,prefix,OCM,ReqOCM,True,True,False,True,False,False,False,True,OCM,OCM,0,-,True,,,,
lre,prefix,OCM,EndTask,True,True,False,True,False,False,False,True,OCM,OCM,0,-,True,,,,
lre,prefix,OCM,ReqHCM,True,True,False,True,False,False,False,True,OCM,OCM,0,-,True,,,,
lre,prefix,OCM,tick,True,True,False,True,False,False,False,True,OCM,OCM,0,-,True,,,,
lre,prefix,OCM,ReqVel,True,True,False,True,False,False,True,False,OCM,OCM,1,OCMToOCM,True,,,,
lre,prefix,OCM,ReqHdng,True,True,False,True,False,False,True,False,OCM,OCM,1,OCMToOCM_1,True,,,,
lre,prefix,OCM,ReqMOM,True,True,False,True,False,False,True,False,OCM,OCM,0,-,True,,,,
lre,prefix,OCM,ReqOCM,True,True,False,True,False,False,True,False,OCM,OCM,0,-,True,,,,
lre,prefix,OCM,EndTask,True,True,False,True,False,False,True,False,OCM,OCM,0,-,True,,,,
lre,prefix,OCM,ReqHCM,True,True,False,True,False,False,True,False,OCM,OCM,0,-,True,,,,
lre,prefix,OCM,tick,True,True,False,True,False,False,True,False,OCM,OCM,0,-,True,,,,
lre,prefix,OCM,ReqVel,True,True,False,True,False,False,True,True,OCM,OCM,1,OCMToOCM,True,,,,
lre,prefix,OCM,ReqHdng,True,True,False,True,False,False,True,True,OCM,OCM,1,OCMToOCM_1,True,,,,
lre,prefix,OCM,ReqMOM,True,True,False,True,False,False,True,True,OCM,OCM,0,-,True,,,,
lre,prefix,OCM,ReqOCM,True,True,False,True,False,False,True,True,OCM,OCM,0,-,True,,,,
lre,prefix,OCM,EndTask,True,True,False,True,False,False,True,True,OCM,OCM,0,-,True,,,,
lre,prefix,OCM,ReqHCM,True,True,False,True,False,False,True,True,OCM,OCM,0,-,True,,,,
lre,prefix,OCM,tick,True,True,False,True,False,False,True,True,OCM,OCM,0,-,True,,,,
lre,prefix,OCM,ReqVel,True,True,False,True,False,True,False,False,OCM,OCM,1,OCMToOCM,True,,,,
lre,prefix,OCM,ReqHdng,True,True,False,True,False,True,False,False,OCM,OCM,1,OCMToOCM_1,True,,,,
lre,prefix,OCM,ReqMOM,True,True,False,True,False,True,False,False,OCM,OCM,0,-,True,,,,
lre,prefix,OCM,ReqOCM,True,True,False,True,False,True,False,False,OCM,OCM,0,-,True,,,,
lre,prefix,OCM,EndTask,True,True,False,True,False,True,False,False,OCM,OCM,0,-,True,,,,
lre,prefix,OCM,ReqHCM,True,True,False,True,False,True,False,False,OCM,OCM,0,-,True,,,,
lre,prefix,OCM,tick,True,True,False,True,False,True,False,False,OCM,OCM,0,-,True,,,,
lre,prefix,OCM,ReqVel,True,True,False,True,False,True,False,True,OCM,OCM,1,OCMToOCM,True,,,,
lre,prefix,OCM,ReqHdng,True,True,False,True,False,True,False,True,OCM,OCM,1,OCMToOCM_1,True,,,,
lre,prefix,OCM,ReqMOM,True,True,False,True,False,True,False,True,OCM,OCM,0,-,True,,,,
lre,prefix,OCM,ReqOCM,True,True,False,True,False,True,False,True,OCM,OCM,0,-,True,,,,
lre,prefix,OCM,EndTask,True,True,False,True,False,True,False,True,OCM,OCM,0,-,True,,,,
lre,prefix,OCM,ReqHCM,True,True,False,True,False,True,False,True,OCM,OCM,0,-,True,,,,
lre,prefix,OCM,tick,True,True,False,True,False,True,False,True,OCM,OCM,0,-,True,,,,
lre,prefix,OCM,ReqVel,True,True,False,True,False,True,True,False,OCM,OCM,1,OCMToOCM,True,,,,
lre,prefix,OCM,ReqHdng,True,True,False,True,False,True,True,False,OCM,OCM,1,OCMToOCM_1,True,,,,
lre,prefix,OCM,ReqMOM,True,True,False,True,False,True,True,False,OCM,OCM,0,-,True,,,,
lre,prefix,OCM,ReqOCM,True,True,False,True,False,True,True,False,OCM,OCM,0,-,True,,,,
lre,prefix,OCM,EndTask,True,True,False,True,False,True,True,False,OCM,OCM,0,-,True,,,,
lre,prefix,OCM,ReqHCM,True,True,False,True,False,True,True,False,OCM,OCM,0,-,True,,,,
lre,prefix,OCM,tick,True,True,False,True,False,True,True,False,OCM,OCM,0,-,True,,,,
lre,prefix,OCM,ReqVel,True,True,False,True,False,True,True,True,OCM,OCM,1,OCMToOCM,True,,,,
lre,prefix,OCM,ReqHdng,True,True,False,True,False,True,True,True,OCM,OCM,1,OCMToOCM_1,True,,,,
lre,prefix,OCM,ReqMOM,True,True,False,True,False,True,True,True,OCM,OCM,0,-,True,,,,
lre,prefix,OCM,ReqOCM,True,True,False,True,False,True,True,True,OCM,OCM,0,-,True,,,,
lre,prefix,OCM,EndTask,True,True,False,True,False,True,True,True,OCM,OCM,0,-,True,,,,
lre,prefix,OCM,ReqHCM,True,True,False,True,False,True,True,True,OCM,OCM,0,-,True,,,,
lre,prefix,OCM,tick,True,True,False,True,False,True,True,True,OCM,OCM,0,-,True,,,,
lre,prefix,OCM,ReqVel,True,True,False,True,True,False,False,False,OCM,OCM,1,OCMToOCM,True,,,,
lre,prefix,OCM,ReqHdng,True,True,False,True,True,False,False,False,OCM,OCM,1,OCMToOCM_1,True,,,,
lre,prefix,OCM,ReqMOM,True,True,False,True,True,False,False,False,OCM,OCM,0,-,True,,,,
lre,prefix,OCM,ReqOCM,True,True,False,True,True,False,False,False,OCM,OCM,0,-,True,,,,
lre,prefix,OCM,EndTask,True,True,False,True,True,False,False,False,OCM,OCM,0,-,True,,,,
lre,prefix,OCM,ReqHCM,True,True,False,True,True,False,False,False,OCM,OCM,0,-,True,,,,
lre,prefix,OCM,tick,True,True,False,True,True,False,False,False,OCM,OCM,0,-,True,,,,
lre,prefix,OCM,ReqVel,True,True,False,True,True,False,False,True,OCM,OCM,1,OCMToOCM,True,,,,
lre,prefix,OCM,ReqHdng,True,True,False,True,True,False,False,True,OCM,OCM,1,OCMToOCM_1,True,,,,
lre,prefix,OCM,ReqMOM,True,True,False,True,True,False,False,True,OCM,OCM,0,-,True,,,,
lre,prefix,OCM,ReqOCM,True,True,False,True,True,False,False,True,OCM,OCM,0,-,True,,,,
lre,prefix,OCM,EndTask,True,True,False,True,True,False,False,True,OCM,OCM,0,-,True,,,,
lre,prefix,OCM,ReqHCM,True,True,False,True,True,False,False,True,OCM,OCM,0,-,True,,,,
lre,prefix,OCM,tick,True,True,False,True,True,False,False,True,OCM,OCM,0,-,True,,,,
lre,prefix,OCM,ReqVel,True,True,False,True,True,False,True,False,OCM,OCM,1,OCMToOCM,True,,,,
lre,prefix,OCM,ReqHdng,True,True,False,True,True,False,True,False,OCM,OCM,1,OCMToOCM_1,True,,,,
lre,prefix,OCM,ReqMOM,True,True,False,True,True,False,True,False,OCM,OCM,0,-,True,,,,
lre,prefix,OCM,ReqOCM,True,True,False,True,True,False,True,False,OCM,OCM,0,-,True,,,,
lre,prefix,OCM,EndTask,True,True,False,True,True,False,True,False,OCM,OCM,0,-,True,,,,
lre,prefix,OCM,ReqHCM,True,True,False,True,True,False,True,False,OCM,OCM,0,-,True,,,,
lre,prefix,OCM,tick,True,True,False,True,True,False,True,False,OCM,OCM,0,-,True,,,,
lre,prefix,OCM,ReqVel,True,True,False,True,True,False,True,True,OCM,OCM,1,OCMToOCM,True,,,,
lre,prefix,OCM,ReqHdng,True,True,False,True,True,False,True,True,OCM,OCM,1,OCMToOCM_1,True,,,,
lre,prefix,OCM,ReqMOM,True,True,False,True,True,False,True,True,OCM,OCM,0,-,True,,,,
lre,prefix,OCM,ReqOCM,True,True,False,True,True,False,True,True,OCM,OCM,0,-,True,,,,
lre,prefix,OCM,EndTask,True,True,False,True,True,False,True,True,OCM,OCM,0,-,True,,,,
lre,prefix,OCM,ReqHCM,True,True,False,True,True,False,True,True,OCM,OCM,0,-,True,,,,
lre,prefix,OCM,tick,True,True,False,True,True,False,True,True,OCM,OCM,0,-,True,,,,
lre,prefix,OCM,ReqVel,True,True,False,True,True,True,False,False,OCM,OCM,1,OCMToOCM,True,,,,
lre,prefix,OCM,ReqHdng,True,True,False,True,True,True,False,False,OCM,OCM,1,OCMToOCM_1,True,,,,
lre,prefix,OCM,ReqMOM,True,True,False,True,True,True,False,False,OCM,OCM,0,-,True,,,,
lre,prefix,OCM,ReqOCM,True,True,False,True,True,True,False,False,OCM,OCM,0,-,True,,,,
lre,prefix,OCM,EndTask,True,True,False,True,True,True,False,False,OCM,OCM,0,-,True,,,,
lre,prefix,OCM,ReqHCM,True,True,False,True,True,True,False,False,OCM,OCM,0,-,True,,,,
lre,prefix,OCM,tick,True,True,False,True,True,True,False,False,OCM,OCM,0,-,True,,,,
lre,prefix,OCM,ReqVel,True,True,False,True,True,True,False,True,OCM,OCM,1,OCMToOCM,True,,,,
lre,prefix,OCM,ReqHdng,True,True,False,True,True,True,False,True,OCM,OCM,1,OCMToOCM_1,True,,,,
lre,prefix,OCM,ReqMOM,True,True,False,True,True,True,False,True,OCM,OCM,0,-,True,,,,
lre,prefix,OCM,ReqOCM,True,True,False,True,True,True,False,True,OCM,OCM,0,-,True,,,,
lre,prefix,OCM,EndTask,True,True,False,True,True,True,False,True,OCM,OCM,0,-,True,,,,
lre,prefix,OCM,ReqHCM,True,True,False,True,True,True,False,True,OCM,OCM,0,-,True,,,,
lre,prefix,OCM,tick,True,True,False,True,True,True,False,True,OCM,OCM,0,-,True,,,,
lre,prefix,OCM,ReqVel,True,True,False,True,True,True,True,False,OCM,MOM|OCM,2,OCMToOCM|OCMToMOM,False,,,,
lre,prefix,OCM,ReqHdng,True,True,False,True,True,True,True,False,OCM,MOM|OCM,2,OCMToOCM_1|OCMToMOM,False,,,,
lre,prefix,OCM,ReqMOM,True,True,False,True,True,True,True,False,MOM,MOM,1,OCMToMOM,True,,,,
lre,prefix,OCM,ReqOCM,True,True,False,True,True,True,True,False,OCM,MOM,1,OCMToMOM,False,,,,
lre,prefix,OCM,EndTask,True,True,False,True,True,True,True,False,OCM,MOM,1,OCMToMOM,False,,,,
lre,prefix,OCM,ReqHCM,True,True,False,True,True,True,True,False,OCM,MOM,1,OCMToMOM,False,,,,
lre,prefix,OCM,tick,True,True,False,True,True,True,True,False,OCM,MOM,1,OCMToMOM,False,,,,
lre,prefix,OCM,ReqVel,True,True,False,True,True,True,True,True,OCM,MOM|OCM,2,OCMToOCM|OCMToMOM,False,,,,
lre,prefix,OCM,ReqHdng,True,True,False,True,True,True,True,True,OCM,MOM|OCM,2,OCMToOCM_1|OCMToMOM,False,,,,
lre,prefix,OCM,ReqMOM,True,True,False,True,True,True,True,True,MOM,MOM,1,OCMToMOM,True,,,,
lre,prefix,OCM,ReqOCM,True,True,False,True,True,True,True,True,OCM,MOM,1,OCMToMOM,False,,,,
lre,prefix,OCM,EndTask,True,True,False,True,True,True,True,True,OCM,MOM,1,OCMToMOM,False,,,,
lre,prefix,OCM,ReqHCM,True,True,False,True,True,True,True,True,OCM,MOM,1,OCMToMOM,False,,,,
lre,prefix,OCM,tick,True,True,False,True,True,True,True,True,OCM,MOM,1,OCMToMOM,False,,,,
lre,prefix,OCM,ReqVel,True,True,True,False,False,False,False,False,OCM,OCM,1,OCMToOCM,True,,,,
lre,prefix,OCM,ReqHdng,True,True,True,False,False,False,False,False,OCM,OCM,1,OCMToOCM_1,True,,,,
lre,prefix,OCM,ReqMOM,True,True,True,False,False,False,False,False,OCM,OCM,0,-,True,,,,
lre,prefix,OCM,ReqOCM,True,True,True,False,False,False,False,False,OCM,OCM,0,-,True,,,,
lre,prefix,OCM,EndTask,True,True,True,False,False,False,False,False,OCM,OCM,0,-,True,,,,
lre,prefix,OCM,ReqHCM,True,True,True,False,False,False,False,False,OCM,OCM,0,-,True,,,,
lre,prefix,OCM,tick,True,True,True,False,False,False,False,False,OCM,OCM,0,-,True,,,,
lre,prefix,OCM,ReqVel,True,True,True,False,False,False,False,True,OCM,OCM,1,OCMToOCM,True,,,,
lre,prefix,OCM,ReqHdng,True,True,True,False,False,False,False,True,OCM,OCM,1,OCMToOCM_1,True,,,,
lre,prefix,OCM,ReqMOM,True,True,True,False,False,False,False,True,OCM,OCM,0,-,True,,,,
lre,prefix,OCM,ReqOCM,True,True,True,False,False,False,False,True,OCM,OCM,0,-,True,,,,
lre,prefix,OCM,EndTask,True,True,True,False,False,False,False,True,OCM,OCM,0,-,True,,,,
lre,prefix,OCM,ReqHCM,True,True,True,False,False,False,False,True,OCM,OCM,0,-,True,,,,
lre,prefix,OCM,tick,True,True,True,False,False,False,False,True,OCM,OCM,0,-,True,,,,
lre,prefix,OCM,ReqVel,True,True,True,False,False,False,True,False,OCM,OCM,1,OCMToOCM,True,,,,
lre,prefix,OCM,ReqHdng,True,True,True,False,False,False,True,False,OCM,OCM,1,OCMToOCM_1,True,,,,
lre,prefix,OCM,ReqMOM,True,True,True,False,False,False,True,False,OCM,OCM,0,-,True,,,,
lre,prefix,OCM,ReqOCM,True,True,True,False,False,False,True,False,OCM,OCM,0,-,True,,,,
lre,prefix,OCM,EndTask,True,True,True,False,False,False,True,False,OCM,OCM,0,-,True,,,,
lre,prefix,OCM,ReqHCM,True,True,True,False,False,False,True,False,OCM,OCM,0,-,True,,,,
lre,prefix,OCM,tick,True,True,True,False,False,False,True,False,OCM,OCM,0,-,True,,,,
lre,prefix,OCM,ReqVel,True,True,True,False,False,False,True,True,OCM,OCM,1,OCMToOCM,True,,,,
lre,prefix,OCM,ReqHdng,True,True,True,False,False,False,True,True,OCM,OCM,1,OCMToOCM_1,True,,,,
lre,prefix,OCM,ReqMOM,True,True,True,False,False,False,True,True,OCM,OCM,0,-,True,,,,
lre,prefix,OCM,ReqOCM,True,True,True,False,False,False,True,True,OCM,OCM,0,-,True,,,,
lre,prefix,OCM,EndTask,True,True,True,False,False,False,True,True,OCM,OCM,0,-,True,,,,
lre,prefix,OCM,ReqHCM,True,True,True,False,False,False,True,True,OCM,OCM,0,-,True,,,,
lre,prefix,OCM,tick,True,True,True,False,False,False,True,True,OCM,OCM,0,-,True,,,,
lre,prefix,OCM,ReqVel,True,True,True,False,False,True,False,False,OCM,OCM,1,OCMToOCM,True,,,,
lre,prefix,OCM,ReqHdng,True,True,True,False,False,True,False,False,OCM,OCM,1,OCMToOCM_1,True,,,,
lre,prefix,OCM,ReqMOM,True,True,True,False,False,True,False,False,OCM,OCM,0,-,True,,,,
lre,prefix,OCM,ReqOCM,True,True,True,False,False,True,False,False,OCM,OCM,0,-,True,,,,
lre,prefix,OCM,EndTask,True,True,True,False,False,True,False,False,OCM,OCM,0,-,True,,,,
lre,prefix,OCM,ReqHCM,True,True,True,False,False,True,False,False,OCM,OCM,0,-,True,,,,
lre,prefix,OCM,tick,True,True,True,False,False,True,False,False,OCM,OCM,0,-,True,,,,
lre,prefix,OCM,ReqVel,True,True,True,False,False,True,False,True,OCM,OCM,1,OCMToOCM,True,,,,
lre,prefix,OCM,ReqHdng,True,True,True,False,False,True,False,True,OCM,OCM,1,OCMToOCM_1,True,,,,
lre,prefix,OCM,ReqMOM,True,True,True,False,False,True,False,True,OCM,OCM,0,-,True,,,,
lre,prefix,OCM,ReqOCM,True,True,True,False,False,True,False,True,OCM,OCM,0,-,True,,,,
lre,prefix,OCM,EndTask,True,True,True,False,False,True,False,True,OCM,OCM,0,-,True,,,,
lre,prefix,OCM,ReqHCM,True,True,True,False,False,True,False,True,OCM,OCM,0,-,True,,,,
lre,prefix,OCM,tick,True,True,True,False,False,True,False,True,OCM,OCM,0,-,True,,,,
lre,prefix,OCM,ReqVel,True,True,True,False,False,True,True,False,OCM,OCM,1,OCMToOCM,True,,,,
lre,prefix,OCM,ReqHdng,True,True,True,False,False,True,True,False,OCM,OCM,1,OCMToOCM_1,True,,,,
lre,prefix,OCM,ReqMOM,True,True,True,False,False,True,True,False,OCM,OCM,0,-,True,,,,
lre,prefix,OCM,ReqOCM,True,True,True,False,False,True,True,False,OCM,OCM,0,-,True,,,,
lre,prefix,OCM,EndTask,True,True,True,False,False,True,True,False,OCM,OCM,0,-,True,,,,
lre,prefix,OCM,ReqHCM,True,True,True,False,False,True,True,False,OCM,OCM,0,-,True,,,,
lre,prefix,OCM,tick,True,True,True,False,False,True,True,False,OCM,OCM,0,-,True,,,,
lre,prefix,OCM,ReqVel,True,True,True,False,False,True,True,True,OCM,OCM,1,OCMToOCM,True,,,,
lre,prefix,OCM,ReqHdng,True,True,True,False,False,True,True,True,OCM,OCM,1,OCMToOCM_1,True,,,,
lre,prefix,OCM,ReqMOM,True,True,True,False,False,True,True,True,OCM,OCM,0,-,True,,,,
lre,prefix,OCM,ReqOCM,True,True,True,False,False,True,True,True,OCM,OCM,0,-,True,,,,
lre,prefix,OCM,EndTask,True,True,True,False,False,True,True,True,OCM,OCM,0,-,True,,,,
lre,prefix,OCM,ReqHCM,True,True,True,False,False,True,True,True,OCM,OCM,0,-,True,,,,
lre,prefix,OCM,tick,True,True,True,False,False,True,True,True,OCM,OCM,0,-,True,,,,
lre,prefix,OCM,ReqVel,True,True,True,False,True,False,False,False,OCM,OCM,1,OCMToOCM,True,,,,
lre,prefix,OCM,ReqHdng,True,True,True,False,True,False,False,False,OCM,OCM,1,OCMToOCM_1,True,,,,
lre,prefix,OCM,ReqMOM,True,True,True,False,True,False,False,False,OCM,OCM,0,-,True,,,,
lre,prefix,OCM,ReqOCM,True,True,True,False,True,False,False,False,OCM,OCM,0,-,True,,,,
lre,prefix,OCM,EndTask,True,True,True,False,True,False,False,False,OCM,OCM,0,-,True,,,,
lre,prefix,OCM,ReqHCM,True,True,True,False,True,False,False,False,OCM,OCM,0,-,True,,,,
lre,prefix,OCM,tick,True,True,True,False,True,False,False,False,OCM,OCM,0,-,True,,,,
lre,prefix,OCM,ReqVel,True,True,True,False,True,False,False,True,OCM,OCM,1,OCMToOCM,True,,,,
lre,prefix,OCM,ReqHdng,True,True,True,False,True,False,False,True,OCM,OCM,1,OCMToOCM_1,True,,,,
lre,prefix,OCM,ReqMOM,True,True,True,False,True,False,False,True,OCM,OCM,0,-,True,,,,
lre,prefix,OCM,ReqOCM,True,True,True,False,True,False,False,True,OCM,OCM,0,-,True,,,,
lre,prefix,OCM,EndTask,True,True,True,False,True,False,False,True,OCM,OCM,0,-,True,,,,
lre,prefix,OCM,ReqHCM,True,True,True,False,True,False,False,True,OCM,OCM,0,-,True,,,,
lre,prefix,OCM,tick,True,True,True,False,True,False,False,True,OCM,OCM,0,-,True,,,,
lre,prefix,OCM,ReqVel,True,True,True,False,True,False,True,False,OCM,OCM,1,OCMToOCM,True,,,,
lre,prefix,OCM,ReqHdng,True,True,True,False,True,False,True,False,OCM,OCM,1,OCMToOCM_1,True,,,,
lre,prefix,OCM,ReqMOM,True,True,True,False,True,False,True,False,OCM,OCM,0,-,True,,,,
lre,prefix,OCM,ReqOCM,True,True,True,False,True,False,True,False,OCM,OCM,0,-,True,,,,
lre,prefix,OCM,EndTask,True,True,True,False,True,False,True,False,OCM,OCM,0,-,True,,,,
lre,prefix,OCM,ReqHCM,True,True,True,False,True,False,True,False,OCM,OCM,0,-,True,,,,
lre,prefix,OCM,tick,True,True,True,False,True,False,True,False,OCM,OCM,0,-,True,,,,
lre,prefix,OCM,ReqVel,True,True,True,False,True,False,True,True,OCM,OCM,1,OCMToOCM,True,,,,
lre,prefix,OCM,ReqHdng,True,True,True,False,True,False,True,True,OCM,OCM,1,OCMToOCM_1,True,,,,
lre,prefix,OCM,ReqMOM,True,True,True,False,True,False,True,True,OCM,OCM,0,-,True,,,,
lre,prefix,OCM,ReqOCM,True,True,True,False,True,False,True,True,OCM,OCM,0,-,True,,,,
lre,prefix,OCM,EndTask,True,True,True,False,True,False,True,True,OCM,OCM,0,-,True,,,,
lre,prefix,OCM,ReqHCM,True,True,True,False,True,False,True,True,OCM,OCM,0,-,True,,,,
lre,prefix,OCM,tick,True,True,True,False,True,False,True,True,OCM,OCM,0,-,True,,,,
lre,prefix,OCM,ReqVel,True,True,True,False,True,True,False,False,OCM,OCM,1,OCMToOCM,True,,,,
lre,prefix,OCM,ReqHdng,True,True,True,False,True,True,False,False,OCM,OCM,1,OCMToOCM_1,True,,,,
lre,prefix,OCM,ReqMOM,True,True,True,False,True,True,False,False,OCM,OCM,0,-,True,,,,
lre,prefix,OCM,ReqOCM,True,True,True,False,True,True,False,False,OCM,OCM,0,-,True,,,,
lre,prefix,OCM,EndTask,True,True,True,False,True,True,False,False,OCM,OCM,0,-,True,,,,
lre,prefix,OCM,ReqHCM,True,True,True,False,True,True,False,False,OCM,OCM,0,-,True,,,,
lre,prefix,OCM,tick,True,True,True,False,True,True,False,False,OCM,OCM,0,-,True,,,,
lre,prefix,OCM,ReqVel,True,True,True,False,True,True,False,True,OCM,OCM,1,OCMToOCM,True,,,,
lre,prefix,OCM,ReqHdng,True,True,True,False,True,True,False,True,OCM,OCM,1,OCMToOCM_1,True,,,,
lre,prefix,OCM,ReqMOM,True,True,True,False,True,True,False,True,OCM,OCM,0,-,True,,,,
lre,prefix,OCM,ReqOCM,True,True,True,False,True,True,False,True,OCM,OCM,0,-,True,,,,
lre,prefix,OCM,EndTask,True,True,True,False,True,True,False,True,OCM,OCM,0,-,True,,,,
lre,prefix,OCM,ReqHCM,True,True,True,False,True,True,False,True,OCM,OCM,0,-,True,,,,
lre,prefix,OCM,tick,True,True,True,False,True,True,False,True,OCM,OCM,0,-,True,,,,
lre,prefix,OCM,ReqVel,True,True,True,False,True,True,True,False,OCM,OCM,1,OCMToOCM,True,,,,
lre,prefix,OCM,ReqHdng,True,True,True,False,True,True,True,False,OCM,OCM,1,OCMToOCM_1,True,,,,
lre,prefix,OCM,ReqMOM,True,True,True,False,True,True,True,False,OCM,OCM,0,-,True,,,,
lre,prefix,OCM,ReqOCM,True,True,True,False,True,True,True,False,OCM,OCM,0,-,True,,,,
lre,prefix,OCM,EndTask,True,True,True,False,True,True,True,False,OCM,OCM,0,-,True,,,,
lre,prefix,OCM,ReqHCM,True,True,True,False,True,True,True,False,OCM,OCM,0,-,True,,,,
lre,prefix,OCM,tick,True,True,True,False,True,True,True,False,OCM,OCM,0,-,True,,,,
lre,prefix,OCM,ReqVel,True,True,True,False,True,True,True,True,OCM,OCM,1,OCMToOCM,True,,,,
lre,prefix,OCM,ReqHdng,True,True,True,False,True,True,True,True,OCM,OCM,1,OCMToOCM_1,True,,,,
lre,prefix,OCM,ReqMOM,True,True,True,False,True,True,True,True,OCM,OCM,0,-,True,,,,
lre,prefix,OCM,ReqOCM,True,True,True,False,True,True,True,True,OCM,OCM,0,-,True,,,,
lre,prefix,OCM,EndTask,True,True,True,False,True,True,True,True,OCM,OCM,0,-,True,,,,
lre,prefix,OCM,ReqHCM,True,True,True,False,True,True,True,True,OCM,OCM,0,-,True,,,,
lre,prefix,OCM,tick,True,True,True,False,True,True,True,True,OCM,OCM,0,-,True,,,,
lre,prefix,OCM,ReqVel,True,True,True,True,False,False,False,False,OCM,OCM,1,OCMToOCM,True,,,,
lre,prefix,OCM,ReqHdng,True,True,True,True,False,False,False,False,OCM,OCM,1,OCMToOCM_1,True,,,,
lre,prefix,OCM,ReqMOM,True,True,True,True,False,False,False,False,OCM,OCM,0,-,True,,,,
lre,prefix,OCM,ReqOCM,True,True,True,True,False,False,False,False,OCM,OCM,0,-,True,,,,
lre,prefix,OCM,EndTask,True,True,True,True,False,False,False,False,OCM,OCM,0,-,True,,,,
lre,prefix,OCM,ReqHCM,True,True,True,True,False,False,False,False,OCM,OCM,0,-,True,,,,
lre,prefix,OCM,tick,True,True,True,True,False,False,False,False,OCM,OCM,0,-,True,,,,
lre,prefix,OCM,ReqVel,True,True,True,True,False,False,False,True,OCM,OCM,1,OCMToOCM,True,,,,
lre,prefix,OCM,ReqHdng,True,True,True,True,False,False,False,True,OCM,OCM,1,OCMToOCM_1,True,,,,
lre,prefix,OCM,ReqMOM,True,True,True,True,False,False,False,True,OCM,OCM,0,-,True,,,,
lre,prefix,OCM,ReqOCM,True,True,True,True,False,False,False,True,OCM,OCM,0,-,True,,,,
lre,prefix,OCM,EndTask,True,True,True,True,False,False,False,True,OCM,OCM,0,-,True,,,,
lre,prefix,OCM,ReqHCM,True,True,True,True,False,False,False,True,OCM,OCM,0,-,True,,,,
lre,prefix,OCM,tick,True,True,True,True,False,False,False,True,OCM,OCM,0,-,True,,,,
lre,prefix,OCM,ReqVel,True,True,True,True,False,False,True,False,OCM,OCM,1,OCMToOCM,True,,,,
lre,prefix,OCM,ReqHdng,True,True,True,True,False,False,True,False,OCM,OCM,1,OCMToOCM_1,True,,,,
lre,prefix,OCM,ReqMOM,True,True,True,True,False,False,True,False,OCM,OCM,0,-,True,,,,
lre,prefix,OCM,ReqOCM,True,True,True,True,False,False,True,False,OCM,OCM,0,-,True,,,,
lre,prefix,OCM,EndTask,True,True,True,True,False,False,True,False,OCM,OCM,0,-,True,,,,
lre,prefix,OCM,ReqHCM,True,True,True,True,False,False,True,False,OCM,OCM,0,-,True,,,,
lre,prefix,OCM,tick,True,True,True,True,False,False,True,False,OCM,OCM,0,-,True,,,,
lre,prefix,OCM,ReqVel,True,True,True,True,False,False,True,True,OCM,OCM,1,OCMToOCM,True,,,,
lre,prefix,OCM,ReqHdng,True,True,True,True,False,False,True,True,OCM,OCM,1,OCMToOCM_1,True,,,,
lre,prefix,OCM,ReqMOM,True,True,True,True,False,False,True,True,OCM,OCM,0,-,True,,,,
lre,prefix,OCM,ReqOCM,True,True,True,True,False,False,True,True,OCM,OCM,0,-,True,,,,
lre,prefix,OCM,EndTask,True,True,True,True,False,False,True,True,OCM,OCM,0,-,True,,,,
lre,prefix,OCM,ReqHCM,True,True,True,True,False,False,True,True,OCM,OCM,0,-,True,,,,
lre,prefix,OCM,tick,True,True,True,True,False,False,True,True,OCM,OCM,0,-,True,,,,
lre,prefix,OCM,ReqVel,True,True,True,True,False,True,False,False,OCM,OCM,1,OCMToOCM,True,,,,
lre,prefix,OCM,ReqHdng,True,True,True,True,False,True,False,False,OCM,OCM,1,OCMToOCM_1,True,,,,
lre,prefix,OCM,ReqMOM,True,True,True,True,False,True,False,False,OCM,OCM,0,-,True,,,,
lre,prefix,OCM,ReqOCM,True,True,True,True,False,True,False,False,OCM,OCM,0,-,True,,,,
lre,prefix,OCM,EndTask,True,True,True,True,False,True,False,False,OCM,OCM,0,-,True,,,,
lre,prefix,OCM,ReqHCM,True,True,True,True,False,True,False,False,OCM,OCM,0,-,True,,,,
lre,prefix,OCM,tick,True,True,True,True,False,True,False,False,OCM,OCM,0,-,True,,,,
lre,prefix,OCM,ReqVel,True,True,True,True,False,True,False,True,OCM,OCM,1,OCMToOCM,True,,,,
lre,prefix,OCM,ReqHdng,True,True,True,True,False,True,False,True,OCM,OCM,1,OCMToOCM_1,True,,,,
lre,prefix,OCM,ReqMOM,True,True,True,True,False,True,False,True,OCM,OCM,0,-,True,,,,
lre,prefix,OCM,ReqOCM,True,True,True,True,False,True,False,True,OCM,OCM,0,-,True,,,,
lre,prefix,OCM,EndTask,True,True,True,True,False,True,False,True,OCM,OCM,0,-,True,,,,
lre,prefix,OCM,ReqHCM,True,True,True,True,False,True,False,True,OCM,OCM,0,-,True,,,,
lre,prefix,OCM,tick,True,True,True,True,False,True,False,True,OCM,OCM,0,-,True,,,,
lre,prefix,OCM,ReqVel,True,True,True,True,False,True,True,False,OCM,OCM,1,OCMToOCM,True,,,,
lre,prefix,OCM,ReqHdng,True,True,True,True,False,True,True,False,OCM,OCM,1,OCMToOCM_1,True,,,,
lre,prefix,OCM,ReqMOM,True,True,True,True,False,True,True,False,OCM,OCM,0,-,True,,,,
lre,prefix,OCM,ReqOCM,True,True,True,True,False,True,True,False,OCM,OCM,0,-,True,,,,
lre,prefix,OCM,EndTask,True,True,True,True,False,True,True,False,OCM,OCM,0,-,True,,,,
lre,prefix,OCM,ReqHCM,True,True,True,True,False,True,True,False,OCM,OCM,0,-,True,,,,
lre,prefix,OCM,tick,True,True,True,True,False,True,True,False,OCM,OCM,0,-,True,,,,
lre,prefix,OCM,ReqVel,True,True,True,True,False,True,True,True,OCM,OCM,1,OCMToOCM,True,,,,
lre,prefix,OCM,ReqHdng,True,True,True,True,False,True,True,True,OCM,OCM,1,OCMToOCM_1,True,,,,
lre,prefix,OCM,ReqMOM,True,True,True,True,False,True,True,True,OCM,OCM,0,-,True,,,,
lre,prefix,OCM,ReqOCM,True,True,True,True,False,True,True,True,OCM,OCM,0,-,True,,,,
lre,prefix,OCM,EndTask,True,True,True,True,False,True,True,True,OCM,OCM,0,-,True,,,,
lre,prefix,OCM,ReqHCM,True,True,True,True,False,True,True,True,OCM,OCM,0,-,True,,,,
lre,prefix,OCM,tick,True,True,True,True,False,True,True,True,OCM,OCM,0,-,True,,,,
lre,prefix,OCM,ReqVel,True,True,True,True,True,False,False,False,OCM,OCM,1,OCMToOCM,True,,,,
lre,prefix,OCM,ReqHdng,True,True,True,True,True,False,False,False,OCM,OCM,1,OCMToOCM_1,True,,,,
lre,prefix,OCM,ReqMOM,True,True,True,True,True,False,False,False,OCM,OCM,0,-,True,,,,
lre,prefix,OCM,ReqOCM,True,True,True,True,True,False,False,False,OCM,OCM,0,-,True,,,,
lre,prefix,OCM,EndTask,True,True,True,True,True,False,False,False,OCM,OCM,0,-,True,,,,
lre,prefix,OCM,ReqHCM,True,True,True,True,True,False,False,False,OCM,OCM,0,-,True,,,,
lre,prefix,OCM,tick,True,True,True,True,True,False,False,False,OCM,OCM,0,-,True,,,,
lre,prefix,OCM,ReqVel,True,True,True,True,True,False,False,True,OCM,OCM,1,OCMToOCM,True,,,,
lre,prefix,OCM,ReqHdng,True,True,True,True,True,False,False,True,OCM,OCM,1,OCMToOCM_1,True,,,,
lre,prefix,OCM,ReqMOM,True,True,True,True,True,False,False,True,OCM,OCM,0,-,True,,,,
lre,prefix,OCM,ReqOCM,True,True,True,True,True,False,False,True,OCM,OCM,0,-,True,,,,
lre,prefix,OCM,EndTask,True,True,True,True,True,False,False,True,OCM,OCM,0,-,True,,,,
lre,prefix,OCM,ReqHCM,True,True,True,True,True,False,False,True,OCM,OCM,0,-,True,,,,
lre,prefix,OCM,tick,True,True,True,True,True,False,False,True,OCM,OCM,0,-,True,,,,
lre,prefix,OCM,ReqVel,True,True,True,True,True,False,True,False,OCM,OCM,1,OCMToOCM,True,,,,
lre,prefix,OCM,ReqHdng,True,True,True,True,True,False,True,False,OCM,OCM,1,OCMToOCM_1,True,,,,
lre,prefix,OCM,ReqMOM,True,True,True,True,True,False,True,False,OCM,OCM,0,-,True,,,,
lre,prefix,OCM,ReqOCM,True,True,True,True,True,False,True,False,OCM,OCM,0,-,True,,,,
lre,prefix,OCM,EndTask,True,True,True,True,True,False,True,False,OCM,OCM,0,-,True,,,,
lre,prefix,OCM,ReqHCM,True,True,True,True,True,False,True,False,OCM,OCM,0,-,True,,,,
lre,prefix,OCM,tick,True,True,True,True,True,False,True,False,OCM,OCM,0,-,True,,,,
lre,prefix,OCM,ReqVel,True,True,True,True,True,False,True,True,OCM,OCM,1,OCMToOCM,True,,,,
lre,prefix,OCM,ReqHdng,True,True,True,True,True,False,True,True,OCM,OCM,1,OCMToOCM_1,True,,,,
lre,prefix,OCM,ReqMOM,True,True,True,True,True,False,True,True,OCM,OCM,0,-,True,,,,
lre,prefix,OCM,ReqOCM,True,True,True,True,True,False,True,True,OCM,OCM,0,-,True,,,,
lre,prefix,OCM,EndTask,True,True,True,True,True,False,True,True,OCM,OCM,0,-,True,,,,
lre,prefix,OCM,ReqHCM,True,True,True,True,True,False,True,True,OCM,OCM,0,-,True,,,,
lre,prefix,OCM,tick,True,True,True,True,True,False,True,True,OCM,OCM,0,-,True,,,,
lre,prefix,OCM,ReqVel,True,True,True,True,True,True,False,False,OCM,OCM,1,OCMToOCM,True,,,,
lre,prefix,OCM,ReqHdng,True,True,True,True,True,True,False,False,OCM,OCM,1,OCMToOCM_1,True,,,,
lre,prefix,OCM,ReqMOM,True,True,True,True,True,True,False,False,OCM,OCM,0,-,True,,,,
lre,prefix,OCM,ReqOCM,True,True,True,True,True,True,False,False,OCM,OCM,0,-,True,,,,
lre,prefix,OCM,EndTask,True,True,True,True,True,True,False,False,OCM,OCM,0,-,True,,,,
lre,prefix,OCM,ReqHCM,True,True,True,True,True,True,False,False,OCM,OCM,0,-,True,,,,
lre,prefix,OCM,tick,True,True,True,True,True,True,False,False,OCM,OCM,0,-,True,,,,
lre,prefix,OCM,ReqVel,True,True,True,True,True,True,False,True,OCM,OCM,1,OCMToOCM,True,,,,
lre,prefix,OCM,ReqHdng,True,True,True,True,True,True,False,True,OCM,OCM,1,OCMToOCM_1,True,,,,
lre,prefix,OCM,ReqMOM,True,True,True,True,True,True,False,True,OCM,OCM,0,-,True,,,,
lre,prefix,OCM,ReqOCM,True,True,True,True,True,True,False,True,OCM,OCM,0,-,True,,,,
lre,prefix,OCM,EndTask,True,True,True,True,True,True,False,True,OCM,OCM,0,-,True,,,,
lre,prefix,OCM,ReqHCM,True,True,True,True,True,True,False,True,OCM,OCM,0,-,True,,,,
lre,prefix,OCM,tick,True,True,True,True,True,True,False,True,OCM,OCM,0,-,True,,,,
lre,prefix,OCM,ReqVel,True,True,True,True,True,True,True,False,OCM,OCM,1,OCMToOCM,True,,,,
lre,prefix,OCM,ReqHdng,True,True,True,True,True,True,True,False,OCM,OCM,1,OCMToOCM_1,True,,,,
lre,prefix,OCM,ReqMOM,True,True,True,True,True,True,True,False,OCM,OCM,0,-,True,,,,
lre,prefix,OCM,ReqOCM,True,True,True,True,True,True,True,False,OCM,OCM,0,-,True,,,,
lre,prefix,OCM,EndTask,True,True,True,True,True,True,True,False,OCM,OCM,0,-,True,,,,
lre,prefix,OCM,ReqHCM,True,True,True,True,True,True,True,False,OCM,OCM,0,-,True,,,,
lre,prefix,OCM,tick,True,True,True,True,True,True,True,False,OCM,OCM,0,-,True,,,,
lre,prefix,OCM,ReqVel,True,True,True,True,True,True,True,True,OCM,OCM,1,OCMToOCM,True,,,,
lre,prefix,OCM,ReqHdng,True,True,True,True,True,True,True,True,OCM,OCM,1,OCMToOCM_1,True,,,,
lre,prefix,OCM,ReqMOM,True,True,True,True,True,True,True,True,OCM,OCM,0,-,True,,,,
lre,prefix,OCM,ReqOCM,True,True,True,True,True,True,True,True,OCM,OCM,0,-,True,,,,
lre,prefix,OCM,EndTask,True,True,True,True,True,True,True,True,OCM,OCM,0,-,True,,,,
lre,prefix,OCM,ReqHCM,True,True,True,True,True,True,True,True,OCM,OCM,0,-,True,,,,
lre,prefix,OCM,tick,True,True,True,True,True,True,True,True,OCM,OCM,0,-,True,,,,
lre,prefix,MOM,ReqVel,False,False,False,False,False,False,False,False,MOM,MOM,0,-,True,,,,
lre,prefix,MOM,ReqHdng,False,False,False,False,False,False,False,False,MOM,MOM,0,-,True,,,,
lre,prefix,MOM,ReqMOM,False,False,False,False,False,False,False,False,MOM,MOM,0,-,True,,,,
lre,prefix,MOM,ReqOCM,False,False,False,False,False,False,False,False,OCM,OCM,1,MOMToOCM_1,True,,,,
lre,prefix,MOM,EndTask,False,False,False,False,False,False,False,False,OCM,OCM,1,MOMToOCM_2,True,,,,
lre,prefix,MOM,ReqHCM,False,False,False,False,False,False,False,False,HCM,HCM,1,MOMToHCM_1,True,,,,
lre,prefix,MOM,tick,False,False,False,False,False,False,False,False,MOM,MOM,0,-,True,,,,
lre,prefix,MOM,ReqVel,False,False,False,False,False,False,False,True,MOM,MOM,0,-,True,,,,
lre,prefix,MOM,ReqHdng,False,False,False,False,False,False,False,True,MOM,MOM,0,-,True,,,,
lre,prefix,MOM,ReqMOM,False,False,False,False,False,False,False,True,MOM,MOM,0,-,True,,,,
lre,prefix,MOM,ReqOCM,False,False,False,False,False,False,False,True,OCM,OCM,1,MOMToOCM_1,True,,,,
lre,prefix,MOM,EndTask,False,False,False,False,False,False,False,True,OCM,OCM,1,MOMToOCM_2,True,,,,
lre,prefix,MOM,ReqHCM,False,False,False,False,False,False,False,True,HCM,HCM,1,MOMToHCM_1,True,,,,
lre,prefix,MOM,tick,False,False,False,False,False,False,False,True,MOM,MOM,0,-,True,,,,
lre,prefix,MOM,ReqVel,False,False,False,False,False,False,True,False,MOM,MOM,0,-,True,,,,
lre,prefix,MOM,ReqHdng,False,False,False,False,False,False,True,False,MOM,MOM,0,-,True,,,,
lre,prefix,MOM,ReqMOM,False,False,False,False,False,False,True,False,MOM,MOM,0,-,True,,,,
lre,prefix,MOM,ReqOCM,False,False,False,False,False,False,True,False,OCM,OCM,1,MOMToOCM_1,True,,,,
lre,prefix,MOM,EndTask,False,False,False,False,False,False,True,False,OCM,OCM,1,MOMToOCM_2,True,,,,
lre,prefix,MOM,ReqHCM,False,False,False,False,False,False,True,False,HCM,HCM,1,MOMToHCM_1,True,,,,
lre,prefix,MOM,tick,False,False,False,False,False,False,True,False,MOM,MOM,0,-,True,,,,
lre,prefix,MOM,ReqVel,False,False,False,False,False,False,True,True,MOM,MOM,0,-,True,,,,
lre,prefix,MOM,ReqHdng,False,False,False,False,False,False,True,True,MOM,MOM,0,-,True,,,,
lre,prefix,MOM,ReqMOM,False,False,False,False,False,False,True,True,MOM,MOM,0,-,True,,,,
lre,prefix,MOM,ReqOCM,False,False,False,False,False,False,True,True,OCM,OCM,1,MOMToOCM_1,True,,,,
lre,prefix,MOM,EndTask,False,False,False,False,False,False,True,True,OCM,OCM,1,MOMToOCM_2,True,,,,
lre,prefix,MOM,ReqHCM,False,False,False,False,False,False,True,True,HCM,HCM,1,MOMToHCM_1,True,,,,
lre,prefix,MOM,tick,False,False,False,False,False,False,True,True,MOM,MOM,0,-,True,,,,
lre,prefix,MOM,ReqVel,False,False,False,False,False,True,False,False,MOM,MOM,0,-,True,,,,
lre,prefix,MOM,ReqHdng,False,False,False,False,False,True,False,False,MOM,MOM,0,-,True,,,,
lre,prefix,MOM,ReqMOM,False,False,False,False,False,True,False,False,MOM,MOM,0,-,True,,,,
lre,prefix,MOM,ReqOCM,False,False,False,False,False,True,False,False,OCM,OCM,1,MOMToOCM_1,True,,,,
lre,prefix,MOM,EndTask,False,False,False,False,False,True,False,False,OCM,OCM,1,MOMToOCM_2,True,,,,
lre,prefix,MOM,ReqHCM,False,False,False,False,False,True,False,False,HCM,HCM,1,MOMToHCM_1,True,,,,
lre,prefix,MOM,tick,False,False,False,False,False,True,False,False,MOM,MOM,0,-,True,,,,
lre,prefix,MOM,ReqVel,False,False,False,False,False,True,False,True,MOM,MOM,0,-,True,,,,
lre,prefix,MOM,ReqHdng,False,False,False,False,False,True,False,True,MOM,MOM,0,-,True,,,,
lre,prefix,MOM,ReqMOM,False,False,False,False,False,True,False,True,MOM,MOM,0,-,True,,,,
lre,prefix,MOM,ReqOCM,False,False,False,False,False,True,False,True,OCM,OCM,1,MOMToOCM_1,True,,,,
lre,prefix,MOM,EndTask,False,False,False,False,False,True,False,True,OCM,OCM,1,MOMToOCM_2,True,,,,
lre,prefix,MOM,ReqHCM,False,False,False,False,False,True,False,True,HCM,HCM,1,MOMToHCM_1,True,,,,
lre,prefix,MOM,tick,False,False,False,False,False,True,False,True,MOM,MOM,0,-,True,,,,
lre,prefix,MOM,ReqVel,False,False,False,False,False,True,True,False,MOM,MOM,0,-,True,,,,
lre,prefix,MOM,ReqHdng,False,False,False,False,False,True,True,False,MOM,MOM,0,-,True,,,,
lre,prefix,MOM,ReqMOM,False,False,False,False,False,True,True,False,MOM,MOM,0,-,True,,,,
lre,prefix,MOM,ReqOCM,False,False,False,False,False,True,True,False,OCM,OCM,1,MOMToOCM_1,True,,,,
lre,prefix,MOM,EndTask,False,False,False,False,False,True,True,False,OCM,OCM,1,MOMToOCM_2,True,,,,
lre,prefix,MOM,ReqHCM,False,False,False,False,False,True,True,False,HCM,HCM,1,MOMToHCM_1,True,,,,
lre,prefix,MOM,tick,False,False,False,False,False,True,True,False,MOM,MOM,0,-,True,,,,
lre,prefix,MOM,ReqVel,False,False,False,False,False,True,True,True,MOM,MOM,0,-,True,,,,
lre,prefix,MOM,ReqHdng,False,False,False,False,False,True,True,True,MOM,MOM,0,-,True,,,,
lre,prefix,MOM,ReqMOM,False,False,False,False,False,True,True,True,MOM,MOM,0,-,True,,,,
lre,prefix,MOM,ReqOCM,False,False,False,False,False,True,True,True,OCM,OCM,1,MOMToOCM_1,True,,,,
lre,prefix,MOM,EndTask,False,False,False,False,False,True,True,True,OCM,OCM,1,MOMToOCM_2,True,,,,
lre,prefix,MOM,ReqHCM,False,False,False,False,False,True,True,True,HCM,HCM,1,MOMToHCM_1,True,,,,
lre,prefix,MOM,tick,False,False,False,False,False,True,True,True,MOM,MOM,0,-,True,,,,
lre,prefix,MOM,ReqVel,False,False,False,False,True,False,False,False,MOM,MOM,0,-,True,,,,
lre,prefix,MOM,ReqHdng,False,False,False,False,True,False,False,False,MOM,MOM,0,-,True,,,,
lre,prefix,MOM,ReqMOM,False,False,False,False,True,False,False,False,MOM,MOM,0,-,True,,,,
lre,prefix,MOM,ReqOCM,False,False,False,False,True,False,False,False,OCM,OCM,1,MOMToOCM_1,True,,,,
lre,prefix,MOM,EndTask,False,False,False,False,True,False,False,False,OCM,OCM,1,MOMToOCM_2,True,,,,
lre,prefix,MOM,ReqHCM,False,False,False,False,True,False,False,False,HCM,HCM,1,MOMToHCM_1,True,,,,
lre,prefix,MOM,tick,False,False,False,False,True,False,False,False,MOM,MOM,0,-,True,,,,
lre,prefix,MOM,ReqVel,False,False,False,False,True,False,False,True,MOM,MOM,0,-,True,,,,
lre,prefix,MOM,ReqHdng,False,False,False,False,True,False,False,True,MOM,MOM,0,-,True,,,,
lre,prefix,MOM,ReqMOM,False,False,False,False,True,False,False,True,MOM,MOM,0,-,True,,,,
lre,prefix,MOM,ReqOCM,False,False,False,False,True,False,False,True,OCM,OCM,1,MOMToOCM_1,True,,,,
lre,prefix,MOM,EndTask,False,False,False,False,True,False,False,True,OCM,OCM,1,MOMToOCM_2,True,,,,
lre,prefix,MOM,ReqHCM,False,False,False,False,True,False,False,True,HCM,HCM,1,MOMToHCM_1,True,,,,
lre,prefix,MOM,tick,False,False,False,False,True,False,False,True,MOM,MOM,0,-,True,,,,
lre,prefix,MOM,ReqVel,False,False,False,False,True,False,True,False,MOM,MOM,0,-,True,,,,
lre,prefix,MOM,ReqHdng,False,False,False,False,True,False,True,False,MOM,MOM,0,-,True,,,,
lre,prefix,MOM,ReqMOM,False,False,False,False,True,False,True,False,MOM,MOM,0,-,True,,,,
lre,prefix,MOM,ReqOCM,False,False,False,False,True,False,True,False,OCM,OCM,1,MOMToOCM_1,True,,,,
lre,prefix,MOM,EndTask,False,False,False,False,True,False,True,False,OCM,OCM,1,MOMToOCM_2,True,,,,
lre,prefix,MOM,ReqHCM,False,False,False,False,True,False,True,False,HCM,HCM,1,MOMToHCM_1,True,,,,
lre,prefix,MOM,tick,False,False,False,False,True,False,True,False,MOM,MOM,0,-,True,,,,
lre,prefix,MOM,ReqVel,False,False,False,False,True,False,True,True,MOM,MOM,0,-,True,,,,
lre,prefix,MOM,ReqHdng,False,False,False,False,True,False,True,True,MOM,MOM,0,-,True,,,,
lre,prefix,MOM,ReqMOM,False,False,False,False,True,False,True,True,MOM,MOM,0,-,True,,,,
lre,prefix,MOM,ReqOCM,False,False,False,False,True,False,True,True,OCM,OCM,1,MOMToOCM_1,True,,,,
lre,prefix,MOM,EndTask,False,False,False,False,True,False,True,True,OCM,OCM,1,MOMToOCM_2,True,,,,
lre,prefix,MOM,ReqHCM,False,False,False,False,True,False,True,True,HCM,HCM,1,MOMToHCM_1,True,,,,
lre,prefix,MOM,tick,False,False,False,False,True,False,True,True,MOM,MOM,0,-,True,,,,
lre,prefix,MOM,ReqVel,False,False,False,False,True,True,False,False,MOM,MOM,0,-,True,,,,
lre,prefix,MOM,ReqHdng,False,False,False,False,True,True,False,False,MOM,MOM,0,-,True,,,,
lre,prefix,MOM,ReqMOM,False,False,False,False,True,True,False,False,MOM,MOM,0,-,True,,,,
lre,prefix,MOM,ReqOCM,False,False,False,False,True,True,False,False,OCM,OCM,1,MOMToOCM_1,True,,,,
lre,prefix,MOM,EndTask,False,False,False,False,True,True,False,False,OCM,OCM,1,MOMToOCM_2,True,,,,
lre,prefix,MOM,ReqHCM,False,False,False,False,True,True,False,False,HCM,HCM,1,MOMToHCM_1,True,,,,
lre,prefix,MOM,tick,False,False,False,False,True,True,False,False,MOM,MOM,0,-,True,,,,
lre,prefix,MOM,ReqVel,False,False,False,False,True,True,False,True,MOM,MOM,0,-,True,,,,
lre,prefix,MOM,ReqHdng,False,False,False,False,True,True,False,True,MOM,MOM,0,-,True,,,,
lre,prefix,MOM,ReqMOM,False,False,False,False,True,True,False,True,MOM,MOM,0,-,True,,,,
lre,prefix,MOM,ReqOCM,False,False,False,False,True,True,False,True,OCM,OCM,1,MOMToOCM_1,True,,,,
lre,prefix,MOM,EndTask,False,False,False,False,True,True,False,True,OCM,OCM,1,MOMToOCM_2,True,,,,
lre,prefix,MOM,ReqHCM,False,False,False,False,True,True,False,True,HCM,HCM,1,MOMToHCM_1,True,,,,
lre,prefix,MOM,tick,False,False,False,False,True,True,False,True,MOM,MOM,0,-,True,,,,
lre,prefix,MOM,ReqVel,False,False,False,False,True,True,True,False,MOM,MOM,0,-,True,,,,
lre,prefix,MOM,ReqHdng,False,False,False,False,True,True,True,False,MOM,MOM,0,-,True,,,,
lre,prefix,MOM,ReqMOM,False,False,False,False,True,True,True,False,MOM,MOM,0,-,True,,,,
lre,prefix,MOM,ReqOCM,False,False,False,False,True,True,True,False,OCM,OCM,1,MOMToOCM_1,True,,,,
lre,prefix,MOM,EndTask,False,False,False,False,True,True,True,False,OCM,OCM,1,MOMToOCM_2,True,,,,
lre,prefix,MOM,ReqHCM,False,False,False,False,True,True,True,False,HCM,HCM,1,MOMToHCM_1,True,,,,
lre,prefix,MOM,tick,False,False,False,False,True,True,True,False,MOM,MOM,0,-,True,,,,
lre,prefix,MOM,ReqVel,False,False,False,False,True,True,True,True,MOM,MOM,0,-,True,,,,
lre,prefix,MOM,ReqHdng,False,False,False,False,True,True,True,True,MOM,MOM,0,-,True,,,,
lre,prefix,MOM,ReqMOM,False,False,False,False,True,True,True,True,MOM,MOM,0,-,True,,,,
lre,prefix,MOM,ReqOCM,False,False,False,False,True,True,True,True,OCM,OCM,1,MOMToOCM_1,True,,,,
lre,prefix,MOM,EndTask,False,False,False,False,True,True,True,True,OCM,OCM,1,MOMToOCM_2,True,,,,
lre,prefix,MOM,ReqHCM,False,False,False,False,True,True,True,True,HCM,HCM,1,MOMToHCM_1,True,,,,
lre,prefix,MOM,tick,False,False,False,False,True,True,True,True,MOM,MOM,0,-,True,,,,
lre,prefix,MOM,ReqVel,False,False,False,True,False,False,False,False,MOM,MOM,0,-,True,,,,
lre,prefix,MOM,ReqHdng,False,False,False,True,False,False,False,False,MOM,MOM,0,-,True,,,,
lre,prefix,MOM,ReqMOM,False,False,False,True,False,False,False,False,MOM,MOM,0,-,True,,,,
lre,prefix,MOM,ReqOCM,False,False,False,True,False,False,False,False,OCM,OCM,1,MOMToOCM_1,True,,,,
lre,prefix,MOM,EndTask,False,False,False,True,False,False,False,False,OCM,OCM,1,MOMToOCM_2,True,,,,
lre,prefix,MOM,ReqHCM,False,False,False,True,False,False,False,False,HCM,HCM,1,MOMToHCM_1,True,,,,
lre,prefix,MOM,tick,False,False,False,True,False,False,False,False,MOM,MOM,0,-,True,,,,
lre,prefix,MOM,ReqVel,False,False,False,True,False,False,False,True,MOM,MOM,0,-,True,,,,
lre,prefix,MOM,ReqHdng,False,False,False,True,False,False,False,True,MOM,MOM,0,-,True,,,,
lre,prefix,MOM,ReqMOM,False,False,False,True,False,False,False,True,MOM,MOM,0,-,True,,,,
lre,prefix,MOM,ReqOCM,False,False,False,True,False,False,False,True,OCM,OCM,1,MOMToOCM_1,True,,,,
lre,prefix,MOM,EndTask,False,False,False,True,False,False,False,True,OCM,OCM,1,MOMToOCM_2,True,,,,
lre,prefix,MOM,ReqHCM,False,False,False,True,False,False,False,True,HCM,HCM,1,MOMToHCM_1,True,,,,
lre,prefix,MOM,tick,False,False,False,True,False,False,False,True,MOM,MOM,0,-,True,,,,
lre,prefix,MOM,ReqVel,False,False,False,True,False,False,True,False,MOM,MOM,0,-,True,,,,
lre,prefix,MOM,ReqHdng,False,False,False,True,False,False,True,False,MOM,MOM,0,-,True,,,,
lre,prefix,MOM,ReqMOM,False,False,False,True,False,False,True,False,MOM,MOM,0,-,True,,,,
lre,prefix,MOM,ReqOCM,False,False,False,True,False,False,True,False,OCM,OCM,1,MOMToOCM_1,True,,,,
lre,prefix,MOM,EndTask,False,False,False,True,False,False,True,False,OCM,OCM,1,MOMToOCM_2,True,,,,
lre,prefix,MOM,ReqHCM,False,False,False,True,False,False,True,False,HCM,HCM,1,MOMToHCM_1,True,,,,
lre,prefix,MOM,tick,False,False,False,True,False,False,True,False,MOM,MOM,0,-,True,,,,
lre,prefix,MOM,ReqVel,False,False,False,True,False,False,True,True,MOM,MOM,0,-,True,,,,
lre,prefix,MOM,ReqHdng,False,False,False,True,False,False,True,True,MOM,MOM,0,-,True,,,,
lre,prefix,MOM,ReqMOM,False,False,False,True,False,False,True,True,MOM,MOM,0,-,True,,,,
lre,prefix,MOM,ReqOCM,False,False,False,True,False,False,True,True,OCM,OCM,1,MOMToOCM_1,True,,,,
lre,prefix,MOM,EndTask,False,False,False,True,False,False,True,True,OCM,OCM,1,MOMToOCM_2,True,,,,
lre,prefix,MOM,ReqHCM,False,False,False,True,False,False,True,True,HCM,HCM,1,MOMToHCM_1,True,,,,
lre,prefix,MOM,tick,False,False,False,True,False,False,True,True,MOM,MOM,0,-,True,,,,
lre,prefix,MOM,ReqVel,False,False,False,True,False,True,False,False,MOM,MOM,0,-,True,,,,
lre,prefix,MOM,ReqHdng,False,False,False,True,False,True,False,False,MOM,MOM,0,-,True,,,,
lre,prefix,MOM,ReqMOM,False,False,False,True,False,True,False,False,MOM,MOM,0,-,True,,,,
lre,prefix,MOM,ReqOCM,False,False,False,True,False,True,False,False,OCM,OCM,1,MOMToOCM_1,True,,,,
lre,prefix,MOM,EndTask,False,False,False,True,False,True,False,False,OCM,OCM,1,MOMToOCM_2,True,,,,
lre,prefix,MOM,ReqHCM,False,False,False,True,False,True,False,False,HCM,HCM,1,MOMToHCM_1,True,,,,
lre,prefix,MOM,tick,False,False,False,True,False,True,False,False,MOM,MOM,0,-,True,,,,
lre,prefix,MOM,ReqVel,False,False,False,True,False,True,False,True,MOM,MOM,0,-,True,,,,
lre,prefix,MOM,ReqHdng,False,False,False,True,False,True,False,True,MOM,MOM,0,-,True,,,,
lre,prefix,MOM,ReqMOM,False,False,False,True,False,True,False,True,MOM,MOM,0,-,True,,,,
lre,prefix,MOM,ReqOCM,False,False,False,True,False,True,False,True,OCM,OCM,1,MOMToOCM_1,True,,,,
lre,prefix,MOM,EndTask,False,False,False,True,False,True,False,True,OCM,OCM,1,MOMToOCM_2,True,,,,
lre,prefix,MOM,ReqHCM,False,False,False,True,False,True,False,True,HCM,HCM,1,MOMToHCM_1,True,,,,
lre,prefix,MOM,tick,False,False,False,True,False,True,False,True,MOM,MOM,0,-,True,,,,
lre,prefix,MOM,ReqVel,False,False,False,True,False,True,True,False,MOM,MOM,0,-,True,,,,
lre,prefix,MOM,ReqHdng,False,False,False,True,False,True,True,False,MOM,MOM,0,-,True,,,,
lre,prefix,MOM,ReqMOM,False,False,False,True,False,True,True,False,MOM,MOM,0,-,True,,,,
lre,prefix,MOM,ReqOCM,False,False,False,True,False,True,True,False,OCM,OCM,1,MOMToOCM_1,True,,,,
lre,prefix,MOM,EndTask,False,False,False,True,False,True,True,False,OCM,OCM,1,MOMToOCM_2,True,,,,
lre,prefix,MOM,ReqHCM,False,False,False,True,False,True,True,False,HCM,HCM,1,MOMToHCM_1,True,,,,
lre,prefix,MOM,tick,False,False,False,True,False,True,True,False,MOM,MOM,0,-,True,,,,
lre,prefix,MOM,ReqVel,False,False,False,True,False,True,True,True,MOM,MOM,0,-,True,,,,
lre,prefix,MOM,ReqHdng,False,False,False,True,False,True,True,True,MOM,MOM,0,-,True,,,,
lre,prefix,MOM,ReqMOM,False,False,False,True,False,True,True,True,MOM,MOM,0,-,True,,,,
lre,prefix,MOM,ReqOCM,False,False,False,True,False,True,True,True,OCM,OCM,1,MOMToOCM_1,True,,,,
lre,prefix,MOM,EndTask,False,False,False,True,False,True,True,True,OCM,OCM,1,MOMToOCM_2,True,,,,
lre,prefix,MOM,ReqHCM,False,False,False,True,False,True,True,True,HCM,HCM,1,MOMToHCM_1,True,,,,
lre,prefix,MOM,tick,False,False,False,True,False,True,True,True,MOM,MOM,0,-,True,,,,
lre,prefix,MOM,ReqVel,False,False,False,True,True,False,False,False,MOM,MOM,0,-,True,,,,
lre,prefix,MOM,ReqHdng,False,False,False,True,True,False,False,False,MOM,MOM,0,-,True,,,,
lre,prefix,MOM,ReqMOM,False,False,False,True,True,False,False,False,MOM,MOM,0,-,True,,,,
lre,prefix,MOM,ReqOCM,False,False,False,True,True,False,False,False,OCM,OCM,1,MOMToOCM_1,True,,,,
lre,prefix,MOM,EndTask,False,False,False,True,True,False,False,False,OCM,OCM,1,MOMToOCM_2,True,,,,
lre,prefix,MOM,ReqHCM,False,False,False,True,True,False,False,False,HCM,HCM,1,MOMToHCM_1,True,,,,
lre,prefix,MOM,tick,False,False,False,True,True,False,False,False,MOM,MOM,0,-,True,,,,
lre,prefix,MOM,ReqVel,False,False,False,True,True,False,False,True,MOM,MOM,0,-,True,,,,
lre,prefix,MOM,ReqHdng,False,False,False,True,True,False,False,True,MOM,MOM,0,-,True,,,,
lre,prefix,MOM,ReqMOM,False,False,False,True,True,False,False,True,MOM,MOM,0,-,True,,,,
lre,prefix,MOM,ReqOCM,False,False,False,True,True,False,False,True,OCM,OCM,1,MOMToOCM_1,True,,,,
lre,prefix,MOM,EndTask,False,False,False,True,True,False,False,True,OCM,OCM,1,MOMToOCM_2,True,,,,
lre,prefix,MOM,ReqHCM,False,False,False,True,True,False,False,True,HCM,HCM,1,MOMToHCM_1,True,,,,
lre,prefix,MOM,tick,False,False,False,True,True,False,False,True,MOM,MOM,0,-,True,,,,
lre,prefix,MOM,ReqVel,False,False,False,True,True,False,True,False,MOM,MOM,0,-,True,,,,
lre,prefix,MOM,ReqHdng,False,False,False,True,True,False,True,False,MOM,MOM,0,-,True,,,,
lre,prefix,MOM,ReqMOM,False,False,False,True,True,False,True,False,MOM,MOM,0,-,True,,,,
lre,prefix,MOM,ReqOCM,False,False,False,True,True,False,True,False,OCM,OCM,1,MOMToOCM_1,True,,,,
lre,prefix,MOM,EndTask,False,False,False,True,True,False,True,False,OCM,OCM,1,MOMToOCM_2,True,,,,
lre,prefix,MOM,ReqHCM,False,False,False,True,True,False,True,False,HCM,HCM,1,MOMToHCM_1,True,,,,
lre,prefix,MOM,tick,False,False,False,True,True,False,True,False,MOM,MOM,0,-,True,,,,
lre,prefix,MOM,ReqVel,False,False,False,True,True,False,True,True,MOM,MOM,0,-,True,,,,
lre,prefix,MOM,ReqHdng,False,False,False,True,True,False,True,True,MOM,MOM,0,-,True,,,,
lre,prefix,MOM,ReqMOM,False,False,False,True,True,False,True,True,MOM,MOM,0,-,True,,,,
lre,prefix,MOM,ReqOCM,False,False,False,True,True,False,True,True,OCM,OCM,1,MOMToOCM_1,True,,,,
lre,prefix,MOM,EndTask,False,False,False,True,True,False,True,True,OCM,OCM,1,MOMToOCM_2,True,,,,
lre,prefix,MOM,ReqHCM,False,False,False,True,True,False,True,True,HCM,HCM,1,MOMToHCM_1,True,,,,
lre,prefix,MOM,tick,False,False,False,True,True,False,True,True,MOM,MOM,0,-,True,,,,
lre,prefix,MOM,ReqVel,False,False,False,True,True,True,False,False,MOM,MOM,0,-,True,,,,
lre,prefix,MOM,ReqHdng,False,False,False,True,True,True,False,False,MOM,MOM,0,-,True,,,,
lre,prefix,MOM,ReqMOM,False,False,False,True,True,True,False,False,MOM,MOM,0,-,True,,,,
lre,prefix,MOM,ReqOCM,False,False,False,True,True,True,False,False,OCM,OCM,1,MOMToOCM_1,True,,,,
lre,prefix,MOM,EndTask,False,False,False,True,True,True,False,False,OCM,OCM,1,MOMToOCM_2,True,,,,
lre,prefix,MOM,ReqHCM,False,False,False,True,True,True,False,False,HCM,HCM,1,MOMToHCM_1,True,,,,
lre,prefix,MOM,tick,False,False,False,True,True,True,False,False,MOM,MOM,0,-,True,,,,
lre,prefix,MOM,ReqVel,False,False,False,True,True,True,False,True,MOM,MOM,0,-,True,,,,
lre,prefix,MOM,ReqHdng,False,False,False,True,True,True,False,True,MOM,MOM,0,-,True,,,,
lre,prefix,MOM,ReqMOM,False,False,False,True,True,True,False,True,MOM,MOM,0,-,True,,,,
lre,prefix,MOM,ReqOCM,False,False,False,True,True,True,False,True,OCM,OCM,1,MOMToOCM_1,True,,,,
lre,prefix,MOM,EndTask,False,False,False,True,True,True,False,True,OCM,OCM,1,MOMToOCM_2,True,,,,
lre,prefix,MOM,ReqHCM,False,False,False,True,True,True,False,True,HCM,HCM,1,MOMToHCM_1,True,,,,
lre,prefix,MOM,tick,False,False,False,True,True,True,False,True,MOM,MOM,0,-,True,,,,
lre,prefix,MOM,ReqVel,False,False,False,True,True,True,True,False,MOM,MOM,0,-,True,,,,
lre,prefix,MOM,ReqHdng,False,False,False,True,True,True,True,False,MOM,MOM,0,-,True,,,,
lre,prefix,MOM,ReqMOM,False,False,False,True,True,True,True,False,MOM,MOM,0,-,True,,,,
lre,prefix,MOM,ReqOCM,False,False,False,True,True,True,True,False,OCM,OCM,1,MOMToOCM_1,True,,,,
lre,prefix,MOM,EndTask,False,False,False,True,True,True,True,False,OCM,OCM,1,MOMToOCM_2,True,,,,
lre,prefix,MOM,ReqHCM,False,False,False,True,True,True,True,False,HCM,HCM,1,MOMToHCM_1,True,,,,
lre,prefix,MOM,tick,False,False,False,True,True,True,True,False,MOM,MOM,0,-,True,,,,
lre,prefix,MOM,ReqVel,False,False,False,True,True,True,True,True,MOM,MOM,0,-,True,,,,
lre,prefix,MOM,ReqHdng,False,False,False,True,True,True,True,True,MOM,MOM,0,-,True,,,,
lre,prefix,MOM,ReqMOM,False,False,False,True,True,True,True,True,MOM,MOM,0,-,True,,,,
lre,prefix,MOM,ReqOCM,False,False,False,True,True,True,True,True,OCM,OCM,1,MOMToOCM_1,True,,,,
lre,prefix,MOM,EndTask,False,False,False,True,True,True,True,True,OCM,OCM,1,MOMToOCM_2,True,,,,
lre,prefix,MOM,ReqHCM,False,False,False,True,True,True,True,True,HCM,HCM,1,MOMToHCM_1,True,,,,
lre,prefix,MOM,tick,False,False,False,True,True,True,True,True,MOM,MOM,0,-,True,,,,
lre,prefix,MOM,ReqVel,False,False,True,False,False,False,False,False,OCM,OCM,1,MOMToOCM,True,,,,
lre,prefix,MOM,ReqHdng,False,False,True,False,False,False,False,False,OCM,OCM,1,MOMToOCM,True,,,,
lre,prefix,MOM,ReqMOM,False,False,True,False,False,False,False,False,OCM,OCM,1,MOMToOCM,True,,,,
lre,prefix,MOM,ReqOCM,False,False,True,False,False,False,False,False,OCM,OCM,2,MOMToOCM|MOMToOCM_1,True,,,,
lre,prefix,MOM,EndTask,False,False,True,False,False,False,False,False,OCM,OCM,2,MOMToOCM|MOMToOCM_2,True,,,,
lre,prefix,MOM,ReqHCM,False,False,True,False,False,False,False,False,OCM,HCM|OCM,2,MOMToOCM|MOMToHCM_1,False,,,,
lre,prefix,MOM,tick,False,False,True,False,False,False,False,False,OCM,OCM,1,MOMToOCM,True,,,,
lre,prefix,MOM,ReqVel,False,False,True,False,False,False,False,True,OCM,OCM,1,MOMToOCM,True,,,,
lre,prefix,MOM,ReqHdng,False,False,True,False,False,False,False,True,OCM,OCM,1,MOMToOCM,True,,,,
lre,prefix,MOM,ReqMOM,False,False,True,False,False,False,False,True,OCM,OCM,1,MOMToOCM,True,,,,
lre,prefix,MOM,ReqOCM,False,False,True,False,False,False,False,True,OCM,OCM,2,MOMToOCM|MOMToOCM_1,True,,,,
lre,prefix,MOM,EndTask,False,False,True,False,False,False,False,True,OCM,OCM,2,MOMToOCM|MOMToOCM_2,True,,,,
lre,prefix,MOM,ReqHCM,False,False,True,False,False,False,False,True,OCM,HCM|OCM,2,MOMToOCM|MOMToHCM_1,False,,,,
lre,prefix,MOM,tick,False,False,True,False,False,False,False,True,OCM,OCM,1,MOMToOCM,True,,,,
lre,prefix,MOM,ReqVel,False,False,True,False,False,False,True,False,OCM,OCM,1,MOMToOCM,True,,,,
lre,prefix,MOM,ReqHdng,False,False,True,False,False,False,True,False,OCM,OCM,1,MOMToOCM,True,,,,
lre,prefix,MOM,ReqMOM,False,False,True,False,False,False,True,False,OCM,OCM,1,MOMToOCM,True,,,,
lre,prefix,MOM,ReqOCM,False,False,True,False,False,False,True,False,OCM,OCM,2,MOMToOCM|MOMToOCM_1,True,,,,
lre,prefix,MOM,EndTask,False,False,True,False,False,False,True,False,OCM,OCM,2,MOMToOCM|MOMToOCM_2,True,,,,
lre,prefix,MOM,ReqHCM,False,False,True,False,False,False,True,False,OCM,HCM|OCM,2,MOMToOCM|MOMToHCM_1,False,,,,
lre,prefix,MOM,tick,False,False,True,False,False,False,True,False,OCM,OCM,1,MOMToOCM,True,,,,
lre,prefix,MOM,ReqVel,False,False,True,False,False,False,True,True,OCM,OCM,1,MOMToOCM,True,,,,
lre,prefix,MOM,ReqHdng,False,False,True,False,False,False,True,True,OCM,OCM,1,MOMToOCM,True,,,,
lre,prefix,MOM,ReqMOM,False,False,True,False,False,False,True,True,OCM,OCM,1,MOMToOCM,True,,,,
lre,prefix,MOM,ReqOCM,False,False,True,False,False,False,True,True,OCM,OCM,2,MOMToOCM|MOMToOCM_1,True,,,,
lre,prefix,MOM,EndTask,False,False,True,False,False,False,True,True,OCM,OCM,2,MOMToOCM|MOMToOCM_2,True,,,,
lre,prefix,MOM,ReqHCM,False,False,True,False,False,False,True,True,OCM,HCM|OCM,2,MOMToOCM|MOMToHCM_1,False,,,,
lre,prefix,MOM,tick,False,False,True,False,False,False,True,True,OCM,OCM,1,MOMToOCM,True,,,,
lre,prefix,MOM,ReqVel,False,False,True,False,False,True,False,False,OCM,OCM,1,MOMToOCM,True,,,,
lre,prefix,MOM,ReqHdng,False,False,True,False,False,True,False,False,OCM,OCM,1,MOMToOCM,True,,,,
lre,prefix,MOM,ReqMOM,False,False,True,False,False,True,False,False,OCM,OCM,1,MOMToOCM,True,,,,
lre,prefix,MOM,ReqOCM,False,False,True,False,False,True,False,False,OCM,OCM,2,MOMToOCM|MOMToOCM_1,True,,,,
lre,prefix,MOM,EndTask,False,False,True,False,False,True,False,False,OCM,OCM,2,MOMToOCM|MOMToOCM_2,True,,,,
lre,prefix,MOM,ReqHCM,False,False,True,False,False,True,False,False,OCM,HCM|OCM,2,MOMToOCM|MOMToHCM_1,False,,,,
lre,prefix,MOM,tick,False,False,True,False,False,True,False,False,OCM,OCM,1,MOMToOCM,True,,,,
lre,prefix,MOM,ReqVel,False,False,True,False,False,True,False,True,OCM,OCM,1,MOMToOCM,True,,,,
lre,prefix,MOM,ReqHdng,False,False,True,False,False,True,False,True,OCM,OCM,1,MOMToOCM,True,,,,
lre,prefix,MOM,ReqMOM,False,False,True,False,False,True,False,True,OCM,OCM,1,MOMToOCM,True,,,,
lre,prefix,MOM,ReqOCM,False,False,True,False,False,True,False,True,OCM,OCM,2,MOMToOCM|MOMToOCM_1,True,,,,
lre,prefix,MOM,EndTask,False,False,True,False,False,True,False,True,OCM,OCM,2,MOMToOCM|MOMToOCM_2,True,,,,
lre,prefix,MOM,ReqHCM,False,False,True,False,False,True,False,True,OCM,HCM|OCM,2,MOMToOCM|MOMToHCM_1,False,,,,
lre,prefix,MOM,tick,False,False,True,False,False,True,False,True,OCM,OCM,1,MOMToOCM,True,,,,
lre,prefix,MOM,ReqVel,False,False,True,False,False,True,True,False,OCM,OCM,1,MOMToOCM,True,,,,
lre,prefix,MOM,ReqHdng,False,False,True,False,False,True,True,False,OCM,OCM,1,MOMToOCM,True,,,,
lre,prefix,MOM,ReqMOM,False,False,True,False,False,True,True,False,OCM,OCM,1,MOMToOCM,True,,,,
lre,prefix,MOM,ReqOCM,False,False,True,False,False,True,True,False,OCM,OCM,2,MOMToOCM|MOMToOCM_1,True,,,,
lre,prefix,MOM,EndTask,False,False,True,False,False,True,True,False,OCM,OCM,2,MOMToOCM|MOMToOCM_2,True,,,,
lre,prefix,MOM,ReqHCM,False,False,True,False,False,True,True,False,OCM,HCM|OCM,2,MOMToOCM|MOMToHCM_1,False,,,,
lre,prefix,MOM,tick,False,False,True,False,False,True,True,False,OCM,OCM,1,MOMToOCM,True,,,,
lre,prefix,MOM,ReqVel,False,False,True,False,False,True,True,True,OCM,OCM,1,MOMToOCM,True,,,,
lre,prefix,MOM,ReqHdng,False,False,True,False,False,True,True,True,OCM,OCM,1,MOMToOCM,True,,,,
lre,prefix,MOM,ReqMOM,False,False,True,False,False,True,True,True,OCM,OCM,1,MOMToOCM,True,,,,
lre,prefix,MOM,ReqOCM,False,False,True,False,False,True,True,True,OCM,OCM,2,MOMToOCM|MOMToOCM_1,True,,,,
lre,prefix,MOM,EndTask,False,False,True,False,False,True,True,True,OCM,OCM,2,MOMToOCM|MOMToOCM_2,True,,,,
lre,prefix,MOM,ReqHCM,False,False,True,False,False,True,True,True,OCM,HCM|OCM,2,MOMToOCM|MOMToHCM_1,False,,,,
lre,prefix,MOM,tick,False,False,True,False,False,True,True,True,OCM,OCM,1,MOMToOCM,True,,,,
lre,prefix,MOM,ReqVel,False,False,True,False,True,False,False,False,OCM,OCM,1,MOMToOCM,True,,,,
lre,prefix,MOM,ReqHdng,False,False,True,False,True,False,False,False,OCM,OCM,1,MOMToOCM,True,,,,
lre,prefix,MOM,ReqMOM,False,False,True,False,True,False,False,False,OCM,OCM,1,MOMToOCM,True,,,,
lre,prefix,MOM,ReqOCM,False,False,True,False,True,False,False,False,OCM,OCM,2,MOMToOCM|MOMToOCM_1,True,,,,
lre,prefix,MOM,EndTask,False,False,True,False,True,False,False,False,OCM,OCM,2,MOMToOCM|MOMToOCM_2,True,,,,
lre,prefix,MOM,ReqHCM,False,False,True,False,True,False,False,False,OCM,HCM|OCM,2,MOMToOCM|MOMToHCM_1,False,,,,
lre,prefix,MOM,tick,False,False,True,False,True,False,False,False,OCM,OCM,1,MOMToOCM,True,,,,
lre,prefix,MOM,ReqVel,False,False,True,False,True,False,False,True,OCM,OCM,1,MOMToOCM,True,,,,
lre,prefix,MOM,ReqHdng,False,False,True,False,True,False,False,True,OCM,OCM,1,MOMToOCM,True,,,,
lre,prefix,MOM,ReqMOM,False,False,True,False,True,False,False,True,OCM,OCM,1,MOMToOCM,True,,,,
lre,prefix,MOM,ReqOCM,False,False,True,False,True,False,False,True,OCM,OCM,2,MOMToOCM|MOMToOCM_1,True,,,,
lre,prefix,MOM,EndTask,False,False,True,False,True,False,False,True,OCM,OCM,2,MOMToOCM|MOMToOCM_2,True,,,,
lre,prefix,MOM,ReqHCM,False,False,True,False,True,False,False,True,OCM,HCM|OCM,2,MOMToOCM|MOMToHCM_1,False,,,,
lre,prefix,MOM,tick,False,False,True,False,True,False,False,True,OCM,OCM,1,MOMToOCM,True,,,,
lre,prefix,MOM,ReqVel,False,False,True,False,True,False,True,False,OCM,OCM,1,MOMToOCM,True,,,,
lre,prefix,MOM,ReqHdng,False,False,True,False,True,False,True,False,OCM,OCM,1,MOMToOCM,True,,,,
lre,prefix,MOM,ReqMOM,False,False,True,False,True,False,True,False,OCM,OCM,1,MOMToOCM,True,,,,
lre,prefix,MOM,ReqOCM,False,False,True,False,True,False,True,False,OCM,OCM,2,MOMToOCM|MOMToOCM_1,True,,,,
lre,prefix,MOM,EndTask,False,False,True,False,True,False,True,False,OCM,OCM,2,MOMToOCM|MOMToOCM_2,True,,,,
lre,prefix,MOM,ReqHCM,False,False,True,False,True,False,True,False,OCM,HCM|OCM,2,MOMToOCM|MOMToHCM_1,False,,,,
lre,prefix,MOM,tick,False,False,True,False,True,False,True,False,OCM,OCM,1,MOMToOCM,True,,,,
lre,prefix,MOM,ReqVel,False,False,True,False,True,False,True,True,OCM,OCM,1,MOMToOCM,True,,,,
lre,prefix,MOM,ReqHdng,False,False,True,False,True,False,True,True,OCM,OCM,1,MOMToOCM,True,,,,
lre,prefix,MOM,ReqMOM,False,False,True,False,True,False,True,True,OCM,OCM,1,MOMToOCM,True,,,,
lre,prefix,MOM,ReqOCM,False,False,True,False,True,False,True,True,OCM,OCM,2,MOMToOCM|MOMToOCM_1,True,,,,
lre,prefix,MOM,EndTask,False,False,True,False,True,False,True,True,OCM,OCM,2,MOMToOCM|MOMToOCM_2,True,,,,
lre,prefix,MOM,ReqHCM,False,False,True,False,True,False,True,True,OCM,HCM|OCM,2,MOMToOCM|MOMToHCM_1,False,,,,
lre,prefix,MOM,tick,False,False,True,False,True,False,True,True,OCM,OCM,1,MOMToOCM,True,,,,
lre,prefix,MOM,ReqVel,False,False,True,False,True,True,False,False,OCM,OCM,1,MOMToOCM,True,,,,
lre,prefix,MOM,ReqHdng,False,False,True,False,True,True,False,False,OCM,OCM,1,MOMToOCM,True,,,,
lre,prefix,MOM,ReqMOM,False,False,True,False,True,True,False,False,OCM,OCM,1,MOMToOCM,True,,,,
lre,prefix,MOM,ReqOCM,False,False,True,False,True,True,False,False,OCM,OCM,2,MOMToOCM|MOMToOCM_1,True,,,,
lre,prefix,MOM,EndTask,False,False,True,False,True,True,False,False,OCM,OCM,2,MOMToOCM|MOMToOCM_2,True,,,,
lre,prefix,MOM,ReqHCM,False,False,True,False,True,True,False,False,OCM,HCM|OCM,2,MOMToOCM|MOMToHCM_1,False,,,,
lre,prefix,MOM,tick,False,False,True,False,True,True,False,False,OCM,OCM,1,MOMToOCM,True,,,,
lre,prefix,MOM,ReqVel,False,False,True,False,True,True,False,True,OCM,OCM,1,MOMToOCM,True,,,,
lre,prefix,MOM,ReqHdng,False,False,True,False,True,True,False,True,OCM,OCM,1,MOMToOCM,True,,,,
lre,prefix,MOM,ReqMOM,False,False,True,False,True,True,False,True,OCM,OCM,1,MOMToOCM,True,,,,
lre,prefix,MOM,ReqOCM,False,False,True,False,True,True,False,True,OCM,OCM,2,MOMToOCM|MOMToOCM_1,True,,,,
lre,prefix,MOM,EndTask,False,False,True,False,True,True,False,True,OCM,OCM,2,MOMToOCM|MOMToOCM_2,True,,,,
lre,prefix,MOM,ReqHCM,False,False,True,False,True,True,False,True,OCM,HCM|OCM,2,MOMToOCM|MOMToHCM_1,False,,,,
lre,prefix,MOM,tick,False,False,True,False,True,True,False,True,OCM,OCM,1,MOMToOCM,True,,,,
lre,prefix,MOM,ReqVel,False,False,True,False,True,True,True,False,OCM,OCM,1,MOMToOCM,True,,,,
lre,prefix,MOM,ReqHdng,False,False,True,False,True,True,True,False,OCM,OCM,1,MOMToOCM,True,,,,
lre,prefix,MOM,ReqMOM,False,False,True,False,True,True,True,False,OCM,OCM,1,MOMToOCM,True,,,,
lre,prefix,MOM,ReqOCM,False,False,True,False,True,True,True,False,OCM,OCM,2,MOMToOCM|MOMToOCM_1,True,,,,
lre,prefix,MOM,EndTask,False,False,True,False,True,True,True,False,OCM,OCM,2,MOMToOCM|MOMToOCM_2,True,,,,
lre,prefix,MOM,ReqHCM,False,False,True,False,True,True,True,False,OCM,HCM|OCM,2,MOMToOCM|MOMToHCM_1,False,,,,
lre,prefix,MOM,tick,False,False,True,False,True,True,True,False,OCM,OCM,1,MOMToOCM,True,,,,
lre,prefix,MOM,ReqVel,False,False,True,False,True,True,True,True,OCM,OCM,1,MOMToOCM,True,,,,
lre,prefix,MOM,ReqHdng,False,False,True,False,True,True,True,True,OCM,OCM,1,MOMToOCM,True,,,,
lre,prefix,MOM,ReqMOM,False,False,True,False,True,True,True,True,OCM,OCM,1,MOMToOCM,True,,,,
lre,prefix,MOM,ReqOCM,False,False,True,False,True,True,True,True,OCM,OCM,2,MOMToOCM|MOMToOCM_1,True,,,,
lre,prefix,MOM,EndTask,False,False,True,False,True,True,True,True,OCM,OCM,2,MOMToOCM|MOMToOCM_2,True,,,,
lre,prefix,MOM,ReqHCM,False,False,True,False,True,True,True,True,OCM,HCM|OCM,2,MOMToOCM|MOMToHCM_1,False,,,,
lre,prefix,MOM,tick,False,False,True,False,True,True,True,True,OCM,OCM,1,MOMToOCM,True,,,,
lre,prefix,MOM,ReqVel,False,False,True,True,False,False,False,False,OCM,OCM,1,MOMToOCM,True,,,,
lre,prefix,MOM,ReqHdng,False,False,True,True,False,False,False,False,OCM,OCM,1,MOMToOCM,True,,,,
lre,prefix,MOM,ReqMOM,False,False,True,True,False,False,False,False,OCM,OCM,1,MOMToOCM,True,,,,
lre,prefix,MOM,ReqOCM,False,False,True,True,False,False,False,False,OCM,OCM,2,MOMToOCM|MOMToOCM_1,True,,,,
lre,prefix,MOM,EndTask,False,False,True,True,False,False,False,False,OCM,OCM,2,MOMToOCM|MOMToOCM_2,True,,,,
lre,prefix,MOM,ReqHCM,False,False,True,True,False,False,False,False,OCM,HCM|OCM,2,MOMToOCM|MOMToHCM_1,False,,,,
lre,prefix,MOM,tick,False,False,True,True,False,False,False,False,OCM,OCM,1,MOMToOCM,True,,,,
lre,prefix,MOM,ReqVel,False,False,True,True,False,False,False,True,OCM,OCM,1,MOMToOCM,True,,,,
lre,prefix,MOM,ReqHdng,False,False,True,True,False,False,False,True,OCM,OCM,1,MOMToOCM,True,,,,
lre,prefix,MOM,ReqMOM,False,False,True,True,False,False,False,True,OCM,OCM,1,MOMToOCM,True,,,,
lre,prefix,MOM,ReqOCM,False,False,True,True,False,False,False,True,OCM,OCM,2,MOMToOCM|MOMToOCM_1,True,,,,
lre,prefix,MOM,EndTask,False,False,True,True,False,False,False,True,OCM,OCM,2,MOMToOCM|MOMToOCM_2,True,,,,
lre,prefix,MOM,ReqHCM,False,False,True,True,False,False,False,True,OCM,HCM|OCM,2,MOMToOCM|MOMToHCM_1,False,,,,
lre,prefix,MOM,tick,False,False,True,True,False,False,False,True,OCM,OCM,1,MOMToOCM,True,,,,
lre,prefix,MOM,ReqVel,False,False,True,True,False,False,True,False,OCM,OCM,1,MOMToOCM,True,,,,
lre,prefix,MOM,ReqHdng,False,False,True,True,False,False,True,False,OCM,OCM,1,MOMToOCM,True,,,,
lre,prefix,MOM,ReqMOM,False,False,True,True,False,False,True,False,OCM,OCM,1,MOMToOCM,True,,,,
lre,prefix,MOM,ReqOCM,False,False,True,True,False,False,True,False,OCM,OCM,2,MOMToOCM|MOMToOCM_1,True,,,,
lre,prefix,MOM,EndTask,False,False,True,True,False,False,True,False,OCM,OCM,2,MOMToOCM|MOMToOCM_2,True,,,,
lre,prefix,MOM,ReqHCM,False,False,True,True,False,False,True,False,OCM,HCM|OCM,2,MOMToOCM|MOMToHCM_1,False,,,,
lre,prefix,MOM,tick,False,False,True,True,False,False,True,False,OCM,OCM,1,MOMToOCM,True,,,,
lre,prefix,MOM,ReqVel,False,False,True,True,False,False,True,True,OCM,OCM,1,MOMToOCM,True,,,,
lre,prefix,MOM,ReqHdng,False,False,True,True,False,False,True,True,OCM,OCM,1,MOMToOCM,True,,,,
lre,prefix,MOM,ReqMOM,False,False,True,True,False,False,True,True,OCM,OCM,1,MOMToOCM,True,,,,
lre,prefix,MOM,ReqOCM,False,False,True,True,False,False,True,True,OCM,OCM,2,MOMToOCM|MOMToOCM_1,True,,,,
lre,prefix,MOM,EndTask,False,False,True,True,False,False,True,True,OCM,OCM,2,MOMToOCM|MOMToOCM_2,True,,,,
lre,prefix,MOM,ReqHCM,False,False,True,True,False,False,True,True,OCM,HCM|OCM,2,MOMToOCM|MOMToHCM_1,False,,,,
lre,prefix,MOM,tick,False,False,True,True,False,False,True,True,OCM,OCM,1,MOMToOCM,True,,,,
lre,prefix,MOM,ReqVel,False,False,True,True,False,True,False,False,OCM,OCM,1,MOMToOCM,True,,,,
lre,prefix,MOM,ReqHdng,False,False,True,True,False,True,False,False,OCM,OCM,1,MOMToOCM,True,,,,
lre,prefix,MOM,ReqMOM,False,False,True,True,False,True,False,False,OCM,OCM,1,MOMToOCM,True,,,,
lre,prefix,MOM,ReqOCM,False,False,True,True,False,True,False,False,OCM,OCM,2,MOMToOCM|MOMToOCM_1,True,,,,
lre,prefix,MOM,EndTask,False,False,True,True,False,True,False,False,OCM,OCM,2,MOMToOCM|MOMToOCM_2,True,,,,
lre,prefix,MOM,ReqHCM,False,False,True,True,False,True,False,False,OCM,HCM|OCM,2,MOMToOCM|MOMToHCM_1,False,,,,
lre,prefix,MOM,tick,False,False,True,True,False,True,False,False,OCM,OCM,1,MOMToOCM,True,,,,
lre,prefix,MOM,ReqVel,False,False,True,True,False,True,False,True,OCM,OCM,1,MOMToOCM,True,,,,
lre,prefix,MOM,ReqHdng,False,False,True,True,False,True,False,True,OCM,OCM,1,MOMToOCM,True,,,,
lre,prefix,MOM,ReqMOM,False,False,True,True,False,True,False,True,OCM,OCM,1,MOMToOCM,True,,,,
lre,prefix,MOM,ReqOCM,False,False,True,True,False,True,False,True,OCM,OCM,2,MOMToOCM|MOMToOCM_1,True,,,,
lre,prefix,MOM,EndTask,False,False,True,True,False,True,False,True,OCM,OCM,2,MOMToOCM|MOMToOCM_2,True,,,,
lre,prefix,MOM,ReqHCM,False,False,True,True,False,True,False,True,OCM,HCM|OCM,2,MOMToOCM|MOMToHCM_1,False,,,,
lre,prefix,MOM,tick,False,False,True,True,False,True,False,True,OCM,OCM,1,MOMToOCM,True,,,,
lre,prefix,MOM,ReqVel,False,False,True,True,False,True,True,False,OCM,OCM,1,MOMToOCM,True,,,,
lre,prefix,MOM,ReqHdng,False,False,True,True,False,True,True,False,OCM,OCM,1,MOMToOCM,True,,,,
lre,prefix,MOM,ReqMOM,False,False,True,True,False,True,True,False,OCM,OCM,1,MOMToOCM,True,,,,
lre,prefix,MOM,ReqOCM,False,False,True,True,False,True,True,False,OCM,OCM,2,MOMToOCM|MOMToOCM_1,True,,,,
lre,prefix,MOM,EndTask,False,False,True,True,False,True,True,False,OCM,OCM,2,MOMToOCM|MOMToOCM_2,True,,,,
lre,prefix,MOM,ReqHCM,False,False,True,True,False,True,True,False,OCM,HCM|OCM,2,MOMToOCM|MOMToHCM_1,False,,,,
lre,prefix,MOM,tick,False,False,True,True,False,True,True,False,OCM,OCM,1,MOMToOCM,True,,,,
lre,prefix,MOM,ReqVel,False,False,True,True,False,True,True,True,OCM,OCM,1,MOMToOCM,True,,,,
lre,prefix,MOM,ReqHdng,False,False,True,True,False,True,True,True,OCM,OCM,1,MOMToOCM,True,,,,
lre,prefix,MOM,ReqMOM,False,False,True,True,False,True,True,True,OCM,OCM,1,MOMToOCM,True,,,,
lre,prefix,MOM,ReqOCM,False,False,True,True,False,True,True,True,OCM,OCM,2,MOMToOCM|MOMToOCM_1,True,,,,
lre,prefix,MOM,EndTask,False,False,True,True,False,True,True,True,OCM,OCM,2,MOMToOCM|MOMToOCM_2,True,,,,
lre,prefix,MOM,ReqHCM,False,False,True,True,False,True,True,True,OCM,HCM|OCM,2,MOMToOCM|MOMToHCM_1,False,,,,
lre,prefix,MOM,tick,False,False,True,True,False,True,True,True,OCM,OCM,1,MOMToOCM,True,,,,
lre,prefix,MOM,ReqVel,False,False,True,True,True,False,False,False,OCM,OCM,1,MOMToOCM,True,,,,
lre,prefix,MOM,ReqHdng,False,False,True,True,True,False,False,False,OCM,OCM,1,MOMToOCM,True,,,,
lre,prefix,MOM,ReqMOM,False,False,True,True,True,False,False,False,OCM,OCM,1,MOMToOCM,True,,,,
lre,prefix,MOM,ReqOCM,False,False,True,True,True,False,False,False,OCM,OCM,2,MOMToOCM|MOMToOCM_1,True,,,,
lre,prefix,MOM,EndTask,False,False,True,True,True,False,False,False,OCM,OCM,2,MOMToOCM|MOMToOCM_2,True,,,,
lre,prefix,MOM,ReqHCM,False,False,True,True,True,False,False,False,OCM,HCM|OCM,2,MOMToOCM|MOMToHCM_1,False,,,,
lre,prefix,MOM,tick,False,False,True,True,True,False,False,False,OCM,OCM,1,MOMToOCM,True,,,,
lre,prefix,MOM,ReqVel,False,False,True,True,True,False,False,True,OCM,OCM,1,MOMToOCM,True,,,,
lre,prefix,MOM,ReqHdng,False,False,True,True,True,False,False,True,OCM,OCM,1,MOMToOCM,True,,,,
lre,prefix,MOM,ReqMOM,False,False,True,True,True,False,False,True,OCM,OCM,1,MOMToOCM,True,,,,
lre,prefix,MOM,ReqOCM,False,False,True,True,True,False,False,True,OCM,OCM,2,MOMToOCM|MOMToOCM_1,True,,,,
lre,prefix,MOM,EndTask,False,False,True,True,True,False,False,True,OCM,OCM,2,MOMToOCM|MOMToOCM_2,True,,,,
lre,prefix,MOM,ReqHCM,False,False,True,True,True,False,False,True,OCM,HCM|OCM,2,MOMToOCM|MOMToHCM_1,False,,,,
lre,prefix,MOM,tick,False,False,True,True,True,False,False,True,OCM,OCM,1,MOMToOCM,True,,,,
lre,prefix,MOM,ReqVel,False,False,True,True,True,False,True,False,OCM,OCM,1,MOMToOCM,True,,,,
lre,prefix,MOM,ReqHdng,False,False,True,True,True,False,True,False,OCM,OCM,1,MOMToOCM,True,,,,
lre,prefix,MOM,ReqMOM,False,False,True,True,True,False,True,False,OCM,OCM,1,MOMToOCM,True,,,,
lre,prefix,MOM,ReqOCM,False,False,True,True,True,False,True,False,OCM,OCM,2,MOMToOCM|MOMToOCM_1,True,,,,
lre,prefix,MOM,EndTask,False,False,True,True,True,False,True,False,OCM,OCM,2,MOMToOCM|MOMToOCM_2,True,,,,
lre,prefix,MOM,ReqHCM,False,False,True,True,True,False,True,False,OCM,HCM|OCM,2,MOMToOCM|MOMToHCM_1,False,,,,
lre,prefix,MOM,tick,False,False,True,True,True,False,True,False,OCM,OCM,1,MOMToOCM,True,,,,
lre,prefix,MOM,ReqVel,False,False,True,True,True,False,True,True,OCM,OCM,1,MOMToOCM,True,,,,
lre,prefix,MOM,ReqHdng,False,False,True,True,True,False,True,True,OCM,OCM,1,MOMToOCM,True,,,,
lre,prefix,MOM,ReqMOM,False,False,True,True,True,False,True,True,OCM,OCM,1,MOMToOCM,True,,,,
lre,prefix,MOM,ReqOCM,False,False,True,True,True,False,True,True,OCM,OCM,2,MOMToOCM|MOMToOCM_1,True,,,,
lre,prefix,MOM,EndTask,False,False,True,True,True,False,True,True,OCM,OCM,2,MOMToOCM|MOMToOCM_2,True,,,,
lre,prefix,MOM,ReqHCM,False,False,True,True,True,False,True,True,OCM,HCM|OCM,2,MOMToOCM|MOMToHCM_1,False,,,,
lre,prefix,MOM,tick,False,False,True,True,True,False,True,True,OCM,OCM,1,MOMToOCM,True,,,,
lre,prefix,MOM,ReqVel,False,False,True,True,True,True,False,False,OCM,OCM,1,MOMToOCM,True,,,,
lre,prefix,MOM,ReqHdng,False,False,True,True,True,True,False,False,OCM,OCM,1,MOMToOCM,True,,,,
lre,prefix,MOM,ReqMOM,False,False,True,True,True,True,False,False,OCM,OCM,1,MOMToOCM,True,,,,
lre,prefix,MOM,ReqOCM,False,False,True,True,True,True,False,False,OCM,OCM,2,MOMToOCM|MOMToOCM_1,True,,,,
lre,prefix,MOM,EndTask,False,False,True,True,True,True,False,False,OCM,OCM,2,MOMToOCM|MOMToOCM_2,True,,,,
lre,prefix,MOM,ReqHCM,False,False,True,True,True,True,False,False,OCM,HCM|OCM,2,MOMToOCM|MOMToHCM_1,False,,,,
lre,prefix,MOM,tick,False,False,True,True,True,True,False,False,OCM,OCM,1,MOMToOCM,True,,,,
lre,prefix,MOM,ReqVel,False,False,True,True,True,True,False,True,OCM,OCM,1,MOMToOCM,True,,,,
lre,prefix,MOM,ReqHdng,False,False,True,True,True,True,False,True,OCM,OCM,1,MOMToOCM,True,,,,
lre,prefix,MOM,ReqMOM,False,False,True,True,True,True,False,True,OCM,OCM,1,MOMToOCM,True,,,,
lre,prefix,MOM,ReqOCM,False,False,True,True,True,True,False,True,OCM,OCM,2,MOMToOCM|MOMToOCM_1,True,,,,
lre,prefix,MOM,EndTask,False,False,True,True,True,True,False,True,OCM,OCM,2,MOMToOCM|MOMToOCM_2,True,,,,
lre,prefix,MOM,ReqHCM,False,False,True,True,True,True,False,True,OCM,HCM|OCM,2,MOMToOCM|MOMToHCM_1,False,,,,
lre,prefix,MOM,tick,False,False,True,True,True,True,False,True,OCM,OCM,1,MOMToOCM,True,,,,
lre,prefix,MOM,ReqVel,False,False,True,True,True,True,True,False,OCM,OCM,1,MOMToOCM,True,,,,
lre,prefix,MOM,ReqHdng,False,False,True,True,True,True,True,False,OCM,OCM,1,MOMToOCM,True,,,,
lre,prefix,MOM,ReqMOM,False,False,True,True,True,True,True,False,OCM,OCM,1,MOMToOCM,True,,,,
lre,prefix,MOM,ReqOCM,False,False,True,True,True,True,True,False,OCM,OCM,2,MOMToOCM|MOMToOCM_1,True,,,,
lre,prefix,MOM,EndTask,False,False,True,True,True,True,True,False,OCM,OCM,2,MOMToOCM|MOMToOCM_2,True,,,,
lre,prefix,MOM,ReqHCM,False,False,True,True,True,True,True,False,OCM,HCM|OCM,2,MOMToOCM|MOMToHCM_1,False,,,,
lre,prefix,MOM,tick,False,False,True,True,True,True,True,False,OCM,OCM,1,MOMToOCM,True,,,,
lre,prefix,MOM,ReqVel,False,False,True,True,True,True,True,True,OCM,OCM,1,MOMToOCM,True,,,,
lre,prefix,MOM,ReqHdng,False,False,True,True,True,True,True,True,OCM,OCM,1,MOMToOCM,True,,,,
lre,prefix,MOM,ReqMOM,False,False,True,True,True,True,True,True,OCM,OCM,1,MOMToOCM,True,,,,
lre,prefix,MOM,ReqOCM,False,False,True,True,True,True,True,True,OCM,OCM,2,MOMToOCM|MOMToOCM_1,True,,,,
lre,prefix,MOM,EndTask,False,False,True,True,True,True,True,True,OCM,OCM,2,MOMToOCM|MOMToOCM_2,True,,,,
lre,prefix,MOM,ReqHCM,False,False,True,True,True,True,True,True,OCM,HCM|OCM,2,MOMToOCM|MOMToHCM_1,False,,,,
lre,prefix,MOM,tick,False,False,True,True,True,True,True,True,OCM,OCM,1,MOMToOCM,True,,,,
lre,prefix,MOM,ReqVel,False,True,False,False,False,False,False,False,HCM,HCM,1,MOMToHCM,True,,,,
lre,prefix,MOM,ReqHdng,False,True,False,False,False,False,False,False,HCM,HCM,1,MOMToHCM,True,,,,
lre,prefix,MOM,ReqMOM,False,True,False,False,False,False,False,False,HCM,HCM,1,MOMToHCM,True,,,,
lre,prefix,MOM,ReqOCM,False,True,False,False,False,False,False,False,HCM,HCM|OCM,2,MOMToHCM|MOMToOCM_1,False,,,,
lre,prefix,MOM,EndTask,False,True,False,False,False,False,False,False,HCM,HCM|OCM,2,MOMToHCM|MOMToOCM_2,False,,,,
lre,prefix,MOM,ReqHCM,False,True,False,False,False,False,False,False,HCM,HCM,2,MOMToHCM|MOMToHCM_1,True,,,,
lre,prefix,MOM,tick,False,True,False,False,False,False,False,False,HCM,HCM,1,MOMToHCM,True,,,,
lre,prefix,MOM,ReqVel,False,True,False,False,False,False,False,True,HCM,HCM,1,MOMToHCM,True,,,,
lre,prefix,MOM,ReqHdng,False,True,False,False,False,False,False,True,HCM,HCM,1,MOMToHCM,True,,,,
lre,prefix,MOM,ReqMOM,False,True,False,False,False,False,False,True,HCM,HCM,1,MOMToHCM,True,,,,
lre,prefix,MOM,ReqOCM,False,True,False,False,False,False,False,True,HCM,HCM|OCM,2,MOMToHCM|MOMToOCM_1,False,,,,
lre,prefix,MOM,EndTask,False,True,False,False,False,False,False,True,HCM,HCM|OCM,2,MOMToHCM|MOMToOCM_2,False,,,,
lre,prefix,MOM,ReqHCM,False,True,False,False,False,False,False,True,HCM,HCM,2,MOMToHCM|MOMToHCM_1,True,,,,
lre,prefix,MOM,tick,False,True,False,False,False,False,False,True,HCM,HCM,1,MOMToHCM,True,,,,
lre,prefix,MOM,ReqVel,False,True,False,False,False,False,True,False,HCM,HCM,1,MOMToHCM,True,,,,
lre,prefix,MOM,ReqHdng,False,True,False,False,False,False,True,False,HCM,HCM,1,MOMToHCM,True,,,,
lre,prefix,MOM,ReqMOM,False,True,False,False,False,False,True,False,HCM,HCM,1,MOMToHCM,True,,,,
lre,prefix,MOM,ReqOCM,False,True,False,False,False,False,True,False,HCM,HCM|OCM,2,MOMToHCM|MOMToOCM_1,False,,,,
lre,prefix,MOM,EndTask,False,True,False,False,False,False,True,False,HCM,HCM|OCM,2,MOMToHCM|MOMToOCM_2,False,,,,
lre,prefix,MOM,ReqHCM,False,True,False,False,False,False,True,False,HCM,HCM,2,MOMToHCM|MOMToHCM_1,True,,,,
lre,prefix,MOM,tick,False,True,False,False,False,False,True,False,HCM,HCM,1,MOMToHCM,True,,,,
lre,prefix,MOM,ReqVel,False,True,False,False,False,False,True,True,HCM,HCM,1,MOMToHCM,True,,,,
lre,prefix,MOM,ReqHdng,False,True,False,False,False,False,True,True,HCM,HCM,1,MOMToHCM,True,,,,
lre,prefix,MOM,ReqMOM,False,True,False,False,False,False,True,True,HCM,HCM,1,MOMToHCM,True,,,,
lre,prefix,MOM,ReqOCM,False,True,False,False,False,False,True,True,HCM,HCM|OCM,2,MOMToHCM|MOMToOCM_1,False,,,,
lre,prefix,MOM,EndTask,False,True,False,False,False,False,True,True,HCM,HCM|OCM,2,MOMToHCM|MOMToOCM_2,False,,,,
lre,prefix,MOM,ReqHCM,False,True,False,False,False,False,True,True,HCM,HCM,2,MOMToHCM|MOMToHCM_1,True,,,,
lre,prefix,MOM,tick,False,True,False,False,False,False,True,True,HCM,HCM,1,MOMToHCM,True,,,,
lre,prefix,MOM,ReqVel,False,True,False,False,False,True,False,False,HCM,HCM,1,MOMToHCM,True,,,,
lre,prefix,MOM,ReqHdng,False,True,False,False,False,True,False,False,HCM,HCM,1,MOMToHCM,True,,,,
lre,prefix,MOM,ReqMOM,False,True,False,False,False,True,False,False,HCM,HCM,1,MOMToHCM,True,,,,
lre,prefix,MOM,ReqOCM,False,True,False,False,False,True,False,False,HCM,HCM|OCM,2,MOMToHCM|MOMToOCM_1,False,,,,
lre,prefix,MOM,EndTask,False,True,False,False,False,True,False,False,HCM,HCM|OCM,2,MOMToHCM|MOMToOCM_2,False,,,,
lre,prefix,MOM,ReqHCM,False,True,False,False,False,True,False,False,HCM,HCM,2,MOMToHCM|MOMToHCM_1,True,,,,
lre,prefix,MOM,tick,False,True,False,False,False,True,False,False,HCM,HCM,1,MOMToHCM,True,,,,
lre,prefix,MOM,ReqVel,False,True,False,False,False,True,False,True,HCM,HCM,1,MOMToHCM,True,,,,
lre,prefix,MOM,ReqHdng,False,True,False,False,False,True,False,True,HCM,HCM,1,MOMToHCM,True,,,,
lre,prefix,MOM,ReqMOM,False,True,False,False,False,True,False,True,HCM,HCM,1,MOMToHCM,True,,,,
lre,prefix,MOM,ReqOCM,False,True,False,False,False,True,False,True,HCM,HCM|OCM,2,MOMToHCM|MOMToOCM_1,False,,,,
lre,prefix,MOM,EndTask,False,True,False,False,False,True,False,True,HCM,HCM|OCM,2,MOMToHCM|MOMToOCM_2,False,,,,
lre,prefix,MOM,ReqHCM,False,True,False,False,False,True,False,True,HCM,HCM,2,MOMToHCM|MOMToHCM_1,True,,,,
lre,prefix,MOM,tick,False,True,False,False,False,True,False,True,HCM,HCM,1,MOMToHCM,True,,,,
lre,prefix,MOM,ReqVel,False,True,False,False,False,True,True,False,HCM,HCM,1,MOMToHCM,True,,,,
lre,prefix,MOM,ReqHdng,False,True,False,False,False,True,True,False,HCM,HCM,1,MOMToHCM,True,,,,
lre,prefix,MOM,ReqMOM,False,True,False,False,False,True,True,False,HCM,HCM,1,MOMToHCM,True,,,,
lre,prefix,MOM,ReqOCM,False,True,False,False,False,True,True,False,HCM,HCM|OCM,2,MOMToHCM|MOMToOCM_1,False,,,,
lre,prefix,MOM,EndTask,False,True,False,False,False,True,True,False,HCM,HCM|OCM,2,MOMToHCM|MOMToOCM_2,False,,,,
lre,prefix,MOM,ReqHCM,False,True,False,False,False,True,True,False,HCM,HCM,2,MOMToHCM|MOMToHCM_1,True,,,,
lre,prefix,MOM,tick,False,True,False,False,False,True,True,False,HCM,HCM,1,MOMToHCM,True,,,,
lre,prefix,MOM,ReqVel,False,True,False,False,False,True,True,True,HCM,HCM,1,MOMToHCM,True,,,,
lre,prefix,MOM,ReqHdng,False,True,False,False,False,True,True,True,HCM,HCM,1,MOMToHCM,True,,,,
lre,prefix,MOM,ReqMOM,False,True,False,False,False,True,True,True,HCM,HCM,1,MOMToHCM,True,,,,
lre,prefix,MOM,ReqOCM,False,True,False,False,False,True,True,True,HCM,HCM|OCM,2,MOMToHCM|MOMToOCM_1,False,,,,
lre,prefix,MOM,EndTask,False,True,False,False,False,True,True,True,HCM,HCM|OCM,2,MOMToHCM|MOMToOCM_2,False,,,,
lre,prefix,MOM,ReqHCM,False,True,False,False,False,True,True,True,HCM,HCM,2,MOMToHCM|MOMToHCM_1,True,,,,
lre,prefix,MOM,tick,False,True,False,False,False,True,True,True,HCM,HCM,1,MOMToHCM,True,,,,
lre,prefix,MOM,ReqVel,False,True,False,False,True,False,False,False,HCM,HCM,1,MOMToHCM,True,,,,
lre,prefix,MOM,ReqHdng,False,True,False,False,True,False,False,False,HCM,HCM,1,MOMToHCM,True,,,,
lre,prefix,MOM,ReqMOM,False,True,False,False,True,False,False,False,HCM,HCM,1,MOMToHCM,True,,,,
lre,prefix,MOM,ReqOCM,False,True,False,False,True,False,False,False,HCM,HCM|OCM,2,MOMToHCM|MOMToOCM_1,False,,,,
lre,prefix,MOM,EndTask,False,True,False,False,True,False,False,False,HCM,HCM|OCM,2,MOMToHCM|MOMToOCM_2,False,,,,
lre,prefix,MOM,ReqHCM,False,True,False,False,True,False,False,False,HCM,HCM,2,MOMToHCM|MOMToHCM_1,True,,,,
lre,prefix,MOM,tick,False,True,False,False,True,False,False,False,HCM,HCM,1,MOMToHCM,True,,,,
lre,prefix,MOM,ReqVel,False,True,False,False,True,False,False,True,HCM,HCM,1,MOMToHCM,True,,,,
lre,prefix,MOM,ReqHdng,False,True,False,False,True,False,False,True,HCM,HCM,1,MOMToHCM,True,,,,
lre,prefix,MOM,ReqMOM,False,True,False,False,True,False,False,True,HCM,HCM,1,MOMToHCM,True,,,,
lre,prefix,MOM,ReqOCM,False,True,False,False,True,False,False,True,HCM,HCM|OCM,2,MOMToHCM|MOMToOCM_1,False,,,,
lre,prefix,MOM,EndTask,False,True,False,False,True,False,False,True,HCM,HCM|OCM,2,MOMToHCM|MOMToOCM_2,False,,,,
lre,prefix,MOM,ReqHCM,False,True,False,False,True,False,False,True,HCM,HCM,2,MOMToHCM|MOMToHCM_1,True,,,,
lre,prefix,MOM,tick,False,True,False,False,True,False,False,True,HCM,HCM,1,MOMToHCM,True,,,,
lre,prefix,MOM,ReqVel,False,True,False,False,True,False,True,False,HCM,HCM,1,MOMToHCM,True,,,,
lre,prefix,MOM,ReqHdng,False,True,False,False,True,False,True,False,HCM,HCM,1,MOMToHCM,True,,,,
lre,prefix,MOM,ReqMOM,False,True,False,False,True,False,True,False,HCM,HCM,1,MOMToHCM,True,,,,
lre,prefix,MOM,ReqOCM,False,True,False,False,True,False,True,False,HCM,HCM|OCM,2,MOMToHCM|MOMToOCM_1,False,,,,
lre,prefix,MOM,EndTask,False,True,False,False,True,False,True,False,HCM,HCM|OCM,2,MOMToHCM|MOMToOCM_2,False,,,,
lre,prefix,MOM,ReqHCM,False,True,False,False,True,False,True,False,HCM,HCM,2,MOMToHCM|MOMToHCM_1,True,,,,
lre,prefix,MOM,tick,False,True,False,False,True,False,True,False,HCM,HCM,1,MOMToHCM,True,,,,
lre,prefix,MOM,ReqVel,False,True,False,False,True,False,True,True,HCM,HCM,1,MOMToHCM,True,,,,
lre,prefix,MOM,ReqHdng,False,True,False,False,True,False,True,True,HCM,HCM,1,MOMToHCM,True,,,,
lre,prefix,MOM,ReqMOM,False,True,False,False,True,False,True,True,HCM,HCM,1,MOMToHCM,True,,,,
lre,prefix,MOM,ReqOCM,False,True,False,False,True,False,True,True,HCM,HCM|OCM,2,MOMToHCM|MOMToOCM_1,False,,,,
lre,prefix,MOM,EndTask,False,True,False,False,True,False,True,True,HCM,HCM|OCM,2,MOMToHCM|MOMToOCM_2,False,,,,
lre,prefix,MOM,ReqHCM,False,True,False,False,True,False,True,True,HCM,HCM,2,MOMToHCM|MOMToHCM_1,True,,,,
lre,prefix,MOM,tick,False,True,False,False,True,False,True,True,HCM,HCM,1,MOMToHCM,True,,,,
lre,prefix,MOM,ReqVel,False,True,False,False,True,True,False,False,HCM,HCM,1,MOMToHCM,True,,,,
lre,prefix,MOM,ReqHdng,False,True,False,False,True,True,False,False,HCM,HCM,1,MOMToHCM,True,,,,
lre,prefix,MOM,ReqMOM,False,True,False,False,True,True,False,False,HCM,HCM,1,MOMToHCM,True,,,,
lre,prefix,MOM,ReqOCM,False,True,False,False,True,True,False,False,HCM,HCM|OCM,2,MOMToHCM|MOMToOCM_1,False,,,,
lre,prefix,MOM,EndTask,False,True,False,False,True,True,False,False,HCM,HCM|OCM,2,MOMToHCM|MOMToOCM_2,False,,,,
lre,prefix,MOM,ReqHCM,False,True,False,False,True,True,False,False,HCM,HCM,2,MOMToHCM|MOMToHCM_1,True,,,,
lre,prefix,MOM,tick,False,True,False,False,True,True,False,False,HCM,HCM,1,MOMToHCM,True,,,,
lre,prefix,MOM,ReqVel,False,True,False,False,True,True,False,True,HCM,HCM,1,MOMToHCM,True,,,,
lre,prefix,MOM,ReqHdng,False,True,False,False,True,True,False,True,HCM,HCM,1,MOMToHCM,True,,,,
lre,prefix,MOM,ReqMOM,False,True,False,False,True,True,False,True,HCM,HCM,1,MOMToHCM,True,,,,
lre,prefix,MOM,ReqOCM,False,True,False,False,True,True,False,True,HCM,HCM|OCM,2,MOMToHCM|MOMToOCM_1,False,,,,
lre,prefix,MOM,EndTask,False,True,False,False,True,True,False,True,HCM,HCM|OCM,2,MOMToHCM|MOMToOCM_2,False,,,,
lre,prefix,MOM,ReqHCM,False,True,False,False,True,True,False,True,HCM,HCM,2,MOMToHCM|MOMToHCM_1,True,,,,
lre,prefix,MOM,tick,False,True,False,False,True,True,False,True,HCM,HCM,1,MOMToHCM,True,,,,
lre,prefix,MOM,ReqVel,False,True,False,False,True,True,True,False,HCM,HCM,1,MOMToHCM,True,,,,
lre,prefix,MOM,ReqHdng,False,True,False,False,True,True,True,False,HCM,HCM,1,MOMToHCM,True,,,,
lre,prefix,MOM,ReqMOM,False,True,False,False,True,True,True,False,HCM,HCM,1,MOMToHCM,True,,,,
lre,prefix,MOM,ReqOCM,False,True,False,False,True,True,True,False,HCM,HCM|OCM,2,MOMToHCM|MOMToOCM_1,False,,,,
lre,prefix,MOM,EndTask,False,True,False,False,True,True,True,False,HCM,HCM|OCM,2,MOMToHCM|MOMToOCM_2,False,,,,
lre,prefix,MOM,ReqHCM,False,True,False,False,True,True,True,False,HCM,HCM,2,MOMToHCM|MOMToHCM_1,True,,,,
lre,prefix,MOM,tick,False,True,False,False,True,True,True,False,HCM,HCM,1,MOMToHCM,True,,,,
lre,prefix,MOM,ReqVel,False,True,False,False,True,True,True,True,HCM,HCM,1,MOMToHCM,True,,,,
lre,prefix,MOM,ReqHdng,False,True,False,False,True,True,True,True,HCM,HCM,1,MOMToHCM,True,,,,
lre,prefix,MOM,ReqMOM,False,True,False,False,True,True,True,True,HCM,HCM,1,MOMToHCM,True,,,,
lre,prefix,MOM,ReqOCM,False,True,False,False,True,True,True,True,HCM,HCM|OCM,2,MOMToHCM|MOMToOCM_1,False,,,,
lre,prefix,MOM,EndTask,False,True,False,False,True,True,True,True,HCM,HCM|OCM,2,MOMToHCM|MOMToOCM_2,False,,,,
lre,prefix,MOM,ReqHCM,False,True,False,False,True,True,True,True,HCM,HCM,2,MOMToHCM|MOMToHCM_1,True,,,,
lre,prefix,MOM,tick,False,True,False,False,True,True,True,True,HCM,HCM,1,MOMToHCM,True,,,,
lre,prefix,MOM,ReqVel,False,True,False,True,False,False,False,False,HCM,HCM,1,MOMToHCM,True,,,,
lre,prefix,MOM,ReqHdng,False,True,False,True,False,False,False,False,HCM,HCM,1,MOMToHCM,True,,,,
lre,prefix,MOM,ReqMOM,False,True,False,True,False,False,False,False,HCM,HCM,1,MOMToHCM,True,,,,
lre,prefix,MOM,ReqOCM,False,True,False,True,False,False,False,False,HCM,HCM|OCM,2,MOMToHCM|MOMToOCM_1,False,,,,
lre,prefix,MOM,EndTask,False,True,False,True,False,False,False,False,HCM,HCM|OCM,2,MOMToHCM|MOMToOCM_2,False,,,,
lre,prefix,MOM,ReqHCM,False,True,False,True,False,False,False,False,HCM,HCM,2,MOMToHCM|MOMToHCM_1,True,,,,
lre,prefix,MOM,tick,False,True,False,True,False,False,False,False,HCM,HCM,1,MOMToHCM,True,,,,
lre,prefix,MOM,ReqVel,False,True,False,True,False,False,False,True,HCM,HCM,1,MOMToHCM,True,,,,
lre,prefix,MOM,ReqHdng,False,True,False,True,False,False,False,True,HCM,HCM,1,MOMToHCM,True,,,,
lre,prefix,MOM,ReqMOM,False,True,False,True,False,False,False,True,HCM,HCM,1,MOMToHCM,True,,,,
lre,prefix,MOM,ReqOCM,False,True,False,True,False,False,False,True,HCM,HCM|OCM,2,MOMToHCM|MOMToOCM_1,False,,,,
lre,prefix,MOM,EndTask,False,True,False,True,False,False,False,True,HCM,HCM|OCM,2,MOMToHCM|MOMToOCM_2,False,,,,
lre,prefix,MOM,ReqHCM,False,True,False,True,False,False,False,True,HCM,HCM,2,MOMToHCM|MOMToHCM_1,True,,,,
lre,prefix,MOM,tick,False,True,False,True,False,False,False,True,HCM,HCM,1,MOMToHCM,True,,,,
lre,prefix,MOM,ReqVel,False,True,False,True,False,False,True,False,HCM,HCM,1,MOMToHCM,True,,,,
lre,prefix,MOM,ReqHdng,False,True,False,True,False,False,True,False,HCM,HCM,1,MOMToHCM,True,,,,
lre,prefix,MOM,ReqMOM,False,True,False,True,False,False,True,False,HCM,HCM,1,MOMToHCM,True,,,,
lre,prefix,MOM,ReqOCM,False,True,False,True,False,False,True,False,HCM,HCM|OCM,2,MOMToHCM|MOMToOCM_1,False,,,,
lre,prefix,MOM,EndTask,False,True,False,True,False,False,True,False,HCM,HCM|OCM,2,MOMToHCM|MOMToOCM_2,False,,,,
lre,prefix,MOM,ReqHCM,False,True,False,True,False,False,True,False,HCM,HCM,2,MOMToHCM|MOMToHCM_1,True,,,,
lre,prefix,MOM,tick,False,True,False,True,False,False,True,False,HCM,HCM,1,MOMToHCM,True,,,,
lre,prefix,MOM,ReqVel,False,True,False,True,False,False,True,True,HCM,HCM,1,MOMToHCM,True,,,,
lre,prefix,MOM,ReqHdng,False,True,False,True,False,False,True,True,HCM,HCM,1,MOMToHCM,True,,,,
lre,prefix,MOM,ReqMOM,False,True,False,True,False,False,True,True,HCM,HCM,1,MOMToHCM,True,,,,
lre,prefix,MOM,ReqOCM,False,True,False,True,False,False,True,True,HCM,HCM|OCM,2,MOMToHCM|MOMToOCM_1,False,,,,
lre,prefix,MOM,EndTask,False,True,False,True,False,False,True,True,HCM,HCM|OCM,2,MOMToHCM|MOMToOCM_2,False,,,,
lre,prefix,MOM,ReqHCM,False,True,False,True,False,False,True,True,HCM,HCM,2,MOMToHCM|MOMToHCM_1,True,,,,
lre,prefix,MOM,tick,False,True,False,True,False,False,True,True,HCM,HCM,1,MOMToHCM,True,,,,
lre,prefix,MOM,ReqVel,False,True,False,True,False,True,False,False,HCM,HCM,1,MOMToHCM,True,,,,
lre,prefix,MOM,ReqHdng,False,True,False,True,False,True,False,False,HCM,HCM,1,MOMToHCM,True,,,,
lre,prefix,MOM,ReqMOM,False,True,False,True,False,True,False,False,HCM,HCM,1,MOMToHCM,True,,,,
lre,prefix,MOM,ReqOCM,False,True,False,True,False,True,False,False,HCM,HCM|OCM,2,MOMToHCM|MOMToOCM_1,False,,,,
lre,prefix,MOM,EndTask,False,True,False,True,False,True,False,False,HCM,HCM|OCM,2,MOMToHCM|MOMToOCM_2,False,,,,
lre,prefix,MOM,ReqHCM,False,True,False,True,False,True,False,False,HCM,HCM,2,MOMToHCM|MOMToHCM_1,True,,,,
lre,prefix,MOM,tick,False,True,False,True,False,True,False,False,HCM,HCM,1,MOMToHCM,True,,,,
lre,prefix,MOM,ReqVel,False,True,False,True,False,True,False,True,HCM,HCM,1,MOMToHCM,True,,,,
lre,prefix,MOM,ReqHdng,False,True,False,True,False,True,False,True,HCM,HCM,1,MOMToHCM,True,,,,
lre,prefix,MOM,ReqMOM,False,True,False,True,False,True,False,True,HCM,HCM,1,MOMToHCM,True,,,,
lre,prefix,MOM,ReqOCM,False,True,False,True,False,True,False,True,HCM,HCM|OCM,2,MOMToHCM|MOMToOCM_1,False,,,,
lre,prefix,MOM,EndTask,False,True,False,True,False,True,False,True,HCM,HCM|OCM,2,MOMToHCM|MOMToOCM_2,False,,,,
lre,prefix,MOM,ReqHCM,False,True,False,True,False,True,False,True,HCM,HCM,2,MOMToHCM|MOMToHCM_1,True,,,,
lre,prefix,MOM,tick,False,True,False,True,False,True,False,True,HCM,HCM,1,MOMToHCM,True,,,,
lre,prefix,MOM,ReqVel,False,True,False,True,False,True,True,False,HCM,HCM,1,MOMToHCM,True,,,,
lre,prefix,MOM,ReqHdng,False,True,False,True,False,True,True,False,HCM,HCM,1,MOMToHCM,True,,,,
lre,prefix,MOM,ReqMOM,False,True,False,True,False,True,True,False,HCM,HCM,1,MOMToHCM,True,,,,
lre,prefix,MOM,ReqOCM,False,True,False,True,False,True,True,False,HCM,HCM|OCM,2,MOMToHCM|MOMToOCM_1,False,,,,
lre,prefix,MOM,EndTask,False,True,False,True,False,True,True,False,HCM,HCM|OCM,2,MOMToHCM|MOMToOCM_2,False,,,,
lre,prefix,MOM,ReqHCM,False,True,False,True,False,True,True,False,HCM,HCM,2,MOMToHCM|MOMToHCM_1,True,,,,
lre,prefix,MOM,tick,False,True,False,True,False,True,True,False,HCM,HCM,1,MOMToHCM,True,,,,
lre,prefix,MOM,ReqVel,False,True,False,True,False,True,True,True,HCM,HCM,1,MOMToHCM,True,,,,
lre,prefix,MOM,ReqHdng,False,True,False,True,False,True,True,True,HCM,HCM,1,MOMToHCM,True,,,,
lre,prefix,MOM,ReqMOM,False,True,False,True,False,True,True,True,HCM,HCM,1,MOMToHCM,True,,,,
lre,prefix,MOM,ReqOCM,False,True,False,True,False,True,True,True,HCM,HCM|OCM,2,MOMToHCM|MOMToOCM_1,False,,,,
lre,prefix,MOM,EndTask,False,True,False,True,False,True,True,True,HCM,HCM|OCM,2,MOMToHCM|MOMToOCM_2,False,,,,
lre,prefix,MOM,ReqHCM,False,True,False,True,False,True,True,True,HCM,HCM,2,MOMToHCM|MOMToHCM_1,True,,,,
lre,prefix,MOM,tick,False,True,False,True,False,True,True,True,HCM,HCM,1,MOMToHCM,True,,,,
lre,prefix,MOM,ReqVel,False,True,False,True,True,False,False,False,HCM,HCM,1,MOMToHCM,True,,,,
lre,prefix,MOM,ReqHdng,False,True,False,True,True,False,False,False,HCM,HCM,1,MOMToHCM,True,,,,
lre,prefix,MOM,ReqMOM,False,True,False,True,True,False,False,False,HCM,HCM,1,MOMToHCM,True,,,,
lre,prefix,MOM,ReqOCM,False,True,False,True,True,False,False,False,HCM,HCM|OCM,2,MOMToHCM|MOMToOCM_1,False,,,,
lre,prefix,MOM,EndTask,False,True,False,True,True,False,False,False,HCM,HCM|OCM,2,MOMToHCM|MOMToOCM_2,False,,,,
lre,prefix,MOM,ReqHCM,False,True,False,True,True,False,False,False,HCM,HCM,2,MOMToHCM|MOMToHCM_1,True,,,,
lre,prefix,MOM,tick,False,True,False,True,True,False,False,False,HCM,HCM,1,MOMToHCM,True,,,,
lre,prefix,MOM,ReqVel,False,True,False,True,True,False,False,True,HCM,HCM,1,MOMToHCM,True,,,,
lre,prefix,MOM,ReqHdng,False,True,False,True,True,False,False,True,HCM,HCM,1,MOMToHCM,True,,,,
lre,prefix,MOM,ReqMOM,False,True,False,True,True,False,False,True,HCM,HCM,1,MOMToHCM,True,,,,
lre,prefix,MOM,ReqOCM,False,True,False,True,True,False,False,True,HCM,HCM|OCM,2,MOMToHCM|MOMToOCM_1,False,,,,
lre,prefix,MOM,EndTask,False,True,False,True,True,False,False,True,HCM,HCM|OCM,2,MOMToHCM|MOMToOCM_2,False,,,,
lre,prefix,MOM,ReqHCM,False,True,False,True,True,False,False,True,HCM,HCM,2,MOMToHCM|MOMToHCM_1,True,,,,
lre,prefix,MOM,tick,False,True,False,True,True,False,False,True,HCM,HCM,1,MOMToHCM,True,,,,
lre,prefix,MOM,ReqVel,False,True,False,True,True,False,True,False,HCM,HCM,1,MOMToHCM,True,,,,
lre,prefix,MOM,ReqHdng,False,True,False,True,True,False,True,False,HCM,HCM,1,MOMToHCM,True,,,,
lre,prefix,MOM,ReqMOM,False,True,False,True,True,False,True,False,HCM,HCM,1,MOMToHCM,True,,,,
lre,prefix,MOM,ReqOCM,False,True,False,True,True,False,True,False,HCM,HCM|OCM,2,MOMToHCM|MOMToOCM_1,False,,,,
lre,prefix,MOM,EndTask,False,True,False,True,True,False,True,False,HCM,HCM|OCM,2,MOMToHCM|MOMToOCM_2,False,,,,
lre,prefix,MOM,ReqHCM,False,True,False,True,True,False,True,False,HCM,HCM,2,MOMToHCM|MOMToHCM_1,True,,,,
lre,prefix,MOM,tick,False,True,False,True,True,False,True,False,HCM,HCM,1,MOMToHCM,True,,,,
lre,prefix,MOM,ReqVel,False,True,False,True,True,False,True,True,HCM,HCM,1,MOMToHCM,True,,,,
lre,prefix,MOM,ReqHdng,False,True,False,True,True,False,True,True,HCM,HCM,1,MOMToHCM,True,,,,
lre,prefix,MOM,ReqMOM,False,True,False,True,True,False,True,True,HCM,HCM,1,MOMToHCM,True,,,,
lre,prefix,MOM,ReqOCM,False,True,False,True,True,False,True,True,HCM,HCM|OCM,2,MOMToHCM|MOMToOCM_1,False,,,,
lre,prefix,MOM,EndTask,False,True,False,True,True,False,True,True,HCM,HCM|OCM,2,MOMToHCM|MOMToOCM_2,False,,,,
lre,prefix,MOM,ReqHCM,False,True,False,True,True,False,True,True,HCM,HCM,2,MOMToHCM|MOMToHCM_1,True,,,,
lre,prefix,MOM,tick,False,True,False,True,True,False,True,True,HCM,HCM,1,MOMToHCM,True,,,,
lre,prefix,MOM,ReqVel,False,True,False,True,True,True,False,False,HCM,HCM,1,MOMToHCM,True,,,,
lre,prefix,MOM,ReqHdng,False,True,False,True,True,True,False,False,HCM,HCM,1,MOMToHCM,True,,,,
lre,prefix,MOM,ReqMOM,False,True,False,True,True,True,False,False,HCM,HCM,1,MOMToHCM,True,,,,
lre,prefix,MOM,ReqOCM,False,True,False,True,True,True,False,False,HCM,HCM|OCM,2,MOMToHCM|MOMToOCM_1,False,,,,
lre,prefix,MOM,EndTask,False,True,False,True,True,True,False,False,HCM,HCM|OCM,2,MOMToHCM|MOMToOCM_2,False,,,,
lre,prefix,MOM,ReqHCM,False,True,False,True,True,True,False,False,HCM,HCM,2,MOMToHCM|MOMToHCM_1,True,,,,
lre,prefix,MOM,tick,False,True,False,True,True,True,False,False,HCM,HCM,1,MOMToHCM,True,,,,
lre,prefix,MOM,ReqVel,False,True,False,True,True,True,False,True,HCM,HCM,1,MOMToHCM,True,,,,
lre,prefix,MOM,ReqHdng,False,True,False,True,True,True,False,True,HCM,HCM,1,MOMToHCM,True,,,,
lre,prefix,MOM,ReqMOM,False,True,False,True,True,True,False,True,HCM,HCM,1,MOMToHCM,True,,,,
lre,prefix,MOM,ReqOCM,False,True,False,True,True,True,False,True,HCM,HCM|OCM,2,MOMToHCM|MOMToOCM_1,False,,,,
lre,prefix,MOM,EndTask,False,True,False,True,True,True,False,True,HCM,HCM|OCM,2,MOMToHCM|MOMToOCM_2,False,,,,
lre,prefix,MOM,ReqHCM,False,True,False,True,True,True,False,True,HCM,HCM,2,MOMToHCM|MOMToHCM_1,True,,,,
lre,prefix,MOM,tick,False,True,False,True,True,True,False,True,HCM,HCM,1,MOMToHCM,True,,,,
lre,prefix,MOM,ReqVel,False,True,False,True,True,True,True,False,HCM,HCM,1,MOMToHCM,True,,,,
lre,prefix,MOM,ReqHdng,False,True,False,True,True,True,True,False,HCM,HCM,1,MOMToHCM,True,,,,
lre,prefix,MOM,ReqMOM,False,True,False,True,True,True,True,False,HCM,HCM,1,MOMToHCM,True,,,,
lre,prefix,MOM,ReqOCM,False,True,False,True,True,True,True,False,HCM,HCM|OCM,2,MOMToHCM|MOMToOCM_1,False,,,,
lre,prefix,MOM,EndTask,False,True,False,True,True,True,True,False,HCM,HCM|OCM,2,MOMToHCM|MOMToOCM_2,False,,,,
lre,prefix,MOM,ReqHCM,False,True,False,True,True,True,True,False,HCM,HCM,2,MOMToHCM|MOMToHCM_1,True,,,,
lre,prefix,MOM,tick,False,True,False,True,True,True,True,False,HCM,HCM,1,MOMToHCM,True,,,,
lre,prefix,MOM,ReqVel,False,True,False,True,True,True,True,True,HCM,HCM,1,MOMToHCM,True,,,,
lre,prefix,MOM,ReqHdng,False,True,False,True,True,True,True,True,HCM,HCM,1,MOMToHCM,True,,,,
lre,prefix,MOM,ReqMOM,False,True,False,True,True,True,True,True,HCM,HCM,1,MOMToHCM,True,,,,
lre,prefix,MOM,ReqOCM,False,True,False,True,True,True,True,True,HCM,HCM|OCM,2,MOMToHCM|MOMToOCM_1,False,,,,
lre,prefix,MOM,EndTask,False,True,False,True,True,True,True,True,HCM,HCM|OCM,2,MOMToHCM|MOMToOCM_2,False,,,,
lre,prefix,MOM,ReqHCM,False,True,False,True,True,True,True,True,HCM,HCM,2,MOMToHCM|MOMToHCM_1,True,,,,
lre,prefix,MOM,tick,False,True,False,True,True,True,True,True,HCM,HCM,1,MOMToHCM,True,,,,
lre,prefix,MOM,ReqVel,False,True,True,False,False,False,False,False,HCM,HCM,1,MOMToHCM,True,,,,
lre,prefix,MOM,ReqHdng,False,True,True,False,False,False,False,False,HCM,HCM,1,MOMToHCM,True,,,,
lre,prefix,MOM,ReqMOM,False,True,True,False,False,False,False,False,HCM,HCM,1,MOMToHCM,True,,,,
lre,prefix,MOM,ReqOCM,False,True,True,False,False,False,False,False,HCM,HCM|OCM,2,MOMToHCM|MOMToOCM_1,False,,,,
lre,prefix,MOM,EndTask,False,True,True,False,False,False,False,False,HCM,HCM|OCM,2,MOMToHCM|MOMToOCM_2,False,,,,
lre,prefix,MOM,ReqHCM,False,True,True,False,False,False,False,False,HCM,HCM,2,MOMToHCM|MOMToHCM_1,True,,,,
lre,prefix,MOM,tick,False,True,True,False,False,False,False,False,HCM,HCM,1,MOMToHCM,True,,,,
lre,prefix,MOM,ReqVel,False,True,True,False,False,False,False,True,HCM,HCM,1,MOMToHCM,True,,,,
lre,prefix,MOM,ReqHdng,False,True,True,False,False,False,False,True,HCM,HCM,1,MOMToHCM,True,,,,
lre,prefix,MOM,ReqMOM,False,True,True,False,False,False,False,True,HCM,HCM,1,MOMToHCM,True,,,,
lre,prefix,MOM,ReqOCM,False,True,True,False,False,False,False,True,HCM,HCM|OCM,2,MOMToHCM|MOMToOCM_1,False,,,,
lre,prefix,MOM,EndTask,False,True,True,False,False,False,False,True,HCM,HCM|OCM,2,MOMToHCM|MOMToOCM_2,False,,,,
lre,prefix,MOM,ReqHCM,False,True,True,False,False,False,False,True,HCM,HCM,2,MOMToHCM|MOMToHCM_1,True,,,,
lre,prefix,MOM,tick,False,True,True,False,False,False,False,True,HCM,HCM,1,MOMToHCM,True,,,,
lre,prefix,MOM,ReqVel,False,True,True,False,False,False,True,False,HCM,HCM,1,MOMToHCM,True,,,,
lre,prefix,MOM,ReqHdng,False,True,True,False,False,False,True,False,HCM,HCM,1,MOMToHCM,True,,,,
lre,prefix,MOM,ReqMOM,False,True,True,False,False,False,True,False,HCM,HCM,1,MOMToHCM,True,,,,
lre,prefix,MOM,ReqOCM,False,True,True,False,False,False,True,False,HCM,HCM|OCM,2,MOMToHCM|MOMToOCM_1,False,,,,
lre,prefix,MOM,EndTask,False,True,True,False,False,False,True,False,HCM,HCM|OCM,2,MOMToHCM|MOMToOCM_2,False,,,,
lre,prefix,MOM,ReqHCM,False,True,True,False,False,False,True,False,HCM,HCM,2,MOMToHCM|MOMToHCM_1,True,,,,
lre,prefix,MOM,tick,False,True,True,False,False,False,True,False,HCM,HCM,1,MOMToHCM,True,,,,
lre,prefix,MOM,ReqVel,False,True,True,False,False,False,True,True,HCM,HCM,1,MOMToHCM,True,,,,
lre,prefix,MOM,ReqHdng,False,True,True,False,False,False,True,True,HCM,HCM,1,MOMToHCM,True,,,,
lre,prefix,MOM,ReqMOM,False,True,True,False,False,False,True,True,HCM,HCM,1,MOMToHCM,True,,,,
lre,prefix,MOM,ReqOCM,False,True,True,False,False,False,True,True,HCM,HCM|OCM,2,MOMToHCM|MOMToOCM_1,False,,,,
lre,prefix,MOM,EndTask,False,True,True,False,False,False,True,True,HCM,HCM|OCM,2,MOMToHCM|MOMToOCM_2,False,,,,
lre,prefix,MOM,ReqHCM,False,True,True,False,False,False,True,True,HCM,HCM,2,MOMToHCM|MOMToHCM_1,True,,,,
lre,prefix,MOM,tick,False,True,True,False,False,False,True,True,HCM,HCM,1,MOMToHCM,True,,,,
lre,prefix,MOM,ReqVel,False,True,True,False,False,True,False,False,HCM,HCM,1,MOMToHCM,True,,,,
lre,prefix,MOM,ReqHdng,False,True,True,False,False,True,False,False,HCM,HCM,1,MOMToHCM,True,,,,
lre,prefix,MOM,ReqMOM,False,True,True,False,False,True,False,False,HCM,HCM,1,MOMToHCM,True,,,,
lre,prefix,MOM,ReqOCM,False,True,True,False,False,True,False,False,HCM,HCM|OCM,2,MOMToHCM|MOMToOCM_1,False,,,,
lre,prefix,MOM,EndTask,False,True,True,False,False,True,False,False,HCM,HCM|OCM,2,MOMToHCM|MOMToOCM_2,False,,,,
lre,prefix,MOM,ReqHCM,False,True,True,False,False,True,False,False,HCM,HCM,2,MOMToHCM|MOMToHCM_1,True,,,,
lre,prefix,MOM,tick,False,True,True,False,False,True,False,False,HCM,HCM,1,MOMToHCM,True,,,,
lre,prefix,MOM,ReqVel,False,True,True,False,False,True,False,True,HCM,HCM,1,MOMToHCM,True,,,,
lre,prefix,MOM,ReqHdng,False,True,True,False,False,True,False,True,HCM,HCM,1,MOMToHCM,True,,,,
lre,prefix,MOM,ReqMOM,False,True,True,False,False,True,False,True,HCM,HCM,1,MOMToHCM,True,,,,
lre,prefix,MOM,ReqOCM,False,True,True,False,False,True,False,True,HCM,HCM|OCM,2,MOMToHCM|MOMToOCM_1,False,,,,
lre,prefix,MOM,EndTask,False,True,True,False,False,True,False,True,HCM,HCM|OCM,2,MOMToHCM|MOMToOCM_2,False,,,,
lre,prefix,MOM,ReqHCM,False,True,True,False,False,True,False,True,HCM,HCM,2,MOMToHCM|MOMToHCM_1,True,,,,
lre,prefix,MOM,tick,False,True,True,False,False,True,False,True,HCM,HCM,1,MOMToHCM,True,,,,
lre,prefix,MOM,ReqVel,False,True,True,False,False,True,True,False,HCM,HCM,1,MOMToHCM,True,,,,
lre,prefix,MOM,ReqHdng,False,True,True,False,False,True,True,False,HCM,HCM,1,MOMToHCM,True,,,,
lre,prefix,MOM,ReqMOM,False,True,True,False,False,True,True,False,HCM,HCM,1,MOMToHCM,True,,,,
lre,prefix,MOM,ReqOCM,False,True,True,False,False,True,True,False,HCM,HCM|OCM,2,MOMToHCM|MOMToOCM_1,False,,,,
lre,prefix,MOM,EndTask,False,True,True,False,False,True,True,False,HCM,HCM|OCM,2,MOMToHCM|MOMToOCM_2,False,,,,
lre,prefix,MOM,ReqHCM,False,True,True,False,False,True,True,False,HCM,HCM,2,MOMToHCM|MOMToHCM_1,True,,,,
lre,prefix,MOM,tick,False,True,True,False,False,True,True,False,HCM,HCM,1,MOMToHCM,True,,,,
lre,prefix,MOM,ReqVel,False,True,True,False,False,True,True,True,HCM,HCM,1,MOMToHCM,True,,,,
lre,prefix,MOM,ReqHdng,False,True,True,False,False,True,True,True,HCM,HCM,1,MOMToHCM,True,,,,
lre,prefix,MOM,ReqMOM,False,True,True,False,False,True,True,True,HCM,HCM,1,MOMToHCM,True,,,,
lre,prefix,MOM,ReqOCM,False,True,True,False,False,True,True,True,HCM,HCM|OCM,2,MOMToHCM|MOMToOCM_1,False,,,,
lre,prefix,MOM,EndTask,False,True,True,False,False,True,True,True,HCM,HCM|OCM,2,MOMToHCM|MOMToOCM_2,False,,,,
lre,prefix,MOM,ReqHCM,False,True,True,False,False,True,True,True,HCM,HCM,2,MOMToHCM|MOMToHCM_1,True,,,,
lre,prefix,MOM,tick,False,True,True,False,False,True,True,True,HCM,HCM,1,MOMToHCM,True,,,,
lre,prefix,MOM,ReqVel,False,True,True,False,True,False,False,False,HCM,HCM,1,MOMToHCM,True,,,,
lre,prefix,MOM,ReqHdng,False,True,True,False,True,False,False,False,HCM,HCM,1,MOMToHCM,True,,,,
lre,prefix,MOM,ReqMOM,False,True,True,False,True,False,False,False,HCM,HCM,1,MOMToHCM,True,,,,
lre,prefix,MOM,ReqOCM,False,True,True,False,True,False,False,False,HCM,HCM|OCM,2,MOMToHCM|MOMToOCM_1,False,,,,
lre,prefix,MOM,EndTask,False,True,True,False,True,False,False,False,HCM,HCM|OCM,2,MOMToHCM|MOMToOCM_2,False,,,,
lre,prefix,MOM,ReqHCM,False,True,True,False,True,False,False,False,HCM,HCM,2,MOMToHCM|MOMToHCM_1,True,,,,
lre,prefix,MOM,tick,False,True,True,False,True,False,False,False,HCM,HCM,1,MOMToHCM,True,,,,
lre,prefix,MOM,ReqVel,False,True,True,False,True,False,False,True,HCM,HCM,1,MOMToHCM,True,,,,
lre,prefix,MOM,ReqHdng,False,True,True,False,True,False,False,True,HCM,HCM,1,MOMToHCM,True,,,,
lre,prefix,MOM,ReqMOM,False,True,True,False,True,False,False,True,HCM,HCM,1,MOMToHCM,True,,,,
lre,prefix,MOM,ReqOCM,False,True,True,False,True,False,False,True,HCM,HCM|OCM,2,MOMToHCM|MOMToOCM_1,False,,,,
lre,prefix,MOM,EndTask,False,True,True,False,True,False,False,True,HCM,HCM|OCM,2,MOMToHCM|MOMToOCM_2,False,,,,
lre,prefix,MOM,ReqHCM,False,True,True,False,True,False,False,True,HCM,HCM,2,MOMToHCM|MOMToHCM_1,True,,,,
lre,prefix,MOM,tick,False,True,True,False,True,False,False,True,HCM,HCM,1,MOMToHCM,True,,,,
lre,prefix,MOM,ReqVel,False,True,True,False,True,False,True,False,HCM,HCM,1,MOMToHCM,True,,,,
lre,prefix,MOM,ReqHdng,False,True,True,False,True,False,True,False,HCM,HCM,1,MOMToHCM,True,,,,
lre,prefix,MOM,ReqMOM,False,True,True,False,True,False,True,False,HCM,HCM,1,MOMToHCM,True,,,,
lre,prefix,MOM,ReqOCM,False,True,True,False,True,False,True,False,HCM,HCM|OCM,2,MOMToHCM|MOMToOCM_1,False,,,,
lre,prefix,MOM,EndTask,False,True,True,False,True,False,True,False,HCM,HCM|OCM,2,MOMToHCM|MOMToOCM_2,False,,,,
lre,prefix,MOM,ReqHCM,False,True,True,False,True,False,True,False,HCM,HCM,2,MOMToHCM|MOMToHCM_1,True,,,,
lre,prefix,MOM,tick,False,True,True,False,True,False,True,False,HCM,HCM,1,MOMToHCM,True,,,,
lre,prefix,MOM,ReqVel,False,True,True,False,True,False,True,True,HCM,HCM,1,MOMToHCM,True,,,,
lre,prefix,MOM,ReqHdng,False,True,True,False,True,False,True,True,HCM,HCM,1,MOMToHCM,True,,,,
lre,prefix,MOM,ReqMOM,False,True,True,False,True,False,True,True,HCM,HCM,1,MOMToHCM,True,,,,
lre,prefix,MOM,ReqOCM,False,True,True,False,True,False,True,True,HCM,HCM|OCM,2,MOMToHCM|MOMToOCM_1,False,,,,
lre,prefix,MOM,EndTask,False,True,True,False,True,False,True,True,HCM,HCM|OCM,2,MOMToHCM|MOMToOCM_2,False,,,,
lre,prefix,MOM,ReqHCM,False,True,True,False,True,False,True,True,HCM,HCM,2,MOMToHCM|MOMToHCM_1,True,,,,
lre,prefix,MOM,tick,False,True,True,False,True,False,True,True,HCM,HCM,1,MOMToHCM,True,,,,
lre,prefix,MOM,ReqVel,False,True,True,False,True,True,False,False,HCM,HCM,1,MOMToHCM,True,,,,
lre,prefix,MOM,ReqHdng,False,True,True,False,True,True,False,False,HCM,HCM,1,MOMToHCM,True,,,,
lre,prefix,MOM,ReqMOM,False,True,True,False,True,True,False,False,HCM,HCM,1,MOMToHCM,True,,,,
lre,prefix,MOM,ReqOCM,False,True,True,False,True,True,False,False,HCM,HCM|OCM,2,MOMToHCM|MOMToOCM_1,False,,,,
lre,prefix,MOM,EndTask,False,True,True,False,True,True,False,False,HCM,HCM|OCM,2,MOMToHCM|MOMToOCM_2,False,,,,
lre,prefix,MOM,ReqHCM,False,True,True,False,True,True,False,False,HCM,HCM,2,MOMToHCM|MOMToHCM_1,True,,,,
lre,prefix,MOM,tick,False,True,True,False,True,True,False,False,HCM,HCM,1,MOMToHCM,True,,,,
lre,prefix,MOM,ReqVel,False,True,True,False,True,True,False,True,HCM,HCM,1,MOMToHCM,True,,,,
lre,prefix,MOM,ReqHdng,False,True,True,False,True,True,False,True,HCM,HCM,1,MOMToHCM,True,,,,
lre,prefix,MOM,ReqMOM,False,True,True,False,True,True,False,True,HCM,HCM,1,MOMToHCM,True,,,,
lre,prefix,MOM,ReqOCM,False,True,True,False,True,True,False,True,HCM,HCM|OCM,2,MOMToHCM|MOMToOCM_1,False,,,,
lre,prefix,MOM,EndTask,False,True,True,False,True,True,False,True,HCM,HCM|OCM,2,MOMToHCM|MOMToOCM_2,False,,,,
lre,prefix,MOM,ReqHCM,False,True,True,False,True,True,False,True,HCM,HCM,2,MOMToHCM|MOMToHCM_1,True,,,,
lre,prefix,MOM,tick,False,True,True,False,True,True,False,True,HCM,HCM,1,MOMToHCM,True,,,,
lre,prefix,MOM,ReqVel,False,True,True,False,True,True,True,False,HCM,HCM,1,MOMToHCM,True,,,,
lre,prefix,MOM,ReqHdng,False,True,True,False,True,True,True,False,HCM,HCM,1,MOMToHCM,True,,,,
lre,prefix,MOM,ReqMOM,False,True,True,False,True,True,True,False,HCM,HCM,1,MOMToHCM,True,,,,
lre,prefix,MOM,ReqOCM,False,True,True,False,True,True,True,False,HCM,HCM|OCM,2,MOMToHCM|MOMToOCM_1,False,,,,
lre,prefix,MOM,EndTask,False,True,True,False,True,True,True,False,HCM,HCM|OCM,2,MOMToHCM|MOMToOCM_2,False,,,,
lre,prefix,MOM,ReqHCM,False,True,True,False,True,True,True,False,HCM,HCM,2,MOMToHCM|MOMToHCM_1,True,,,,
lre,prefix,MOM,tick,False,True,True,False,True,True,True,False,HCM,HCM,1,MOMToHCM,True,,,,
lre,prefix,MOM,ReqVel,False,True,True,False,True,True,True,True,HCM,HCM,1,MOMToHCM,True,,,,
lre,prefix,MOM,ReqHdng,False,True,True,False,True,True,True,True,HCM,HCM,1,MOMToHCM,True,,,,
lre,prefix,MOM,ReqMOM,False,True,True,False,True,True,True,True,HCM,HCM,1,MOMToHCM,True,,,,
lre,prefix,MOM,ReqOCM,False,True,True,False,True,True,True,True,HCM,HCM|OCM,2,MOMToHCM|MOMToOCM_1,False,,,,
lre,prefix,MOM,EndTask,False,True,True,False,True,True,True,True,HCM,HCM|OCM,2,MOMToHCM|MOMToOCM_2,False,,,,
lre,prefix,MOM,ReqHCM,False,True,True,False,True,True,True,True,HCM,HCM,2,MOMToHCM|MOMToHCM_1,True,,,,
lre,prefix,MOM,tick,False,True,True,False,True,True,True,True,HCM,HCM,1,MOMToHCM,True,,,,
lre,prefix,MOM,ReqVel,False,True,True,True,False,False,False,False,HCM,HCM,1,MOMToHCM,True,,,,
lre,prefix,MOM,ReqHdng,False,True,True,True,False,False,False,False,HCM,HCM,1,MOMToHCM,True,,,,
lre,prefix,MOM,ReqMOM,False,True,True,True,False,False,False,False,HCM,HCM,1,MOMToHCM,True,,,,
lre,prefix,MOM,ReqOCM,False,True,True,True,False,False,False,False,HCM,HCM|OCM,2,MOMToHCM|MOMToOCM_1,False,,,,
lre,prefix,MOM,EndTask,False,True,True,True,False,False,False,False,HCM,HCM|OCM,2,MOMToHCM|MOMToOCM_2,False,,,,
lre,prefix,MOM,ReqHCM,False,True,True,True,False,False,False,False,HCM,HCM,2,MOMToHCM|MOMToHCM_1,True,,,,
lre,prefix,MOM,tick,False,True,True,True,False,False,False,False,HCM,HCM,1,MOMToHCM,True,,,,
lre,prefix,MOM,ReqVel,False,True,True,True,False,False,False,True,HCM,HCM,1,MOMToHCM,True,,,,
lre,prefix,MOM,ReqHdng,False,True,True,True,False,False,False,True,HCM,HCM,1,MOMToHCM,True,,,,
lre,prefix,MOM,ReqMOM,False,True,True,True,False,False,False,True,HCM,HCM,1,MOMToHCM,True,,,,
lre,prefix,MOM,ReqOCM,False,True,True,True,False,False,False,True,HCM,HCM|OCM,2,MOMToHCM|MOMToOCM_1,False,,,,
lre,prefix,MOM,EndTask,False,True,True,True,False,False,False,True,HCM,HCM|OCM,2,MOMToHCM|MOMToOCM_2,False,,,,
lre,prefix,MOM,ReqHCM,False,True,True,True,False,False,False,True,HCM,HCM,2,MOMToHCM|MOMToHCM_1,True,,,,
lre,prefix,MOM,tick,False,True,True,True,False,False,False,True,HCM,HCM,1,MOMToHCM,True,,,,
lre,prefix,MOM,ReqVel,False,True,True,True,False,False,True,False,HCM,HCM,1,MOMToHCM,True,,,,
lre,prefix,MOM,ReqHdng,False,True,True,True,False,False,True,False,HCM,HCM,1,MOMToHCM,True,,,,
lre,prefix,MOM,ReqMOM,False,True,True,True,False,False,True,False,HCM,HCM,1,MOMToHCM,True,,,,
lre,prefix,MOM,ReqOCM,False,True,True,True,False,False,True,False,HCM,HCM|OCM,2,MOMToHCM|MOMToOCM_1,False,,,,
lre,prefix,MOM,EndTask,False,True,True,True,False,False,True,False,HCM,HCM|OCM,2,MOMToHCM|MOMToOCM_2,False,,,,
lre,prefix,MOM,ReqHCM,False,True,True,True,False,False,True,False,HCM,HCM,2,MOMToHCM|MOMToHCM_1,True,,,,
lre,prefix,MOM,tick,False,True,True,True,False,False,True,False,HCM,HCM,1,MOMToHCM,True,,,,
lre,prefix,MOM,ReqVel,False,True,True,True,False,False,True,True,HCM,HCM,1,MOMToHCM,True,,,,
lre,prefix,MOM,ReqHdng,False,True,True,True,False,False,True,True,HCM,HCM,1,MOMToHCM,True,,,,
lre,prefix,MOM,ReqMOM,False,True,True,True,False,False,True,True,HCM,HCM,1,MOMToHCM,True,,,,
lre,prefix,MOM,ReqOCM,False,True,True,True,False,False,True,True,HCM,HCM|OCM,2,MOMToHCM|MOMToOCM_1,False,,,,
lre,prefix,MOM,EndTask,False,True,True,True,False,False,True,True,HCM,HCM|OCM,2,MOMToHCM|MOMToOCM_2,False,,,,
lre,prefix,MOM,ReqHCM,False,True,True,True,False,False,True,True,HCM,HCM,2,MOMToHCM|MOMToHCM_1,True,,,,
lre,prefix,MOM,tick,False,True,True,True,False,False,True,True,HCM,HCM,1,MOMToHCM,True,,,,
lre,prefix,MOM,ReqVel,False,True,True,True,False,True,False,False,HCM,HCM,1,MOMToHCM,True,,,,
lre,prefix,MOM,ReqHdng,False,True,True,True,False,True,False,False,HCM,HCM,1,MOMToHCM,True,,,,
lre,prefix,MOM,ReqMOM,False,True,True,True,False,True,False,False,HCM,HCM,1,MOMToHCM,True,,,,
lre,prefix,MOM,ReqOCM,False,True,True,True,False,True,False,False,HCM,HCM|OCM,2,MOMToHCM|MOMToOCM_1,False,,,,
lre,prefix,MOM,EndTask,False,True,True,True,False,True,False,False,HCM,HCM|OCM,2,MOMToHCM|MOMToOCM_2,False,,,,
lre,prefix,MOM,ReqHCM,False,True,True,True,False,True,False,False,HCM,HCM,2,MOMToHCM|MOMToHCM_1,True,,,,
lre,prefix,MOM,tick,False,True,True,True,False,True,False,False,HCM,HCM,1,MOMToHCM,True,,,,
lre,prefix,MOM,ReqVel,False,True,True,True,False,True,False,True,HCM,HCM,1,MOMToHCM,True,,,,
lre,prefix,MOM,ReqHdng,False,True,True,True,False,True,False,True,HCM,HCM,1,MOMToHCM,True,,,,
lre,prefix,MOM,ReqMOM,False,True,True,True,False,True,False,True,HCM,HCM,1,MOMToHCM,True,,,,
lre,prefix,MOM,ReqOCM,False,True,True,True,False,True,False,True,HCM,HCM|OCM,2,MOMToHCM|MOMToOCM_1,False,,,,
lre,prefix,MOM,EndTask,False,True,True,True,False,True,False,True,HCM,HCM|OCM,2,MOMToHCM|MOMToOCM_2,False,,,,
lre,prefix,MOM,ReqHCM,False,True,True,True,False,True,False,True,HCM,HCM,2,MOMToHCM|MOMToHCM_1,True,,,,
lre,prefix,MOM,tick,False,True,True,True,False,True,False,True,HCM,HCM,1,MOMToHCM,True,,,,
lre,prefix,MOM,ReqVel,False,True,True,True,False,True,True,False,HCM,HCM,1,MOMToHCM,True,,,,
lre,prefix,MOM,ReqHdng,False,True,True,True,False,True,True,False,HCM,HCM,1,MOMToHCM,True,,,,
lre,prefix,MOM,ReqMOM,False,True,True,True,False,True,True,False,HCM,HCM,1,MOMToHCM,True,,,,
lre,prefix,MOM,ReqOCM,False,True,True,True,False,True,True,False,HCM,HCM|OCM,2,MOMToHCM|MOMToOCM_1,False,,,,
lre,prefix,MOM,EndTask,False,True,True,True,False,True,True,False,HCM,HCM|OCM,2,MOMToHCM|MOMToOCM_2,False,,,,
lre,prefix,MOM,ReqHCM,False,True,True,True,False,True,True,False,HCM,HCM,2,MOMToHCM|MOMToHCM_1,True,,,,
lre,prefix,MOM,tick,False,True,True,True,False,True,True,False,HCM,HCM,1,MOMToHCM,True,,,,
lre,prefix,MOM,ReqVel,False,True,True,True,False,True,True,True,HCM,HCM,1,MOMToHCM,True,,,,
lre,prefix,MOM,ReqHdng,False,True,True,True,False,True,True,True,HCM,HCM,1,MOMToHCM,True,,,,
lre,prefix,MOM,ReqMOM,False,True,True,True,False,True,True,True,HCM,HCM,1,MOMToHCM,True,,,,
lre,prefix,MOM,ReqOCM,False,True,True,True,False,True,True,True,HCM,HCM|OCM,2,MOMToHCM|MOMToOCM_1,False,,,,
lre,prefix,MOM,EndTask,False,True,True,True,False,True,True,True,HCM,HCM|OCM,2,MOMToHCM|MOMToOCM_2,False,,,,
lre,prefix,MOM,ReqHCM,False,True,True,True,False,True,True,True,HCM,HCM,2,MOMToHCM|MOMToHCM_1,True,,,,
lre,prefix,MOM,tick,False,True,True,True,False,True,True,True,HCM,HCM,1,MOMToHCM,True,,,,
lre,prefix,MOM,ReqVel,False,True,True,True,True,False,False,False,HCM,HCM,1,MOMToHCM,True,,,,
lre,prefix,MOM,ReqHdng,False,True,True,True,True,False,False,False,HCM,HCM,1,MOMToHCM,True,,,,
lre,prefix,MOM,ReqMOM,False,True,True,True,True,False,False,False,HCM,HCM,1,MOMToHCM,True,,,,
lre,prefix,MOM,ReqOCM,False,True,True,True,True,False,False,False,HCM,HCM|OCM,2,MOMToHCM|MOMToOCM_1,False,,,,
lre,prefix,MOM,EndTask,False,True,True,True,True,False,False,False,HCM,HCM|OCM,2,MOMToHCM|MOMToOCM_2,False,,,,
lre,prefix,MOM,ReqHCM,False,True,True,True,True,False,False,False,HCM,HCM,2,MOMToHCM|MOMToHCM_1,True,,,,
lre,prefix,MOM,tick,False,True,True,True,True,False,False,False,HCM,HCM,1,MOMToHCM,True,,,,
lre,prefix,MOM,ReqVel,False,True,True,True,True,False,False,True,HCM,HCM,1,MOMToHCM,True,,,,
lre,prefix,MOM,ReqHdng,False,True,True,True,True,False,False,True,HCM,HCM,1,MOMToHCM,True,,,,
lre,prefix,MOM,ReqMOM,False,True,True,True,True,False,False,True,HCM,HCM,1,MOMToHCM,True,,,,
lre,prefix,MOM,ReqOCM,False,True,True,True,True,False,False,True,HCM,HCM|OCM,2,MOMToHCM|MOMToOCM_1,False,,,,
lre,prefix,MOM,EndTask,False,True,True,True,True,False,False,True,HCM,HCM|OCM,2,MOMToHCM|MOMToOCM_2,False,,,,
lre,prefix,MOM,ReqHCM,False,True,True,True,True,False,False,True,HCM,HCM,2,MOMToHCM|MOMToHCM_1,True,,,,
lre,prefix,MOM,tick,False,True,True,True,True,False,False,True,HCM,HCM,1,MOMToHCM,True,,,,
lre,prefix,MOM,ReqVel,False,True,True,True,True,False,True,False,HCM,HCM,1,MOMToHCM,True,,,,
lre,prefix,MOM,ReqHdng,False,True,True,True,True,False,True,False,HCM,HCM,1,MOMToHCM,True,,,,
lre,prefix,MOM,ReqMOM,False,True,True,True,True,False,True,False,HCM,HCM,1,MOMToHCM,True,,,,
lre,prefix,MOM,ReqOCM,False,True,True,True,True,False,True,False,HCM,HCM|OCM,2,MOMToHCM|MOMToOCM_1,False,,,,
lre,prefix,MOM,EndTask,False,True,True,True,True,False,True,False,HCM,HCM|OCM,2,MOMToHCM|MOMToOCM_2,False,,,,
lre,prefix,MOM,ReqHCM,False,True,True,True,True,False,True,False,HCM,HCM,2,MOMToHCM|MOMToHCM_1,True,,,,
lre,prefix,MOM,tick,False,True,True,True,True,False,True,False,HCM,HCM,1,MOMToHCM,True,,,,
lre,prefix,MOM,ReqVel,False,True,True,True,True,False,True,True,HCM,HCM,1,MOMToHCM,True,,,,
lre,prefix,MOM,ReqHdng,False,True,True,True,True,False,True,True,HCM,HCM,1,MOMToHCM,True,,,,
lre,prefix,MOM,ReqMOM,False,True,True,True,True,False,True,True,HCM,HCM,1,MOMToHCM,True,,,,
lre,prefix,MOM,ReqOCM,False,True,True,True,True,False,True,True,HCM,HCM|OCM,2,MOMToHCM|MOMToOCM_1,False,,,,
lre,prefix,MOM,EndTask,False,True,True,True,True,False,True,True,HCM,HCM|OCM,2,MOMToHCM|MOMToOCM_2,False,,,,
lre,prefix,MOM,ReqHCM,False,True,True,True,True,False,True,True,HCM,HCM,2,MOMToHCM|MOMToHCM_1,True,,,,
lre,prefix,MOM,tick,False,True,True,True,True,False,True,True,HCM,HCM,1,MOMToHCM,True,,,,
lre,prefix,MOM,ReqVel,False,True,True,True,True,True,False,False,HCM,HCM,1,MOMToHCM,True,,,,
lre,prefix,MOM,ReqHdng,False,True,True,True,True,True,False,False,HCM,HCM,1,MOMToHCM,True,,,,
lre,prefix,MOM,ReqMOM,False,True,True,True,True,True,False,False,HCM,HCM,1,MOMToHCM,True,,,,
lre,prefix,MOM,ReqOCM,False,True,True,True,True,True,False,False,HCM,HCM|OCM,2,MOMToHCM|MOMToOCM_1,False,,,,
lre,prefix,MOM,EndTask,False,True,True,True,True,True,False,False,HCM,HCM|OCM,2,MOMToHCM|MOMToOCM_2,False,,,,
lre,prefix,MOM,ReqHCM,False,True,True,True,True,True,False,False,HCM,HCM,2,MOMToHCM|MOMToHCM_1,True,,,,
lre,prefix,MOM,tick,False,True,True,True,True,True,False,False,HCM,HCM,1,MOMToHCM,True,,,,
lre,prefix,MOM,ReqVel,False,True,True,True,True,True,False,True,HCM,HCM,1,MOMToHCM,True,,,,
lre,prefix,MOM,ReqHdng,False,True,True,True,True,True,False,True,HCM,HCM,1,MOMToHCM,True,,,,
lre,prefix,MOM,ReqMOM,False,True,True,True,True,True,False,True,HCM,HCM,1,MOMToHCM,True,,,,
lre,prefix,MOM,ReqOCM,False,True,True,True,True,True,False,True,HCM,HCM|OCM,2,MOMToHCM|MOMToOCM_1,False,,,,
lre,prefix,MOM,EndTask,False,True,True,True,True,True,False,True,HCM,HCM|OCM,2,MOMToHCM|MOMToOCM_2,False,,,,
lre,prefix,MOM,ReqHCM,False,True,True,True,True,True,False,True,HCM,HCM,2,MOMToHCM|MOMToHCM_1,True,,,,
lre,prefix,MOM,tick,False,True,True,True,True,True,False,True,HCM,HCM,1,MOMToHCM,True,,,,
lre,prefix,MOM,ReqVel,False,True,True,True,True,True,True,False,HCM,HCM,1,MOMToHCM,True,,,,
lre,prefix,MOM,ReqHdng,False,True,True,True,True,True,True,False,HCM,HCM,1,MOMToHCM,True,,,,
lre,prefix,MOM,ReqMOM,False,True,True,True,True,True,True,False,HCM,HCM,1,MOMToHCM,True,,,,
lre,prefix,MOM,ReqOCM,False,True,True,True,True,True,True,False,HCM,HCM|OCM,2,MOMToHCM|MOMToOCM_1,False,,,,
lre,prefix,MOM,EndTask,False,True,True,True,True,True,True,False,HCM,HCM|OCM,2,MOMToHCM|MOMToOCM_2,False,,,,
lre,prefix,MOM,ReqHCM,False,True,True,True,True,True,True,False,HCM,HCM,2,MOMToHCM|MOMToHCM_1,True,,,,
lre,prefix,MOM,tick,False,True,True,True,True,True,True,False,HCM,HCM,1,MOMToHCM,True,,,,
lre,prefix,MOM,ReqVel,False,True,True,True,True,True,True,True,HCM,HCM,1,MOMToHCM,True,,,,
lre,prefix,MOM,ReqHdng,False,True,True,True,True,True,True,True,HCM,HCM,1,MOMToHCM,True,,,,
lre,prefix,MOM,ReqMOM,False,True,True,True,True,True,True,True,HCM,HCM,1,MOMToHCM,True,,,,
lre,prefix,MOM,ReqOCM,False,True,True,True,True,True,True,True,HCM,HCM|OCM,2,MOMToHCM|MOMToOCM_1,False,,,,
lre,prefix,MOM,EndTask,False,True,True,True,True,True,True,True,HCM,HCM|OCM,2,MOMToHCM|MOMToOCM_2,False,,,,
lre,prefix,MOM,ReqHCM,False,True,True,True,True,True,True,True,HCM,HCM,2,MOMToHCM|MOMToHCM_1,True,,,,
lre,prefix,MOM,tick,False,True,True,True,True,True,True,True,HCM,HCM,1,MOMToHCM,True,,,,
lre,prefix,MOM,ReqVel,True,False,False,False,False,False,False,False,CAM,CAM,1,MOMToCAM,True,,,,
lre,prefix,MOM,ReqHdng,True,False,False,False,False,False,False,False,CAM,CAM,1,MOMToCAM,True,,,,
lre,prefix,MOM,ReqMOM,True,False,False,False,False,False,False,False,CAM,CAM,1,MOMToCAM,True,,,,
lre,prefix,MOM,ReqOCM,True,False,False,False,False,False,False,False,CAM,CAM|OCM,2,MOMToCAM|MOMToOCM_1,False,,,,
lre,prefix,MOM,EndTask,True,False,False,False,False,False,False,False,CAM,CAM|OCM,2,MOMToCAM|MOMToOCM_2,False,,,,
lre,prefix,MOM,ReqHCM,True,False,False,False,False,False,False,False,CAM,CAM|HCM,2,MOMToCAM|MOMToHCM_1,False,,,,
lre,prefix,MOM,tick,True,False,False,False,False,False,False,False,CAM,CAM,1,MOMToCAM,True,,,,
lre,prefix,MOM,ReqVel,True,False,False,False,False,False,False,True,CAM,CAM,1,MOMToCAM,True,,,,
lre,prefix,MOM,ReqHdng,True,False,False,False,False,False,False,True,CAM,CAM,1,MOMToCAM,True,,,,
lre,prefix,MOM,ReqMOM,True,False,False,False,False,False,False,True,CAM,CAM,1,MOMToCAM,True,,,,
lre,prefix,MOM,ReqOCM,True,False,False,False,False,False,False,True,CAM,CAM|OCM,2,MOMToCAM|MOMToOCM_1,False,,,,
lre,prefix,MOM,EndTask,True,False,False,False,False,False,False,True,CAM,CAM|OCM,2,MOMToCAM|MOMToOCM_2,False,,,,
lre,prefix,MOM,ReqHCM,True,False,False,False,False,False,False,True,CAM,CAM|HCM,2,MOMToCAM|MOMToHCM_1,False,,,,
lre,prefix,MOM,tick,True,False,False,False,False,False,False,True,CAM,CAM,1,MOMToCAM,True,,,,
lre,prefix,MOM,ReqVel,True,False,False,False,False,False,True,False,CAM,CAM,1,MOMToCAM,True,,,,
lre,prefix,MOM,ReqHdng,True,False,False,False,False,False,True,False,CAM,CAM,1,MOMToCAM,True,,,,
lre,prefix,MOM,ReqMOM,True,False,False,False,False,False,True,False,CAM,CAM,1,MOMToCAM,True,,,,
lre,prefix,MOM,ReqOCM,True,False,False,False,False,False,True,False,CAM,CAM|OCM,2,MOMToCAM|MOMToOCM_1,False,,,,
lre,prefix,MOM,EndTask,True,False,False,False,False,False,True,False,CAM,CAM|OCM,2,MOMToCAM|MOMToOCM_2,False,,,,
lre,prefix,MOM,ReqHCM,True,False,False,False,False,False,True,False,CAM,CAM|HCM,2,MOMToCAM|MOMToHCM_1,False,,,,
lre,prefix,MOM,tick,True,False,False,False,False,False,True,False,CAM,CAM,1,MOMToCAM,True,,,,
lre,prefix,MOM,ReqVel,True,False,False,False,False,False,True,True,CAM,CAM,1,MOMToCAM,True,,,,
lre,prefix,MOM,ReqHdng,True,False,False,False,False,False,True,True,CAM,CAM,1,MOMToCAM,True,,,,
lre,prefix,MOM,ReqMOM,True,False,False,False,False,False,True,True,CAM,CAM,1,MOMToCAM,True,,,,
lre,prefix,MOM,ReqOCM,True,False,False,False,False,False,True,True,CAM,CAM|OCM,2,MOMToCAM|MOMToOCM_1,False,,,,
lre,prefix,MOM,EndTask,True,False,False,False,False,False,True,True,CAM,CAM|OCM,2,MOMToCAM|MOMToOCM_2,False,,,,
lre,prefix,MOM,ReqHCM,True,False,False,False,False,False,True,True,CAM,CAM|HCM,2,MOMToCAM|MOMToHCM_1,False,,,,
lre,prefix,MOM,tick,True,False,False,False,False,False,True,True,CAM,CAM,1,MOMToCAM,True,,,,
lre,prefix,MOM,ReqVel,True,False,False,False,False,True,False,False,CAM,CAM,1,MOMToCAM,True,,,,
lre,prefix,MOM,ReqHdng,True,False,False,False,False,True,False,False,CAM,CAM,1,MOMToCAM,True,,,,
lre,prefix,MOM,ReqMOM,True,False,False,False,False,True,False,False,CAM,CAM,1,MOMToCAM,True,,,,
lre,prefix,MOM,ReqOCM,True,False,False,False,False,True,False,False,CAM,CAM|OCM,2,MOMToCAM|MOMToOCM_1,False,,,,
lre,prefix,MOM,EndTask,True,False,False,False,False,True,False,False,CAM,CAM|OCM,2,MOMToCAM|MOMToOCM_2,False,,,,
lre,prefix,MOM,ReqHCM,True,False,False,False,False,True,False,False,CAM,CAM|HCM,2,MOMToCAM|MOMToHCM_1,False,,,,
lre,prefix,MOM,tick,True,False,False,False,False,True,False,False,CAM,CAM,1,MOMToCAM,True,,,,
lre,prefix,MOM,ReqVel,True,False,False,False,False,True,False,True,CAM,CAM,1,MOMToCAM,True,,,,
lre,prefix,MOM,ReqHdng,True,False,False,False,False,True,False,True,CAM,CAM,1,MOMToCAM,True,,,,
lre,prefix,MOM,ReqMOM,True,False,False,False,False,True,False,True,CAM,CAM,1,MOMToCAM,True,,,,
lre,prefix,MOM,ReqOCM,True,False,False,False,False,True,False,True,CAM,CAM|OCM,2,MOMToCAM|MOMToOCM_1,False,,,,
lre,prefix,MOM,EndTask,True,False,False,False,False,True,False,True,CAM,CAM|OCM,2,MOMToCAM|MOMToOCM_2,False,,,,
lre,prefix,MOM,ReqHCM,True,False,False,False,False,True,False,True,CAM,CAM|HCM,2,MOMToCAM|MOMToHCM_1,False,,,,
lre,prefix,MOM,tick,True,False,False,False,False,True,False,True,CAM,CAM,1,MOMToCAM,True,,,,
lre,prefix,MOM,ReqVel,True,False,False,False,False,True,True,False,CAM,CAM,1,MOMToCAM,True,,,,
lre,prefix,MOM,ReqHdng,True,False,False,False,False,True,True,False,CAM,CAM,1,MOMToCAM,True,,,,
lre,prefix,MOM,ReqMOM,True,False,False,False,False,True,True,False,CAM,CAM,1,MOMToCAM,True,,,,
lre,prefix,MOM,ReqOCM,True,False,False,False,False,True,True,False,CAM,CAM|OCM,2,MOMToCAM|MOMToOCM_1,False,,,,
lre,prefix,MOM,EndTask,True,False,False,False,False,True,True,False,CAM,CAM|OCM,2,MOMToCAM|MOMToOCM_2,False,,,,
lre,prefix,MOM,ReqHCM,True,False,False,False,False,True,True,False,CAM,CAM|HCM,2,MOMToCAM|MOMToHCM_1,False,,,,
lre,prefix,MOM,tick,True,False,False,False,False,True,True,False,CAM,CAM,1,MOMToCAM,True,,,,
lre,prefix,MOM,ReqVel,True,False,False,False,False,True,True,True,CAM,CAM,1,MOMToCAM,True,,,,
lre,prefix,MOM,ReqHdng,True,False,False,False,False,True,True,True,CAM,CAM,1,MOMToCAM,True,,,,
lre,prefix,MOM,ReqMOM,True,False,False,False,False,True,True,True,CAM,CAM,1,MOMToCAM,True,,,,
lre,prefix,MOM,ReqOCM,True,False,False,False,False,True,True,True,CAM,CAM|OCM,2,MOMToCAM|MOMToOCM_1,False,,,,
lre,prefix,MOM,EndTask,True,False,False,False,False,True,True,True,CAM,CAM|OCM,2,MOMToCAM|MOMToOCM_2,False,,,,
lre,prefix,MOM,ReqHCM,True,False,False,False,False,True,True,True,CAM,CAM|HCM,2,MOMToCAM|MOMToHCM_1,False,,,,
lre,prefix,MOM,tick,True,False,False,False,False,True,True,True,CAM,CAM,1,MOMToCAM,True,,,,
lre,prefix,MOM,ReqVel,True,False,False,False,True,False,False,False,CAM,CAM,1,MOMToCAM,True,,,,
lre,prefix,MOM,ReqHdng,True,False,False,False,True,False,False,False,CAM,CAM,1,MOMToCAM,True,,,,
lre,prefix,MOM,ReqMOM,True,False,False,False,True,False,False,False,CAM,CAM,1,MOMToCAM,True,,,,
lre,prefix,MOM,ReqOCM,True,False,False,False,True,False,False,False,CAM,CAM|OCM,2,MOMToCAM|MOMToOCM_1,False,,,,
lre,prefix,MOM,EndTask,True,False,False,False,True,False,False,False,CAM,CAM|OCM,2,MOMToCAM|MOMToOCM_2,False,,,,
lre,prefix,MOM,ReqHCM,True,False,False,False,True,False,False,False,CAM,CAM|HCM,2,MOMToCAM|MOMToHCM_1,False,,,,
lre,prefix,MOM,tick,True,False,False,False,True,False,False,False,CAM,CAM,1,MOMToCAM,True,,,,
lre,prefix,MOM,ReqVel,True,False,False,False,True,False,False,True,CAM,CAM,1,MOMToCAM,True,,,,
lre,prefix,MOM,ReqHdng,True,False,False,False,True,False,False,True,CAM,CAM,1,MOMToCAM,True,,,,
lre,prefix,MOM,ReqMOM,True,False,False,False,True,False,False,True,CAM,CAM,1,MOMToCAM,True,,,,
lre,prefix,MOM,ReqOCM,True,False,False,False,True,False,False,True,CAM,CAM|OCM,2,MOMToCAM|MOMToOCM_1,False,,,,
lre,prefix,MOM,EndTask,True,False,False,False,True,False,False,True,CAM,CAM|OCM,2,MOMToCAM|MOMToOCM_2,False,,,,
lre,prefix,MOM,ReqHCM,True,False,False,False,True,False,False,True,CAM,CAM|HCM,2,MOMToCAM|MOMToHCM_1,False,,,,
lre,prefix,MOM,tick,True,False,False,False,True,False,False,True,CAM,CAM,1,MOMToCAM,True,,,,
lre,prefix,MOM,ReqVel,True,False,False,False,True,False,True,False,CAM,CAM,1,MOMToCAM,True,,,,
lre,prefix,MOM,ReqHdng,True,False,False,False,True,False,True,False,CAM,CAM,1,MOMToCAM,True,,,,
lre,prefix,MOM,ReqMOM,True,False,False,False,True,False,True,False,CAM,CAM,1,MOMToCAM,True,,,,
lre,prefix,MOM,ReqOCM,True,False,False,False,True,False,True,False,CAM,CAM|OCM,2,MOMToCAM|MOMToOCM_1,False,,,,
lre,prefix,MOM,EndTask,True,False,False,False,True,False,True,False,CAM,CAM|OCM,2,MOMToCAM|MOMToOCM_2,False,,,,
lre,prefix,MOM,ReqHCM,True,False,False,False,True,False,True,False,CAM,CAM|HCM,2,MOMToCAM|MOMToHCM_1,False,,,,
lre,prefix,MOM,tick,True,False,False,False,True,False,True,False,CAM,CAM,1,MOMToCAM,True,,,,
lre,prefix,MOM,ReqVel,True,False,False,False,True,False,True,True,CAM,CAM,1,MOMToCAM,True,,,,
lre,prefix,MOM,ReqHdng,True,False,False,False,True,False,True,True,CAM,CAM,1,MOMToCAM,True,,,,
lre,prefix,MOM,ReqMOM,True,False,False,False,True,False,True,True,CAM,CAM,1,MOMToCAM,True,,,,
lre,prefix,MOM,ReqOCM,True,False,False,False,True,False,True,True,CAM,CAM|OCM,2,MOMToCAM|MOMToOCM_1,False,,,,
lre,prefix,MOM,EndTask,True,False,False,False,True,False,True,True,CAM,CAM|OCM,2,MOMToCAM|MOMToOCM_2,False,,,,
lre,prefix,MOM,ReqHCM,True,False,False,False,True,False,True,True,CAM,CAM|HCM,2,MOMToCAM|MOMToHCM_1,False,,,,
lre,prefix,MOM,tick,True,False,False,False,True,False,True,True,CAM,CAM,1,MOMToCAM,True,,,,
lre,prefix,MOM,ReqVel,True,False,False,False,True,True,False,False,CAM,CAM,1,MOMToCAM,True,,,,
lre,prefix,MOM,ReqHdng,True,False,False,False,True,True,False,False,CAM,CAM,1,MOMToCAM,True,,,,
lre,prefix,MOM,ReqMOM,True,False,False,False,True,True,False,False,CAM,CAM,1,MOMToCAM,True,,,,
lre,prefix,MOM,ReqOCM,True,False,False,False,True,True,False,False,CAM,CAM|OCM,2,MOMToCAM|MOMToOCM_1,False,,,,
lre,prefix,MOM,EndTask,True,False,False,False,True,True,False,False,CAM,CAM|OCM,2,MOMToCAM|MOMToOCM_2,False,,,,
lre,prefix,MOM,ReqHCM,True,False,False,False,True,True,False,False,CAM,CAM|HCM,2,MOMToCAM|MOMToHCM_1,False,,,,
lre,prefix,MOM,tick,True,False,False,False,True,True,False,False,CAM,CAM,1,MOMToCAM,True,,,,
lre,prefix,MOM,ReqVel,True,False,False,False,True,True,False,True,CAM,CAM,1,MOMToCAM,True,,,,
lre,prefix,MOM,ReqHdng,True,False,False,False,True,True,False,True,CAM,CAM,1,MOMToCAM,True,,,,
lre,prefix,MOM,ReqMOM,True,False,False,False,True,True,False,True,CAM,CAM,1,MOMToCAM,True,,,,
lre,prefix,MOM,ReqOCM,True,False,False,False,True,True,False,True,CAM,CAM|OCM,2,MOMToCAM|MOMToOCM_1,False,,,,
lre,prefix,MOM,EndTask,True,False,False,False,True,True,False,True,CAM,CAM|OCM,2,MOMToCAM|MOMToOCM_2,False,,,,
lre,prefix,MOM,ReqHCM,True,False,False,False,True,True,False,True,CAM,CAM|HCM,2,MOMToCAM|MOMToHCM_1,False,,,,
lre,prefix,MOM,tick,True,False,False,False,True,True,False,True,CAM,CAM,1,MOMToCAM,True,,,,
lre,prefix,MOM,ReqVel,True,False,False,False,True,True,True,False,CAM,CAM,1,MOMToCAM,True,,,,
lre,prefix,MOM,ReqHdng,True,False,False,False,True,True,True,False,CAM,CAM,1,MOMToCAM,True,,,,
lre,prefix,MOM,ReqMOM,True,False,False,False,True,True,True,False,CAM,CAM,1,MOMToCAM,True,,,,
lre,prefix,MOM,ReqOCM,True,False,False,False,True,True,True,False,CAM,CAM|OCM,2,MOMToCAM|MOMToOCM_1,False,,,,
lre,prefix,MOM,EndTask,True,False,False,False,True,True,True,False,CAM,CAM|OCM,2,MOMToCAM|MOMToOCM_2,False,,,,
lre,prefix,MOM,ReqHCM,True,False,False,False,True,True,True,False,CAM,CAM|HCM,2,MOMToCAM|MOMToHCM_1,False,,,,
lre,prefix,MOM,tick,True,False,False,False,True,True,True,False,CAM,CAM,1,MOMToCAM,True,,,,
lre,prefix,MOM,ReqVel,True,False,False,False,True,True,True,True,CAM,CAM,1,MOMToCAM,True,,,,
lre,prefix,MOM,ReqHdng,True,False,False,False,True,True,True,True,CAM,CAM,1,MOMToCAM,True,,,,
lre,prefix,MOM,ReqMOM,True,False,False,False,True,True,True,True,CAM,CAM,1,MOMToCAM,True,,,,
lre,prefix,MOM,ReqOCM,True,False,False,False,True,True,True,True,CAM,CAM|OCM,2,MOMToCAM|MOMToOCM_1,False,,,,
lre,prefix,MOM,EndTask,True,False,False,False,True,True,True,True,CAM,CAM|OCM,2,MOMToCAM|MOMToOCM_2,False,,,,
lre,prefix,MOM,ReqHCM,True,False,False,False,True,True,True,True,CAM,CAM|HCM,2,MOMToCAM|MOMToHCM_1,False,,,,
lre,prefix,MOM,tick,True,False,False,False,True,True,True,True,CAM,CAM,1,MOMToCAM,True,,,,
lre,prefix,MOM,ReqVel,True,False,False,True,False,False,False,False,CAM,CAM,1,MOMToCAM,True,,,,
lre,prefix,MOM,ReqHdng,True,False,False,True,False,False,False,False,CAM,CAM,1,MOMToCAM,True,,,,
lre,prefix,MOM,ReqMOM,True,False,False,True,False,False,False,False,CAM,CAM,1,MOMToCAM,True,,,,
lre,prefix,MOM,ReqOCM,True,False,False,True,False,False,False,False,CAM,CAM|OCM,2,MOMToCAM|MOMToOCM_1,False,,,,
lre,prefix,MOM,EndTask,True,False,False,True,False,False,False,False,CAM,CAM|OCM,2,MOMToCAM|MOMToOCM_2,False,,,,
lre,prefix,MOM,ReqHCM,True,False,False,True,False,False,False,False,CAM,CAM|HCM,2,MOMToCAM|MOMToHCM_1,False,,,,
lre,prefix,MOM,tick,True,False,False,True,False,False,False,False,CAM,CAM,1,MOMToCAM,True,,,,
lre,prefix,MOM,ReqVel,True,False,False,True,False,False,False,True,CAM,CAM,1,MOMToCAM,True,,,,
lre,prefix,MOM,ReqHdng,True,False,False,True,False,False,False,True,CAM,CAM,1,MOMToCAM,True,,,,
lre,prefix,MOM,ReqMOM,True,False,False,True,False,False,False,True,CAM,CAM,1,MOMToCAM,True,,,,
lre,prefix,MOM,ReqOCM,True,False,False,True,False,False,False,True,CAM,CAM|OCM,2,MOMToCAM|MOMToOCM_1,False,,,,
lre,prefix,MOM,EndTask,True,False,False,True,False,False,False,True,CAM,CAM|OCM,2,MOMToCAM|MOMToOCM_2,False,,,,
lre,prefix,MOM,ReqHCM,True,False,False,True,False,False,False,True,CAM,CAM|HCM,2,MOMToCAM|MOMToHCM_1,False,,,,
lre,prefix,MOM,tick,True,False,False,True,False,False,False,True,CAM,CAM,1,MOMToCAM,True,,,,
lre,prefix,MOM,ReqVel,True,False,False,True,False,False,True,False,CAM,CAM,1,MOMToCAM,True,,,,
lre,prefix,MOM,ReqHdng,True,False,False,True,False,False,True,False,CAM,CAM,1,MOMToCAM,True,,,,
lre,prefix,MOM,ReqMOM,True,False,False,True,False,False,True,False,CAM,CAM,1,MOMToCAM,True,,,,
lre,prefix,MOM,ReqOCM,True,False,False,True,False,False,True,False,CAM,CAM|OCM,2,MOMToCAM|MOMToOCM_1,False,,,,
lre,prefix,MOM,EndTask,True,False,False,True,False,False,True,False,CAM,CAM|OCM,2,MOMToCAM|MOMToOCM_2,False,,,,
lre,prefix,MOM,ReqHCM,True,False,False,True,False,False,True,False,CAM,CAM|HCM,2,MOMToCAM|MOMToHCM_1,False,,,,
lre,prefix,MOM,tick,True,False,False,True,False,False,True,False,CAM,CAM,1,MOMToCAM,True,,,,
lre,prefix,MOM,ReqVel,True,False,False,True,False,False,True,True,CAM,CAM,1,MOMToCAM,True,,,,
lre,prefix,MOM,ReqHdng,True,False,False,True,False,False,True,True,CAM,CAM,1,MOMToCAM,True,,,,
lre,prefix,MOM,ReqMOM,True,False,False,True,False,False,True,True,CAM,CAM,1,MOMToCAM,True,,,,
lre,prefix,MOM,ReqOCM,True,False,False,True,False,False,True,True,CAM,CAM|OCM,2,MOMToCAM|MOMToOCM_1,False,,,,
lre,prefix,MOM,EndTask,True,False,False,True,False,False,True,True,CAM,CAM|OCM,2,MOMToCAM|MOMToOCM_2,False,,,,
lre,prefix,MOM,ReqHCM,True,False,False,True,False,False,True,True,CAM,CAM|HCM,2,MOMToCAM|MOMToHCM_1,False,,,,
lre,prefix,MOM,tick,True,False,False,True,False,False,True,True,CAM,CAM,1,MOMToCAM,True,,,,
lre,prefix,MOM,ReqVel,True,False,False,True,False,True,False,False,CAM,CAM,1,MOMToCAM,True,,,,
lre,prefix,MOM,ReqHdng,True,False,False,True,False,True,False,False,CAM,CAM,1,MOMToCAM,True,,,,
lre,prefix,MOM,ReqMOM,True,False,False,True,False,True,False,False,CAM,CAM,1,MOMToCAM,True,,,,
lre,prefix,MOM,ReqOCM,True,False,False,True,False,True,False,False,CAM,CAM|OCM,2,MOMToCAM|MOMToOCM_1,False,,,,
lre,prefix,MOM,EndTask,True,False,False,True,False,True,False,False,CAM,CAM|OCM,2,MOMToCAM|MOMToOCM_2,False,,,,
lre,prefix,MOM,ReqHCM,True,False,False,True,False,True,False,False,CAM,CAM|HCM,2,MOMToCAM|MOMToHCM_1,False,,,,
lre,prefix,MOM,tick,True,False,False,True,False,True,False,False,CAM,CAM,1,MOMToCAM,True,,,,
lre,prefix,MOM,ReqVel,True,False,False,True,False,True,False,True,CAM,CAM,1,MOMToCAM,True,,,,
lre,prefix,MOM,ReqHdng,True,False,False,True,False,True,False,True,CAM,CAM,1,MOMToCAM,True,,,,
lre,prefix,MOM,ReqMOM,True,False,False,True,False,True,False,True,CAM,CAM,1,MOMToCAM,True,,,,
lre,prefix,MOM,ReqOCM,True,False,False,True,False,True,False,True,CAM,CAM|OCM,2,MOMToCAM|MOMToOCM_1,False,,,,
lre,prefix,MOM,EndTask,True,False,False,True,False,True,False,True,CAM,CAM|OCM,2,MOMToCAM|MOMToOCM_2,False,,,,
lre,prefix,MOM,ReqHCM,True,False,False,True,False,True,False,True,CAM,CAM|HCM,2,MOMToCAM|MOMToHCM_1,False,,,,
lre,prefix,MOM,tick,True,False,False,True,False,True,False,True,CAM,CAM,1,MOMToCAM,True,,,,
lre,prefix,MOM,ReqVel,True,False,False,True,False,True,True,False,CAM,CAM,1,MOMToCAM,True,,,,
lre,prefix,MOM,ReqHdng,True,False,False,True,False,True,True,False,CAM,CAM,1,MOMToCAM,True,,,,
lre,prefix,MOM,ReqMOM,True,False,False,True,False,True,True,False,CAM,CAM,1,MOMToCAM,True,,,,
lre,prefix,MOM,ReqOCM,True,False,False,True,False,True,True,False,CAM,CAM|OCM,2,MOMToCAM|MOMToOCM_1,False,,,,
lre,prefix,MOM,EndTask,True,False,False,True,False,True,True,False,CAM,CAM|OCM,2,MOMToCAM|MOMToOCM_2,False,,,,
lre,prefix,MOM,ReqHCM,True,False,False,True,False,True,True,False,CAM,CAM|HCM,2,MOMToCAM|MOMToHCM_1,False,,,,
lre,prefix,MOM,tick,True,False,False,True,False,True,True,False,CAM,CAM,1,MOMToCAM,True,,,,
lre,prefix,MOM,ReqVel,True,False,False,True,False,True,True,True,CAM,CAM,1,MOMToCAM,True,,,,
lre,prefix,MOM,ReqHdng,True,False,False,True,False,True,True,True,CAM,CAM,1,MOMToCAM,True,,,,
lre,prefix,MOM,ReqMOM,True,False,False,True,False,True,True,True,CAM,CAM,1,MOMToCAM,True,,,,
lre,prefix,MOM,ReqOCM,True,False,False,True,False,True,True,True,CAM,CAM|OCM,2,MOMToCAM|MOMToOCM_1,False,,,,
lre,prefix,MOM,EndTask,True,False,False,True,False,True,True,True,CAM,CAM|OCM,2,MOMToCAM|MOMToOCM_2,False,,,,
lre,prefix,MOM,ReqHCM,True,False,False,True,False,True,True,True,CAM,CAM|HCM,2,MOMToCAM|MOMToHCM_1,False,,,,
lre,prefix,MOM,tick,True,False,False,True,False,True,True,True,CAM,CAM,1,MOMToCAM,True,,,,
lre,prefix,MOM,ReqVel,True,False,False,True,True,False,False,False,CAM,CAM,1,MOMToCAM,True,,,,
lre,prefix,MOM,ReqHdng,True,False,False,True,True,False,False,False,CAM,CAM,1,MOMToCAM,True,,,,
lre,prefix,MOM,ReqMOM,True,False,False,True,True,False,False,False,CAM,CAM,1,MOMToCAM,True,,,,
lre,prefix,MOM,ReqOCM,True,False,False,True,True,False,False,False,CAM,CAM|OCM,2,MOMToCAM|MOMToOCM_1,False,,,,
lre,prefix,MOM,EndTask,True,False,False,True,True,False,False,False,CAM,CAM|OCM,2,MOMToCAM|MOMToOCM_2,False,,,,
lre,prefix,MOM,ReqHCM,True,False,False,True,True,False,False,False,CAM,CAM|HCM,2,MOMToCAM|MOMToHCM_1,False,,,,
lre,prefix,MOM,tick,True,False,False,True,True,False,False,False,CAM,CAM,1,MOMToCAM,True,,,,
lre,prefix,MOM,ReqVel,True,False,False,True,True,False,False,True,CAM,CAM,1,MOMToCAM,True,,,,
lre,prefix,MOM,ReqHdng,True,False,False,True,True,False,False,True,CAM,CAM,1,MOMToCAM,True,,,,
lre,prefix,MOM,ReqMOM,True,False,False,True,True,False,False,True,CAM,CAM,1,MOMToCAM,True,,,,
lre,prefix,MOM,ReqOCM,True,False,False,True,True,False,False,True,CAM,CAM|OCM,2,MOMToCAM|MOMToOCM_1,False,,,,
lre,prefix,MOM,EndTask,True,False,False,True,True,False,False,True,CAM,CAM|OCM,2,MOMToCAM|MOMToOCM_2,False,,,,
lre,prefix,MOM,ReqHCM,True,False,False,True,True,False,False,True,CAM,CAM|HCM,2,MOMToCAM|MOMToHCM_1,False,,,,
lre,prefix,MOM,tick,True,False,False,True,True,False,False,True,CAM,CAM,1,MOMToCAM,True,,,,
lre,prefix,MOM,ReqVel,True,False,False,True,True,False,True,False,CAM,CAM,1,MOMToCAM,True,,,,
lre,prefix,MOM,ReqHdng,True,False,False,True,True,False,True,False,CAM,CAM,1,MOMToCAM,True,,,,
lre,prefix,MOM,ReqMOM,True,False,False,True,True,False,True,False,CAM,CAM,1,MOMToCAM,True,,,,
lre,prefix,MOM,ReqOCM,True,False,False,True,True,False,True,False,CAM,CAM|OCM,2,MOMToCAM|MOMToOCM_1,False,,,,
lre,prefix,MOM,EndTask,True,False,False,True,True,False,True,False,CAM,CAM|OCM,2,MOMToCAM|MOMToOCM_2,False,,,,
lre,prefix,MOM,ReqHCM,True,False,False,True,True,False,True,False,CAM,CAM|HCM,2,MOMToCAM|MOMToHCM_1,False,,,,
lre,prefix,MOM,tick,True,False,False,True,True,False,True,False,CAM,CAM,1,MOMToCAM,True,,,,
lre,prefix,MOM,ReqVel,True,False,False,True,True,False,True,True,CAM,CAM,1,MOMToCAM,True,,,,
lre,prefix,MOM,ReqHdng,True,False,False,True,True,False,True,True,CAM,CAM,1,MOMToCAM,True,,,,
lre,prefix,MOM,ReqMOM,True,False,False,True,True,False,True,True,CAM,CAM,1,MOMToCAM,True,,,,
lre,prefix,MOM,ReqOCM,True,False,False,True,True,False,True,True,CAM,CAM|OCM,2,MOMToCAM|MOMToOCM_1,False,,,,
lre,prefix,MOM,EndTask,True,False,False,True,True,False,True,True,CAM,CAM|OCM,2,MOMToCAM|MOMToOCM_2,False,,,,
lre,prefix,MOM,ReqHCM,True,False,False,True,True,False,True,True,CAM,CAM|HCM,2,MOMToCAM|MOMToHCM_1,False,,,,
lre,prefix,MOM,tick,True,False,False,True,True,False,True,True,CAM,CAM,1,MOMToCAM,True,,,,
lre,prefix,MOM,ReqVel,True,False,False,True,True,True,False,False,CAM,CAM,1,MOMToCAM,True,,,,
lre,prefix,MOM,ReqHdng,True,False,False,True,True,True,False,False,CAM,CAM,1,MOMToCAM,True,,,,
lre,prefix,MOM,ReqMOM,True,False,False,True,True,True,False,False,CAM,CAM,1,MOMToCAM,True,,,,
lre,prefix,MOM,ReqOCM,True,False,False,True,True,True,False,False,CAM,CAM|OCM,2,MOMToCAM|MOMToOCM_1,False,,,,
lre,prefix,MOM,EndTask,True,False,False,True,True,True,False,False,CAM,CAM|OCM,2,MOMToCAM|MOMToOCM_2,False,,,,
lre,prefix,MOM,ReqHCM,True,False,False,True,True,True,False,False,CAM,CAM|HCM,2,MOMToCAM|MOMToHCM_1,False,,,,
lre,prefix,MOM,tick,True,False,False,True,True,True,False,False,CAM,CAM,1,MOMToCAM,True,,,,
lre,prefix,MOM,ReqVel,True,False,False,True,True,True,False,True,CAM,CAM,1,MOMToCAM,True,,,,
lre,prefix,MOM,ReqHdng,True,False,False,True,True,True,False,True,CAM,CAM,1,MOMToCAM,True,,,,
lre,prefix,MOM,ReqMOM,True,False,False,True,True,True,False,True,CAM,CAM,1,MOMToCAM,True,,,,
lre,prefix,MOM,ReqOCM,True,False,False,True,True,True,False,True,CAM,CAM|OCM,2,MOMToCAM|MOMToOCM_1,False,,,,
lre,prefix,MOM,EndTask,True,False,False,True,True,True,False,True,CAM,CAM|OCM,2,MOMToCAM|MOMToOCM_2,False,,,,
lre,prefix,MOM,ReqHCM,True,False,False,True,True,True,False,True,CAM,CAM|HCM,2,MOMToCAM|MOMToHCM_1,False,,,,
lre,prefix,MOM,tick,True,False,False,True,True,True,False,True,CAM,CAM,1,MOMToCAM,True,,,,
lre,prefix,MOM,ReqVel,True,False,False,True,True,True,True,False,CAM,CAM,1,MOMToCAM,True,,,,
lre,prefix,MOM,ReqHdng,True,False,False,True,True,True,True,False,CAM,CAM,1,MOMToCAM,True,,,,
lre,prefix,MOM,ReqMOM,True,False,False,True,True,True,True,False,CAM,CAM,1,MOMToCAM,True,,,,
lre,prefix,MOM,ReqOCM,True,False,False,True,True,True,True,False,CAM,CAM|OCM,2,MOMToCAM|MOMToOCM_1,False,,,,
lre,prefix,MOM,EndTask,True,False,False,True,True,True,True,False,CAM,CAM|OCM,2,MOMToCAM|MOMToOCM_2,False,,,,
lre,prefix,MOM,ReqHCM,True,False,False,True,True,True,True,False,CAM,CAM|HCM,2,MOMToCAM|MOMToHCM_1,False,,,,
lre,prefix,MOM,tick,True,False,False,True,True,True,True,False,CAM,CAM,1,MOMToCAM,True,,,,
lre,prefix,MOM,ReqVel,True,False,False,True,True,True,True,True,CAM,CAM,1,MOMToCAM,True,,,,
lre,prefix,MOM,ReqHdng,True,False,False,True,True,True,True,True,CAM,CAM,1,MOMToCAM,True,,,,
lre,prefix,MOM,ReqMOM,True,False,False,True,True,True,True,True,CAM,CAM,1,MOMToCAM,True,,,,
lre,prefix,MOM,ReqOCM,True,False,False,True,True,True,True,True,CAM,CAM|OCM,2,MOMToCAM|MOMToOCM_1,False,,,,
lre,prefix,MOM,EndTask,True,False,False,True,True,True,True,True,CAM,CAM|OCM,2,MOMToCAM|MOMToOCM_2,False,,,,
lre,prefix,MOM,ReqHCM,True,False,False,True,True,True,True,True,CAM,CAM|HCM,2,MOMToCAM|MOMToHCM_1,False,,,,
lre,prefix,MOM,tick,True,False,False,True,True,True,True,True,CAM,CAM,1,MOMToCAM,True,,,,
lre,prefix,MOM,ReqVel,True,False,True,False,False,False,False,False,CAM,CAM,1,MOMToCAM,True,,,,
lre,prefix,MOM,ReqHdng,True,False,True,False,False,False,False,False,CAM,CAM,1,MOMToCAM,True,,,,
lre,prefix,MOM,ReqMOM,True,False,True,False,False,False,False,False,CAM,CAM,1,MOMToCAM,True,,,,
lre,prefix,MOM,ReqOCM,True,False,True,False,False,False,False,False,CAM,CAM|OCM,2,MOMToCAM|MOMToOCM_1,False,,,,
lre,prefix,MOM,EndTask,True,False,True,False,False,False,False,False,CAM,CAM|OCM,2,MOMToCAM|MOMToOCM_2,False,,,,
lre,prefix,MOM,ReqHCM,True,False,True,False,False,False,False,False,CAM,CAM|HCM,2,MOMToCAM|MOMToHCM_1,False,,,,
lre,prefix,MOM,tick,True,False,True,False,False,False,False,False,CAM,CAM,1,MOMToCAM,True,,,,
lre,prefix,MOM,ReqVel,True,False,True,False,False,False,False,True,CAM,CAM,1,MOMToCAM,True,,,,
lre,prefix,MOM,ReqHdng,True,False,True,False,False,False,False,True,CAM,CAM,1,MOMToCAM,True,,,,
lre,prefix,MOM,ReqMOM,True,False,True,False,False,False,False,True,CAM,CAM,1,MOMToCAM,True,,,,
lre,prefix,MOM,ReqOCM,True,False,True,False,False,False,False,True,CAM,CAM|OCM,2,MOMToCAM|MOMToOCM_1,False,,,,
lre,prefix,MOM,EndTask,True,False,True,False,False,False,False,True,CAM,CAM|OCM,2,MOMToCAM|MOMToOCM_2,False,,,,
lre,prefix,MOM,ReqHCM,True,False,True,False,False,False,False,True,CAM,CAM|HCM,2,MOMToCAM|MOMToHCM_1,False,,,,
lre,prefix,MOM,tick,True,False,True,False,False,False,False,True,CAM,CAM,1,MOMToCAM,True,,,,
lre,prefix,MOM,ReqVel,True,False,True,False,False,False,True,False,CAM,CAM,1,MOMToCAM,True,,,,
lre,prefix,MOM,ReqHdng,True,False,True,False,False,False,True,False,CAM,CAM,1,MOMToCAM,True,,,,
lre,prefix,MOM,ReqMOM,True,False,True,False,False,False,True,False,CAM,CAM,1,MOMToCAM,True,,,,
lre,prefix,MOM,ReqOCM,True,False,True,False,False,False,True,False,CAM,CAM|OCM,2,MOMToCAM|MOMToOCM_1,False,,,,
lre,prefix,MOM,EndTask,True,False,True,False,False,False,True,False,CAM,CAM|OCM,2,MOMToCAM|MOMToOCM_2,False,,,,
lre,prefix,MOM,ReqHCM,True,False,True,False,False,False,True,False,CAM,CAM|HCM,2,MOMToCAM|MOMToHCM_1,False,,,,
lre,prefix,MOM,tick,True,False,True,False,False,False,True,False,CAM,CAM,1,MOMToCAM,True,,,,
lre,prefix,MOM,ReqVel,True,False,True,False,False,False,True,True,CAM,CAM,1,MOMToCAM,True,,,,
lre,prefix,MOM,ReqHdng,True,False,True,False,False,False,True,True,CAM,CAM,1,MOMToCAM,True,,,,
lre,prefix,MOM,ReqMOM,True,False,True,False,False,False,True,True,CAM,CAM,1,MOMToCAM,True,,,,
lre,prefix,MOM,ReqOCM,True,False,True,False,False,False,True,True,CAM,CAM|OCM,2,MOMToCAM|MOMToOCM_1,False,,,,
lre,prefix,MOM,EndTask,True,False,True,False,False,False,True,True,CAM,CAM|OCM,2,MOMToCAM|MOMToOCM_2,False,,,,
lre,prefix,MOM,ReqHCM,True,False,True,False,False,False,True,True,CAM,CAM|HCM,2,MOMToCAM|MOMToHCM_1,False,,,,
lre,prefix,MOM,tick,True,False,True,False,False,False,True,True,CAM,CAM,1,MOMToCAM,True,,,,
lre,prefix,MOM,ReqVel,True,False,True,False,False,True,False,False,CAM,CAM,1,MOMToCAM,True,,,,
lre,prefix,MOM,ReqHdng,True,False,True,False,False,True,False,False,CAM,CAM,1,MOMToCAM,True,,,,
lre,prefix,MOM,ReqMOM,True,False,True,False,False,True,False,False,CAM,CAM,1,MOMToCAM,True,,,,
lre,prefix,MOM,ReqOCM,True,False,True,False,False,True,False,False,CAM,CAM|OCM,2,MOMToCAM|MOMToOCM_1,False,,,,
lre,prefix,MOM,EndTask,True,False,True,False,False,True,False,False,CAM,CAM|OCM,2,MOMToCAM|MOMToOCM_2,False,,,,
lre,prefix,MOM,ReqHCM,True,False,True,False,False,True,False,False,CAM,CAM|HCM,2,MOMToCAM|MOMToHCM_1,False,,,,
lre,prefix,MOM,tick,True,False,True,False,False,True,False,False,CAM,CAM,1,MOMToCAM,True,,,,
lre,prefix,MOM,ReqVel,True,False,True,False,False,True,False,True,CAM,CAM,1,MOMToCAM,True,,,,
lre,prefix,MOM,ReqHdng,True,False,True,False,False,True,False,True,CAM,CAM,1,MOMToCAM,True,,,,
lre,prefix,MOM,ReqMOM,True,False,True,False,False,True,False,True,CAM,CAM,1,MOMToCAM,True,,,,
lre,prefix,MOM,ReqOCM,True,False,True,False,False,True,False,True,CAM,CAM|OCM,2,MOMToCAM|MOMToOCM_1,False,,,,
lre,prefix,MOM,EndTask,True,False,True,False,False,True,False,True,CAM,CAM|OCM,2,MOMToCAM|MOMToOCM_2,False,,,,
lre,prefix,MOM,ReqHCM,True,False,True,False,False,True,False,True,CAM,CAM|HCM,2,MOMToCAM|MOMToHCM_1,False,,,,
lre,prefix,MOM,tick,True,False,True,False,False,True,False,True,CAM,CAM,1,MOMToCAM,True,,,,
lre,prefix,MOM,ReqVel,True,False,True,False,False,True,True,False,CAM,CAM,1,MOMToCAM,True,,,,
lre,prefix,MOM,ReqHdng,True,False,True,False,False,True,True,False,CAM,CAM,1,MOMToCAM,True,,,,
lre,prefix,MOM,ReqMOM,True,False,True,False,False,True,True,False,CAM,CAM,1,MOMToCAM,True,,,,
lre,prefix,MOM,ReqOCM,True,False,True,False,False,True,True,False,CAM,CAM|OCM,2,MOMToCAM|MOMToOCM_1,False,,,,
lre,prefix,MOM,EndTask,True,False,True,False,False,True,True,False,CAM,CAM|OCM,2,MOMToCAM|MOMToOCM_2,False,,,,
lre,prefix,MOM,ReqHCM,True,False,True,False,False,True,True,False,CAM,CAM|HCM,2,MOMToCAM|MOMToHCM_1,False,,,,
lre,prefix,MOM,tick,True,False,True,False,False,True,True,False,CAM,CAM,1,MOMToCAM,True,,,,
lre,prefix,MOM,ReqVel,True,False,True,False,False,True,True,True,CAM,CAM,1,MOMToCAM,True,,,,
lre,prefix,MOM,ReqHdng,True,False,True,False,False,True,True,True,CAM,CAM,1,MOMToCAM,True,,,,
lre,prefix,MOM,ReqMOM,True,False,True,False,False,True,True,True,CAM,CAM,1,MOMToCAM,True,,,,
lre,prefix,MOM,ReqOCM,True,False,True,False,False,True,True,True,CAM,CAM|OCM,2,MOMToCAM|MOMToOCM_1,False,,,,
lre,prefix,MOM,EndTask,True,False,True,False,False,True,True,True,CAM,CAM|OCM,2,MOMToCAM|MOMToOCM_2,False,,,,
lre,prefix,MOM,ReqHCM,True,False,True,False,False,True,True,True,CAM,CAM|HCM,2,MOMToCAM|MOMToHCM_1,False,,,,
lre,prefix,MOM,tick,True,False,True,False,False,True,True,True,CAM,CAM,1,MOMToCAM,True,,,,
lre,prefix,MOM,ReqVel,True,False,True,False,True,False,False,False,CAM,CAM,1,MOMToCAM,True,,,,
lre,prefix,MOM,ReqHdng,True,False,True,False,True,False,False,False,CAM,CAM,1,MOMToCAM,True,,,,
lre,prefix,MOM,ReqMOM,True,False,True,False,True,False,False,False,CAM,CAM,1,MOMToCAM,True,,,,
lre,prefix,MOM,ReqOCM,True,False,True,False,True,False,False,False,CAM,CAM|OCM,2,MOMToCAM|MOMToOCM_1,False,,,,
lre,prefix,MOM,EndTask,True,False,True,False,True,False,False,False,CAM,CAM|OCM,2,MOMToCAM|MOMToOCM_2,False,,,,
lre,prefix,MOM,ReqHCM,True,False,True,False,True,False,False,False,CAM,CAM|HCM,2,MOMToCAM|MOMToHCM_1,False,,,,
lre,prefix,MOM,tick,True,False,True,False,True,False,False,False,CAM,CAM,1,MOMToCAM,True,,,,
lre,prefix,MOM,ReqVel,True,False,True,False,True,False,False,True,CAM,CAM,1,MOMToCAM,True,,,,
lre,prefix,MOM,ReqHdng,True,False,True,False,True,False,False,True,CAM,CAM,1,MOMToCAM,True,,,,
lre,prefix,MOM,ReqMOM,True,False,True,False,True,False,False,True,CAM,CAM,1,MOMToCAM,True,,,,
lre,prefix,MOM,ReqOCM,True,False,True,False,True,False,False,True,CAM,CAM|OCM,2,MOMToCAM|MOMToOCM_1,False,,,,
lre,prefix,MOM,EndTask,True,False,True,False,True,False,False,True,CAM,CAM|OCM,2,MOMToCAM|MOMToOCM_2,False,,,,
lre,prefix,MOM,ReqHCM,True,False,True,False,True,False,False,True,CAM,CAM|HCM,2,MOMToCAM|MOMToHCM_1,False,,,,
lre,prefix,MOM,tick,True,False,True,False,True,False,False,True,CAM,CAM,1,MOMToCAM,True,,,,
lre,prefix,MOM,ReqVel,True,False,True,False,True,False,True,False,CAM,CAM,1,MOMToCAM,True,,,,
lre,prefix,MOM,ReqHdng,True,False,True,False,True,False,True,False,CAM,CAM,1,MOMToCAM,True,,,,
lre,prefix,MOM,ReqMOM,True,False,True,False,True,False,True,False,CAM,CAM,1,MOMToCAM,True,,,,
lre,prefix,MOM,ReqOCM,True,False,True,False,True,False,True,False,CAM,CAM|OCM,2,MOMToCAM|MOMToOCM_1,False,,,,
lre,prefix,MOM,EndTask,True,False,True,False,True,False,True,False,CAM,CAM|OCM,2,MOMToCAM|MOMToOCM_2,False,,,,
lre,prefix,MOM,ReqHCM,True,False,True,False,True,False,True,False,CAM,CAM|HCM,2,MOMToCAM|MOMToHCM_1,False,,,,
lre,prefix,MOM,tick,True,False,True,False,True,False,True,False,CAM,CAM,1,MOMToCAM,True,,,,
lre,prefix,MOM,ReqVel,True,False,True,False,True,False,True,True,CAM,CAM,1,MOMToCAM,True,,,,
lre,prefix,MOM,ReqHdng,True,False,True,False,True,False,True,True,CAM,CAM,1,MOMToCAM,True,,,,
lre,prefix,MOM,ReqMOM,True,False,True,False,True,False,True,True,CAM,CAM,1,MOMToCAM,True,,,,
lre,prefix,MOM,ReqOCM,True,False,True,False,True,False,True,True,CAM,CAM|OCM,2,MOMToCAM|MOMToOCM_1,False,,,,
lre,prefix,MOM,EndTask,True,False,True,False,True,False,True,True,CAM,CAM|OCM,2,MOMToCAM|MOMToOCM_2,False,,,,
lre,prefix,MOM,ReqHCM,True,False,True,False,True,False,True,True,CAM,CAM|HCM,2,MOMToCAM|MOMToHCM_1,False,,,,
lre,prefix,MOM,tick,True,False,True,False,True,False,True,True,CAM,CAM,1,MOMToCAM,True,,,,
lre,prefix,MOM,ReqVel,True,False,True,False,True,True,False,False,CAM,CAM,1,MOMToCAM,True,,,,
lre,prefix,MOM,ReqHdng,True,False,True,False,True,True,False,False,CAM,CAM,1,MOMToCAM,True,,,,
lre,prefix,MOM,ReqMOM,True,False,True,False,True,True,False,False,CAM,CAM,1,MOMToCAM,True,,,,
lre,prefix,MOM,ReqOCM,True,False,True,False,True,True,False,False,CAM,CAM|OCM,2,MOMToCAM|MOMToOCM_1,False,,,,
lre,prefix,MOM,EndTask,True,False,True,False,True,True,False,False,CAM,CAM|OCM,2,MOMToCAM|MOMToOCM_2,False,,,,
lre,prefix,MOM,ReqHCM,True,False,True,False,True,True,False,False,CAM,CAM|HCM,2,MOMToCAM|MOMToHCM_1,False,,,,
lre,prefix,MOM,tick,True,False,True,False,True,True,False,False,CAM,CAM,1,MOMToCAM,True,,,,
lre,prefix,MOM,ReqVel,True,False,True,False,True,True,False,True,CAM,CAM,1,MOMToCAM,True,,,,
lre,prefix,MOM,ReqHdng,True,False,True,False,True,True,False,True,CAM,CAM,1,MOMToCAM,True,,,,
lre,prefix,MOM,ReqMOM,True,False,True,False,True,True,False,True,CAM,CAM,1,MOMToCAM,True,,,,
lre,prefix,MOM,ReqOCM,True,False,True,False,True,True,False,True,CAM,CAM|OCM,2,MOMToCAM|MOMToOCM_1,False,,,,
lre,prefix,MOM,EndTask,True,False,True,False,True,True,False,True,CAM,CAM|OCM,2,MOMToCAM|MOMToOCM_2,False,,,,
lre,prefix,MOM,ReqHCM,True,False,True,False,True,True,False,True,CAM,CAM|HCM,2,MOMToCAM|MOMToHCM_1,False,,,,
lre,prefix,MOM,tick,True,False,True,False,True,True,False,True,CAM,CAM,1,MOMToCAM,True,,,,
lre,prefix,MOM,ReqVel,True,False,True,False,True,True,True,False,CAM,CAM,1,MOMToCAM,True,,,,
lre,prefix,MOM,ReqHdng,True,False,True,False,True,True,True,False,CAM,CAM,1,MOMToCAM,True,,,,
lre,prefix,MOM,ReqMOM,True,False,True,False,True,True,True,False,CAM,CAM,1,MOMToCAM,True,,,,
lre,prefix,MOM,ReqOCM,True,False,True,False,True,True,True,False,CAM,CAM|OCM,2,MOMToCAM|MOMToOCM_1,False,,,,
lre,prefix,MOM,EndTask,True,False,True,False,True,True,True,False,CAM,CAM|OCM,2,MOMToCAM|MOMToOCM_2,False,,,,
lre,prefix,MOM,ReqHCM,True,False,True,False,True,True,True,False,CAM,CAM|HCM,2,MOMToCAM|MOMToHCM_1,False,,,,
lre,prefix,MOM,tick,True,False,True,False,True,True,True,False,CAM,CAM,1,MOMToCAM,True,,,,
lre,prefix,MOM,ReqVel,True,False,True,False,True,True,True,True,CAM,CAM,1,MOMToCAM,True,,,,
lre,prefix,MOM,ReqHdng,True,False,True,False,True,True,True,True,CAM,CAM,1,MOMToCAM,True,,,,
lre,prefix,MOM,ReqMOM,True,False,True,False,True,True,True,True,CAM,CAM,1,MOMToCAM,True,,,,
lre,prefix,MOM,ReqOCM,True,False,True,False,True,True,True,True,CAM,CAM|OCM,2,MOMToCAM|MOMToOCM_1,False,,,,
lre,prefix,MOM,EndTask,True,False,True,False,True,True,True,True,CAM,CAM|OCM,2,MOMToCAM|MOMToOCM_2,False,,,,
lre,prefix,MOM,ReqHCM,True,False,True,False,True,True,True,True,CAM,CAM|HCM,2,MOMToCAM|MOMToHCM_1,False,,,,
lre,prefix,MOM,tick,True,False,True,False,True,True,True,True,CAM,CAM,1,MOMToCAM,True,,,,
lre,prefix,MOM,ReqVel,True,False,True,True,False,False,False,False,CAM,CAM,1,MOMToCAM,True,,,,
lre,prefix,MOM,ReqHdng,True,False,True,True,False,False,False,False,CAM,CAM,1,MOMToCAM,True,,,,
lre,prefix,MOM,ReqMOM,True,False,True,True,False,False,False,False,CAM,CAM,1,MOMToCAM,True,,,,
lre,prefix,MOM,ReqOCM,True,False,True,True,False,False,False,False,CAM,CAM|OCM,2,MOMToCAM|MOMToOCM_1,False,,,,
lre,prefix,MOM,EndTask,True,False,True,True,False,False,False,False,CAM,CAM|OCM,2,MOMToCAM|MOMToOCM_2,False,,,,
lre,prefix,MOM,ReqHCM,True,False,True,True,False,False,False,False,CAM,CAM|HCM,2,MOMToCAM|MOMToHCM_1,False,,,,
lre,prefix,MOM,tick,True,False,True,True,False,False,False,False,CAM,CAM,1,MOMToCAM,True,,,,
lre,prefix,MOM,ReqVel,True,False,True,True,False,False,False,True,CAM,CAM,1,MOMToCAM,True,,,,
lre,prefix,MOM,ReqHdng,True,False,True,True,False,False,False,True,CAM,CAM,1,MOMToCAM,True,,,,
lre,prefix,MOM,ReqMOM,True,False,True,True,False,False,False,True,CAM,CAM,1,MOMToCAM,True,,,,
lre,prefix,MOM,ReqOCM,True,False,True,True,False,False,False,True,CAM,CAM|OCM,2,MOMToCAM|MOMToOCM_1,False,,,,
lre,prefix,MOM,EndTask,True,False,True,True,False,False,False,True,CAM,CAM|OCM,2,MOMToCAM|MOMToOCM_2,False,,,,
lre,prefix,MOM,ReqHCM,True,False,True,True,False,False,False,True,CAM,CAM|HCM,2,MOMToCAM|MOMToHCM_1,False,,,,
lre,prefix,MOM,tick,True,False,True,True,False,False,False,True,CAM,CAM,1,MOMToCAM,True,,,,
lre,prefix,MOM,ReqVel,True,False,True,True,False,False,True,False,CAM,CAM,1,MOMToCAM,True,,,,
lre,prefix,MOM,ReqHdng,True,False,True,True,False,False,True,False,CAM,CAM,1,MOMToCAM,True,,,,
lre,prefix,MOM,ReqMOM,True,False,True,True,False,False,True,False,CAM,CAM,1,MOMToCAM,True,,,,
lre,prefix,MOM,ReqOCM,True,False,True,True,False,False,True,False,CAM,CAM|OCM,2,MOMToCAM|MOMToOCM_1,False,,,,
lre,prefix,MOM,EndTask,True,False,True,True,False,False,True,False,CAM,CAM|OCM,2,MOMToCAM|MOMToOCM_2,False,,,,
lre,prefix,MOM,ReqHCM,True,False,True,True,False,False,True,False,CAM,CAM|HCM,2,MOMToCAM|MOMToHCM_1,False,,,,
lre,prefix,MOM,tick,True,False,True,True,False,False,True,False,CAM,CAM,1,MOMToCAM,True,,,,
lre,prefix,MOM,ReqVel,True,False,True,True,False,False,True,True,CAM,CAM,1,MOMToCAM,True,,,,
lre,prefix,MOM,ReqHdng,True,False,True,True,False,False,True,True,CAM,CAM,1,MOMToCAM,True,,,,
lre,prefix,MOM,ReqMOM,True,False,True,True,False,False,True,True,CAM,CAM,1,MOMToCAM,True,,,,
lre,prefix,MOM,ReqOCM,True,False,True,True,False,False,True,True,CAM,CAM|OCM,2,MOMToCAM|MOMToOCM_1,False,,,,
lre,prefix,MOM,EndTask,True,False,True,True,False,False,True,True,CAM,CAM|OCM,2,MOMToCAM|MOMToOCM_2,False,,,,
lre,prefix,MOM,ReqHCM,True,False,True,True,False,False,True,True,CAM,CAM|HCM,2,MOMToCAM|MOMToHCM_1,False,,,,
lre,prefix,MOM,tick,True,False,True,True,False,False,True,True,CAM,CAM,1,MOMToCAM,True,,,,
lre,prefix,MOM,ReqVel,True,False,True,True,False,True,False,False,CAM,CAM,1,MOMToCAM,True,,,,
lre,prefix,MOM,ReqHdng,True,False,True,True,False,True,False,False,CAM,CAM,1,MOMToCAM,True,,,,
lre,prefix,MOM,ReqMOM,True,False,True,True,False,True,False,False,CAM,CAM,1,MOMToCAM,True,,,,
lre,prefix,MOM,ReqOCM,True,False,True,True,False,True,False,False,CAM,CAM|OCM,2,MOMToCAM|MOMToOCM_1,False,,,,
lre,prefix,MOM,EndTask,True,False,True,True,False,True,False,False,CAM,CAM|OCM,2,MOMToCAM|MOMToOCM_2,False,,,,
lre,prefix,MOM,ReqHCM,True,False,True,True,False,True,False,False,CAM,CAM|HCM,2,MOMToCAM|MOMToHCM_1,False,,,,
lre,prefix,MOM,tick,True,False,True,True,False,True,False,False,CAM,CAM,1,MOMToCAM,True,,,,
lre,prefix,MOM,ReqVel,True,False,True,True,False,True,False,True,CAM,CAM,1,MOMToCAM,True,,,,
lre,prefix,MOM,ReqHdng,True,False,True,True,False,True,False,True,CAM,CAM,1,MOMToCAM,True,,,,
lre,prefix,MOM,ReqMOM,True,False,True,True,False,True,False,True,CAM,CAM,1,MOMToCAM,True,,,,
lre,prefix,MOM,ReqOCM,True,False,True,True,False,True,False,True,CAM,CAM|OCM,2,MOMToCAM|MOMToOCM_1,False,,,,
lre,prefix,MOM,EndTask,True,False,True,True,False,True,False,True,CAM,CAM|OCM,2,MOMToCAM|MOMToOCM_2,False,,,,
lre,prefix,MOM,ReqHCM,True,False,True,True,False,True,False,True,CAM,CAM|HCM,2,MOMToCAM|MOMToHCM_1,False,,,,
lre,prefix,MOM,tick,True,False,True,True,False,True,False,True,CAM,CAM,1,MOMToCAM,True,,,,
lre,prefix,MOM,ReqVel,True,False,True,True,False,True,True,False,CAM,CAM,1,MOMToCAM,True,,,,
lre,prefix,MOM,ReqHdng,True,False,True,True,False,True,True,False,CAM,CAM,1,MOMToCAM,True,,,,
lre,prefix,MOM,ReqMOM,True,False,True,True,False,True,True,False,CAM,CAM,1,MOMToCAM,True,,,,
lre,prefix,MOM,ReqOCM,True,False,True,True,False,True,True,False,CAM,CAM|OCM,2,MOMToCAM|MOMToOCM_1,False,,,,
lre,prefix,MOM,EndTask,True,False,True,True,False,True,True,False,CAM,CAM|OCM,2,MOMToCAM|MOMToOCM_2,False,,,,
lre,prefix,MOM,ReqHCM,True,False,True,True,False,True,True,False,CAM,CAM|HCM,2,MOMToCAM|MOMToHCM_1,False,,,,
lre,prefix,MOM,tick,True,False,True,True,False,True,True,False,CAM,CAM,1,MOMToCAM,True,,,,
lre,prefix,MOM,ReqVel,True,False,True,True,False,True,True,True,CAM,CAM,1,MOMToCAM,True,,,,
lre,prefix,MOM,ReqHdng,True,False,True,True,False,True,True,True,CAM,CAM,1,MOMToCAM,True,,,,
lre,prefix,MOM,ReqMOM,True,False,True,True,False,True,True,True,CAM,CAM,1,MOMToCAM,True,,,,
lre,prefix,MOM,ReqOCM,True,False,True,True,False,True,True,True,CAM,CAM|OCM,2,MOMToCAM|MOMToOCM_1,False,,,,
lre,prefix,MOM,EndTask,True,False,True,True,False,True,True,True,CAM,CAM|OCM,2,MOMToCAM|MOMToOCM_2,False,,,,
lre,prefix,MOM,ReqHCM,True,False,True,True,False,True,True,True,CAM,CAM|HCM,2,MOMToCAM|MOMToHCM_1,False,,,,
lre,prefix,MOM,tick,True,False,True,True,False,True,True,True,CAM,CAM,1,MOMToCAM,True,,,,
lre,prefix,MOM,ReqVel,True,False,True,True,True,False,False,False,CAM,CAM,1,MOMToCAM,True,,,,
lre,prefix,MOM,ReqHdng,True,False,True,True,True,False,False,False,CAM,CAM,1,MOMToCAM,True,,,,
lre,prefix,MOM,ReqMOM,True,False,True,True,True,False,False,False,CAM,CAM,1,MOMToCAM,True,,,,
lre,prefix,MOM,ReqOCM,True,False,True,True,True,False,False,False,CAM,CAM|OCM,2,MOMToCAM|MOMToOCM_1,False,,,,
lre,prefix,MOM,EndTask,True,False,True,True,True,False,False,False,CAM,CAM|OCM,2,MOMToCAM|MOMToOCM_2,False,,,,
lre,prefix,MOM,ReqHCM,True,False,True,True,True,False,False,False,CAM,CAM|HCM,2,MOMToCAM|MOMToHCM_1,False,,,,
lre,prefix,MOM,tick,True,False,True,True,True,False,False,False,CAM,CAM,1,MOMToCAM,True,,,,
lre,prefix,MOM,ReqVel,True,False,True,True,True,False,False,True,CAM,CAM,1,MOMToCAM,True,,,,
lre,prefix,MOM,ReqHdng,True,False,True,True,True,False,False,True,CAM,CAM,1,MOMToCAM,True,,,,
lre,prefix,MOM,ReqMOM,True,False,True,True,True,False,False,True,CAM,CAM,1,MOMToCAM,True,,,,
lre,prefix,MOM,ReqOCM,True,False,True,True,True,False,False,True,CAM,CAM|OCM,2,MOMToCAM|MOMToOCM_1,False,,,,
lre,prefix,MOM,EndTask,True,False,True,True,True,False,False,True,CAM,CAM|OCM,2,MOMToCAM|MOMToOCM_2,False,,,,
lre,prefix,MOM,ReqHCM,True,False,True,True,True,False,False,True,CAM,CAM|HCM,2,MOMToCAM|MOMToHCM_1,False,,,,
lre,prefix,MOM,tick,True,False,True,True,True,False,False,True,CAM,CAM,1,MOMToCAM,True,,,,
lre,prefix,MOM,ReqVel,True,False,True,True,True,False,True,False,CAM,CAM,1,MOMToCAM,True,,,,
lre,prefix,MOM,ReqHdng,True,False,True,True,True,False,True,False,CAM,CAM,1,MOMToCAM,True,,,,
lre,prefix,MOM,ReqMOM,True,False,True,True,True,False,True,False,CAM,CAM,1,MOMToCAM,True,,,,
lre,prefix,MOM,ReqOCM,True,False,True,True,True,False,True,False,CAM,CAM|OCM,2,MOMToCAM|MOMToOCM_1,False,,,,
lre,prefix,MOM,EndTask,True,False,True,True,True,False,True,False,CAM,CAM|OCM,2,MOMToCAM|MOMToOCM_2,False,,,,
lre,prefix,MOM,ReqHCM,True,False,True,True,True,False,True,False,CAM,CAM|HCM,2,MOMToCAM|MOMToHCM_1,False,,,,
lre,prefix,MOM,tick,True,False,True,True,True,False,True,False,CAM,CAM,1,MOMToCAM,True,,,,
lre,prefix,MOM,ReqVel,True,False,True,True,True,False,True,True,CAM,CAM,1,MOMToCAM,True,,,,
lre,prefix,MOM,ReqHdng,True,False,True,True,True,False,True,True,CAM,CAM,1,MOMToCAM,True,,,,
lre,prefix,MOM,ReqMOM,True,False,True,True,True,False,True,True,CAM,CAM,1,MOMToCAM,True,,,,
lre,prefix,MOM,ReqOCM,True,False,True,True,True,False,True,True,CAM,CAM|OCM,2,MOMToCAM|MOMToOCM_1,False,,,,
lre,prefix,MOM,EndTask,True,False,True,True,True,False,True,True,CAM,CAM|OCM,2,MOMToCAM|MOMToOCM_2,False,,,,
lre,prefix,MOM,ReqHCM,True,False,True,True,True,False,True,True,CAM,CAM|HCM,2,MOMToCAM|MOMToHCM_1,False,,,,
lre,prefix,MOM,tick,True,False,True,True,True,False,True,True,CAM,CAM,1,MOMToCAM,True,,,,
lre,prefix,MOM,ReqVel,True,False,True,True,True,True,False,False,CAM,CAM,1,MOMToCAM,True,,,,
lre,prefix,MOM,ReqHdng,True,False,True,True,True,True,False,False,CAM,CAM,1,MOMToCAM,True,,,,
lre,prefix,MOM,ReqMOM,True,False,True,True,True,True,False,False,CAM,CAM,1,MOMToCAM,True,,,,
lre,prefix,MOM,ReqOCM,True,False,True,True,True,True,False,False,CAM,CAM|OCM,2,MOMToCAM|MOMToOCM_1,False,,,,
lre,prefix,MOM,EndTask,True,False,True,True,True,True,False,False,CAM,CAM|OCM,2,MOMToCAM|MOMToOCM_2,False,,,,
lre,prefix,MOM,ReqHCM,True,False,True,True,True,True,False,False,CAM,CAM|HCM,2,MOMToCAM|MOMToHCM_1,False,,,,
lre,prefix,MOM,tick,True,False,True,True,True,True,False,False,CAM,CAM,1,MOMToCAM,True,,,,
lre,prefix,MOM,ReqVel,True,False,True,True,True,True,False,True,CAM,CAM,1,MOMToCAM,True,,,,
lre,prefix,MOM,ReqHdng,True,False,True,True,True,True,False,True,CAM,CAM,1,MOMToCAM,True,,,,
lre,prefix,MOM,ReqMOM,True,False,True,True,True,True,False,True,CAM,CAM,1,MOMToCAM,True,,,,
lre,prefix,MOM,ReqOCM,True,False,True,True,True,True,False,True,CAM,CAM|OCM,2,MOMToCAM|MOMToOCM_1,False,,,,
lre,prefix,MOM,EndTask,True,False,True,True,True,True,False,True,CAM,CAM|OCM,2,MOMToCAM|MOMToOCM_2,False,,,,
lre,prefix,MOM,ReqHCM,True,False,True,True,True,True,False,True,CAM,CAM|HCM,2,MOMToCAM|MOMToHCM_1,False,,,,
lre,prefix,MOM,tick,True,False,True,True,True,True,False,True,CAM,CAM,1,MOMToCAM,True,,,,
lre,prefix,MOM,ReqVel,True,False,True,True,True,True,True,False,CAM,CAM,1,MOMToCAM,True,,,,
lre,prefix,MOM,ReqHdng,True,False,True,True,True,True,True,False,CAM,CAM,1,MOMToCAM,True,,,,
lre,prefix,MOM,ReqMOM,True,False,True,True,True,True,True,False,CAM,CAM,1,MOMToCAM,True,,,,
lre,prefix,MOM,ReqOCM,True,False,True,True,True,True,True,False,CAM,CAM|OCM,2,MOMToCAM|MOMToOCM_1,False,,,,
lre,prefix,MOM,EndTask,True,False,True,True,True,True,True,False,CAM,CAM|OCM,2,MOMToCAM|MOMToOCM_2,False,,,,
lre,prefix,MOM,ReqHCM,True,False,True,True,True,True,True,False,CAM,CAM|HCM,2,MOMToCAM|MOMToHCM_1,False,,,,
lre,prefix,MOM,tick,True,False,True,True,True,True,True,False,CAM,CAM,1,MOMToCAM,True,,,,
lre,prefix,MOM,ReqVel,True,False,True,True,True,True,True,True,CAM,CAM,1,MOMToCAM,True,,,,
lre,prefix,MOM,ReqHdng,True,False,True,True,True,True,True,True,CAM,CAM,1,MOMToCAM,True,,,,
lre,prefix,MOM,ReqMOM,True,False,True,True,True,True,True,True,CAM,CAM,1,MOMToCAM,True,,,,
lre,prefix,MOM,ReqOCM,True,False,True,True,True,True,True,True,CAM,CAM|OCM,2,MOMToCAM|MOMToOCM_1,False,,,,
lre,prefix,MOM,EndTask,True,False,True,True,True,True,True,True,CAM,CAM|OCM,2,MOMToCAM|MOMToOCM_2,False,,,,
lre,prefix,MOM,ReqHCM,True,False,True,True,True,True,True,True,CAM,CAM|HCM,2,MOMToCAM|MOMToHCM_1,False,,,,
lre,prefix,MOM,tick,True,False,True,True,True,True,True,True,CAM,CAM,1,MOMToCAM,True,,,,
lre,prefix,MOM,ReqVel,True,True,False,False,False,False,False,False,CAM,CAM,1,MOMToCAM,True,,,,
lre,prefix,MOM,ReqHdng,True,True,False,False,False,False,False,False,CAM,CAM,1,MOMToCAM,True,,,,
lre,prefix,MOM,ReqMOM,True,True,False,False,False,False,False,False,CAM,CAM,1,MOMToCAM,True,,,,
lre,prefix,MOM,ReqOCM,True,True,False,False,False,False,False,False,CAM,CAM|OCM,2,MOMToCAM|MOMToOCM_1,False,,,,
lre,prefix,MOM,EndTask,True,True,False,False,False,False,False,False,CAM,CAM|OCM,2,MOMToCAM|MOMToOCM_2,False,,,,
lre,prefix,MOM,ReqHCM,True,True,False,False,False,False,False,False,CAM,CAM|HCM,2,MOMToCAM|MOMToHCM_1,False,,,,
lre,prefix,MOM,tick,True,True,False,False,False,False,False,False,CAM,CAM,1,MOMToCAM,True,,,,
lre,prefix,MOM,ReqVel,True,True,False,False,False,False,False,True,CAM,CAM,1,MOMToCAM,True,,,,
lre,prefix,MOM,ReqHdng,True,True,False,False,False,False,False,True,CAM,CAM,1,MOMToCAM,True,,,,
lre,prefix,MOM,ReqMOM,True,True,False,False,False,False,False,True,CAM,CAM,1,MOMToCAM,True,,,,
lre,prefix,MOM,ReqOCM,True,True,False,False,False,False,False,True,CAM,CAM|OCM,2,MOMToCAM|MOMToOCM_1,False,,,,
lre,prefix,MOM,EndTask,True,True,False,False,False,False,False,True,CAM,CAM|OCM,2,MOMToCAM|MOMToOCM_2,False,,,,
lre,prefix,MOM,ReqHCM,True,True,False,False,False,False,False,True,CAM,CAM|HCM,2,MOMToCAM|MOMToHCM_1,False,,,,
lre,prefix,MOM,tick,True,True,False,False,False,False,False,True,CAM,CAM,1,MOMToCAM,True,,,,
lre,prefix,MOM,ReqVel,True,True,False,False,False,False,True,False,CAM,CAM,1,MOMToCAM,True,,,,
lre,prefix,MOM,ReqHdng,True,True,False,False,False,False,True,False,CAM,CAM,1,MOMToCAM,True,,,,
lre,prefix,MOM,ReqMOM,True,True,False,False,False,False,True,False,CAM,CAM,1,MOMToCAM,True,,,,
lre,prefix,MOM,ReqOCM,True,True,False,False,False,False,True,False,CAM,CAM|OCM,2,MOMToCAM|MOMToOCM_1,False,,,,
lre,prefix,MOM,EndTask,True,True,False,False,False,False,True,False,CAM,CAM|OCM,2,MOMToCAM|MOMToOCM_2,False,,,,
lre,prefix,MOM,ReqHCM,True,True,False,False,False,False,True,False,CAM,CAM|HCM,2,MOMToCAM|MOMToHCM_1,False,,,,
lre,prefix,MOM,tick,True,True,False,False,False,False,True,False,CAM,CAM,1,MOMToCAM,True,,,,
lre,prefix,MOM,ReqVel,True,True,False,False,False,False,True,True,CAM,CAM,1,MOMToCAM,True,,,,
lre,prefix,MOM,ReqHdng,True,True,False,False,False,False,True,True,CAM,CAM,1,MOMToCAM,True,,,,
lre,prefix,MOM,ReqMOM,True,True,False,False,False,False,True,True,CAM,CAM,1,MOMToCAM,True,,,,
lre,prefix,MOM,ReqOCM,True,True,False,False,False,False,True,True,CAM,CAM|OCM,2,MOMToCAM|MOMToOCM_1,False,,,,
lre,prefix,MOM,EndTask,True,True,False,False,False,False,True,True,CAM,CAM|OCM,2,MOMToCAM|MOMToOCM_2,False,,,,
lre,prefix,MOM,ReqHCM,True,True,False,False,False,False,True,True,CAM,CAM|HCM,2,MOMToCAM|MOMToHCM_1,False,,,,
lre,prefix,MOM,tick,True,True,False,False,False,False,True,True,CAM,CAM,1,MOMToCAM,True,,,,
lre,prefix,MOM,ReqVel,True,True,False,False,False,True,False,False,CAM,CAM,1,MOMToCAM,True,,,,
lre,prefix,MOM,ReqHdng,True,True,False,False,False,True,False,False,CAM,CAM,1,MOMToCAM,True,,,,
lre,prefix,MOM,ReqMOM,True,True,False,False,False,True,False,False,CAM,CAM,1,MOMToCAM,True,,,,
lre,prefix,MOM,ReqOCM,True,True,False,False,False,True,False,False,CAM,CAM|OCM,2,MOMToCAM|MOMToOCM_1,False,,,,
lre,prefix,MOM,EndTask,True,True,False,False,False,True,False,False,CAM,CAM|OCM,2,MOMToCAM|MOMToOCM_2,False,,,,
lre,prefix,MOM,ReqHCM,True,True,False,False,False,True,False,False,CAM,CAM|HCM,2,MOMToCAM|MOMToHCM_1,False,,,,
lre,prefix,MOM,tick,True,True,False,False,False,True,False,False,CAM,CAM,1,MOMToCAM,True,,,,
lre,prefix,MOM,ReqVel,True,True,False,False,False,True,False,True,CAM,CAM,1,MOMToCAM,True,,,,
lre,prefix,MOM,ReqHdng,True,True,False,False,False,True,False,True,CAM,CAM,1,MOMToCAM,True,,,,
lre,prefix,MOM,ReqMOM,True,True,False,False,False,True,False,True,CAM,CAM,1,MOMToCAM,True,,,,
lre,prefix,MOM,ReqOCM,True,True,False,False,False,True,False,True,CAM,CAM|OCM,2,MOMToCAM|MOMToOCM_1,False,,,,
lre,prefix,MOM,EndTask,True,True,False,False,False,True,False,True,CAM,CAM|OCM,2,MOMToCAM|MOMToOCM_2,False,,,,
lre,prefix,MOM,ReqHCM,True,True,False,False,False,True,False,True,CAM,CAM|HCM,2,MOMToCAM|MOMToHCM_1,False,,,,
lre,prefix,MOM,tick,True,True,False,False,False,True,False,True,CAM,CAM,1,MOMToCAM,True,,,,
lre,prefix,MOM,ReqVel,True,True,False,False,False,True,True,False,CAM,CAM,1,MOMToCAM,True,,,,
lre,prefix,MOM,ReqHdng,True,True,False,False,False,True,True,False,CAM,CAM,1,MOMToCAM,True,,,,
lre,prefix,MOM,ReqMOM,True,True,False,False,False,True,True,False,CAM,CAM,1,MOMToCAM,True,,,,
lre,prefix,MOM,ReqOCM,True,True,False,False,False,True,True,False,CAM,CAM|OCM,2,MOMToCAM|MOMToOCM_1,False,,,,
lre,prefix,MOM,EndTask,True,True,False,False,False,True,True,False,CAM,CAM|OCM,2,MOMToCAM|MOMToOCM_2,False,,,,
lre,prefix,MOM,ReqHCM,True,True,False,False,False,True,True,False,CAM,CAM|HCM,2,MOMToCAM|MOMToHCM_1,False,,,,
lre,prefix,MOM,tick,True,True,False,False,False,True,True,False,CAM,CAM,1,MOMToCAM,True,,,,
lre,prefix,MOM,ReqVel,True,True,False,False,False,True,True,True,CAM,CAM,1,MOMToCAM,True,,,,
lre,prefix,MOM,ReqHdng,True,True,False,False,False,True,True,True,CAM,CAM,1,MOMToCAM,True,,,,
lre,prefix,MOM,ReqMOM,True,True,False,False,False,True,True,True,CAM,CAM,1,MOMToCAM,True,,,,
lre,prefix,MOM,ReqOCM,True,True,False,False,False,True,True,True,CAM,CAM|OCM,2,MOMToCAM|MOMToOCM_1,False,,,,
lre,prefix,MOM,EndTask,True,True,False,False,False,True,True,True,CAM,CAM|OCM,2,MOMToCAM|MOMToOCM_2,False,,,,
lre,prefix,MOM,ReqHCM,True,True,False,False,False,True,True,True,CAM,CAM|HCM,2,MOMToCAM|MOMToHCM_1,False,,,,
lre,prefix,MOM,tick,True,True,False,False,False,True,True,True,CAM,CAM,1,MOMToCAM,True,,,,
lre,prefix,MOM,ReqVel,True,True,False,False,True,False,False,False,CAM,CAM,1,MOMToCAM,True,,,,
lre,prefix,MOM,ReqHdng,True,True,False,False,True,False,False,False,CAM,CAM,1,MOMToCAM,True,,,,
lre,prefix,MOM,ReqMOM,True,True,False,False,True,False,False,False,CAM,CAM,1,MOMToCAM,True,,,,
lre,prefix,MOM,ReqOCM,True,True,False,False,True,False,False,False,CAM,CAM|OCM,2,MOMToCAM|MOMToOCM_1,False,,,,
lre,prefix,MOM,EndTask,True,True,False,False,True,False,False,False,CAM,CAM|OCM,2,MOMToCAM|MOMToOCM_2,False,,,,
lre,prefix,MOM,ReqHCM,True,True,False,False,True,False,False,False,CAM,CAM|HCM,2,MOMToCAM|MOMToHCM_1,False,,,,
lre,prefix,MOM,tick,True,True,False,False,True,False,False,False,CAM,CAM,1,MOMToCAM,True,,,,
lre,prefix,MOM,ReqVel,True,True,False,False,True,False,False,True,CAM,CAM,1,MOMToCAM,True,,,,
lre,prefix,MOM,ReqHdng,True,True,False,False,True,False,False,True,CAM,CAM,1,MOMToCAM,True,,,,
lre,prefix,MOM,ReqMOM,True,True,False,False,True,False,False,True,CAM,CAM,1,MOMToCAM,True,,,,
lre,prefix,MOM,ReqOCM,True,True,False,False,True,False,False,True,CAM,CAM|OCM,2,MOMToCAM|MOMToOCM_1,False,,,,
lre,prefix,MOM,EndTask,True,True,False,False,True,False,False,True,CAM,CAM|OCM,2,MOMToCAM|MOMToOCM_2,False,,,,
lre,prefix,MOM,ReqHCM,True,True,False,False,True,False,False,True,CAM,CAM|HCM,2,MOMToCAM|MOMToHCM_1,False,,,,
lre,prefix,MOM,tick,True,True,False,False,True,False,False,True,CAM,CAM,1,MOMToCAM,True,,,,
lre,prefix,MOM,ReqVel,True,True,False,False,True,False,True,False,CAM,CAM,1,MOMToCAM,True,,,,
lre,prefix,MOM,ReqHdng,True,True,False,False,True,False,True,False,CAM,CAM,1,MOMToCAM,True,,,,
lre,prefix,MOM,ReqMOM,True,True,False,False,True,False,True,False,CAM,CAM,1,MOMToCAM,True,,,,
lre,prefix,MOM,ReqOCM,True,True,False,False,True,False,True,False,CAM,CAM|OCM,2,MOMToCAM|MOMToOCM_1,False,,,,
lre,prefix,MOM,EndTask,True,True,False,False,True,False,True,False,CAM,CAM|OCM,2,MOMToCAM|MOMToOCM_2,False,,,,
lre,prefix,MOM,ReqHCM,True,True,False,False,True,False,True,False,CAM,CAM|HCM,2,MOMToCAM|MOMToHCM_1,False,,,,
lre,prefix,MOM,tick,True,True,False,False,True,False,True,False,CAM,CAM,1,MOMToCAM,True,,,,
lre,prefix,MOM,ReqVel,True,True,False,False,True,False,True,True,CAM,CAM,1,MOMToCAM,True,,,,
lre,prefix,MOM,ReqHdng,True,True,False,False,True,False,True,True,CAM,CAM,1,MOMToCAM,True,,,,
lre,prefix,MOM,ReqMOM,True,True,False,False,True,False,True,True,CAM,CAM,1,MOMToCAM,True,,,,
lre,prefix,MOM,ReqOCM,True,True,False,False,True,False,True,True,CAM,CAM|OCM,2,MOMToCAM|MOMToOCM_1,False,,,,
lre,prefix,MOM,EndTask,True,True,False,False,True,False,True,True,CAM,CAM|OCM,2,MOMToCAM|MOMToOCM_2,False,,,,
lre,prefix,MOM,ReqHCM,True,True,False,False,True,False,True,True,CAM,CAM|HCM,2,MOMToCAM|MOMToHCM_1,False,,,,
lre,prefix,MOM,tick,True,True,False,False,True,False,True,True,CAM,CAM,1,MOMToCAM,True,,,,
lre,prefix,MOM,ReqVel,True,True,False,False,True,True,False,False,CAM,CAM,1,MOMToCAM,True,,,,
lre,prefix,MOM,ReqHdng,True,True,False,False,True,True,False,False,CAM,CAM,1,MOMToCAM,True,,,,
lre,prefix,MOM,ReqMOM,True,True,False,False,True,True,False,False,CAM,CAM,1,MOMToCAM,True,,,,
lre,prefix,MOM,ReqOCM,True,True,False,False,True,True,False,False,CAM,CAM|OCM,2,MOMToCAM|MOMToOCM_1,False,,,,
lre,prefix,MOM,EndTask,True,True,False,False,True,True,False,False,CAM,CAM|OCM,2,MOMToCAM|MOMToOCM_2,False,,,,
lre,prefix,MOM,ReqHCM,True,True,False,False,True,True,False,False,CAM,CAM|HCM,2,MOMToCAM|MOMToHCM_1,False,,,,
lre,prefix,MOM,tick,True,True,False,False,True,True,False,False,CAM,CAM,1,MOMToCAM,True,,,,
lre,prefix,MOM,ReqVel,True,True,False,False,True,True,False,True,CAM,CAM,1,MOMToCAM,True,,,,
lre,prefix,MOM,ReqHdng,True,True,False,False,True,True,False,True,CAM,CAM,1,MOMToCAM,True,,,,
lre,prefix,MOM,ReqMOM,True,True,False,False,True,True,False,True,CAM,CAM,1,MOMToCAM,True,,,,
lre,prefix,MOM,ReqOCM,True,True,False,False,True,True,False,True,CAM,CAM|OCM,2,MOMToCAM|MOMToOCM_1,False,,,,
lre,prefix,MOM,EndTask,True,True,False,False,True,True,False,True,CAM,CAM|OCM,2,MOMToCAM|MOMToOCM_2,False,,,,
lre,prefix,MOM,ReqHCM,True,True,False,False,True,True,False,True,CAM,CAM|HCM,2,MOMToCAM|MOMToHCM_1,False,,,,
lre,prefix,MOM,tick,True,True,False,False,True,True,False,True,CAM,CAM,1,MOMToCAM,True,,,,
lre,prefix,MOM,ReqVel,True,True,False,False,True,True,True,False,CAM,CAM,1,MOMToCAM,True,,,,
lre,prefix,MOM,ReqHdng,True,True,False,False,True,True,True,False,CAM,CAM,1,MOMToCAM,True,,,,
lre,prefix,MOM,ReqMOM,True,True,False,False,True,True,True,False,CAM,CAM,1,MOMToCAM,True,,,,
lre,prefix,MOM,ReqOCM,True,True,False,False,True,True,True,False,CAM,CAM|OCM,2,MOMToCAM|MOMToOCM_1,False,,,,
lre,prefix,MOM,EndTask,True,True,False,False,True,True,True,False,CAM,CAM|OCM,2,MOMToCAM|MOMToOCM_2,False,,,,
lre,prefix,MOM,ReqHCM,True,True,False,False,True,True,True,False,CAM,CAM|HCM,2,MOMToCAM|MOMToHCM_1,False,,,,
lre,prefix,MOM,tick,True,True,False,False,True,True,True,False,CAM,CAM,1,MOMToCAM,True,,,,
lre,prefix,MOM,ReqVel,True,True,False,False,True,True,True,True,CAM,CAM,1,MOMToCAM,True,,,,
lre,prefix,MOM,ReqHdng,True,True,False,False,True,True,True,True,CAM,CAM,1,MOMToCAM,True,,,,
lre,prefix,MOM,ReqMOM,True,True,False,False,True,True,True,True,CAM,CAM,1,MOMToCAM,True,,,,
lre,prefix,MOM,ReqOCM,True,True,False,False,True,True,True,True,CAM,CAM|OCM,2,MOMToCAM|MOMToOCM_1,False,,,,
lre,prefix,MOM,EndTask,True,True,False,False,True,True,True,True,CAM,CAM|OCM,2,MOMToCAM|MOMToOCM_2,False,,,,
lre,prefix,MOM,ReqHCM,True,True,False,False,True,True,True,True,CAM,CAM|HCM,2,MOMToCAM|MOMToHCM_1,False,,,,
lre,prefix,MOM,tick,True,True,False,False,True,True,True,True,CAM,CAM,1,MOMToCAM,True,,,,
lre,prefix,MOM,ReqVel,True,True,False,True,False,False,False,False,CAM,CAM,1,MOMToCAM,True,,,,
lre,prefix,MOM,ReqHdng,True,True,False,True,False,False,False,False,CAM,CAM,1,MOMToCAM,True,,,,
lre,prefix,MOM,ReqMOM,True,True,False,True,False,False,False,False,CAM,CAM,1,MOMToCAM,True,,,,
lre,prefix,MOM,ReqOCM,True,True,False,True,False,False,False,False,CAM,CAM|OCM,2,MOMToCAM|MOMToOCM_1,False,,,,
lre,prefix,MOM,EndTask,True,True,False,True,False,False,False,False,CAM,CAM|OCM,2,MOMToCAM|MOMToOCM_2,False,,,,
lre,prefix,MOM,ReqHCM,True,True,False,True,False,False,False,False,CAM,CAM|HCM,2,MOMToCAM|MOMToHCM_1,False,,,,
lre,prefix,MOM,tick,True,True,False,True,False,False,False,False,CAM,CAM,1,MOMToCAM,True,,,,
lre,prefix,MOM,ReqVel,True,True,False,True,False,False,False,True,CAM,CAM,1,MOMToCAM,True,,,,
lre,prefix,MOM,ReqHdng,True,True,False,True,False,False,False,True,CAM,CAM,1,MOMToCAM,True,,,,
lre,prefix,MOM,ReqMOM,True,True,False,True,False,False,False,True,CAM,CAM,1,MOMToCAM,True,,,,
lre,prefix,MOM,ReqOCM,True,True,False,True,False,False,False,True,CAM,CAM|OCM,2,MOMToCAM|MOMToOCM_1,False,,,,
lre,prefix,MOM,EndTask,True,True,False,True,False,False,False,True,CAM,CAM|OCM,2,MOMToCAM|MOMToOCM_2,False,,,,
lre,prefix,MOM,ReqHCM,True,True,False,True,False,False,False,True,CAM,CAM|HCM,2,MOMToCAM|MOMToHCM_1,False,,,,
lre,prefix,MOM,tick,True,True,False,True,False,False,False,True,CAM,CAM,1,MOMToCAM,True,,,,
lre,prefix,MOM,ReqVel,True,True,False,True,False,False,True,False,CAM,CAM,1,MOMToCAM,True,,,,
lre,prefix,MOM,ReqHdng,True,True,False,True,False,False,True,False,CAM,CAM,1,MOMToCAM,True,,,,
lre,prefix,MOM,ReqMOM,True,True,False,True,False,False,True,False,CAM,CAM,1,MOMToCAM,True,,,,
lre,prefix,MOM,ReqOCM,True,True,False,True,False,False,True,False,CAM,CAM|OCM,2,MOMToCAM|MOMToOCM_1,False,,,,
lre,prefix,MOM,EndTask,True,True,False,True,False,False,True,False,CAM,CAM|OCM,2,MOMToCAM|MOMToOCM_2,False,,,,
lre,prefix,MOM,ReqHCM,True,True,False,True,False,False,True,False,CAM,CAM|HCM,2,MOMToCAM|MOMToHCM_1,False,,,,
lre,prefix,MOM,tick,True,True,False,True,False,False,True,False,CAM,CAM,1,MOMToCAM,True,,,,
lre,prefix,MOM,ReqVel,True,True,False,True,False,False,True,True,CAM,CAM,1,MOMToCAM,True,,,,
lre,prefix,MOM,ReqHdng,True,True,False,True,False,False,True,True,CAM,CAM,1,MOMToCAM,True,,,,
lre,prefix,MOM,ReqMOM,True,True,False,True,False,False,True,True,CAM,CAM,1,MOMToCAM,True,,,,
lre,prefix,MOM,ReqOCM,True,True,False,True,False,False,True,True,CAM,CAM|OCM,2,MOMToCAM|MOMToOCM_1,False,,,,
lre,prefix,MOM,EndTask,True,True,False,True,False,False,True,True,CAM,CAM|OCM,2,MOMToCAM|MOMToOCM_2,False,,,,
lre,prefix,MOM,ReqHCM,True,True,False,True,False,False,True,True,CAM,CAM|HCM,2,MOMToCAM|MOMToHCM_1,False,,,,
lre,prefix,MOM,tick,True,True,False,True,False,False,True,True,CAM,CAM,1,MOMToCAM,True,,,,
lre,prefix,MOM,ReqVel,True,True,False,True,False,True,False,False,CAM,CAM,1,MOMToCAM,True,,,,
lre,prefix,MOM,ReqHdng,True,True,False,True,False,True,False,False,CAM,CAM,1,MOMToCAM,True,,,,
lre,prefix,MOM,ReqMOM,True,True,False,True,False,True,False,False,CAM,CAM,1,MOMToCAM,True,,,,
lre,prefix,MOM,ReqOCM,True,True,False,True,False,True,False,False,CAM,CAM|OCM,2,MOMToCAM|MOMToOCM_1,False,,,,
lre,prefix,MOM,EndTask,True,True,False,True,False,True,False,False,CAM,CAM|OCM,2,MOMToCAM|MOMToOCM_2,False,,,,
lre,prefix,MOM,ReqHCM,True,True,False,True,False,True,False,False,CAM,CAM|HCM,2,MOMToCAM|MOMToHCM_1,False,,,,
lre,prefix,MOM,tick,True,True,False,True,False,True,False,False,CAM,CAM,1,MOMToCAM,True,,,,
lre,prefix,MOM,ReqVel,True,True,False,True,False,True,False,True,CAM,CAM,1,MOMToCAM,True,,,,
lre,prefix,MOM,ReqHdng,True,True,False,True,False,True,False,True,CAM,CAM,1,MOMToCAM,True,,,,
lre,prefix,MOM,ReqMOM,True,True,False,True,False,True,False,True,CAM,CAM,1,MOMToCAM,True,,,,
lre,prefix,MOM,ReqOCM,True,True,False,True,False,True,False,True,CAM,CAM|OCM,2,MOMToCAM|MOMToOCM_1,False,,,,
lre,prefix,MOM,EndTask,True,True,False,True,False,True,False,True,CAM,CAM|OCM,2,MOMToCAM|MOMToOCM_2,False,,,,
lre,prefix,MOM,ReqHCM,True,True,False,True,False,True,False,True,CAM,CAM|HCM,2,MOMToCAM|MOMToHCM_1,False,,,,
lre,prefix,MOM,tick,True,True,False,True,False,True,False,True,CAM,CAM,1,MOMToCAM,True,,,,
lre,prefix,MOM,ReqVel,True,True,False,True,False,True,True,False,CAM,CAM,1,MOMToCAM,True,,,,
lre,prefix,MOM,ReqHdng,True,True,False,True,False,True,True,False,CAM,CAM,1,MOMToCAM,True,,,,
lre,prefix,MOM,ReqMOM,True,True,False,True,False,True,True,False,CAM,CAM,1,MOMToCAM,True,,,,
lre,prefix,MOM,ReqOCM,True,True,False,True,False,True,True,False,CAM,CAM|OCM,2,MOMToCAM|MOMToOCM_1,False,,,,
lre,prefix,MOM,EndTask,True,True,False,True,False,True,True,False,CAM,CAM|OCM,2,MOMToCAM|MOMToOCM_2,False,,,,
lre,prefix,MOM,ReqHCM,True,True,False,True,False,True,True,False,CAM,CAM|HCM,2,MOMToCAM|MOMToHCM_1,False,,,,
lre,prefix,MOM,tick,True,True,False,True,False,True,True,False,CAM,CAM,1,MOMToCAM,True,,,,
lre,prefix,MOM,ReqVel,True,True,False,True,False,True,True,True,CAM,CAM,1,MOMToCAM,True,,,,
lre,prefix,MOM,ReqHdng,True,True,False,True,False,True,True,True,CAM,CAM,1,MOMToCAM,True,,,,
lre,prefix,MOM,ReqMOM,True,True,False,True,False,True,True,True,CAM,CAM,1,MOMToCAM,True,,,,
lre,prefix,MOM,ReqOCM,True,True,False,True,False,True,True,True,CAM,CAM|OCM,2,MOMToCAM|MOMToOCM_1,False,,,,
lre,prefix,MOM,EndTask,True,True,False,True,False,True,True,True,CAM,CAM|OCM,2,MOMToCAM|MOMToOCM_2,False,,,,
lre,prefix,MOM,ReqHCM,True,True,False,True,False,True,True,True,CAM,CAM|HCM,2,MOMToCAM|MOMToHCM_1,False,,,,
lre,prefix,MOM,tick,True,True,False,True,False,True,True,True,CAM,CAM,1,MOMToCAM,True,,,,
lre,prefix,MOM,ReqVel,True,True,False,True,True,False,False,False,CAM,CAM,1,MOMToCAM,True,,,,
lre,prefix,MOM,ReqHdng,True,True,False,True,True,False,False,False,CAM,CAM,1,MOMToCAM,True,,,,
lre,prefix,MOM,ReqMOM,True,True,False,True,True,False,False,False,CAM,CAM,1,MOMToCAM,True,,,,
lre,prefix,MOM,ReqOCM,True,True,False,True,True,False,False,False,CAM,CAM|OCM,2,MOMToCAM|MOMToOCM_1,False,,,,
lre,prefix,MOM,EndTask,True,True,False,True,True,False,False,False,CAM,CAM|OCM,2,MOMToCAM|MOMToOCM_2,False,,,,
lre,prefix,MOM,ReqHCM,True,True,False,True,True,False,False,False,CAM,CAM|HCM,2,MOMToCAM|MOMToHCM_1,False,,,,
lre,prefix,MOM,tick,True,True,False,True,True,False,False,False,CAM,CAM,1,MOMToCAM,True,,,,
lre,prefix,MOM,ReqVel,True,True,False,True,True,False,False,True,CAM,CAM,1,MOMToCAM,True,,,,
lre,prefix,MOM,ReqHdng,True,True,False,True,True,False,False,True,CAM,CAM,1,MOMToCAM,True,,,,
lre,prefix,MOM,ReqMOM,True,True,False,True,True,False,False,True,CAM,CAM,1,MOMToCAM,True,,,,
lre,prefix,MOM,ReqOCM,True,True,False,True,True,False,False,True,CAM,CAM|OCM,2,MOMToCAM|MOMToOCM_1,False,,,,
lre,prefix,MOM,EndTask,True,True,False,True,True,False,False,True,CAM,CAM|OCM,2,MOMToCAM|MOMToOCM_2,False,,,,
lre,prefix,MOM,ReqHCM,True,True,False,True,True,False,False,True,CAM,CAM|HCM,2,MOMToCAM|MOMToHCM_1,False,,,,
lre,prefix,MOM,tick,True,True,False,True,True,False,False,True,CAM,CAM,1,MOMToCAM,True,,,,
lre,prefix,MOM,ReqVel,True,True,False,True,True,False,True,False,CAM,CAM,1,MOMToCAM,True,,,,
lre,prefix,MOM,ReqHdng,True,True,False,True,True,False,True,False,CAM,CAM,1,MOMToCAM,True,,,,
lre,prefix,MOM,ReqMOM,True,True,False,True,True,False,True,False,CAM,CAM,1,MOMToCAM,True,,,,
lre,prefix,MOM,ReqOCM,True,True,False,True,True,False,True,False,CAM,CAM|OCM,2,MOMToCAM|MOMToOCM_1,False,,,,
lre,prefix,MOM,EndTask,True,True,False,True,True,False,True,False,CAM,CAM|OCM,2,MOMToCAM|MOMToOCM_2,False,,,,
lre,prefix,MOM,ReqHCM,True,True,False,True,True,False,True,False,CAM,CAM|HCM,2,MOMToCAM|MOMToHCM_1,False,,,,
lre,prefix,MOM,tick,True,True,False,True,True,False,True,False,CAM,CAM,1,MOMToCAM,True,,,,
lre,prefix,MOM,ReqVel,True,True,False,True,True,False,True,True,CAM,CAM,1,MOMToCAM,True,,,,
lre,prefix,MOM,ReqHdng,True,True,False,True,True,False,True,True,CAM,CAM,1,MOMToCAM,True,,,,
lre,prefix,MOM,ReqMOM,True,True,False,True,True,False,True,True,CAM,CAM,1,MOMToCAM,True,,,,
lre,prefix,MOM,ReqOCM,True,True,False,True,True,False,True,True,CAM,CAM|OCM,2,MOMToCAM|MOMToOCM_1,False,,,,
lre,prefix,MOM,EndTask,True,True,False,True,True,False,True,True,CAM,CAM|OCM,2,MOMToCAM|MOMToOCM_2,False,,,,
lre,prefix,MOM,ReqHCM,True,True,False,True,True,False,True,True,CAM,CAM|HCM,2,MOMToCAM|MOMToHCM_1,False,,,,
lre,prefix,MOM,tick,True,True,False,True,True,False,True,True,CAM,CAM,1,MOMToCAM,True,,,,
lre,prefix,MOM,ReqVel,True,True,False,True,True,True,False,False,CAM,CAM,1,MOMToCAM,True,,,,
lre,prefix,MOM,ReqHdng,True,True,False,True,True,True,False,False,CAM,CAM,1,MOMToCAM,True,,,,
lre,prefix,MOM,ReqMOM,True,True,False,True,True,True,False,False,CAM,CAM,1,MOMToCAM,True,,,,
lre,prefix,MOM,ReqOCM,True,True,False,True,True,True,False,False,CAM,CAM|OCM,2,MOMToCAM|MOMToOCM_1,False,,,,
lre,prefix,MOM,EndTask,True,True,False,True,True,True,False,False,CAM,CAM|OCM,2,MOMToCAM|MOMToOCM_2,False,,,,
lre,prefix,MOM,ReqHCM,True,True,False,True,True,True,False,False,CAM,CAM|HCM,2,MOMToCAM|MOMToHCM_1,False,,,,
lre,prefix,MOM,tick,True,True,False,True,True,True,False,False,CAM,CAM,1,MOMToCAM,True,,,,
lre,prefix,MOM,ReqVel,True,True,False,True,True,True,False,True,CAM,CAM,1,MOMToCAM,True,,,,
lre,prefix,MOM,ReqHdng,True,True,False,True,True,True,False,True,CAM,CAM,1,MOMToCAM,True,,,,
lre,prefix,MOM,ReqMOM,True,True,False,True,True,True,False,True,CAM,CAM,1,MOMToCAM,True,,,,
lre,prefix,MOM,ReqOCM,True,True,False,True,True,True,False,True,CAM,CAM|OCM,2,MOMToCAM|MOMToOCM_1,False,,,,
lre,prefix,MOM,EndTask,True,True,False,True,True,True,False,True,CAM,CAM|OCM,2,MOMToCAM|MOMToOCM_2,False,,,,
lre,prefix,MOM,ReqHCM,True,True,False,True,True,True,False,True,CAM,CAM|HCM,2,MOMToCAM|MOMToHCM_1,False,,,,
lre,prefix,MOM,tick,True,True,False,True,True,True,False,True,CAM,CAM,1,MOMToCAM,True,,,,
lre,prefix,MOM,ReqVel,True,True,False,True,True,True,True,False,CAM,CAM,1,MOMToCAM,True,,,,
lre,prefix,MOM,ReqHdng,True,True,False,True,True,True,True,False,CAM,CAM,1,MOMToCAM,True,,,,
lre,prefix,MOM,ReqMOM,True,True,False,True,True,True,True,False,CAM,CAM,1,MOMToCAM,True,,,,
lre,prefix,MOM,ReqOCM,True,True,False,True,True,True,True,False,CAM,CAM|OCM,2,MOMToCAM|MOMToOCM_1,False,,,,
lre,prefix,MOM,EndTask,True,True,False,True,True,True,True,False,CAM,CAM|OCM,2,MOMToCAM|MOMToOCM_2,False,,,,
lre,prefix,MOM,ReqHCM,True,True,False,True,True,True,True,False,CAM,CAM|HCM,2,MOMToCAM|MOMToHCM_1,False,,,,
lre,prefix,MOM,tick,True,True,False,True,True,True,True,False,CAM,CAM,1,MOMToCAM,True,,,,
lre,prefix,MOM,ReqVel,True,True,False,True,True,True,True,True,CAM,CAM,1,MOMToCAM,True,,,,
lre,prefix,MOM,ReqHdng,True,True,False,True,True,True,True,True,CAM,CAM,1,MOMToCAM,True,,,,
lre,prefix,MOM,ReqMOM,True,True,False,True,True,True,True,True,CAM,CAM,1,MOMToCAM,True,,,,
lre,prefix,MOM,ReqOCM,True,True,False,True,True,True,True,True,CAM,CAM|OCM,2,MOMToCAM|MOMToOCM_1,False,,,,
lre,prefix,MOM,EndTask,True,True,False,True,True,True,True,True,CAM,CAM|OCM,2,MOMToCAM|MOMToOCM_2,False,,,,
lre,prefix,MOM,ReqHCM,True,True,False,True,True,True,True,True,CAM,CAM|HCM,2,MOMToCAM|MOMToHCM_1,False,,,,
lre,prefix,MOM,tick,True,True,False,True,True,True,True,True,CAM,CAM,1,MOMToCAM,True,,,,
lre,prefix,MOM,ReqVel,True,True,True,False,False,False,False,False,CAM,CAM,1,MOMToCAM,True,,,,
lre,prefix,MOM,ReqHdng,True,True,True,False,False,False,False,False,CAM,CAM,1,MOMToCAM,True,,,,
lre,prefix,MOM,ReqMOM,True,True,True,False,False,False,False,False,CAM,CAM,1,MOMToCAM,True,,,,
lre,prefix,MOM,ReqOCM,True,True,True,False,False,False,False,False,CAM,CAM|OCM,2,MOMToCAM|MOMToOCM_1,False,,,,
lre,prefix,MOM,EndTask,True,True,True,False,False,False,False,False,CAM,CAM|OCM,2,MOMToCAM|MOMToOCM_2,False,,,,
lre,prefix,MOM,ReqHCM,True,True,True,False,False,False,False,False,CAM,CAM|HCM,2,MOMToCAM|MOMToHCM_1,False,,,,
lre,prefix,MOM,tick,True,True,True,False,False,False,False,False,CAM,CAM,1,MOMToCAM,True,,,,
lre,prefix,MOM,ReqVel,True,True,True,False,False,False,False,True,CAM,CAM,1,MOMToCAM,True,,,,
lre,prefix,MOM,ReqHdng,True,True,True,False,False,False,False,True,CAM,CAM,1,MOMToCAM,True,,,,
lre,prefix,MOM,ReqMOM,True,True,True,False,False,False,False,True,CAM,CAM,1,MOMToCAM,True,,,,
lre,prefix,MOM,ReqOCM,True,True,True,False,False,False,False,True,CAM,CAM|OCM,2,MOMToCAM|MOMToOCM_1,False,,,,
lre,prefix,MOM,EndTask,True,True,True,False,False,False,False,True,CAM,CAM|OCM,2,MOMToCAM|MOMToOCM_2,False,,,,
lre,prefix,MOM,ReqHCM,True,True,True,False,False,False,False,True,CAM,CAM|HCM,2,MOMToCAM|MOMToHCM_1,False,,,,
lre,prefix,MOM,tick,True,True,True,False,False,False,False,True,CAM,CAM,1,MOMToCAM,True,,,,
lre,prefix,MOM,ReqVel,True,True,True,False,False,False,True,False,CAM,CAM,1,MOMToCAM,True,,,,
lre,prefix,MOM,ReqHdng,True,True,True,False,False,False,True,False,CAM,CAM,1,MOMToCAM,True,,,,
lre,prefix,MOM,ReqMOM,True,True,True,False,False,False,True,False,CAM,CAM,1,MOMToCAM,True,,,,
lre,prefix,MOM,ReqOCM,True,True,True,False,False,False,True,False,CAM,CAM|OCM,2,MOMToCAM|MOMToOCM_1,False,,,,
lre,prefix,MOM,EndTask,True,True,True,False,False,False,True,False,CAM,CAM|OCM,2,MOMToCAM|MOMToOCM_2,False,,,,
lre,prefix,MOM,ReqHCM,True,True,True,False,False,False,True,False,CAM,CAM|HCM,2,MOMToCAM|MOMToHCM_1,False,,,,
lre,prefix,MOM,tick,True,True,True,False,False,False,True,False,CAM,CAM,1,MOMToCAM,True,,,,
lre,prefix,MOM,ReqVel,True,True,True,False,False,False,True,True,CAM,CAM,1,MOMToCAM,True,,,,
lre,prefix,MOM,ReqHdng,True,True,True,False,False,False,True,True,CAM,CAM,1,MOMToCAM,True,,,,
lre,prefix,MOM,ReqMOM,True,True,True,False,False,False,True,True,CAM,CAM,1,MOMToCAM,True,,,,
lre,prefix,MOM,ReqOCM,True,True,True,False,False,False,True,True,CAM,CAM|OCM,2,MOMToCAM|MOMToOCM_1,False,,,,
lre,prefix,MOM,EndTask,True,True,True,False,False,False,True,True,CAM,CAM|OCM,2,MOMToCAM|MOMToOCM_2,False,,,,
lre,prefix,MOM,ReqHCM,True,True,True,False,False,False,True,True,CAM,CAM|HCM,2,MOMToCAM|MOMToHCM_1,False,,,,
lre,prefix,MOM,tick,True,True,True,False,False,False,True,True,CAM,CAM,1,MOMToCAM,True,,,,
lre,prefix,MOM,ReqVel,True,True,True,False,False,True,False,False,CAM,CAM,1,MOMToCAM,True,,,,
lre,prefix,MOM,ReqHdng,True,True,True,False,False,True,False,False,CAM,CAM,1,MOMToCAM,True,,,,
lre,prefix,MOM,ReqMOM,True,True,True,False,False,True,False,False,CAM,CAM,1,MOMToCAM,True,,,,
lre,prefix,MOM,ReqOCM,True,True,True,False,False,True,False,False,CAM,CAM|OCM,2,MOMToCAM|MOMToOCM_1,False,,,,
lre,prefix,MOM,EndTask,True,True,True,False,False,True,False,False,CAM,CAM|OCM,2,MOMToCAM|MOMToOCM_2,False,,,,
lre,prefix,MOM,ReqHCM,True,True,True,False,False,True,False,False,CAM,CAM|HCM,2,MOMToCAM|MOMToHCM_1,False,,,,
lre,prefix,MOM,tick,True,True,True,False,False,True,False,False,CAM,CAM,1,MOMToCAM,True,,,,
lre,prefix,MOM,ReqVel,True,True,True,False,False,True,False,True,CAM,CAM,1,MOMToCAM,True,,,,
lre,prefix,MOM,ReqHdng,True,True,True,False,False,True,False,True,CAM,CAM,1,MOMToCAM,True,,,,
lre,prefix,MOM,ReqMOM,True,True,True,False,False,True,False,True,CAM,CAM,1,MOMToCAM,True,,,,
lre,prefix,MOM,ReqOCM,True,True,True,False,False,True,False,True,CAM,CAM|OCM,2,MOMToCAM|MOMToOCM_1,False,,,,
lre,prefix,MOM,EndTask,True,True,True,False,False,True,False,True,CAM,CAM|OCM,2,MOMToCAM|MOMToOCM_2,False,,,,
lre,prefix,MOM,ReqHCM,True,True,True,False,False,True,False,True,CAM,CAM|HCM,2,MOMToCAM|MOMToHCM_1,False,,,,
lre,prefix,MOM,tick,True,True,True,False,False,True,False,True,CAM,CAM,1,MOMToCAM,True,,,,
lre,prefix,MOM,ReqVel,True,True,True,False,False,True,True,False,CAM,CAM,1,MOMToCAM,True,,,,
lre,prefix,MOM,ReqHdng,True,True,True,False,False,True,True,False,CAM,CAM,1,MOMToCAM,True,,,,
lre,prefix,MOM,ReqMOM,True,True,True,False,False,True,True,False,CAM,CAM,1,MOMToCAM,True,,,,
lre,prefix,MOM,ReqOCM,True,True,True,False,False,True,True,False,CAM,CAM|OCM,2,MOMToCAM|MOMToOCM_1,False,,,,
lre,prefix,MOM,EndTask,True,True,True,False,False,True,True,False,CAM,CAM|OCM,2,MOMToCAM|MOMToOCM_2,False,,,,
lre,prefix,MOM,ReqHCM,True,True,True,False,False,True,True,False,CAM,CAM|HCM,2,MOMToCAM|MOMToHCM_1,False,,,,
lre,prefix,MOM,tick,True,True,True,False,False,True,True,False,CAM,CAM,1,MOMToCAM,True,,,,
lre,prefix,MOM,ReqVel,True,True,True,False,False,True,True,True,CAM,CAM,1,MOMToCAM,True,,,,
lre,prefix,MOM,ReqHdng,True,True,True,False,False,True,True,True,CAM,CAM,1,MOMToCAM,True,,,,
lre,prefix,MOM,ReqMOM,True,True,True,False,False,True,True,True,CAM,CAM,1,MOMToCAM,True,,,,
lre,prefix,MOM,ReqOCM,True,True,True,False,False,True,True,True,CAM,CAM|OCM,2,MOMToCAM|MOMToOCM_1,False,,,,
lre,prefix,MOM,EndTask,True,True,True,False,False,True,True,True,CAM,CAM|OCM,2,MOMToCAM|MOMToOCM_2,False,,,,
lre,prefix,MOM,ReqHCM,True,True,True,False,False,True,True,True,CAM,CAM|HCM,2,MOMToCAM|MOMToHCM_1,False,,,,
lre,prefix,MOM,tick,True,True,True,False,False,True,True,True,CAM,CAM,1,MOMToCAM,True,,,,
lre,prefix,MOM,ReqVel,True,True,True,False,True,False,False,False,CAM,CAM,1,MOMToCAM,True,,,,
lre,prefix,MOM,ReqHdng,True,True,True,False,True,False,False,False,CAM,CAM,1,MOMToCAM,True,,,,
lre,prefix,MOM,ReqMOM,True,True,True,False,True,False,False,False,CAM,CAM,1,MOMToCAM,True,,,,
lre,prefix,MOM,ReqOCM,True,True,True,False,True,False,False,False,CAM,CAM|OCM,2,MOMToCAM|MOMToOCM_1,False,,,,
lre,prefix,MOM,EndTask,True,True,True,False,True,False,False,False,CAM,CAM|OCM,2,MOMToCAM|MOMToOCM_2,False,,,,
lre,prefix,MOM,ReqHCM,True,True,True,False,True,False,False,False,CAM,CAM|HCM,2,MOMToCAM|MOMToHCM_1,False,,,,
lre,prefix,MOM,tick,True,True,True,False,True,False,False,False,CAM,CAM,1,MOMToCAM,True,,,,
lre,prefix,MOM,ReqVel,True,True,True,False,True,False,False,True,CAM,CAM,1,MOMToCAM,True,,,,
lre,prefix,MOM,ReqHdng,True,True,True,False,True,False,False,True,CAM,CAM,1,MOMToCAM,True,,,,
lre,prefix,MOM,ReqMOM,True,True,True,False,True,False,False,True,CAM,CAM,1,MOMToCAM,True,,,,
lre,prefix,MOM,ReqOCM,True,True,True,False,True,False,False,True,CAM,CAM|OCM,2,MOMToCAM|MOMToOCM_1,False,,,,
lre,prefix,MOM,EndTask,True,True,True,False,True,False,False,True,CAM,CAM|OCM,2,MOMToCAM|MOMToOCM_2,False,,,,
lre,prefix,MOM,ReqHCM,True,True,True,False,True,False,False,True,CAM,CAM|HCM,2,MOMToCAM|MOMToHCM_1,False,,,,
lre,prefix,MOM,tick,True,True,True,False,True,False,False,True,CAM,CAM,1,MOMToCAM,True,,,,
lre,prefix,MOM,ReqVel,True,True,True,False,True,False,True,False,CAM,CAM,1,MOMToCAM,True,,,,
lre,prefix,MOM,ReqHdng,True,True,True,False,True,False,True,False,CAM,CAM,1,MOMToCAM,True,,,,
lre,prefix,MOM,ReqMOM,True,True,True,False,True,False,True,False,CAM,CAM,1,MOMToCAM,True,,,,
lre,prefix,MOM,ReqOCM,True,True,True,False,True,False,True,False,CAM,CAM|OCM,2,MOMToCAM|MOMToOCM_1,False,,,,
lre,prefix,MOM,EndTask,True,True,True,False,True,False,True,False,CAM,CAM|OCM,2,MOMToCAM|MOMToOCM_2,False,,,,
lre,prefix,MOM,ReqHCM,True,True,True,False,True,False,True,False,CAM,CAM|HCM,2,MOMToCAM|MOMToHCM_1,False,,,,
lre,prefix,MOM,tick,True,True,True,False,True,False,True,False,CAM,CAM,1,MOMToCAM,True,,,,
lre,prefix,MOM,ReqVel,True,True,True,False,True,False,True,True,CAM,CAM,1,MOMToCAM,True,,,,
lre,prefix,MOM,ReqHdng,True,True,True,False,True,False,True,True,CAM,CAM,1,MOMToCAM,True,,,,
lre,prefix,MOM,ReqMOM,True,True,True,False,True,False,True,True,CAM,CAM,1,MOMToCAM,True,,,,
lre,prefix,MOM,ReqOCM,True,True,True,False,True,False,True,True,CAM,CAM|OCM,2,MOMToCAM|MOMToOCM_1,False,,,,
lre,prefix,MOM,EndTask,True,True,True,False,True,False,True,True,CAM,CAM|OCM,2,MOMToCAM|MOMToOCM_2,False,,,,
lre,prefix,MOM,ReqHCM,True,True,True,False,True,False,True,True,CAM,CAM|HCM,2,MOMToCAM|MOMToHCM_1,False,,,,
lre,prefix,MOM,tick,True,True,True,False,True,False,True,True,CAM,CAM,1,MOMToCAM,True,,,,
lre,prefix,MOM,ReqVel,True,True,True,False,True,True,False,False,CAM,CAM,1,MOMToCAM,True,,,,
lre,prefix,MOM,ReqHdng,True,True,True,False,True,True,False,False,CAM,CAM,1,MOMToCAM,True,,,,
lre,prefix,MOM,ReqMOM,True,True,True,False,True,True,False,False,CAM,CAM,1,MOMToCAM,True,,,,
lre,prefix,MOM,ReqOCM,True,True,True,False,True,True,False,False,CAM,CAM|OCM,2,MOMToCAM|MOMToOCM_1,False,,,,
lre,prefix,MOM,EndTask,True,True,True,False,True,True,False,False,CAM,CAM|OCM,2,MOMToCAM|MOMToOCM_2,False,,,,
lre,prefix,MOM,ReqHCM,True,True,True,False,True,True,False,False,CAM,CAM|HCM,2,MOMToCAM|MOMToHCM_1,False,,,,
lre,prefix,MOM,tick,True,True,True,False,True,True,False,False,CAM,CAM,1,MOMToCAM,True,,,,
lre,prefix,MOM,ReqVel,True,True,True,False,True,True,False,True,CAM,CAM,1,MOMToCAM,True,,,,
lre,prefix,MOM,ReqHdng,True,True,True,False,True,True,False,True,CAM,CAM,1,MOMToCAM,True,,,,
lre,prefix,MOM,ReqMOM,True,True,True,False,True,True,False,True,CAM,CAM,1,MOMToCAM,True,,,,
lre,prefix,MOM,ReqOCM,True,True,True,False,True,True,False,True,CAM,CAM|OCM,2,MOMToCAM|MOMToOCM_1,False,,,,
lre,prefix,MOM,EndTask,True,True,True,False,True,True,False,True,CAM,CAM|OCM,2,MOMToCAM|MOMToOCM_2,False,,,,
lre,prefix,MOM,ReqHCM,True,True,True,False,True,True,False,True,CAM,CAM|HCM,2,MOMToCAM|MOMToHCM_1,False,,,,
lre,prefix,MOM,tick,True,True,True,False,True,True,False,True,CAM,CAM,1,MOMToCAM,True,,,,
lre,prefix,MOM,ReqVel,True,True,True,False,True,True,True,False,CAM,CAM,1,MOMToCAM,True,,,,
lre,prefix,MOM,ReqHdng,True,True,True,False,True,True,True,False,CAM,CAM,1,MOMToCAM,True,,,,
lre,prefix,MOM,ReqMOM,True,True,True,False,True,True,True,False,CAM,CAM,1,MOMToCAM,True,,,,
lre,prefix,MOM,ReqOCM,True,True,True,False,True,True,True,False,CAM,CAM|OCM,2,MOMToCAM|MOMToOCM_1,False,,,,
lre,prefix,MOM,EndTask,True,True,True,False,True,True,True,False,CAM,CAM|OCM,2,MOMToCAM|MOMToOCM_2,False,,,,
lre,prefix,MOM,ReqHCM,True,True,True,False,True,True,True,False,CAM,CAM|HCM,2,MOMToCAM|MOMToHCM_1,False,,,,
lre,prefix,MOM,tick,True,True,True,False,True,True,True,False,CAM,CAM,1,MOMToCAM,True,,,,
lre,prefix,MOM,ReqVel,True,True,True,False,True,True,True,True,CAM,CAM,1,MOMToCAM,True,,,,
lre,prefix,MOM,ReqHdng,True,True,True,False,True,True,True,True,CAM,CAM,1,MOMToCAM,True,,,,
lre,prefix,MOM,ReqMOM,True,True,True,False,True,True,True,True,CAM,CAM,1,MOMToCAM,True,,,,
lre,prefix,MOM,ReqOCM,True,True,True,False,True,True,True,True,CAM,CAM|OCM,2,MOMToCAM|MOMToOCM_1,False,,,,
lre,prefix,MOM,EndTask,True,True,True,False,True,True,True,True,CAM,CAM|OCM,2,MOMToCAM|MOMToOCM_2,False,,,,
lre,prefix,MOM,ReqHCM,True,True,True,False,True,True,True,True,CAM,CAM|HCM,2,MOMToCAM|MOMToHCM_1,False,,,,
lre,prefix,MOM,tick,True,True,True,False,True,True,True,True,CAM,CAM,1,MOMToCAM,True,,,,
lre,prefix,MOM,ReqVel,True,True,True,True,False,False,False,False,CAM,CAM,1,MOMToCAM,True,,,,
lre,prefix,MOM,ReqHdng,True,True,True,True,False,False,False,False,CAM,CAM,1,MOMToCAM,True,,,,
lre,prefix,MOM,ReqMOM,True,True,True,True,False,False,False,False,CAM,CAM,1,MOMToCAM,True,,,,
lre,prefix,MOM,ReqOCM,True,True,True,True,False,False,False,False,CAM,CAM|OCM,2,MOMToCAM|MOMToOCM_1,False,,,,
lre,prefix,MOM,EndTask,True,True,True,True,False,False,False,False,CAM,CAM|OCM,2,MOMToCAM|MOMToOCM_2,False,,,,
lre,prefix,MOM,ReqHCM,True,True,True,True,False,False,False,False,CAM,CAM|HCM,2,MOMToCAM|MOMToHCM_1,False,,,,
lre,prefix,MOM,tick,True,True,True,True,False,False,False,False,CAM,CAM,1,MOMToCAM,True,,,,
lre,prefix,MOM,ReqVel,True,True,True,True,False,False,False,True,CAM,CAM,1,MOMToCAM,True,,,,
lre,prefix,MOM,ReqHdng,True,True,True,True,False,False,False,True,CAM,CAM,1,MOMToCAM,True,,,,
lre,prefix,MOM,ReqMOM,True,True,True,True,False,False,False,True,CAM,CAM,1,MOMToCAM,True,,,,
lre,prefix,MOM,ReqOCM,True,True,True,True,False,False,False,True,CAM,CAM|OCM,2,MOMToCAM|MOMToOCM_1,False,,,,
lre,prefix,MOM,EndTask,True,True,True,True,False,False,False,True,CAM,CAM|OCM,2,MOMToCAM|MOMToOCM_2,False,,,,
lre,prefix,MOM,ReqHCM,True,True,True,True,False,False,False,True,CAM,CAM|HCM,2,MOMToCAM|MOMToHCM_1,False,,,,
lre,prefix,MOM,tick,True,True,True,True,False,False,False,True,CAM,CAM,1,MOMToCAM,True,,,,
lre,prefix,MOM,ReqVel,True,True,True,True,False,False,True,False,CAM,CAM,1,MOMToCAM,True,,,,
lre,prefix,MOM,ReqHdng,True,True,True,True,False,False,True,False,CAM,CAM,1,MOMToCAM,True,,,,
lre,prefix,MOM,ReqMOM,True,True,True,True,False,False,True,False,CAM,CAM,1,MOMToCAM,True,,,,
lre,prefix,MOM,ReqOCM,True,True,True,True,False,False,True,False,CAM,CAM|OCM,2,MOMToCAM|MOMToOCM_1,False,,,,
lre,prefix,MOM,EndTask,True,True,True,True,False,False,True,False,CAM,CAM|OCM,2,MOMToCAM|MOMToOCM_2,False,,,,
lre,prefix,MOM,ReqHCM,True,True,True,True,False,False,True,False,CAM,CAM|HCM,2,MOMToCAM|MOMToHCM_1,False,,,,
lre,prefix,MOM,tick,True,True,True,True,False,False,True,False,CAM,CAM,1,MOMToCAM,True,,,,
lre,prefix,MOM,ReqVel,True,True,True,True,False,False,True,True,CAM,CAM,1,MOMToCAM,True,,,,
lre,prefix,MOM,ReqHdng,True,True,True,True,False,False,True,True,CAM,CAM,1,MOMToCAM,True,,,,
lre,prefix,MOM,ReqMOM,True,True,True,True,False,False,True,True,CAM,CAM,1,MOMToCAM,True,,,,
lre,prefix,MOM,ReqOCM,True,True,True,True,False,False,True,True,CAM,CAM|OCM,2,MOMToCAM|MOMToOCM_1,False,,,,
lre,prefix,MOM,EndTask,True,True,True,True,False,False,True,True,CAM,CAM|OCM,2,MOMToCAM|MOMToOCM_2,False,,,,
lre,prefix,MOM,ReqHCM,True,True,True,True,False,False,True,True,CAM,CAM|HCM,2,MOMToCAM|MOMToHCM_1,False,,,,
lre,prefix,MOM,tick,True,True,True,True,False,False,True,True,CAM,CAM,1,MOMToCAM,True,,,,
lre,prefix,MOM,ReqVel,True,True,True,True,False,True,False,False,CAM,CAM,1,MOMToCAM,True,,,,
lre,prefix,MOM,ReqHdng,True,True,True,True,False,True,False,False,CAM,CAM,1,MOMToCAM,True,,,,
lre,prefix,MOM,ReqMOM,True,True,True,True,False,True,False,False,CAM,CAM,1,MOMToCAM,True,,,,
lre,prefix,MOM,ReqOCM,True,True,True,True,False,True,False,False,CAM,CAM|OCM,2,MOMToCAM|MOMToOCM_1,False,,,,
lre,prefix,MOM,EndTask,True,True,True,True,False,True,False,False,CAM,CAM|OCM,2,MOMToCAM|MOMToOCM_2,False,,,,
lre,prefix,MOM,ReqHCM,True,True,True,True,False,True,False,False,CAM,CAM|HCM,2,MOMToCAM|MOMToHCM_1,False,,,,
lre,prefix,MOM,tick,True,True,True,True,False,True,False,False,CAM,CAM,1,MOMToCAM,True,,,,
lre,prefix,MOM,ReqVel,True,True,True,True,False,True,False,True,CAM,CAM,1,MOMToCAM,True,,,,
lre,prefix,MOM,ReqHdng,True,True,True,True,False,True,False,True,CAM,CAM,1,MOMToCAM,True,,,,
lre,prefix,MOM,ReqMOM,True,True,True,True,False,True,False,True,CAM,CAM,1,MOMToCAM,True,,,,
lre,prefix,MOM,ReqOCM,True,True,True,True,False,True,False,True,CAM,CAM|OCM,2,MOMToCAM|MOMToOCM_1,False,,,,
lre,prefix,MOM,EndTask,True,True,True,True,False,True,False,True,CAM,CAM|OCM,2,MOMToCAM|MOMToOCM_2,False,,,,
lre,prefix,MOM,ReqHCM,True,True,True,True,False,True,False,True,CAM,CAM|HCM,2,MOMToCAM|MOMToHCM_1,False,,,,
lre,prefix,MOM,tick,True,True,True,True,False,True,False,True,CAM,CAM,1,MOMToCAM,True,,,,
lre,prefix,MOM,ReqVel,True,True,True,True,False,True,True,False,CAM,CAM,1,MOMToCAM,True,,,,
lre,prefix,MOM,ReqHdng,True,True,True,True,False,True,True,False,CAM,CAM,1,MOMToCAM,True,,,,
lre,prefix,MOM,ReqMOM,True,True,True,True,False,True,True,False,CAM,CAM,1,MOMToCAM,True,,,,
lre,prefix,MOM,ReqOCM,True,True,True,True,False,True,True,False,CAM,CAM|OCM,2,MOMToCAM|MOMToOCM_1,False,,,,
lre,prefix,MOM,EndTask,True,True,True,True,False,True,True,False,CAM,CAM|OCM,2,MOMToCAM|MOMToOCM_2,False,,,,
lre,prefix,MOM,ReqHCM,True,True,True,True,False,True,True,False,CAM,CAM|HCM,2,MOMToCAM|MOMToHCM_1,False,,,,
lre,prefix,MOM,tick,True,True,True,True,False,True,True,False,CAM,CAM,1,MOMToCAM,True,,,,
lre,prefix,MOM,ReqVel,True,True,True,True,False,True,True,True,CAM,CAM,1,MOMToCAM,True,,,,
lre,prefix,MOM,ReqHdng,True,True,True,True,False,True,True,True,CAM,CAM,1,MOMToCAM,True,,,,
lre,prefix,MOM,ReqMOM,True,True,True,True,False,True,True,True,CAM,CAM,1,MOMToCAM,True,,,,
lre,prefix,MOM,ReqOCM,True,True,True,True,False,True,True,True,CAM,CAM|OCM,2,MOMToCAM|MOMToOCM_1,False,,,,
lre,prefix,MOM,EndTask,True,True,True,True,False,True,True,True,CAM,CAM|OCM,2,MOMToCAM|MOMToOCM_2,False,,,,
lre,prefix,MOM,ReqHCM,True,True,True,True,False,True,True,True,CAM,CAM|HCM,2,MOMToCAM|MOMToHCM_1,False,,,,
lre,prefix,MOM,tick,True,True,True,True,False,True,True,True,CAM,CAM,1,MOMToCAM,True,,,,
lre,prefix,MOM,ReqVel,True,True,True,True,True,False,False,False,CAM,CAM,1,MOMToCAM,True,,,,
lre,prefix,MOM,ReqHdng,True,True,True,True,True,False,False,False,CAM,CAM,1,MOMToCAM,True,,,,
lre,prefix,MOM,ReqMOM,True,True,True,True,True,False,False,False,CAM,CAM,1,MOMToCAM,True,,,,
lre,prefix,MOM,ReqOCM,True,True,True,True,True,False,False,False,CAM,CAM|OCM,2,MOMToCAM|MOMToOCM_1,False,,,,
lre,prefix,MOM,EndTask,True,True,True,True,True,False,False,False,CAM,CAM|OCM,2,MOMToCAM|MOMToOCM_2,False,,,,
lre,prefix,MOM,ReqHCM,True,True,True,True,True,False,False,False,CAM,CAM|HCM,2,MOMToCAM|MOMToHCM_1,False,,,,
lre,prefix,MOM,tick,True,True,True,True,True,False,False,False,CAM,CAM,1,MOMToCAM,True,,,,
lre,prefix,MOM,ReqVel,True,True,True,True,True,False,False,True,CAM,CAM,1,MOMToCAM,True,,,,
lre,prefix,MOM,ReqHdng,True,True,True,True,True,False,False,True,CAM,CAM,1,MOMToCAM,True,,,,
lre,prefix,MOM,ReqMOM,True,True,True,True,True,False,False,True,CAM,CAM,1,MOMToCAM,True,,,,
lre,prefix,MOM,ReqOCM,True,True,True,True,True,False,False,True,CAM,CAM|OCM,2,MOMToCAM|MOMToOCM_1,False,,,,
lre,prefix,MOM,EndTask,True,True,True,True,True,False,False,True,CAM,CAM|OCM,2,MOMToCAM|MOMToOCM_2,False,,,,
lre,prefix,MOM,ReqHCM,True,True,True,True,True,False,False,True,CAM,CAM|HCM,2,MOMToCAM|MOMToHCM_1,False,,,,
lre,prefix,MOM,tick,True,True,True,True,True,False,False,True,CAM,CAM,1,MOMToCAM,True,,,,
lre,prefix,MOM,ReqVel,True,True,True,True,True,False,True,False,CAM,CAM,1,MOMToCAM,True,,,,
lre,prefix,MOM,ReqHdng,True,True,True,True,True,False,True,False,CAM,CAM,1,MOMToCAM,True,,,,
lre,prefix,MOM,ReqMOM,True,True,True,True,True,False,True,False,CAM,CAM,1,MOMToCAM,True,,,,
lre,prefix,MOM,ReqOCM,True,True,True,True,True,False,True,False,CAM,CAM|OCM,2,MOMToCAM|MOMToOCM_1,False,,,,
lre,prefix,MOM,EndTask,True,True,True,True,True,False,True,False,CAM,CAM|OCM,2,MOMToCAM|MOMToOCM_2,False,,,,
lre,prefix,MOM,ReqHCM,True,True,True,True,True,False,True,False,CAM,CAM|HCM,2,MOMToCAM|MOMToHCM_1,False,,,,
lre,prefix,MOM,tick,True,True,True,True,True,False,True,False,CAM,CAM,1,MOMToCAM,True,,,,
lre,prefix,MOM,ReqVel,True,True,True,True,True,False,True,True,CAM,CAM,1,MOMToCAM,True,,,,
lre,prefix,MOM,ReqHdng,True,True,True,True,True,False,True,True,CAM,CAM,1,MOMToCAM,True,,,,
lre,prefix,MOM,ReqMOM,True,True,True,True,True,False,True,True,CAM,CAM,1,MOMToCAM,True,,,,
lre,prefix,MOM,ReqOCM,True,True,True,True,True,False,True,True,CAM,CAM|OCM,2,MOMToCAM|MOMToOCM_1,False,,,,
lre,prefix,MOM,EndTask,True,True,True,True,True,False,True,True,CAM,CAM|OCM,2,MOMToCAM|MOMToOCM_2,False,,,,
lre,prefix,MOM,ReqHCM,True,True,True,True,True,False,True,True,CAM,CAM|HCM,2,MOMToCAM|MOMToHCM_1,False,,,,
lre,prefix,MOM,tick,True,True,True,True,True,False,True,True,CAM,CAM,1,MOMToCAM,True,,,,
lre,prefix,MOM,ReqVel,True,True,True,True,True,True,False,False,CAM,CAM,1,MOMToCAM,True,,,,
lre,prefix,MOM,ReqHdng,True,True,True,True,True,True,False,False,CAM,CAM,1,MOMToCAM,True,,,,
lre,prefix,MOM,ReqMOM,True,True,True,True,True,True,False,False,CAM,CAM,1,MOMToCAM,True,,,,
lre,prefix,MOM,ReqOCM,True,True,True,True,True,True,False,False,CAM,CAM|OCM,2,MOMToCAM|MOMToOCM_1,False,,,,
lre,prefix,MOM,EndTask,True,True,True,True,True,True,False,False,CAM,CAM|OCM,2,MOMToCAM|MOMToOCM_2,False,,,,
lre,prefix,MOM,ReqHCM,True,True,True,True,True,True,False,False,CAM,CAM|HCM,2,MOMToCAM|MOMToHCM_1,False,,,,
lre,prefix,MOM,tick,True,True,True,True,True,True,False,False,CAM,CAM,1,MOMToCAM,True,,,,
lre,prefix,MOM,ReqVel,True,True,True,True,True,True,False,True,CAM,CAM,1,MOMToCAM,True,,,,
lre,prefix,MOM,ReqHdng,True,True,True,True,True,True,False,True,CAM,CAM,1,MOMToCAM,True,,,,
lre,prefix,MOM,ReqMOM,True,True,True,True,True,True,False,True,CAM,CAM,1,MOMToCAM,True,,,,
lre,prefix,MOM,ReqOCM,True,True,True,True,True,True,False,True,CAM,CAM|OCM,2,MOMToCAM|MOMToOCM_1,False,,,,
lre,prefix,MOM,EndTask,True,True,True,True,True,True,False,True,CAM,CAM|OCM,2,MOMToCAM|MOMToOCM_2,False,,,,
lre,prefix,MOM,ReqHCM,True,True,True,True,True,True,False,True,CAM,CAM|HCM,2,MOMToCAM|MOMToHCM_1,False,,,,
lre,prefix,MOM,tick,True,True,True,True,True,True,False,True,CAM,CAM,1,MOMToCAM,True,,,,
lre,prefix,MOM,ReqVel,True,True,True,True,True,True,True,False,CAM,CAM,1,MOMToCAM,True,,,,
lre,prefix,MOM,ReqHdng,True,True,True,True,True,True,True,False,CAM,CAM,1,MOMToCAM,True,,,,
lre,prefix,MOM,ReqMOM,True,True,True,True,True,True,True,False,CAM,CAM,1,MOMToCAM,True,,,,
lre,prefix,MOM,ReqOCM,True,True,True,True,True,True,True,False,CAM,CAM|OCM,2,MOMToCAM|MOMToOCM_1,False,,,,
lre,prefix,MOM,EndTask,True,True,True,True,True,True,True,False,CAM,CAM|OCM,2,MOMToCAM|MOMToOCM_2,False,,,,
lre,prefix,MOM,ReqHCM,True,True,True,True,True,True,True,False,CAM,CAM|HCM,2,MOMToCAM|MOMToHCM_1,False,,,,
lre,prefix,MOM,tick,True,True,True,True,True,True,True,False,CAM,CAM,1,MOMToCAM,True,,,,
lre,prefix,MOM,ReqVel,True,True,True,True,True,True,True,True,CAM,CAM,1,MOMToCAM,True,,,,
lre,prefix,MOM,ReqHdng,True,True,True,True,True,True,True,True,CAM,CAM,1,MOMToCAM,True,,,,
lre,prefix,MOM,ReqMOM,True,True,True,True,True,True,True,True,CAM,CAM,1,MOMToCAM,True,,,,
lre,prefix,MOM,ReqOCM,True,True,True,True,True,True,True,True,CAM,CAM|OCM,2,MOMToCAM|MOMToOCM_1,False,,,,
lre,prefix,MOM,EndTask,True,True,True,True,True,True,True,True,CAM,CAM|OCM,2,MOMToCAM|MOMToOCM_2,False,,,,
lre,prefix,MOM,ReqHCM,True,True,True,True,True,True,True,True,CAM,CAM|HCM,2,MOMToCAM|MOMToHCM_1,False,,,,
lre,prefix,MOM,tick,True,True,True,True,True,True,True,True,CAM,CAM,1,MOMToCAM,True,,,,
lre,prefix,HCM,ReqVel,False,False,False,False,False,False,False,False,HCM,HCM,0,-,True,,,,
lre,prefix,HCM,ReqHdng,False,False,False,False,False,False,False,False,HCM,HCM,0,-,True,,,,
lre,prefix,HCM,ReqMOM,False,False,False,False,False,False,False,False,HCM,HCM,0,-,True,,,,
lre,prefix,HCM,ReqOCM,False,False,False,False,False,False,False,False,OCM,OCM,1,HCMToOCM_1,True,,,,
lre,prefix,HCM,EndTask,False,False,False,False,False,False,False,False,HCM,HCM,0,-,True,,,,
lre,prefix,HCM,ReqHCM,False,False,False,False,False,False,False,False,HCM,HCM,0,-,True,,,,
lre,prefix,HCM,tick,False,False,False,False,False,False,False,False,HCM,HCM,0,-,True,,,,
lre,prefix,HCM,ReqVel,False,False,False,False,False,False,False,True,HCM,HCM,0,-,True,,,,
lre,prefix,HCM,ReqHdng,False,False,False,False,False,False,False,True,HCM,HCM,0,-,True,,,,
lre,prefix,HCM,ReqMOM,False,False,False,False,False,False,False,True,HCM,HCM,0,-,True,,,,
lre,prefix,HCM,ReqOCM,False,False,False,False,False,False,False,True,OCM,OCM,1,HCMToOCM_1,True,,,,
lre,prefix,HCM,EndTask,False,False,False,False,False,False,False,True,HCM,HCM,0,-,True,,,,
lre,prefix,HCM,ReqHCM,False,False,False,False,False,False,False,True,HCM,HCM,0,-,True,,,,
lre,prefix,HCM,tick,False,False,False,False,False,False,False,True,HCM,HCM,0,-,True,,,,
lre,prefix,HCM,ReqVel,False,False,False,False,False,False,True,False,HCM,HCM,0,-,True,,,,
lre,prefix,HCM,ReqHdng,False,False,False,False,False,False,True,False,HCM,HCM,0,-,True,,,,
lre,prefix,HCM,ReqMOM,False,False,False,False,False,False,True,False,HCM,HCM,0,-,True,,,,
lre,prefix,HCM,ReqOCM,False,False,False,False,False,False,True,False,OCM,OCM,1,HCMToOCM_1,True,,,,
lre,prefix,HCM,EndTask,False,False,False,False,False,False,True,False,HCM,HCM,0,-,True,,,,
lre,prefix,HCM,ReqHCM,False,False,False,False,False,False,True,False,HCM,HCM,0,-,True,,,,
lre,prefix,HCM,tick,False,False,False,False,False,False,True,False,HCM,HCM,0,-,True,,,,
lre,prefix,HCM,ReqVel,False,False,False,False,False,False,True,True,HCM,HCM,0,-,True,,,,
lre,prefix,HCM,ReqHdng,False,False,False,False,False,False,True,True,HCM,HCM,0,-,True,,,,
lre,prefix,HCM,ReqMOM,False,False,False,False,False,False,True,True,HCM,HCM,0,-,True,,,,
lre,prefix,HCM,ReqOCM,False,False,False,False,False,False,True,True,OCM,OCM,1,HCMToOCM_1,True,,,,
lre,prefix,HCM,EndTask,False,False,False,False,False,False,True,True,HCM,HCM,0,-,True,,,,
lre,prefix,HCM,ReqHCM,False,False,False,False,False,False,True,True,HCM,HCM,0,-,True,,,,
lre,prefix,HCM,tick,False,False,False,False,False,False,True,True,HCM,HCM,0,-,True,,,,
lre,prefix,HCM,ReqVel,False,False,False,False,False,True,False,False,HCM,HCM,0,-,True,,,,
lre,prefix,HCM,ReqHdng,False,False,False,False,False,True,False,False,HCM,HCM,0,-,True,,,,
lre,prefix,HCM,ReqMOM,False,False,False,False,False,True,False,False,HCM,HCM,0,-,True,,,,
lre,prefix,HCM,ReqOCM,False,False,False,False,False,True,False,False,OCM,OCM,1,HCMToOCM_1,True,,,,
lre,prefix,HCM,EndTask,False,False,False,False,False,True,False,False,HCM,HCM,0,-,True,,,,
lre,prefix,HCM,ReqHCM,False,False,False,False,False,True,False,False,HCM,HCM,0,-,True,,,,
lre,prefix,HCM,tick,False,False,False,False,False,True,False,False,HCM,HCM,0,-,True,,,,
lre,prefix,HCM,ReqVel,False,False,False,False,False,True,False,True,HCM,HCM,0,-,True,,,,
lre,prefix,HCM,ReqHdng,False,False,False,False,False,True,False,True,HCM,HCM,0,-,True,,,,
lre,prefix,HCM,ReqMOM,False,False,False,False,False,True,False,True,HCM,HCM,0,-,True,,,,
lre,prefix,HCM,ReqOCM,False,False,False,False,False,True,False,True,OCM,OCM,1,HCMToOCM_1,True,,,,
lre,prefix,HCM,EndTask,False,False,False,False,False,True,False,True,HCM,HCM,0,-,True,,,,
lre,prefix,HCM,ReqHCM,False,False,False,False,False,True,False,True,HCM,HCM,0,-,True,,,,
lre,prefix,HCM,tick,False,False,False,False,False,True,False,True,HCM,HCM,0,-,True,,,,
lre,prefix,HCM,ReqVel,False,False,False,False,False,True,True,False,HCM,HCM,0,-,True,,,,
lre,prefix,HCM,ReqHdng,False,False,False,False,False,True,True,False,HCM,HCM,0,-,True,,,,
lre,prefix,HCM,ReqMOM,False,False,False,False,False,True,True,False,HCM,HCM,0,-,True,,,,
lre,prefix,HCM,ReqOCM,False,False,False,False,False,True,True,False,OCM,OCM,1,HCMToOCM_1,True,,,,
lre,prefix,HCM,EndTask,False,False,False,False,False,True,True,False,HCM,HCM,0,-,True,,,,
lre,prefix,HCM,ReqHCM,False,False,False,False,False,True,True,False,HCM,HCM,0,-,True,,,,
lre,prefix,HCM,tick,False,False,False,False,False,True,True,False,HCM,HCM,0,-,True,,,,
lre,prefix,HCM,ReqVel,False,False,False,False,False,True,True,True,HCM,HCM,0,-,True,,,,
lre,prefix,HCM,ReqHdng,False,False,False,False,False,True,True,True,HCM,HCM,0,-,True,,,,
lre,prefix,HCM,ReqMOM,False,False,False,False,False,True,True,True,HCM,HCM,0,-,True,,,,
lre,prefix,HCM,ReqOCM,False,False,False,False,False,True,True,True,OCM,OCM,1,HCMToOCM_1,True,,,,
lre,prefix,HCM,EndTask,False,False,False,False,False,True,True,True,HCM,HCM,0,-,True,,,,
lre,prefix,HCM,ReqHCM,False,False,False,False,False,True,True,True,HCM,HCM,0,-,True,,,,
lre,prefix,HCM,tick,False,False,False,False,False,True,True,True,HCM,HCM,0,-,True,,,,
lre,prefix,HCM,ReqVel,False,False,False,False,True,False,False,False,HCM,HCM,0,-,True,,,,
lre,prefix,HCM,ReqHdng,False,False,False,False,True,False,False,False,HCM,HCM,0,-,True,,,,
lre,prefix,HCM,ReqMOM,False,False,False,False,True,False,False,False,HCM,HCM,0,-,True,,,,
lre,prefix,HCM,ReqOCM,False,False,False,False,True,False,False,False,OCM,OCM,1,HCMToOCM_1,True,,,,
lre,prefix,HCM,EndTask,False,False,False,False,True,False,False,False,HCM,HCM,0,-,True,,,,
lre,prefix,HCM,ReqHCM,False,False,False,False,True,False,False,False,HCM,HCM,0,-,True,,,,
lre,prefix,HCM,tick,False,False,False,False,True,False,False,False,HCM,HCM,0,-,True,,,,
lre,prefix,HCM,ReqVel,False,False,False,False,True,False,False,True,HCM,HCM,0,-,True,,,,
lre,prefix,HCM,ReqHdng,False,False,False,False,True,False,False,True,HCM,HCM,0,-,True,,,,
lre,prefix,HCM,ReqMOM,False,False,False,False,True,False,False,True,HCM,HCM,0,-,True,,,,
lre,prefix,HCM,ReqOCM,False,False,False,False,True,False,False,True,OCM,OCM,1,HCMToOCM_1,True,,,,
lre,prefix,HCM,EndTask,False,False,False,False,True,False,False,True,HCM,HCM,0,-,True,,,,
lre,prefix,HCM,ReqHCM,False,False,False,False,True,False,False,True,HCM,HCM,0,-,True,,,,
lre,prefix,HCM,tick,False,False,False,False,True,False,False,True,HCM,HCM,0,-,True,,,,
lre,prefix,HCM,ReqVel,False,False,False,False,True,False,True,False,HCM,HCM,0,-,True,,,,
lre,prefix,HCM,ReqHdng,False,False,False,False,True,False,True,False,HCM,HCM,0,-,True,,,,
lre,prefix,HCM,ReqMOM,False,False,False,False,True,False,True,False,HCM,HCM,0,-,True,,,,
lre,prefix,HCM,ReqOCM,False,False,False,False,True,False,True,False,OCM,OCM,1,HCMToOCM_1,True,,,,
lre,prefix,HCM,EndTask,False,False,False,False,True,False,True,False,HCM,HCM,0,-,True,,,,
lre,prefix,HCM,ReqHCM,False,False,False,False,True,False,True,False,HCM,HCM,0,-,True,,,,
lre,prefix,HCM,tick,False,False,False,False,True,False,True,False,HCM,HCM,0,-,True,,,,
lre,prefix,HCM,ReqVel,False,False,False,False,True,False,True,True,HCM,HCM,0,-,True,,,,
lre,prefix,HCM,ReqHdng,False,False,False,False,True,False,True,True,HCM,HCM,0,-,True,,,,
lre,prefix,HCM,ReqMOM,False,False,False,False,True,False,True,True,HCM,HCM,0,-,True,,,,
lre,prefix,HCM,ReqOCM,False,False,False,False,True,False,True,True,OCM,OCM,1,HCMToOCM_1,True,,,,
lre,prefix,HCM,EndTask,False,False,False,False,True,False,True,True,HCM,HCM,0,-,True,,,,
lre,prefix,HCM,ReqHCM,False,False,False,False,True,False,True,True,HCM,HCM,0,-,True,,,,
lre,prefix,HCM,tick,False,False,False,False,True,False,True,True,HCM,HCM,0,-,True,,,,
lre,prefix,HCM,ReqVel,False,False,False,False,True,True,False,False,HCM,HCM,0,-,True,,,,
lre,prefix,HCM,ReqHdng,False,False,False,False,True,True,False,False,HCM,HCM,0,-,True,,,,
lre,prefix,HCM,ReqMOM,False,False,False,False,True,True,False,False,HCM,HCM,0,-,True,,,,
lre,prefix,HCM,ReqOCM,False,False,False,False,True,True,False,False,OCM,OCM,1,HCMToOCM_1,True,,,,
lre,prefix,HCM,EndTask,False,False,False,False,True,True,False,False,HCM,HCM,0,-,True,,,,
lre,prefix,HCM,ReqHCM,False,False,False,False,True,True,False,False,HCM,HCM,0,-,True,,,,
lre,prefix,HCM,tick,False,False,False,False,True,True,False,False,HCM,HCM,0,-,True,,,,
lre,prefix,HCM,ReqVel,False,False,False,False,True,True,False,True,HCM,HCM,0,-,True,,,,
lre,prefix,HCM,ReqHdng,False,False,False,False,True,True,False,True,HCM,HCM,0,-,True,,,,
lre,prefix,HCM,ReqMOM,False,False,False,False,True,True,False,True,HCM,HCM,0,-,True,,,,
lre,prefix,HCM,ReqOCM,False,False,False,False,True,True,False,True,OCM,OCM,1,HCMToOCM_1,True,,,,
lre,prefix,HCM,EndTask,False,False,False,False,True,True,False,True,HCM,HCM,0,-,True,,,,
lre,prefix,HCM,ReqHCM,False,False,False,False,True,True,False,True,HCM,HCM,0,-,True,,,,
lre,prefix,HCM,tick,False,False,False,False,True,True,False,True,HCM,HCM,0,-,True,,,,
lre,prefix,HCM,ReqVel,False,False,False,False,True,True,True,False,HCM,HCM,0,-,True,,,,
lre,prefix,HCM,ReqHdng,False,False,False,False,True,True,True,False,HCM,HCM,0,-,True,,,,
lre,prefix,HCM,ReqMOM,False,False,False,False,True,True,True,False,HCM,HCM,0,-,True,,,,
lre,prefix,HCM,ReqOCM,False,False,False,False,True,True,True,False,OCM,OCM,1,HCMToOCM_1,True,,,,
lre,prefix,HCM,EndTask,False,False,False,False,True,True,True,False,HCM,HCM,0,-,True,,,,
lre,prefix,HCM,ReqHCM,False,False,False,False,True,True,True,False,HCM,HCM,0,-,True,,,,
lre,prefix,HCM,tick,False,False,False,False,True,True,True,False,HCM,HCM,0,-,True,,,,
lre,prefix,HCM,ReqVel,False,False,False,False,True,True,True,True,HCM,HCM,0,-,True,,,,
lre,prefix,HCM,ReqHdng,False,False,False,False,True,True,True,True,HCM,HCM,0,-,True,,,,
lre,prefix,HCM,ReqMOM,False,False,False,False,True,True,True,True,HCM,HCM,0,-,True,,,,
lre,prefix,HCM,ReqOCM,False,False,False,False,True,True,True,True,OCM,OCM,1,HCMToOCM_1,True,,,,
lre,prefix,HCM,EndTask,False,False,False,False,True,True,True,True,HCM,HCM,0,-,True,,,,
lre,prefix,HCM,ReqHCM,False,False,False,False,True,True,True,True,HCM,HCM,0,-,True,,,,
lre,prefix,HCM,tick,False,False,False,False,True,True,True,True,HCM,HCM,0,-,True,,,,
lre,prefix,HCM,ReqVel,False,False,False,True,False,False,False,False,MOM,MOM,1,HCMToMOM,True,,,,
lre,prefix,HCM,ReqHdng,False,False,False,True,False,False,False,False,MOM,MOM,1,HCMToMOM,True,,,,
lre,prefix,HCM,ReqMOM,False,False,False,True,False,False,False,False,MOM,MOM,1,HCMToMOM,True,,,,
lre,prefix,HCM,ReqOCM,False,False,False,True,False,False,False,False,MOM,MOM|OCM,2,HCMToMOM|HCMToOCM_1,False,,,,
lre,prefix,HCM,EndTask,False,False,False,True,False,False,False,False,MOM,MOM,1,HCMToMOM,True,,,,
lre,prefix,HCM,ReqHCM,False,False,False,True,False,False,False,False,MOM,MOM,1,HCMToMOM,True,,,,
lre,prefix,HCM,tick,False,False,False,True,False,False,False,False,MOM,MOM,1,HCMToMOM,True,,,,
lre,prefix,HCM,ReqVel,False,False,False,True,False,False,False,True,MOM,MOM,1,HCMToMOM,True,,,,
lre,prefix,HCM,ReqHdng,False,False,False,True,False,False,False,True,MOM,MOM,1,HCMToMOM,True,,,,
lre,prefix,HCM,ReqMOM,False,False,False,True,False,False,False,True,MOM,MOM,1,HCMToMOM,True,,,,
lre,prefix,HCM,ReqOCM,False,False,False,True,False,False,False,True,MOM,MOM|OCM,2,HCMToMOM|HCMToOCM_1,False,,,,
lre,prefix,HCM,EndTask,False,False,False,True,False,False,False,True,MOM,MOM,1,HCMToMOM,True,,,,
lre,prefix,HCM,ReqHCM,False,False,False,True,False,False,False,True,MOM,MOM,1,HCMToMOM,True,,,,
lre,prefix,HCM,tick,False,False,False,True,False,False,False,True,MOM,MOM,1,HCMToMOM,True,,,,
lre,prefix,HCM,ReqVel,False,False,False,True,False,False,True,False,MOM,MOM,1,HCMToMOM,True,,,,
lre,prefix,HCM,ReqHdng,False,False,False,True,False,False,True,False,MOM,MOM,1,HCMToMOM,True,,,,
lre,prefix,HCM,ReqMOM,False,False,False,True,False,False,True,False,MOM,MOM,1,HCMToMOM,True,,,,
lre,prefix,HCM,ReqOCM,False,False,False,True,False,False,True,False,MOM,MOM|OCM,2,HCMToMOM|HCMToOCM_1,False,,,,
lre,prefix,HCM,EndTask,False,False,False,True,False,False,True,False,MOM,MOM,1,HCMToMOM,True,,,,
lre,prefix,HCM,ReqHCM,False,False,False,True,False,False,True,False,MOM,MOM,1,HCMToMOM,True,,,,
lre,prefix,HCM,tick,False,False,False,True,False,False,True,False,MOM,MOM,1,HCMToMOM,True,,,,
lre,prefix,HCM,ReqVel,False,False,False,True,False,False,True,True,MOM,MOM,1,HCMToMOM,True,,,,
lre,prefix,HCM,ReqHdng,False,False,False,True,False,False,True,True,MOM,MOM,1,HCMToMOM,True,,,,
lre,prefix,HCM,ReqMOM,False,False,False,True,False,False,True,True,MOM,MOM,1,HCMToMOM,True,,,,
lre,prefix,HCM,ReqOCM,False,False,False,True,False,False,True,True,MOM,MOM|OCM,2,HCMToMOM|HCMToOCM_1,False,,,,
lre,prefix,HCM,EndTask,False,False,False,True,False,False,True,True,MOM,MOM,1,HCMToMOM,True,,,,
lre,prefix,HCM,ReqHCM,False,False,False,True,False,False,True,True,MOM,MOM,1,HCMToMOM,True,,,,
lre,prefix,HCM,tick,False,False,False,True,False,False,True,True,MOM,MOM,1,HCMToMOM,True,,,,
lre,prefix,HCM,ReqVel,False,False,False,True,False,True,False,False,MOM,MOM,1,HCMToMOM,True,,,,
lre,prefix,HCM,ReqHdng,False,False,False,True,False,True,False,False,MOM,MOM,1,HCMToMOM,True,,,,
lre,prefix,HCM,ReqMOM,False,False,False,True,False,True,False,False,MOM,MOM,1,HCMToMOM,True,,,,
lre,prefix,HCM,ReqOCM,False,False,False,True,False,True,False,False,MOM,MOM|OCM,2,HCMToMOM|HCMToOCM_1,False,,,,
lre,prefix,HCM,EndTask,False,False,False,True,False,True,False,False,MOM,MOM,1,HCMToMOM,True,,,,
lre,prefix,HCM,ReqHCM,False,False,False,True,False,True,False,False,MOM,MOM,1,HCMToMOM,True,,,,
lre,prefix,HCM,tick,False,False,False,True,False,True,False,False,MOM,MOM,1,HCMToMOM,True,,,,
lre,prefix,HCM,ReqVel,False,False,False,True,False,True,False,True,MOM,MOM,1,HCMToMOM,True,,,,
lre,prefix,HCM,ReqHdng,False,False,False,True,False,True,False,True,MOM,MOM,1,HCMToMOM,True,,,,
lre,prefix,HCM,ReqMOM,False,False,False,True,False,True,False,True,MOM,MOM,1,HCMToMOM,True,,,,
lre,prefix,HCM,ReqOCM,False,False,False,True,False,True,False,True,MOM,MOM|OCM,2,HCMToMOM|HCMToOCM_1,False,,,,
lre,prefix,HCM,EndTask,False,False,False,True,False,True,False,True,MOM,MOM,1,HCMToMOM,True,,,,
lre,prefix,HCM,ReqHCM,False,False,False,True,False,True,False,True,MOM,MOM,1,HCMToMOM,True,,,,
lre,prefix,HCM,tick,False,False,False,True,False,True,False,True,MOM,MOM,1,HCMToMOM,True,,,,
lre,prefix,HCM,ReqVel,False,False,False,True,False,True,True,False,MOM,MOM,1,HCMToMOM,True,,,,
lre,prefix,HCM,ReqHdng,False,False,False,True,False,True,True,False,MOM,MOM,1,HCMToMOM,True,,,,
lre,prefix,HCM,ReqMOM,False,False,False,True,False,True,True,False,MOM,MOM,1,HCMToMOM,True,,,,
lre,prefix,HCM,ReqOCM,False,False,False,True,False,True,True,False,MOM,MOM|OCM,2,HCMToMOM|HCMToOCM_1,False,,,,
lre,prefix,HCM,EndTask,False,False,False,True,False,True,True,False,MOM,MOM,1,HCMToMOM,True,,,,
lre,prefix,HCM,ReqHCM,False,False,False,True,False,True,True,False,MOM,MOM,1,HCMToMOM,True,,,,
lre,prefix,HCM,tick,False,False,False,True,False,True,True,False,MOM,MOM,1,HCMToMOM,True,,,,
lre,prefix,HCM,ReqVel,False,False,False,True,False,True,True,True,MOM,MOM,1,HCMToMOM,True,,,,
lre,prefix,HCM,ReqHdng,False,False,False,True,False,True,True,True,MOM,MOM,1,HCMToMOM,True,,,,
lre,prefix,HCM,ReqMOM,False,False,False,True,False,True,True,True,MOM,MOM,1,HCMToMOM,True,,,,
lre,prefix,HCM,ReqOCM,False,False,False,True,False,True,True,True,MOM,MOM|OCM,2,HCMToMOM|HCMToOCM_1,False,,,,
lre,prefix,HCM,EndTask,False,False,False,True,False,True,True,True,MOM,MOM,1,HCMToMOM,True,,,,
lre,prefix,HCM,ReqHCM,False,False,False,True,False,True,True,True,MOM,MOM,1,HCMToMOM,True,,,,
lre,prefix,HCM,tick,False,False,False,True,False,True,True,True,MOM,MOM,1,HCMToMOM,True,,,,
lre,prefix,HCM,ReqVel,False,False,False,True,True,False,False,False,MOM,MOM,1,HCMToMOM,True,,,,
lre,prefix,HCM,ReqHdng,False,False,False,True,True,False,False,False,MOM,MOM,1,HCMToMOM,True,,,,
lre,prefix,HCM,ReqMOM,False,False,False,True,True,False,False,False,MOM,MOM,1,HCMToMOM,True,,,,
lre,prefix,HCM,ReqOCM,False,False,False,True,True,False,False,False,MOM,MOM|OCM,2,HCMToMOM|HCMToOCM_1,False,,,,
lre,prefix,HCM,EndTask,False,False,False,True,True,False,False,False,MOM,MOM,1,HCMToMOM,True,,,,
lre,prefix,HCM,ReqHCM,False,False,False,True,True,False,False,False,MOM,MOM,1,HCMToMOM,True,,,,
lre,prefix,HCM,tick,False,False,False,True,True,False,False,False,MOM,MOM,1,HCMToMOM,True,,,,
lre,prefix,HCM,ReqVel,False,False,False,True,True,False,False,True,MOM,MOM,1,HCMToMOM,True,,,,
lre,prefix,HCM,ReqHdng,False,False,False,True,True,False,False,True,MOM,MOM,1,HCMToMOM,True,,,,
lre,prefix,HCM,ReqMOM,False,False,False,True,True,False,False,True,MOM,MOM,1,HCMToMOM,True,,,,
lre,prefix,HCM,ReqOCM,False,False,False,True,True,False,False,True,MOM,MOM|OCM,2,HCMToMOM|HCMToOCM_1,False,,,,
lre,prefix,HCM,EndTask,False,False,False,True,True,False,False,True,MOM,MOM,1,HCMToMOM,True,,,,
lre,prefix,HCM,ReqHCM,False,False,False,True,True,False,False,True,MOM,MOM,1,HCMToMOM,True,,,,
lre,prefix,HCM,tick,False,False,False,True,True,False,False,True,MOM,MOM,1,HCMToMOM,True,,,,
lre,prefix,HCM,ReqVel,False,False,False,True,True,False,True,False,MOM,MOM,1,HCMToMOM,True,,,,
lre,prefix,HCM,ReqHdng,False,False,False,True,True,False,True,False,MOM,MOM,1,HCMToMOM,True,,,,
lre,prefix,HCM,ReqMOM,False,False,False,True,True,False,True,False,MOM,MOM,1,HCMToMOM,True,,,,
lre,prefix,HCM,ReqOCM,False,False,False,True,True,False,True,False,MOM,MOM|OCM,2,HCMToMOM|HCMToOCM_1,False,,,,
lre,prefix,HCM,EndTask,False,False,False,True,True,False,True,False,MOM,MOM,1,HCMToMOM,True,,,,
lre,prefix,HCM,ReqHCM,False,False,False,True,True,False,True,False,MOM,MOM,1,HCMToMOM,True,,,,
lre,prefix,HCM,tick,False,False,False,True,True,False,True,False,MOM,MOM,1,HCMToMOM,True,,,,
lre,prefix,HCM,ReqVel,False,False,False,True,True,False,True,True,MOM,MOM,1,HCMToMOM,True,,,,
lre,prefix,HCM,ReqHdng,False,False,False,True,True,False,True,True,MOM,MOM,1,HCMToMOM,True,,,,
lre,prefix,HCM,ReqMOM,False,False,False,True,True,False,True,True,MOM,MOM,1,HCMToMOM,True,,,,
lre,prefix,HCM,ReqOCM,False,False,False,True,True,False,True,True,MOM,MOM|OCM,2,HCMToMOM|HCMToOCM_1,False,,,,
lre,prefix,HCM,EndTask,False,False,False,True,True,False,True,True,MOM,MOM,1,HCMToMOM,True,,,,
lre,prefix,HCM,ReqHCM,False,False,False,True,True,False,True,True,MOM,MOM,1,HCMToMOM,True,,,,
lre,prefix,HCM,tick,False,False,False,True,True,False,True,True,MOM,MOM,1,HCMToMOM,True,,,,
lre,prefix,HCM,ReqVel,False,False,False,True,True,True,False,False,MOM,MOM,1,HCMToMOM,True,,,,
lre,prefix,HCM,ReqHdng,False,False,False,True,True,True,False,False,MOM,MOM,1,HCMToMOM,True,,,,
lre,prefix,HCM,ReqMOM,False,False,False,True,True,True,False,False,MOM,MOM,1,HCMToMOM,True,,,,
lre,prefix,HCM,ReqOCM,False,False,False,True,True,True,False,False,MOM,MOM|OCM,2,HCMToMOM|HCMToOCM_1,False,,,,
lre,prefix,HCM,EndTask,False,False,False,True,True,True,False,False,MOM,MOM,1,HCMToMOM,True,,,,
lre,prefix,HCM,ReqHCM,False,False,False,True,True,True,False,False,MOM,MOM,1,HCMToMOM,True,,,,
lre,prefix,HCM,tick,False,False,False,True,True,True,False,False,MOM,MOM,1,HCMToMOM,True,,,,
lre,prefix,HCM,ReqVel,False,False,False,True,True,True,False,True,MOM,MOM,1,HCMToMOM,True,,,,
lre,prefix,HCM,ReqHdng,False,False,False,True,True,True,False,True,MOM,MOM,1,HCMToMOM,True,,,,
lre,prefix,HCM,ReqMOM,False,False,False,True,True,True,False,True,MOM,MOM,1,HCMToMOM,True,,,,
lre,prefix,HCM,ReqOCM,False,False,False,True,True,True,False,True,MOM,MOM|OCM,2,HCMToMOM|HCMToOCM_1,False,,,,
lre,prefix,HCM,EndTask,False,False,False,True,True,True,False,True,MOM,MOM,1,HCMToMOM,True,,,,
lre,prefix,HCM,ReqHCM,False,False,False,True,True,True,False,True,MOM,MOM,1,HCMToMOM,True,,,,
lre,prefix,HCM,tick,False,False,False,True,True,True,False,True,MOM,MOM,1,HCMToMOM,True,,,,
lre,prefix,HCM,ReqVel,False,False,False,True,True,True,True,False,MOM,MOM,1,HCMToMOM,True,,,,
lre,prefix,HCM,ReqHdng,False,False,False,True,True,True,True,False,MOM,MOM,1,HCMToMOM,True,,,,
lre,prefix,HCM,ReqMOM,False,False,False,True,True,True,True,False,MOM,MOM,1,HCMToMOM,True,,,,
lre,prefix,HCM,ReqOCM,False,False,False,True,True,True,True,False,MOM,MOM|OCM,2,HCMToMOM|HCMToOCM_1,False,,,,
lre,prefix,HCM,EndTask,False,False,False,True,True,True,True,False,MOM,MOM,1,HCMToMOM,True,,,,
lre,prefix,HCM,ReqHCM,False,False,False,True,True,True,True,False,MOM,MOM,1,HCMToMOM,True,,,,
lre,prefix,HCM,tick,False,False,False,True,True,True,True,False,MOM,MOM,1,HCMToMOM,True,,,,
lre,prefix,HCM,ReqVel,False,False,False,True,True,True,True,True,MOM,MOM,1,HCMToMOM,True,,,,
lre,prefix,HCM,ReqHdng,False,False,False,True,True,True,True,True,MOM,MOM,1,HCMToMOM,True,,,,
lre,prefix,HCM,ReqMOM,False,False,False,True,True,True,True,True,MOM,MOM,1,HCMToMOM,True,,,,
lre,prefix,HCM,ReqOCM,False,False,False,True,True,True,True,True,MOM,MOM|OCM,2,HCMToMOM|HCMToOCM_1,False,,,,
lre,prefix,HCM,EndTask,False,False,False,True,True,True,True,True,MOM,MOM,1,HCMToMOM,True,,,,
lre,prefix,HCM,ReqHCM,False,False,False,True,True,True,True,True,MOM,MOM,1,HCMToMOM,True,,,,
lre,prefix,HCM,tick,False,False,False,True,True,True,True,True,MOM,MOM,1,HCMToMOM,True,,,,
lre,prefix,HCM,ReqVel,False,False,True,False,False,False,False,False,OCM,OCM,1,HCMToOCM,True,,,,
lre,prefix,HCM,ReqHdng,False,False,True,False,False,False,False,False,OCM,OCM,1,HCMToOCM,True,,,,
lre,prefix,HCM,ReqMOM,False,False,True,False,False,False,False,False,OCM,OCM,1,HCMToOCM,True,,,,
lre,prefix,HCM,ReqOCM,False,False,True,False,False,False,False,False,OCM,OCM,2,HCMToOCM|HCMToOCM_1,True,,,,
lre,prefix,HCM,EndTask,False,False,True,False,False,False,False,False,OCM,OCM,1,HCMToOCM,True,,,,
lre,prefix,HCM,ReqHCM,False,False,True,False,False,False,False,False,OCM,OCM,1,HCMToOCM,True,,,,
lre,prefix,HCM,tick,False,False,True,False,False,False,False,False,OCM,OCM,1,HCMToOCM,True,,,,
lre,prefix,HCM,ReqVel,False,False,True,False,False,False,False,True,OCM,OCM,1,HCMToOCM,True,,,,
lre,prefix,HCM,ReqHdng,False,False,True,False,False,False,False,True,OCM,OCM,1,HCMToOCM,True,,,,
lre,prefix,HCM,ReqMOM,False,False,True,False,False,False,False,True,OCM,OCM,1,HCMToOCM,True,,,,
lre,prefix,HCM,ReqOCM,False,False,True,False,False,False,False,True,OCM,OCM,2,HCMToOCM|HCMToOCM_1,True,,,,
lre,prefix,HCM,EndTask,False,False,True,False,False,False,False,True,OCM,OCM,1,HCMToOCM,True,,,,
lre,prefix,HCM,ReqHCM,False,False,True,False,False,False,False,True,OCM,OCM,1,HCMToOCM,True,,,,
lre,prefix,HCM,tick,False,False,True,False,False,False,False,True,OCM,OCM,1,HCMToOCM,True,,,,
lre,prefix,HCM,ReqVel,False,False,True,False,False,False,True,False,OCM,OCM,1,HCMToOCM,True,,,,
lre,prefix,HCM,ReqHdng,False,False,True,False,False,False,True,False,OCM,OCM,1,HCMToOCM,True,,,,
lre,prefix,HCM,ReqMOM,False,False,True,False,False,False,True,False,OCM,OCM,1,HCMToOCM,True,,,,
lre,prefix,HCM,ReqOCM,False,False,True,False,False,False,True,False,OCM,OCM,2,HCMToOCM|HCMToOCM_1,True,,,,
lre,prefix,HCM,EndTask,False,False,True,False,False,False,True,False,OCM,OCM,1,HCMToOCM,True,,,,
lre,prefix,HCM,ReqHCM,False,False,True,False,False,False,True,False,OCM,OCM,1,HCMToOCM,True,,,,
lre,prefix,HCM,tick,False,False,True,False,False,False,True,False,OCM,OCM,1,HCMToOCM,True,,,,
lre,prefix,HCM,ReqVel,False,False,True,False,False,False,True,True,OCM,OCM,1,HCMToOCM,True,,,,
lre,prefix,HCM,ReqHdng,False,False,True,False,False,False,True,True,OCM,OCM,1,HCMToOCM,True,,,,
lre,prefix,HCM,ReqMOM,False,False,True,False,False,False,True,True,OCM,OCM,1,HCMToOCM,True,,,,
lre,prefix,HCM,ReqOCM,False,False,True,False,False,False,True,True,OCM,OCM,2,HCMToOCM|HCMToOCM_1,True,,,,
lre,prefix,HCM,EndTask,False,False,True,False,False,False,True,True,OCM,OCM,1,HCMToOCM,True,,,,
lre,prefix,HCM,ReqHCM,False,False,True,False,False,False,True,True,OCM,OCM,1,HCMToOCM,True,,,,
lre,prefix,HCM,tick,False,False,True,False,False,False,True,True,OCM,OCM,1,HCMToOCM,True,,,,
lre,prefix,HCM,ReqVel,False,False,True,False,False,True,False,False,OCM,OCM,1,HCMToOCM,True,,,,
lre,prefix,HCM,ReqHdng,False,False,True,False,False,True,False,False,OCM,OCM,1,HCMToOCM,True,,,,
lre,prefix,HCM,ReqMOM,False,False,True,False,False,True,False,False,OCM,OCM,1,HCMToOCM,True,,,,
lre,prefix,HCM,ReqOCM,False,False,True,False,False,True,False,False,OCM,OCM,2,HCMToOCM|HCMToOCM_1,True,,,,
lre,prefix,HCM,EndTask,False,False,True,False,False,True,False,False,OCM,OCM,1,HCMToOCM,True,,,,
lre,prefix,HCM,ReqHCM,False,False,True,False,False,True,False,False,OCM,OCM,1,HCMToOCM,True,,,,
lre,prefix,HCM,tick,False,False,True,False,False,True,False,False,OCM,OCM,1,HCMToOCM,True,,,,
lre,prefix,HCM,ReqVel,False,False,True,False,False,True,False,True,OCM,OCM,1,HCMToOCM,True,,,,
lre,prefix,HCM,ReqHdng,False,False,True,False,False,True,False,True,OCM,OCM,1,HCMToOCM,True,,,,
lre,prefix,HCM,ReqMOM,False,False,True,False,False,True,False,True,OCM,OCM,1,HCMToOCM,True,,,,
lre,prefix,HCM,ReqOCM,False,False,True,False,False,True,False,True,OCM,OCM,2,HCMToOCM|HCMToOCM_1,True,,,,
lre,prefix,HCM,EndTask,False,False,True,False,False,True,False,True,OCM,OCM,1,HCMToOCM,True,,,,
lre,prefix,HCM,ReqHCM,False,False,True,False,False,True,False,True,OCM,OCM,1,HCMToOCM,True,,,,
lre,prefix,HCM,tick,False,False,True,False,False,True,False,True,OCM,OCM,1,HCMToOCM,True,,,,
lre,prefix,HCM,ReqVel,False,False,True,False,False,True,True,False,OCM,OCM,1,HCMToOCM,True,,,,
lre,prefix,HCM,ReqHdng,False,False,True,False,False,True,True,False,OCM,OCM,1,HCMToOCM,True,,,,
lre,prefix,HCM,ReqMOM,False,False,True,False,False,True,True,False,OCM,OCM,1,HCMToOCM,True,,,,
lre,prefix,HCM,ReqOCM,False,False,True,False,False,True,True,False,OCM,OCM,2,HCMToOCM|HCMToOCM_1,True,,,,
lre,prefix,HCM,EndTask,False,False,True,False,False,True,True,False,OCM,OCM,1,HCMToOCM,True,,,,
lre,prefix,HCM,ReqHCM,False,False,True,False,False,True,True,False,OCM,OCM,1,HCMToOCM,True,,,,
lre,prefix,HCM,tick,False,False,True,False,False,True,True,False,OCM,OCM,1,HCMToOCM,True,,,,
lre,prefix,HCM,ReqVel,False,False,True,False,False,True,True,True,OCM,OCM,1,HCMToOCM,True,,,,
lre,prefix,HCM,ReqHdng,False,False,True,False,False,True,True,True,OCM,OCM,1,HCMToOCM,True,,,,
lre,prefix,HCM,ReqMOM,False,False,True,False,False,True,True,True,OCM,OCM,1,HCMToOCM,True,,,,
lre,prefix,HCM,ReqOCM,False,False,True,False,False,True,True,True,OCM,OCM,2,HCMToOCM|HCMToOCM_1,True,,,,
lre,prefix,HCM,EndTask,False,False,True,False,False,True,True,True,OCM,OCM,1,HCMToOCM,True,,,,
lre,prefix,HCM,ReqHCM,False,False,True,False,False,True,True,True,OCM,OCM,1,HCMToOCM,True,,,,
lre,prefix,HCM,tick,False,False,True,False,False,True,True,True,OCM,OCM,1,HCMToOCM,True,,,,
lre,prefix,HCM,ReqVel,False,False,True,False,True,False,False,False,OCM,OCM,1,HCMToOCM,True,,,,
lre,prefix,HCM,ReqHdng,False,False,True,False,True,False,False,False,OCM,OCM,1,HCMToOCM,True,,,,
lre,prefix,HCM,ReqMOM,False,False,True,False,True,False,False,False,OCM,OCM,1,HCMToOCM,True,,,,
lre,prefix,HCM,ReqOCM,False,False,True,False,True,False,False,False,OCM,OCM,2,HCMToOCM|HCMToOCM_1,True,,,,
lre,prefix,HCM,EndTask,False,False,True,False,True,False,False,False,OCM,OCM,1,HCMToOCM,True,,,,
lre,prefix,HCM,ReqHCM,False,False,True,False,True,False,False,False,OCM,OCM,1,HCMToOCM,True,,,,
lre,prefix,HCM,tick,False,False,True,False,True,False,False,False,OCM,OCM,1,HCMToOCM,True,,,,
lre,prefix,HCM,ReqVel,False,False,True,False,True,False,False,True,OCM,OCM,1,HCMToOCM,True,,,,
lre,prefix,HCM,ReqHdng,False,False,True,False,True,False,False,True,OCM,OCM,1,HCMToOCM,True,,,,
lre,prefix,HCM,ReqMOM,False,False,True,False,True,False,False,True,OCM,OCM,1,HCMToOCM,True,,,,
lre,prefix,HCM,ReqOCM,False,False,True,False,True,False,False,True,OCM,OCM,2,HCMToOCM|HCMToOCM_1,True,,,,
lre,prefix,HCM,EndTask,False,False,True,False,True,False,False,True,OCM,OCM,1,HCMToOCM,True,,,,
lre,prefix,HCM,ReqHCM,False,False,True,False,True,False,False,True,OCM,OCM,1,HCMToOCM,True,,,,
lre,prefix,HCM,tick,False,False,True,False,True,False,False,True,OCM,OCM,1,HCMToOCM,True,,,,
lre,prefix,HCM,ReqVel,False,False,True,False,True,False,True,False,OCM,OCM,1,HCMToOCM,True,,,,
lre,prefix,HCM,ReqHdng,False,False,True,False,True,False,True,False,OCM,OCM,1,HCMToOCM,True,,,,
lre,prefix,HCM,ReqMOM,False,False,True,False,True,False,True,False,OCM,OCM,1,HCMToOCM,True,,,,
lre,prefix,HCM,ReqOCM,False,False,True,False,True,False,True,False,OCM,OCM,2,HCMToOCM|HCMToOCM_1,True,,,,
lre,prefix,HCM,EndTask,False,False,True,False,True,False,True,False,OCM,OCM,1,HCMToOCM,True,,,,
lre,prefix,HCM,ReqHCM,False,False,True,False,True,False,True,False,OCM,OCM,1,HCMToOCM,True,,,,
lre,prefix,HCM,tick,False,False,True,False,True,False,True,False,OCM,OCM,1,HCMToOCM,True,,,,
lre,prefix,HCM,ReqVel,False,False,True,False,True,False,True,True,OCM,OCM,1,HCMToOCM,True,,,,
lre,prefix,HCM,ReqHdng,False,False,True,False,True,False,True,True,OCM,OCM,1,HCMToOCM,True,,,,
lre,prefix,HCM,ReqMOM,False,False,True,False,True,False,True,True,OCM,OCM,1,HCMToOCM,True,,,,
lre,prefix,HCM,ReqOCM,False,False,True,False,True,False,True,True,OCM,OCM,2,HCMToOCM|HCMToOCM_1,True,,,,
lre,prefix,HCM,EndTask,False,False,True,False,True,False,True,True,OCM,OCM,1,HCMToOCM,True,,,,
lre,prefix,HCM,ReqHCM,False,False,True,False,True,False,True,True,OCM,OCM,1,HCMToOCM,True,,,,
lre,prefix,HCM,tick,False,False,True,False,True,False,True,True,OCM,OCM,1,HCMToOCM,True,,,,
lre,prefix,HCM,ReqVel,False,False,True,False,True,True,False,False,OCM,OCM,1,HCMToOCM,True,,,,
lre,prefix,HCM,ReqHdng,False,False,True,False,True,True,False,False,OCM,OCM,1,HCMToOCM,True,,,,
lre,prefix,HCM,ReqMOM,False,False,True,False,True,True,False,False,OCM,OCM,1,HCMToOCM,True,,,,
lre,prefix,HCM,ReqOCM,False,False,True,False,True,True,False,False,OCM,OCM,2,HCMToOCM|HCMToOCM_1,True,,,,
lre,prefix,HCM,EndTask,False,False,True,False,True,True,False,False,OCM,OCM,1,HCMToOCM,True,,,,
lre,prefix,HCM,ReqHCM,False,False,True,False,True,True,False,False,OCM,OCM,1,HCMToOCM,True,,,,
lre,prefix,HCM,tick,False,False,True,False,True,True,False,False,OCM,OCM,1,HCMToOCM,True,,,,
lre,prefix,HCM,ReqVel,False,False,True,False,True,True,False,True,OCM,OCM,1,HCMToOCM,True,,,,
lre,prefix,HCM,ReqHdng,False,False,True,False,True,True,False,True,OCM,OCM,1,HCMToOCM,True,,,,
lre,prefix,HCM,ReqMOM,False,False,True,False,True,True,False,True,OCM,OCM,1,HCMToOCM,True,,,,
lre,prefix,HCM,ReqOCM,False,False,True,False,True,True,False,True,OCM,OCM,2,HCMToOCM|HCMToOCM_1,True,,,,
lre,prefix,HCM,EndTask,False,False,True,False,True,True,False,True,OCM,OCM,1,HCMToOCM,True,,,,
lre,prefix,HCM,ReqHCM,False,False,True,False,True,True,False,True,OCM,OCM,1,HCMToOCM,True,,,,
lre,prefix,HCM,tick,False,False,True,False,True,True,False,True,OCM,OCM,1,HCMToOCM,True,,,,
lre,prefix,HCM,ReqVel,False,False,True,False,True,True,True,False,OCM,OCM,1,HCMToOCM,True,,,,
lre,prefix,HCM,ReqHdng,False,False,True,False,True,True,True,False,OCM,OCM,1,HCMToOCM,True,,,,
lre,prefix,HCM,ReqMOM,False,False,True,False,True,True,True,False,OCM,OCM,1,HCMToOCM,True,,,,
lre,prefix,HCM,ReqOCM,False,False,True,False,True,True,True,False,OCM,OCM,2,HCMToOCM|HCMToOCM_1,True,,,,
lre,prefix,HCM,EndTask,False,False,True,False,True,True,True,False,OCM,OCM,1,HCMToOCM,True,,,,
lre,prefix,HCM,ReqHCM,False,False,True,False,True,True,True,False,OCM,OCM,1,HCMToOCM,True,,,,
lre,prefix,HCM,tick,False,False,True,False,True,True,True,False,OCM,OCM,1,HCMToOCM,True,,,,
lre,prefix,HCM,ReqVel,False,False,True,False,True,True,True,True,OCM,OCM,1,HCMToOCM,True,,,,
lre,prefix,HCM,ReqHdng,False,False,True,False,True,True,True,True,OCM,OCM,1,HCMToOCM,True,,,,
lre,prefix,HCM,ReqMOM,False,False,True,False,True,True,True,True,OCM,OCM,1,HCMToOCM,True,,,,
lre,prefix,HCM,ReqOCM,False,False,True,False,True,True,True,True,OCM,OCM,2,HCMToOCM|HCMToOCM_1,True,,,,
lre,prefix,HCM,EndTask,False,False,True,False,True,True,True,True,OCM,OCM,1,HCMToOCM,True,,,,
lre,prefix,HCM,ReqHCM,False,False,True,False,True,True,True,True,OCM,OCM,1,HCMToOCM,True,,,,
lre,prefix,HCM,tick,False,False,True,False,True,True,True,True,OCM,OCM,1,HCMToOCM,True,,,,
lre,prefix,HCM,ReqVel,False,False,True,True,False,False,False,False,OCM,OCM,1,HCMToOCM,True,,,,
lre,prefix,HCM,ReqHdng,False,False,True,True,False,False,False,False,OCM,OCM,1,HCMToOCM,True,,,,
lre,prefix,HCM,ReqMOM,False,False,True,True,False,False,False,False,OCM,OCM,1,HCMToOCM,True,,,,
lre,prefix,HCM,ReqOCM,False,False,True,True,False,False,False,False,OCM,OCM,2,HCMToOCM|HCMToOCM_1,True,,,,
lre,prefix,HCM,EndTask,False,False,True,True,False,False,False,False,OCM,OCM,1,HCMToOCM,True,,,,
lre,prefix,HCM,ReqHCM,False,False,True,True,False,False,False,False,OCM,OCM,1,HCMToOCM,True,,,,
lre,prefix,HCM,tick,False,False,True,True,False,False,False,False,OCM,OCM,1,HCMToOCM,True,,,,
lre,prefix,HCM,ReqVel,False,False,True,True,False,False,False,True,OCM,OCM,1,HCMToOCM,True,,,,
lre,prefix,HCM,ReqHdng,False,False,True,True,False,False,False,True,OCM,OCM,1,HCMToOCM,True,,,,
lre,prefix,HCM,ReqMOM,False,False,True,True,False,False,False,True,OCM,OCM,1,HCMToOCM,True,,,,
lre,prefix,HCM,ReqOCM,False,False,True,True,False,False,False,True,OCM,OCM,2,HCMToOCM|HCMToOCM_1,True,,,,
lre,prefix,HCM,EndTask,False,False,True,True,False,False,False,True,OCM,OCM,1,HCMToOCM,True,,,,
lre,prefix,HCM,ReqHCM,False,False,True,True,False,False,False,True,OCM,OCM,1,HCMToOCM,True,,,,
lre,prefix,HCM,tick,False,False,True,True,False,False,False,True,OCM,OCM,1,HCMToOCM,True,,,,
lre,prefix,HCM,ReqVel,False,False,True,True,False,False,True,False,OCM,OCM,1,HCMToOCM,True,,,,
lre,prefix,HCM,ReqHdng,False,False,True,True,False,False,True,False,OCM,OCM,1,HCMToOCM,True,,,,
lre,prefix,HCM,ReqMOM,False,False,True,True,False,False,True,False,OCM,OCM,1,HCMToOCM,True,,,,
lre,prefix,HCM,ReqOCM,False,False,True,True,False,False,True,False,OCM,OCM,2,HCMToOCM|HCMToOCM_1,True,,,,
lre,prefix,HCM,EndTask,False,False,True,True,False,False,True,False,OCM,OCM,1,HCMToOCM,True,,,,
lre,prefix,HCM,ReqHCM,False,False,True,True,False,False,True,False,OCM,OCM,1,HCMToOCM,True,,,,
lre,prefix,HCM,tick,False,False,True,True,False,False,True,False,OCM,OCM,1,HCMToOCM,True,,,,
lre,prefix,HCM,ReqVel,False,False,True,True,False,False,True,True,OCM,OCM,1,HCMToOCM,True,,,,
lre,prefix,HCM,ReqHdng,False,False,True,True,False,False,True,True,OCM,OCM,1,HCMToOCM,True,,,,
lre,prefix,HCM,ReqMOM,False,False,True,True,False,False,True,True,OCM,OCM,1,HCMToOCM,True,,,,
lre,prefix,HCM,ReqOCM,False,False,True,True,False,False,True,True,OCM,OCM,2,HCMToOCM|HCMToOCM_1,True,,,,
lre,prefix,HCM,EndTask,False,False,True,True,False,False,True,True,OCM,OCM,1,HCMToOCM,True,,,,
lre,prefix,HCM,ReqHCM,False,False,True,True,False,False,True,True,OCM,OCM,1,HCMToOCM,True,,,,
lre,prefix,HCM,tick,False,False,True,True,False,False,True,True,OCM,OCM,1,HCMToOCM,True,,,,
lre,prefix,HCM,ReqVel,False,False,True,True,False,True,False,False,OCM,OCM,1,HCMToOCM,True,,,,
lre,prefix,HCM,ReqHdng,False,False,True,True,False,True,False,False,OCM,OCM,1,HCMToOCM,True,,,,
lre,prefix,HCM,ReqMOM,False,False,True,True,False,True,False,False,OCM,OCM,1,HCMToOCM,True,,,,
lre,prefix,HCM,ReqOCM,False,False,True,True,False,True,False,False,OCM,OCM,2,HCMToOCM|HCMToOCM_1,True,,,,
lre,prefix,HCM,EndTask,False,False,True,True,False,True,False,False,OCM,OCM,1,HCMToOCM,True,,,,
lre,prefix,HCM,ReqHCM,False,False,True,True,False,True,False,False,OCM,OCM,1,HCMToOCM,True,,,,
lre,prefix,HCM,tick,False,False,True,True,False,True,False,False,OCM,OCM,1,HCMToOCM,True,,,,
lre,prefix,HCM,ReqVel,False,False,True,True,False,True,False,True,OCM,OCM,1,HCMToOCM,True,,,,
lre,prefix,HCM,ReqHdng,False,False,True,True,False,True,False,True,OCM,OCM,1,HCMToOCM,True,,,,
lre,prefix,HCM,ReqMOM,False,False,True,True,False,True,False,True,OCM,OCM,1,HCMToOCM,True,,,,
lre,prefix,HCM,ReqOCM,False,False,True,True,False,True,False,True,OCM,OCM,2,HCMToOCM|HCMToOCM_1,True,,,,
lre,prefix,HCM,EndTask,False,False,True,True,False,True,False,True,OCM,OCM,1,HCMToOCM,True,,,,
lre,prefix,HCM,ReqHCM,False,False,True,True,False,True,False,True,OCM,OCM,1,HCMToOCM,True,,,,
lre,prefix,HCM,tick,False,False,True,True,False,True,False,True,OCM,OCM,1,HCMToOCM,True,,,,
lre,prefix,HCM,ReqVel,False,False,True,True,False,True,True,False,OCM,OCM,1,HCMToOCM,True,,,,
lre,prefix,HCM,ReqHdng,False,False,True,True,False,True,True,False,OCM,OCM,1,HCMToOCM,True,,,,
lre,prefix,HCM,ReqMOM,False,False,True,True,False,True,True,False,OCM,OCM,1,HCMToOCM,True,,,,
lre,prefix,HCM,ReqOCM,False,False,True,True,False,True,True,False,OCM,OCM,2,HCMToOCM|HCMToOCM_1,True,,,,
lre,prefix,HCM,EndTask,False,False,True,True,False,True,True,False,OCM,OCM,1,HCMToOCM,True,,,,
lre,prefix,HCM,ReqHCM,False,False,True,True,False,True,True,False,OCM,OCM,1,HCMToOCM,True,,,,
lre,prefix,HCM,tick,False,False,True,True,False,True,True,False,OCM,OCM,1,HCMToOCM,True,,,,
lre,prefix,HCM,ReqVel,False,False,True,True,False,True,True,True,OCM,OCM,1,HCMToOCM,True,,,,
lre,prefix,HCM,ReqHdng,False,False,True,True,False,True,True,True,OCM,OCM,1,HCMToOCM,True,,,,
lre,prefix,HCM,ReqMOM,False,False,True,True,False,True,True,True,OCM,OCM,1,HCMToOCM,True,,,,
lre,prefix,HCM,ReqOCM,False,False,True,True,False,True,True,True,OCM,OCM,2,HCMToOCM|HCMToOCM_1,True,,,,
lre,prefix,HCM,EndTask,False,False,True,True,False,True,True,True,OCM,OCM,1,HCMToOCM,True,,,,
lre,prefix,HCM,ReqHCM,False,False,True,True,False,True,True,True,OCM,OCM,1,HCMToOCM,True,,,,
lre,prefix,HCM,tick,False,False,True,True,False,True,True,True,OCM,OCM,1,HCMToOCM,True,,,,
lre,prefix,HCM,ReqVel,False,False,True,True,True,False,False,False,OCM,OCM,1,HCMToOCM,True,,,,
lre,prefix,HCM,ReqHdng,False,False,True,True,True,False,False,False,OCM,OCM,1,HCMToOCM,True,,,,
lre,prefix,HCM,ReqMOM,False,False,True,True,True,False,False,False,OCM,OCM,1,HCMToOCM,True,,,,
lre,prefix,HCM,ReqOCM,False,False,True,True,True,False,False,False,OCM,OCM,2,HCMToOCM|HCMToOCM_1,True,,,,
lre,prefix,HCM,EndTask,False,False,True,True,True,False,False,False,OCM,OCM,1,HCMToOCM,True,,,,
lre,prefix,HCM,ReqHCM,False,False,True,True,True,False,False,False,OCM,OCM,1,HCMToOCM,True,,,,
lre,prefix,HCM,tick,False,False,True,True,True,False,False,False,OCM,OCM,1,HCMToOCM,True,,,,
lre,prefix,HCM,ReqVel,False,False,True,True,True,False,False,True,OCM,OCM,1,HCMToOCM,True,,,,
lre,prefix,HCM,ReqHdng,False,False,True,True,True,False,False,True,OCM,OCM,1,HCMToOCM,True,,,,
lre,prefix,HCM,ReqMOM,False,False,True,True,True,False,False,True,OCM,OCM,1,HCMToOCM,True,,,,
lre,prefix,HCM,ReqOCM,False,False,True,True,True,False,False,True,OCM,OCM,2,HCMToOCM|HCMToOCM_1,True,,,,
lre,prefix,HCM,EndTask,False,False,True,True,True,False,False,True,OCM,OCM,1,HCMToOCM,True,,,,
lre,prefix,HCM,ReqHCM,False,False,True,True,True,False,False,True,OCM,OCM,1,HCMToOCM,True,,,,
lre,prefix,HCM,tick,False,False,True,True,True,False,False,True,OCM,OCM,1,HCMToOCM,True,,,,
lre,prefix,HCM,ReqVel,False,False,True,True,True,False,True,False,OCM,OCM,1,HCMToOCM,True,,,,
lre,prefix,HCM,ReqHdng,False,False,True,True,True,False,True,False,OCM,OCM,1,HCMToOCM,True,,,,
lre,prefix,HCM,ReqMOM,False,False,True,True,True,False,True,False,OCM,OCM,1,HCMToOCM,True,,,,
lre,prefix,HCM,ReqOCM,False,False,True,True,True,False,True,False,OCM,OCM,2,HCMToOCM|HCMToOCM_1,True,,,,
lre,prefix,HCM,EndTask,False,False,True,True,True,False,True,False,OCM,OCM,1,HCMToOCM,True,,,,
lre,prefix,HCM,ReqHCM,False,False,True,True,True,False,True,False,OCM,OCM,1,HCMToOCM,True,,,,
lre,prefix,HCM,tick,False,False,True,True,True,False,True,False,OCM,OCM,1,HCMToOCM,True,,,,
lre,prefix,HCM,ReqVel,False,False,True,True,True,False,True,True,OCM,OCM,1,HCMToOCM,True,,,,
lre,prefix,HCM,ReqHdng,False,False,True,True,True,False,True,True,OCM,OCM,1,HCMToOCM,True,,,,
lre,prefix,HCM,ReqMOM,False,False,True,True,True,False,True,True,OCM,OCM,1,HCMToOCM,True,,,,
lre,prefix,HCM,ReqOCM,False,False,True,True,True,False,True,True,OCM,OCM,2,HCMToOCM|HCMToOCM_1,True,,,,
lre,prefix,HCM,EndTask,False,False,True,True,True,False,True,True,OCM,OCM,1,HCMToOCM,True,,,,
lre,prefix,HCM,ReqHCM,False,False,True,True,True,False,True,True,OCM,OCM,1,HCMToOCM,True,,,,
lre,prefix,HCM,tick,False,False,True,True,True,False,True,True,OCM,OCM,1,HCMToOCM,True,,,,
lre,prefix,HCM,ReqVel,False,False,True,True,True,True,False,False,OCM,OCM,1,HCMToOCM,True,,,,
lre,prefix,HCM,ReqHdng,False,False,True,True,True,True,False,False,OCM,OCM,1,HCMToOCM,True,,,,
lre,prefix,HCM,ReqMOM,False,False,True,True,True,True,False,False,OCM,OCM,1,HCMToOCM,True,,,,
lre,prefix,HCM,ReqOCM,False,False,True,True,True,True,False,False,OCM,OCM,2,HCMToOCM|HCMToOCM_1,True,,,,
lre,prefix,HCM,EndTask,False,False,True,True,True,True,False,False,OCM,OCM,1,HCMToOCM,True,,,,
lre,prefix,HCM,ReqHCM,False,False,True,True,True,True,False,False,OCM,OCM,1,HCMToOCM,True,,,,
lre,prefix,HCM,tick,False,False,True,True,True,True,False,False,OCM,OCM,1,HCMToOCM,True,,,,
lre,prefix,HCM,ReqVel,False,False,True,True,True,True,False,True,OCM,OCM,1,HCMToOCM,True,,,,
lre,prefix,HCM,ReqHdng,False,False,True,True,True,True,False,True,OCM,OCM,1,HCMToOCM,True,,,,
lre,prefix,HCM,ReqMOM,False,False,True,True,True,True,False,True,OCM,OCM,1,HCMToOCM,True,,,,
lre,prefix,HCM,ReqOCM,False,False,True,True,True,True,False,True,OCM,OCM,2,HCMToOCM|HCMToOCM_1,True,,,,
lre,prefix,HCM,EndTask,False,False,True,True,True,True,False,True,OCM,OCM,1,HCMToOCM,True,,,,
lre,prefix,HCM,ReqHCM,False,False,True,True,True,True,False,True,OCM,OCM,1,HCMToOCM,True,,,,
lre,prefix,HCM,tick,False,False,True,True,True,True,False,True,OCM,OCM,1,HCMToOCM,True,,,,
lre,prefix,HCM,ReqVel,False,False,True,True,True,True,True,False,OCM,OCM,1,HCMToOCM,True,,,,
lre,prefix,HCM,ReqHdng,False,False,True,True,True,True,True,False,OCM,OCM,1,HCMToOCM,True,,,,
lre,prefix,HCM,ReqMOM,False,False,True,True,True,True,True,False,OCM,OCM,1,HCMToOCM,True,,,,
lre,prefix,HCM,ReqOCM,False,False,True,True,True,True,True,False,OCM,OCM,2,HCMToOCM|HCMToOCM_1,True,,,,
lre,prefix,HCM,EndTask,False,False,True,True,True,True,True,False,OCM,OCM,1,HCMToOCM,True,,,,
lre,prefix,HCM,ReqHCM,False,False,True,True,True,True,True,False,OCM,OCM,1,HCMToOCM,True,,,,
lre,prefix,HCM,tick,False,False,True,True,True,True,True,False,OCM,OCM,1,HCMToOCM,True,,,,
lre,prefix,HCM,ReqVel,False,False,True,True,True,True,True,True,OCM,OCM,1,HCMToOCM,True,,,,
lre,prefix,HCM,ReqHdng,False,False,True,True,True,True,True,True,OCM,OCM,1,HCMToOCM,True,,,,
lre,prefix,HCM,ReqMOM,False,False,True,True,True,True,True,True,OCM,OCM,1,HCMToOCM,True,,,,
lre,prefix,HCM,ReqOCM,False,False,True,True,True,True,True,True,OCM,OCM,2,HCMToOCM|HCMToOCM_1,True,,,,
lre,prefix,HCM,EndTask,False,False,True,True,True,True,True,True,OCM,OCM,1,HCMToOCM,True,,,,
lre,prefix,HCM,ReqHCM,False,False,True,True,True,True,True,True,OCM,OCM,1,HCMToOCM,True,,,,
lre,prefix,HCM,tick,False,False,True,True,True,True,True,True,OCM,OCM,1,HCMToOCM,True,,,,
lre,prefix,HCM,ReqVel,False,True,False,False,False,False,False,False,HCM,HCM,0,-,True,,,,
lre,prefix,HCM,ReqHdng,False,True,False,False,False,False,False,False,HCM,HCM,0,-,True,,,,
lre,prefix,HCM,ReqMOM,False,True,False,False,False,False,False,False,HCM,HCM,0,-,True,,,,
lre,prefix,HCM,ReqOCM,False,True,False,False,False,False,False,False,OCM,OCM,1,HCMToOCM_1,True,,,,
lre,prefix,HCM,EndTask,False,True,False,False,False,False,False,False,HCM,HCM,0,-,True,,,,
lre,prefix,HCM,ReqHCM,False,True,False,False,False,False,False,False,HCM,HCM,0,-,True,,,,
lre,prefix,HCM,tick,False,True,False,False,False,False,False,False,HCM,HCM,0,-,True,,,,
lre,prefix,HCM,ReqVel,False,True,False,False,False,False,False,True,HCM,HCM,0,-,True,,,,
lre,prefix,HCM,ReqHdng,False,True,False,False,False,False,False,True,HCM,HCM,0,-,True,,,,
lre,prefix,HCM,ReqMOM,False,True,False,False,False,False,False,True,HCM,HCM,0,-,True,,,,
lre,prefix,HCM,ReqOCM,False,True,False,False,False,False,False,True,OCM,OCM,1,HCMToOCM_1,True,,,,
lre,prefix,HCM,EndTask,False,True,False,False,False,False,False,True,HCM,HCM,0,-,True,,,,
lre,prefix,HCM,ReqHCM,False,True,False,False,False,False,False,True,HCM,HCM,0,-,True,,,,
lre,prefix,HCM,tick,False,True,False,False,False,False,False,True,HCM,HCM,0,-,True,,,,
lre,prefix,HCM,ReqVel,False,True,False,False,False,False,True,False,HCM,HCM,0,-,True,,,,
lre,prefix,HCM,ReqHdng,False,True,False,False,False,False,True,False,HCM,HCM,0,-,True,,,,
lre,prefix,HCM,ReqMOM,False,True,False,False,False,False,True,False,HCM,HCM,0,-,True,,,,
lre,prefix,HCM,ReqOCM,False,True,False,False,False,False,True,False,OCM,OCM,1,HCMToOCM_1,True,,,,
lre,prefix,HCM,EndTask,False,True,False,False,False,False,True,False,HCM,HCM,0,-,True,,,,
lre,prefix,HCM,ReqHCM,False,True,False,False,False,False,True,False,HCM,HCM,0,-,True,,,,
lre,prefix,HCM,tick,False,True,False,False,False,False,True,False,HCM,HCM,0,-,True,,,,
lre,prefix,HCM,ReqVel,False,True,False,False,False,False,True,True,HCM,HCM,0,-,True,,,,
lre,prefix,HCM,ReqHdng,False,True,False,False,False,False,True,True,HCM,HCM,0,-,True,,,,
lre,prefix,HCM,ReqMOM,False,True,False,False,False,False,True,True,HCM,HCM,0,-,True,,,,
lre,prefix,HCM,ReqOCM,False,True,False,False,False,False,True,True,OCM,OCM,1,HCMToOCM_1,True,,,,
lre,prefix,HCM,EndTask,False,True,False,False,False,False,True,True,HCM,HCM,0,-,True,,,,
lre,prefix,HCM,ReqHCM,False,True,False,False,False,False,True,True,HCM,HCM,0,-,True,,,,
lre,prefix,HCM,tick,False,True,False,False,False,False,True,True,HCM,HCM,0,-,True,,,,
lre,prefix,HCM,ReqVel,False,True,False,False,False,True,False,False,HCM,HCM,0,-,True,,,,
lre,prefix,HCM,ReqHdng,False,True,False,False,False,True,False,False,HCM,HCM,0,-,True,,,,
lre,prefix,HCM,ReqMOM,False,True,False,False,False,True,False,False,HCM,HCM,0,-,True,,,,
lre,prefix,HCM,ReqOCM,False,True,False,False,False,True,False,False,OCM,OCM,1,HCMToOCM_1,True,,,,
lre,prefix,HCM,EndTask,False,True,False,False,False,True,False,False,HCM,HCM,0,-,True,,,,
lre,prefix,HCM,ReqHCM,False,True,False,False,False,True,False,False,HCM,HCM,0,-,True,,,,
lre,prefix,HCM,tick,False,True,False,False,False,True,False,False,HCM,HCM,0,-,True,,,,
lre,prefix,HCM,ReqVel,False,True,False,False,False,True,False,True,HCM,HCM,0,-,True,,,,
lre,prefix,HCM,ReqHdng,False,True,False,False,False,True,False,True,HCM,HCM,0,-,True,,,,
lre,prefix,HCM,ReqMOM,False,True,False,False,False,True,False,True,HCM,HCM,0,-,True,,,,
lre,prefix,HCM,ReqOCM,False,True,False,False,False,True,False,True,OCM,OCM,1,HCMToOCM_1,True,,,,
lre,prefix,HCM,EndTask,False,True,False,False,False,True,False,True,HCM,HCM,0,-,True,,,,
lre,prefix,HCM,ReqHCM,False,True,False,False,False,True,False,True,HCM,HCM,0,-,True,,,,
lre,prefix,HCM,tick,False,True,False,False,False,True,False,True,HCM,HCM,0,-,True,,,,
lre,prefix,HCM,ReqVel,False,True,False,False,False,True,True,False,HCM,HCM,0,-,True,,,,
lre,prefix,HCM,ReqHdng,False,True,False,False,False,True,True,False,HCM,HCM,0,-,True,,,,
lre,prefix,HCM,ReqMOM,False,True,False,False,False,True,True,False,HCM,HCM,0,-,True,,,,
lre,prefix,HCM,ReqOCM,False,True,False,False,False,True,True,False,OCM,OCM,1,HCMToOCM_1,True,,,,
lre,prefix,HCM,EndTask,False,True,False,False,False,True,True,False,HCM,HCM,0,-,True,,,,
lre,prefix,HCM,ReqHCM,False,True,False,False,False,True,True,False,HCM,HCM,0,-,True,,,,
lre,prefix,HCM,tick,False,True,False,False,False,True,True,False,HCM,HCM,0,-,True,,,,
lre,prefix,HCM,ReqVel,False,True,False,False,False,True,True,True,HCM,HCM,0,-,True,,,,
lre,prefix,HCM,ReqHdng,False,True,False,False,False,True,True,True,HCM,HCM,0,-,True,,,,
lre,prefix,HCM,ReqMOM,False,True,False,False,False,True,True,True,HCM,HCM,0,-,True,,,,
lre,prefix,HCM,ReqOCM,False,True,False,False,False,True,True,True,OCM,OCM,1,HCMToOCM_1,True,,,,
lre,prefix,HCM,EndTask,False,True,False,False,False,True,True,True,HCM,HCM,0,-,True,,,,
lre,prefix,HCM,ReqHCM,False,True,False,False,False,True,True,True,HCM,HCM,0,-,True,,,,
lre,prefix,HCM,tick,False,True,False,False,False,True,True,True,HCM,HCM,0,-,True,,,,
lre,prefix,HCM,ReqVel,False,True,False,False,True,False,False,False,HCM,HCM,0,-,True,,,,
lre,prefix,HCM,ReqHdng,False,True,False,False,True,False,False,False,HCM,HCM,0,-,True,,,,
lre,prefix,HCM,ReqMOM,False,True,False,False,True,False,False,False,HCM,HCM,0,-,True,,,,
lre,prefix,HCM,ReqOCM,False,True,False,False,True,False,False,False,OCM,OCM,1,HCMToOCM_1,True,,,,
lre,prefix,HCM,EndTask,False,True,False,False,True,False,False,False,HCM,HCM,0,-,True,,,,
lre,prefix,HCM,ReqHCM,False,True,False,False,True,False,False,False,HCM,HCM,0,-,True,,,,
lre,prefix,HCM,tick,False,True,False,False,True,False,False,False,HCM,HCM,0,-,True,,,,
lre,prefix,HCM,ReqVel,False,True,False,False,True,False,False,True,HCM,HCM,0,-,True,,,,
lre,prefix,HCM,ReqHdng,False,True,False,False,True,False,False,True,HCM,HCM,0,-,True,,,,
lre,prefix,HCM,ReqMOM,False,True,False,False,True,False,False,True,HCM,HCM,0,-,True,,,,
lre,prefix,HCM,ReqOCM,False,True,False,False,True,False,False,True,OCM,OCM,1,HCMToOCM_1,True,,,,
lre,prefix,HCM,EndTask,False,True,False,False,True,False,False,True,HCM,HCM,0,-,True,,,,
lre,prefix,HCM,ReqHCM,False,True,False,False,True,False,False,True,HCM,HCM,0,-,True,,,,
lre,prefix,HCM,tick,False,True,False,False,True,False,False,True,HCM,HCM,0,-,True,,,,
lre,prefix,HCM,ReqVel,False,True,False,False,True,False,True,False,HCM,HCM,0,-,True,,,,
lre,prefix,HCM,ReqHdng,False,True,False,False,True,False,True,False,HCM,HCM,0,-,True,,,,
lre,prefix,HCM,ReqMOM,False,True,False,False,True,False,True,False,HCM,HCM,0,-,True,,,,
lre,prefix,HCM,ReqOCM,False,True,False,False,True,False,True,False,OCM,OCM,1,HCMToOCM_1,True,,,,
lre,prefix,HCM,EndTask,False,True,False,False,True,False,True,False,HCM,HCM,0,-,True,,,,
lre,prefix,HCM,ReqHCM,False,True,False,False,True,False,True,False,HCM,HCM,0,-,True,,,,
lre,prefix,HCM,tick,False,True,False,False,True,False,True,False,HCM,HCM,0,-,True,,,,
lre,prefix,HCM,ReqVel,False,True,False,False,True,False,True,True,HCM,HCM,0,-,True,,,,
lre,prefix,HCM,ReqHdng,False,True,False,False,True,False,True,True,HCM,HCM,0,-,True,,,,
lre,prefix,HCM,ReqMOM,False,True,False,False,True,False,True,True,HCM,HCM,0,-,True,,,,
lre,prefix,HCM,ReqOCM,False,True,False,False,True,False,True,True,OCM,OCM,1,HCMToOCM_1,True,,,,
lre,prefix,HCM,EndTask,False,True,False,False,True,False,True,True,HCM,HCM,0,-,True,,,,
lre,prefix,HCM,ReqHCM,False,True,False,False,True,False,True,True,HCM,HCM,0,-,True,,,,
lre,prefix,HCM,tick,False,True,False,False,True,False,True,True,HCM,HCM,0,-,True,,,,
lre,prefix,HCM,ReqVel,False,True,False,False,True,True,False,False,HCM,HCM,0,-,True,,,,
lre,prefix,HCM,ReqHdng,False,True,False,False,True,True,False,False,HCM,HCM,0,-,True,,,,
lre,prefix,HCM,ReqMOM,False,True,False,False,True,True,False,False,HCM,HCM,0,-,True,,,,
lre,prefix,HCM,ReqOCM,False,True,False,False,True,True,False,False,OCM,OCM,1,HCMToOCM_1,True,,,,
lre,prefix,HCM,EndTask,False,True,False,False,True,True,False,False,HCM,HCM,0,-,True,,,,
lre,prefix,HCM,ReqHCM,False,True,False,False,True,True,False,False,HCM,HCM,0,-,True,,,,
lre,prefix,HCM,tick,False,True,False,False,True,True,False,False,HCM,HCM,0,-,True,,,,
lre,prefix,HCM,ReqVel,False,True,False,False,True,True,False,True,HCM,HCM,0,-,True,,,,
lre,prefix,HCM,ReqHdng,False,True,False,False,True,True,False,True,HCM,HCM,0,-,True,,,,
lre,prefix,HCM,ReqMOM,False,True,False,False,True,True,False,True,HCM,HCM,0,-,True,,,,
lre,prefix,HCM,ReqOCM,False,True,False,False,True,True,False,True,OCM,OCM,1,HCMToOCM_1,True,,,,
lre,prefix,HCM,EndTask,False,True,False,False,True,True,False,True,HCM,HCM,0,-,True,,,,
lre,prefix,HCM,ReqHCM,False,True,False,False,True,True,False,True,HCM,HCM,0,-,True,,,,
lre,prefix,HCM,tick,False,True,False,False,True,True,False,True,HCM,HCM,0,-,True,,,,
lre,prefix,HCM,ReqVel,False,True,False,False,True,True,True,False,HCM,HCM,0,-,True,,,,
lre,prefix,HCM,ReqHdng,False,True,False,False,True,True,True,False,HCM,HCM,0,-,True,,,,
lre,prefix,HCM,ReqMOM,False,True,False,False,True,True,True,False,HCM,HCM,0,-,True,,,,
lre,prefix,HCM,ReqOCM,False,True,False,False,True,True,True,False,OCM,OCM,1,HCMToOCM_1,True,,,,
lre,prefix,HCM,EndTask,False,True,False,False,True,True,True,False,HCM,HCM,0,-,True,,,,
lre,prefix,HCM,ReqHCM,False,True,False,False,True,True,True,False,HCM,HCM,0,-,True,,,,
lre,prefix,HCM,tick,False,True,False,False,True,True,True,False,HCM,HCM,0,-,True,,,,
lre,prefix,HCM,ReqVel,False,True,False,False,True,True,True,True,HCM,HCM,0,-,True,,,,
lre,prefix,HCM,ReqHdng,False,True,False,False,True,True,True,True,HCM,HCM,0,-,True,,,,
lre,prefix,HCM,ReqMOM,False,True,False,False,True,True,True,True,HCM,HCM,0,-,True,,,,
lre,prefix,HCM,ReqOCM,False,True,False,False,True,True,True,True,OCM,OCM,1,HCMToOCM_1,True,,,,
lre,prefix,HCM,EndTask,False,True,False,False,True,True,True,True,HCM,HCM,0,-,True,,,,
lre,prefix,HCM,ReqHCM,False,True,False,False,True,True,True,True,HCM,HCM,0,-,True,,,,
lre,prefix,HCM,tick,False,True,False,False,True,True,True,True,HCM,HCM,0,-,True,,,,
lre,prefix,HCM,ReqVel,False,True,False,True,False,False,False,False,MOM,MOM,1,HCMToMOM,True,,,,
lre,prefix,HCM,ReqHdng,False,True,False,True,False,False,False,False,MOM,MOM,1,HCMToMOM,True,,,,
lre,prefix,HCM,ReqMOM,False,True,False,True,False,False,False,False,MOM,MOM,1,HCMToMOM,True,,,,
lre,prefix,HCM,ReqOCM,False,True,False,True,False,False,False,False,MOM,MOM|OCM,2,HCMToMOM|HCMToOCM_1,False,,,,
lre,prefix,HCM,EndTask,False,True,False,True,False,False,False,False,MOM,MOM,1,HCMToMOM,True,,,,
lre,prefix,HCM,ReqHCM,False,True,False,True,False,False,False,False,MOM,MOM,1,HCMToMOM,True,,,,
lre,prefix,HCM,tick,False,True,False,True,False,False,False,False,MOM,MOM,1,HCMToMOM,True,,,,
lre,prefix,HCM,ReqVel,False,True,False,True,False,False,False,True,MOM,MOM,1,HCMToMOM,True,,,,
lre,prefix,HCM,ReqHdng,False,True,False,True,False,False,False,True,MOM,MOM,1,HCMToMOM,True,,,,
lre,prefix,HCM,ReqMOM,False,True,False,True,False,False,False,True,MOM,MOM,1,HCMToMOM,True,,,,
lre,prefix,HCM,ReqOCM,False,True,False,True,False,False,False,True,MOM,MOM|OCM,2,HCMToMOM|HCMToOCM_1,False,,,,
lre,prefix,HCM,EndTask,False,True,False,True,False,False,False,True,MOM,MOM,1,HCMToMOM,True,,,,
lre,prefix,HCM,ReqHCM,False,True,False,True,False,False,False,True,MOM,MOM,1,HCMToMOM,True,,,,
lre,prefix,HCM,tick,False,True,False,True,False,False,False,True,MOM,MOM,1,HCMToMOM,True,,,,
lre,prefix,HCM,ReqVel,False,True,False,True,False,False,True,False,MOM,MOM,1,HCMToMOM,True,,,,
lre,prefix,HCM,ReqHdng,False,True,False,True,False,False,True,False,MOM,MOM,1,HCMToMOM,True,,,,
lre,prefix,HCM,ReqMOM,False,True,False,True,False,False,True,False,MOM,MOM,1,HCMToMOM,True,,,,
lre,prefix,HCM,ReqOCM,False,True,False,True,False,False,True,False,MOM,MOM|OCM,2,HCMToMOM|HCMToOCM_1,False,,,,
lre,prefix,HCM,EndTask,False,True,False,True,False,False,True,False,MOM,MOM,1,HCMToMOM,True,,,,
lre,prefix,HCM,ReqHCM,False,True,False,True,False,False,True,False,MOM,MOM,1,HCMToMOM,True,,,,
lre,prefix,HCM,tick,False,True,False,True,False,False,True,False,MOM,MOM,1,HCMToMOM,True,,,,
lre,prefix,HCM,ReqVel,False,True,False,True,False,False,True,True,MOM,MOM,1,HCMToMOM,True,,,,
lre,prefix,HCM,ReqHdng,False,True,False,True,False,False,True,True,MOM,MOM,1,HCMToMOM,True,,,,
lre,prefix,HCM,ReqMOM,False,True,False,True,False,False,True,True,MOM,MOM,1,HCMToMOM,True,,,,
lre,prefix,HCM,ReqOCM,False,True,False,True,False,False,True,True,MOM,MOM|OCM,2,HCMToMOM|HCMToOCM_1,False,,,,
lre,prefix,HCM,EndTask,False,True,False,True,False,False,True,True,MOM,MOM,1,HCMToMOM,True,,,,
lre,prefix,HCM,ReqHCM,False,True,False,True,False,False,True,True,MOM,MOM,1,HCMToMOM,True,,,,
lre,prefix,HCM,tick,False,True,False,True,False,False,True,True,MOM,MOM,1,HCMToMOM,True,,,,
lre,prefix,HCM,ReqVel,False,True,False,True,False,True,False,False,MOM,MOM,1,HCMToMOM,True,,,,
lre,prefix,HCM,ReqHdng,False,True,False,True,False,True,False,False,MOM,MOM,1,HCMToMOM,True,,,,
lre,prefix,HCM,ReqMOM,False,True,False,True,False,True,False,False,MOM,MOM,1,HCMToMOM,True,,,,
lre,prefix,HCM,ReqOCM,False,True,False,True,False,True,False,False,MOM,MOM|OCM,2,HCMToMOM|HCMToOCM_1,False,,,,
lre,prefix,HCM,EndTask,False,True,False,True,False,True,False,False,MOM,MOM,1,HCMToMOM,True,,,,
lre,prefix,HCM,ReqHCM,False,True,False,True,False,True,False,False,MOM,MOM,1,HCMToMOM,True,,,,
lre,prefix,HCM,tick,False,True,False,True,False,True,False,False,MOM,MOM,1,HCMToMOM,True,,,,
lre,prefix,HCM,ReqVel,False,True,False,True,False,True,False,True,MOM,MOM,1,HCMToMOM,True,,,,
lre,prefix,HCM,ReqHdng,False,True,False,True,False,True,False,True,MOM,MOM,1,HCMToMOM,True,,,,
lre,prefix,HCM,ReqMOM,False,True,False,True,False,True,False,True,MOM,MOM,1,HCMToMOM,True,,,,
lre,prefix,HCM,ReqOCM,False,True,False,True,False,True,False,True,MOM,MOM|OCM,2,HCMToMOM|HCMToOCM_1,False,,,,
lre,prefix,HCM,EndTask,False,True,False,True,False,True,False,True,MOM,MOM,1,HCMToMOM,True,,,,
lre,prefix,HCM,ReqHCM,False,True,False,True,False,True,False,True,MOM,MOM,1,HCMToMOM,True,,,,
lre,prefix,HCM,tick,False,True,False,True,False,True,False,True,MOM,MOM,1,HCMToMOM,True,,,,
lre,prefix,HCM,ReqVel,False,True,False,True,False,True,True,False,MOM,MOM,1,HCMToMOM,True,,,,
lre,prefix,HCM,ReqHdng,False,True,False,True,False,True,True,False,MOM,MOM,1,HCMToMOM,True,,,,
lre,prefix,HCM,ReqMOM,False,True,False,True,False,True,True,False,MOM,MOM,1,HCMToMOM,True,,,,
lre,prefix,HCM,ReqOCM,False,True,False,True,False,True,True,False,MOM,MOM|OCM,2,HCMToMOM|HCMToOCM_1,False,,,,
lre,prefix,HCM,EndTask,False,True,False,True,False,True,True,False,MOM,MOM,1,HCMToMOM,True,,,,
lre,prefix,HCM,ReqHCM,False,True,False,True,False,True,True,False,MOM,MOM,1,HCMToMOM,True,,,,
lre,prefix,HCM,tick,False,True,False,True,False,True,True,False,MOM,MOM,1,HCMToMOM,True,,,,
lre,prefix,HCM,ReqVel,False,True,False,True,False,True,True,True,MOM,MOM,1,HCMToMOM,True,,,,
lre,prefix,HCM,ReqHdng,False,True,False,True,False,True,True,True,MOM,MOM,1,HCMToMOM,True,,,,
lre,prefix,HCM,ReqMOM,False,True,False,True,False,True,True,True,MOM,MOM,1,HCMToMOM,True,,,,
lre,prefix,HCM,ReqOCM,False,True,False,True,False,True,True,True,MOM,MOM|OCM,2,HCMToMOM|HCMToOCM_1,False,,,,
lre,prefix,HCM,EndTask,False,True,False,True,False,True,True,True,MOM,MOM,1,HCMToMOM,True,,,,
lre,prefix,HCM,ReqHCM,False,True,False,True,False,True,True,True,MOM,MOM,1,HCMToMOM,True,,,,
lre,prefix,HCM,tick,False,True,False,True,False,True,True,True,MOM,MOM,1,HCMToMOM,True,,,,
lre,prefix,HCM,ReqVel,False,True,False,True,True,False,False,False,MOM,MOM,1,HCMToMOM,True,,,,
lre,prefix,HCM,ReqHdng,False,True,False,True,True,False,False,False,MOM,MOM,1,HCMToMOM,True,,,,
lre,prefix,HCM,ReqMOM,False,True,False,True,True,False,False,False,MOM,MOM,1,HCMToMOM,True,,,,
lre,prefix,HCM,ReqOCM,False,True,False,True,True,False,False,False,MOM,MOM|OCM,2,HCMToMOM|HCMToOCM_1,False,,,,
lre,prefix,HCM,EndTask,False,True,False,True,True,False,False,False,MOM,MOM,1,HCMToMOM,True,,,,
lre,prefix,HCM,ReqHCM,False,True,False,True,True,False,False,False,MOM,MOM,1,HCMToMOM,True,,,,
lre,prefix,HCM,tick,False,True,False,True,True,False,False,False,MOM,MOM,1,HCMToMOM,True,,,,
lre,prefix,HCM,ReqVel,False,True,False,True,True,False,False,True,MOM,MOM,1,HCMToMOM,True,,,,
lre,prefix,HCM,ReqHdng,False,True,False,True,True,False,False,True,MOM,MOM,1,HCMToMOM,True,,,,
lre,prefix,HCM,ReqMOM,False,True,False,True,True,False,False,True,MOM,MOM,1,HCMToMOM,True,,,,
lre,prefix,HCM,ReqOCM,False,True,False,True,True,False,False,True,MOM,MOM|OCM,2,HCMToMOM|HCMToOCM_1,False,,,,
lre,prefix,HCM,EndTask,False,True,False,True,True,False,False,True,MOM,MOM,1,HCMToMOM,True,,,,
lre,prefix,HCM,ReqHCM,False,True,False,True,True,False,False,True,MOM,MOM,1,HCMToMOM,True,,,,
lre,prefix,HCM,tick,False,True,False,True,True,False,False,True,MOM,MOM,1,HCMToMOM,True,,,,
lre,prefix,HCM,ReqVel,False,True,False,True,True,False,True,False,MOM,MOM,1,HCMToMOM,True,,,,
lre,prefix,HCM,ReqHdng,False,True,False,True,True,False,True,False,MOM,MOM,1,HCMToMOM,True,,,,
lre,prefix,HCM,ReqMOM,False,True,False,True,True,False,True,False,MOM,MOM,1,HCMToMOM,True,,,,
lre,prefix,HCM,ReqOCM,False,True,False,True,True,False,True,False,MOM,MOM|OCM,2,HCMToMOM|HCMToOCM_1,False,,,,
lre,prefix,HCM,EndTask,False,True,False,True,True,False,True,False,MOM,MOM,1,HCMToMOM,True,,,,
lre,prefix,HCM,ReqHCM,False,True,False,True,True,False,True,False,MOM,MOM,1,HCMToMOM,True,,,,
lre,prefix,HCM,tick,False,True,False,True,True,False,True,False,MOM,MOM,1,HCMToMOM,True,,,,
lre,prefix,HCM,ReqVel,False,True,False,True,True,False,True,True,MOM,MOM,1,HCMToMOM,True,,,,
lre,prefix,HCM,ReqHdng,False,True,False,True,True,False,True,True,MOM,MOM,1,HCMToMOM,True,,,,
lre,prefix,HCM,ReqMOM,False,True,False,True,True,False,True,True,MOM,MOM,1,HCMToMOM,True,,,,
lre,prefix,HCM,ReqOCM,False,True,False,True,True,False,True,True,MOM,MOM|OCM,2,HCMToMOM|HCMToOCM_1,False,,,,
lre,prefix,HCM,EndTask,False,True,False,True,True,False,True,True,MOM,MOM,1,HCMToMOM,True,,,,
lre,prefix,HCM,ReqHCM,False,True,False,True,True,False,True,True,MOM,MOM,1,HCMToMOM,True,,,,
lre,prefix,HCM,tick,False,True,False,True,True,False,True,True,MOM,MOM,1,HCMToMOM,True,,,,
lre,prefix,HCM,ReqVel,False,True,False,True,True,True,False,False,MOM,MOM,1,HCMToMOM,True,,,,
lre,prefix,HCM,ReqHdng,False,True,False,True,True,True,False,False,MOM,MOM,1,HCMToMOM,True,,,,
lre,prefix,HCM,ReqMOM,False,True,False,True,True,True,False,False,MOM,MOM,1,HCMToMOM,True,,,,
lre,prefix,HCM,ReqOCM,False,True,False,True,True,True,False,False,MOM,MOM|OCM,2,HCMToMOM|HCMToOCM_1,False,,,,
lre,prefix,HCM,EndTask,False,True,False,True,True,True,False,False,MOM,MOM,1,HCMToMOM,True,,,,
lre,prefix,HCM,ReqHCM,False,True,False,True,True,True,False,False,MOM,MOM,1,HCMToMOM,True,,,,
lre,prefix,HCM,tick,False,True,False,True,True,True,False,False,MOM,MOM,1,HCMToMOM,True,,,,
lre,prefix,HCM,ReqVel,False,True,False,True,True,True,False,True,MOM,MOM,1,HCMToMOM,True,,,,
lre,prefix,HCM,ReqHdng,False,True,False,True,True,True,False,True,MOM,MOM,1,HCMToMOM,True,,,,
lre,prefix,HCM,ReqMOM,False,True,False,True,True,True,False,True,MOM,MOM,1,HCMToMOM,True,,,,
lre,prefix,HCM,ReqOCM,False,True,False,True,True,True,False,True,MOM,MOM|OCM,2,HCMToMOM|HCMToOCM_1,False,,,,
lre,prefix,HCM,EndTask,False,True,False,True,True,True,False,True,MOM,MOM,1,HCMToMOM,True,,,,
lre,prefix,HCM,ReqHCM,False,True,False,True,True,True,False,True,MOM,MOM,1,HCMToMOM,True,,,,
lre,prefix,HCM,tick,False,True,False,True,True,True,False,True,MOM,MOM,1,HCMToMOM,True,,,,
lre,prefix,HCM,ReqVel,False,True,False,True,True,True,True,False,MOM,MOM,1,HCMToMOM,True,,,,
lre,prefix,HCM,ReqHdng,False,True,False,True,True,True,True,False,MOM,MOM,1,HCMToMOM,True,,,,
lre,prefix,HCM,ReqMOM,False,True,False,True,True,True,True,False,MOM,MOM,1,HCMToMOM,True,,,,
lre,prefix,HCM,ReqOCM,False,True,False,True,True,True,True,False,MOM,MOM|OCM,2,HCMToMOM|HCMToOCM_1,False,,,,
lre,prefix,HCM,EndTask,False,True,False,True,True,True,True,False,MOM,MOM,1,HCMToMOM,True,,,,
lre,prefix,HCM,ReqHCM,False,True,False,True,True,True,True,False,MOM,MOM,1,HCMToMOM,True,,,,
lre,prefix,HCM,tick,False,True,False,True,True,True,True,False,MOM,MOM,1,HCMToMOM,True,,,,
lre,prefix,HCM,ReqVel,False,True,False,True,True,True,True,True,MOM,MOM,1,HCMToMOM,True,,,,
lre,prefix,HCM,ReqHdng,False,True,False,True,True,True,True,True,MOM,MOM,1,HCMToMOM,True,,,,
lre,prefix,HCM,ReqMOM,False,True,False,True,True,True,True,True,MOM,MOM,1,HCMToMOM,True,,,,
lre,prefix,HCM,ReqOCM,False,True,False,True,True,True,True,True,MOM,MOM|OCM,2,HCMToMOM|HCMToOCM_1,False,,,,
lre,prefix,HCM,EndTask,False,True,False,True,True,True,True,True,MOM,MOM,1,HCMToMOM,True,,,,
lre,prefix,HCM,ReqHCM,False,True,False,True,True,True,True,True,MOM,MOM,1,HCMToMOM,True,,,,
lre,prefix,HCM,tick,False,True,False,True,True,True,True,True,MOM,MOM,1,HCMToMOM,True,,,,
lre,prefix,HCM,ReqVel,False,True,True,False,False,False,False,False,OCM,OCM,1,HCMToOCM,True,,,,
lre,prefix,HCM,ReqHdng,False,True,True,False,False,False,False,False,OCM,OCM,1,HCMToOCM,True,,,,
lre,prefix,HCM,ReqMOM,False,True,True,False,False,False,False,False,OCM,OCM,1,HCMToOCM,True,,,,
lre,prefix,HCM,ReqOCM,False,True,True,False,False,False,False,False,OCM,OCM,2,HCMToOCM|HCMToOCM_1,True,,,,
lre,prefix,HCM,EndTask,False,True,True,False,False,False,False,False,OCM,OCM,1,HCMToOCM,True,,,,
lre,prefix,HCM,ReqHCM,False,True,True,False,False,False,False,False,OCM,OCM,1,HCMToOCM,True,,,,
lre,prefix,HCM,tick,False,True,True,False,False,False,False,False,OCM,OCM,1,HCMToOCM,True,,,,
lre,prefix,HCM,ReqVel,False,True,True,False,False,False,False,True,OCM,OCM,1,HCMToOCM,True,,,,
lre,prefix,HCM,ReqHdng,False,True,True,False,False,False,False,True,OCM,OCM,1,HCMToOCM,True,,,,
lre,prefix,HCM,ReqMOM,False,True,True,False,False,False,False,True,OCM,OCM,1,HCMToOCM,True,,,,
lre,prefix,HCM,ReqOCM,False,True,True,False,False,False,False,True,OCM,OCM,2,HCMToOCM|HCMToOCM_1,True,,,,
lre,prefix,HCM,EndTask,False,True,True,False,False,False,False,True,OCM,OCM,1,HCMToOCM,True,,,,
lre,prefix,HCM,ReqHCM,False,True,True,False,False,False,False,True,OCM,OCM,1,HCMToOCM,True,,,,
lre,prefix,HCM,tick,False,True,True,False,False,False,False,True,OCM,OCM,1,HCMToOCM,True,,,,
lre,prefix,HCM,ReqVel,False,True,True,False,False,False,True,False,OCM,OCM,1,HCMToOCM,True,,,,
lre,prefix,HCM,ReqHdng,False,True,True,False,False,False,True,False,OCM,OCM,1,HCMToOCM,True,,,,
lre,prefix,HCM,ReqMOM,False,True,True,False,False,False,True,False,OCM,OCM,1,HCMToOCM,True,,,,
lre,prefix,HCM,ReqOCM,False,True,True,False,False,False,True,False,OCM,OCM,2,HCMToOCM|HCMToOCM_1,True,,,,
lre,prefix,HCM,EndTask,False,True,True,False,False,False,True,False,OCM,OCM,1,HCMToOCM,True,,,,
lre,prefix,HCM,ReqHCM,False,True,True,False,False,False,True,False,OCM,OCM,1,HCMToOCM,True,,,,
lre,prefix,HCM,tick,False,True,True,False,False,False,True,False,OCM,OCM,1,HCMToOCM,True,,,,
lre,prefix,HCM,ReqVel,False,True,True,False,False,False,True,True,OCM,OCM,1,HCMToOCM,True,,,,
lre,prefix,HCM,ReqHdng,False,True,True,False,False,False,True,True,OCM,OCM,1,HCMToOCM,True,,,,
lre,prefix,HCM,ReqMOM,False,True,True,False,False,False,True,True,OCM,OCM,1,HCMToOCM,True,,,,
lre,prefix,HCM,ReqOCM,False,True,True,False,False,False,True,True,OCM,OCM,2,HCMToOCM|HCMToOCM_1,True,,,,
lre,prefix,HCM,EndTask,False,True,True,False,False,False,True,True,OCM,OCM,1,HCMToOCM,True,,,,
lre,prefix,HCM,ReqHCM,False,True,True,False,False,False,True,True,OCM,OCM,1,HCMToOCM,True,,,,
lre,prefix,HCM,tick,False,True,True,False,False,False,True,True,OCM,OCM,1,HCMToOCM,True,,,,
lre,prefix,HCM,ReqVel,False,True,True,False,False,True,False,False,OCM,OCM,1,HCMToOCM,True,,,,
lre,prefix,HCM,ReqHdng,False,True,True,False,False,True,False,False,OCM,OCM,1,HCMToOCM,True,,,,
lre,prefix,HCM,ReqMOM,False,True,True,False,False,True,False,False,OCM,OCM,1,HCMToOCM,True,,,,
lre,prefix,HCM,ReqOCM,False,True,True,False,False,True,False,False,OCM,OCM,2,HCMToOCM|HCMToOCM_1,True,,,,
lre,prefix,HCM,EndTask,False,True,True,False,False,True,False,False,OCM,OCM,1,HCMToOCM,True,,,,
lre,prefix,HCM,ReqHCM,False,True,True,False,False,True,False,False,OCM,OCM,1,HCMToOCM,True,,,,
lre,prefix,HCM,tick,False,True,True,False,False,True,False,False,OCM,OCM,1,HCMToOCM,True,,,,
lre,prefix,HCM,ReqVel,False,True,True,False,False,True,False,True,OCM,OCM,1,HCMToOCM,True,,,,
lre,prefix,HCM,ReqHdng,False,True,True,False,False,True,False,True,OCM,OCM,1,HCMToOCM,True,,,,
lre,prefix,HCM,ReqMOM,False,True,True,False,False,True,False,True,OCM,OCM,1,HCMToOCM,True,,,,
lre,prefix,HCM,ReqOCM,False,True,True,False,False,True,False,True,OCM,OCM,2,HCMToOCM|HCMToOCM_1,True,,,,
lre,prefix,HCM,EndTask,False,True,True,False,False,True,False,True,OCM,OCM,1,HCMToOCM,True,,,,
lre,prefix,HCM,ReqHCM,False,True,True,False,False,True,False,True,OCM,OCM,1,HCMToOCM,True,,,,
lre,prefix,HCM,tick,False,True,True,False,False,True,False,True,OCM,OCM,1,HCMToOCM,True,,,,
lre,prefix,HCM,ReqVel,False,True,True,False,False,True,True,False,OCM,OCM,1,HCMToOCM,True,,,,
lre,prefix,HCM,ReqHdng,False,True,True,False,False,True,True,False,OCM,OCM,1,HCMToOCM,True,,,,
lre,prefix,HCM,ReqMOM,False,True,True,False,False,True,True,False,OCM,OCM,1,HCMToOCM,True,,,,
lre,prefix,HCM,ReqOCM,False,True,True,False,False,True,True,False,OCM,OCM,2,HCMToOCM|HCMToOCM_1,True,,,,
lre,prefix,HCM,EndTask,False,True,True,False,False,True,True,False,OCM,OCM,1,HCMToOCM,True,,,,
lre,prefix,HCM,ReqHCM,False,True,True,False,False,True,True,False,OCM,OCM,1,HCMToOCM,True,,,,
lre,prefix,HCM,tick,False,True,True,False,False,True,True,False,OCM,OCM,1,HCMToOCM,True,,,,
lre,prefix,HCM,ReqVel,False,True,True,False,False,True,True,True,OCM,OCM,1,HCMToOCM,True,,,,
lre,prefix,HCM,ReqHdng,False,True,True,False,False,True,True,True,OCM,OCM,1,HCMToOCM,True,,,,
lre,prefix,HCM,ReqMOM,False,True,True,False,False,True,True,True,OCM,OCM,1,HCMToOCM,True,,,,
lre,prefix,HCM,ReqOCM,False,True,True,False,False,True,True,True,OCM,OCM,2,HCMToOCM|HCMToOCM_1,True,,,,
lre,prefix,HCM,EndTask,False,True,True,False,False,True,True,True,OCM,OCM,1,HCMToOCM,True,,,,
lre,prefix,HCM,ReqHCM,False,True,True,False,False,True,True,True,OCM,OCM,1,HCMToOCM,True,,,,
lre,prefix,HCM,tick,False,True,True,False,False,True,True,True,OCM,OCM,1,HCMToOCM,True,,,,
lre,prefix,HCM,ReqVel,False,True,True,False,True,False,False,False,OCM,OCM,1,HCMToOCM,True,,,,
lre,prefix,HCM,ReqHdng,False,True,True,False,True,False,False,False,OCM,OCM,1,HCMToOCM,True,,,,
lre,prefix,HCM,ReqMOM,False,True,True,False,True,False,False,False,OCM,OCM,1,HCMToOCM,True,,,,
lre,prefix,HCM,ReqOCM,False,True,True,False,True,False,False,False,OCM,OCM,2,HCMToOCM|HCMToOCM_1,True,,,,
lre,prefix,HCM,EndTask,False,True,True,False,True,False,False,False,OCM,OCM,1,HCMToOCM,True,,,,
lre,prefix,HCM,ReqHCM,False,True,True,False,True,False,False,False,OCM,OCM,1,HCMToOCM,True,,,,
lre,prefix,HCM,tick,False,True,True,False,True,False,False,False,OCM,OCM,1,HCMToOCM,True,,,,
lre,prefix,HCM,ReqVel,False,True,True,False,True,False,False,True,OCM,OCM,1,HCMToOCM,True,,,,
lre,prefix,HCM,ReqHdng,False,True,True,False,True,False,False,True,OCM,OCM,1,HCMToOCM,True,,,,
lre,prefix,HCM,ReqMOM,False,True,True,False,True,False,False,True,OCM,OCM,1,HCMToOCM,True,,,,
lre,prefix,HCM,ReqOCM,False,True,True,False,True,False,False,True,OCM,OCM,2,HCMToOCM|HCMToOCM_1,True,,,,
lre,prefix,HCM,EndTask,False,True,True,False,True,False,False,True,OCM,OCM,1,HCMToOCM,True,,,,
lre,prefix,HCM,ReqHCM,False,True,True,False,True,False,False,True,OCM,OCM,1,HCMToOCM,True,,,,
lre,prefix,HCM,tick,False,True,True,False,True,False,False,True,OCM,OCM,1,HCMToOCM,True,,,,
lre,prefix,HCM,ReqVel,False,True,True,False,True,False,True,False,OCM,OCM,1,HCMToOCM,True,,,,
lre,prefix,HCM,ReqHdng,False,True,True,False,True,False,True,False,OCM,OCM,1,HCMToOCM,True,,,,
lre,prefix,HCM,ReqMOM,False,True,True,False,True,False,True,False,OCM,OCM,1,HCMToOCM,True,,,,
lre,prefix,HCM,ReqOCM,False,True,True,False,True,False,True,False,OCM,OCM,2,HCMToOCM|HCMToOCM_1,True,,,,
lre,prefix,HCM,EndTask,False,True,True,False,True,False,True,False,OCM,OCM,1,HCMToOCM,True,,,,
lre,prefix,HCM,ReqHCM,False,True,True,False,True,False,True,False,OCM,OCM,1,HCMToOCM,True,,,,
lre,prefix,HCM,tick,False,True,True,False,True,False,True,False,OCM,OCM,1,HCMToOCM,True,,,,
lre,prefix,HCM,ReqVel,False,True,True,False,True,False,True,True,OCM,OCM,1,HCMToOCM,True,,,,
lre,prefix,HCM,ReqHdng,False,True,True,False,True,False,True,True,OCM,OCM,1,HCMToOCM,True,,,,
lre,prefix,HCM,ReqMOM,False,True,True,False,True,False,True,True,OCM,OCM,1,HCMToOCM,True,,,,
lre,prefix,HCM,ReqOCM,False,True,True,False,True,False,True,True,OCM,OCM,2,HCMToOCM|HCMToOCM_1,True,,,,
lre,prefix,HCM,EndTask,False,True,True,False,True,False,True,True,OCM,OCM,1,HCMToOCM,True,,,,
lre,prefix,HCM,ReqHCM,False,True,True,False,True,False,True,True,OCM,OCM,1,HCMToOCM,True,,,,
lre,prefix,HCM,tick,False,True,True,False,True,False,True,True,OCM,OCM,1,HCMToOCM,True,,,,
lre,prefix,HCM,ReqVel,False,True,True,False,True,True,False,False,OCM,OCM,1,HCMToOCM,True,,,,
lre,prefix,HCM,ReqHdng,False,True,True,False,True,True,False,False,OCM,OCM,1,HCMToOCM,True,,,,
lre,prefix,HCM,ReqMOM,False,True,True,False,True,True,False,False,OCM,OCM,1,HCMToOCM,True,,,,
lre,prefix,HCM,ReqOCM,False,True,True,False,True,True,False,False,OCM,OCM,2,HCMToOCM|HCMToOCM_1,True,,,,
lre,prefix,HCM,EndTask,False,True,True,False,True,True,False,False,OCM,OCM,1,HCMToOCM,True,,,,
lre,prefix,HCM,ReqHCM,False,True,True,False,True,True,False,False,OCM,OCM,1,HCMToOCM,True,,,,
lre,prefix,HCM,tick,False,True,True,False,True,True,False,False,OCM,OCM,1,HCMToOCM,True,,,,
lre,prefix,HCM,ReqVel,False,True,True,False,True,True,False,True,OCM,OCM,1,HCMToOCM,True,,,,
lre,prefix,HCM,ReqHdng,False,True,True,False,True,True,False,True,OCM,OCM,1,HCMToOCM,True,,,,
lre,prefix,HCM,ReqMOM,False,True,True,False,True,True,False,True,OCM,OCM,1,HCMToOCM,True,,,,
lre,prefix,HCM,ReqOCM,False,True,True,False,True,True,False,True,OCM,OCM,2,HCMToOCM|HCMToOCM_1,True,,,,
lre,prefix,HCM,EndTask,False,True,True,False,True,True,False,True,OCM,OCM,1,HCMToOCM,True,,,,
lre,prefix,HCM,ReqHCM,False,True,True,False,True,True,False,True,OCM,OCM,1,HCMToOCM,True,,,,
lre,prefix,HCM,tick,False,True,True,False,True,True,False,True,OCM,OCM,1,HCMToOCM,True,,,,
lre,prefix,HCM,ReqVel,False,True,True,False,True,True,True,False,OCM,OCM,1,HCMToOCM,True,,,,
lre,prefix,HCM,ReqHdng,False,True,True,False,True,True,True,False,OCM,OCM,1,HCMToOCM,True,,,,
lre,prefix,HCM,ReqMOM,False,True,True,False,True,True,True,False,OCM,OCM,1,HCMToOCM,True,,,,
lre,prefix,HCM,ReqOCM,False,True,True,False,True,True,True,False,OCM,OCM,2,HCMToOCM|HCMToOCM_1,True,,,,
lre,prefix,HCM,EndTask,False,True,True,False,True,True,True,False,OCM,OCM,1,HCMToOCM,True,,,,
lre,prefix,HCM,ReqHCM,False,True,True,False,True,True,True,False,OCM,OCM,1,HCMToOCM,True,,,,
lre,prefix,HCM,tick,False,True,True,False,True,True,True,False,OCM,OCM,1,HCMToOCM,True,,,,
lre,prefix,HCM,ReqVel,False,True,True,False,True,True,True,True,OCM,OCM,1,HCMToOCM,True,,,,
lre,prefix,HCM,ReqHdng,False,True,True,False,True,True,True,True,OCM,OCM,1,HCMToOCM,True,,,,
lre,prefix,HCM,ReqMOM,False,True,True,False,True,True,True,True,OCM,OCM,1,HCMToOCM,True,,,,
lre,prefix,HCM,ReqOCM,False,True,True,False,True,True,True,True,OCM,OCM,2,HCMToOCM|HCMToOCM_1,True,,,,
lre,prefix,HCM,EndTask,False,True,True,False,True,True,True,True,OCM,OCM,1,HCMToOCM,True,,,,
lre,prefix,HCM,ReqHCM,False,True,True,False,True,True,True,True,OCM,OCM,1,HCMToOCM,True,,,,
lre,prefix,HCM,tick,False,True,True,False,True,True,True,True,OCM,OCM,1,HCMToOCM,True,,,,
lre,prefix,HCM,ReqVel,False,True,True,True,False,False,False,False,OCM,OCM,1,HCMToOCM,True,,,,
lre,prefix,HCM,ReqHdng,False,True,True,True,False,False,False,False,OCM,OCM,1,HCMToOCM,True,,,,
lre,prefix,HCM,ReqMOM,False,True,True,True,False,False,False,False,OCM,OCM,1,HCMToOCM,True,,,,
lre,prefix,HCM,ReqOCM,False,True,True,True,False,False,False,False,OCM,OCM,2,HCMToOCM|HCMToOCM_1,True,,,,
lre,prefix,HCM,EndTask,False,True,True,True,False,False,False,False,OCM,OCM,1,HCMToOCM,True,,,,
lre,prefix,HCM,ReqHCM,False,True,True,True,False,False,False,False,OCM,OCM,1,HCMToOCM,True,,,,
lre,prefix,HCM,tick,False,True,True,True,False,False,False,False,OCM,OCM,1,HCMToOCM,True,,,,
lre,prefix,HCM,ReqVel,False,True,True,True,False,False,False,True,OCM,OCM,1,HCMToOCM,True,,,,
lre,prefix,HCM,ReqHdng,False,True,True,True,False,False,False,True,OCM,OCM,1,HCMToOCM,True,,,,
lre,prefix,HCM,ReqMOM,False,True,True,True,False,False,False,True,OCM,OCM,1,HCMToOCM,True,,,,
lre,prefix,HCM,ReqOCM,False,True,True,True,False,False,False,True,OCM,OCM,2,HCMToOCM|HCMToOCM_1,True,,,,
lre,prefix,HCM,EndTask,False,True,True,True,False,False,False,True,OCM,OCM,1,HCMToOCM,True,,,,
lre,prefix,HCM,ReqHCM,False,True,True,True,False,False,False,True,OCM,OCM,1,HCMToOCM,True,,,,
lre,prefix,HCM,tick,False,True,True,True,False,False,False,True,OCM,OCM,1,HCMToOCM,True,,,,
lre,prefix,HCM,ReqVel,False,True,True,True,False,False,True,False,OCM,OCM,1,HCMToOCM,True,,,,
lre,prefix,HCM,ReqHdng,False,True,True,True,False,False,True,False,OCM,OCM,1,HCMToOCM,True,,,,
lre,prefix,HCM,ReqMOM,False,True,True,True,False,False,True,False,OCM,OCM,1,HCMToOCM,True,,,,
lre,prefix,HCM,ReqOCM,False,True,True,True,False,False,True,False,OCM,OCM,2,HCMToOCM|HCMToOCM_1,True,,,,
lre,prefix,HCM,EndTask,False,True,True,True,False,False,True,False,OCM,OCM,1,HCMToOCM,True,,,,
lre,prefix,HCM,ReqHCM,False,True,True,True,False,False,True,False,OCM,OCM,1,HCMToOCM,True,,,,
lre,prefix,HCM,tick,False,True,True,True,False,False,True,False,OCM,OCM,1,HCMToOCM,True,,,,
lre,prefix,HCM,ReqVel,False,True,True,True,False,False,True,True,OCM,OCM,1,HCMToOCM,True,,,,
lre,prefix,HCM,ReqHdng,False,True,True,True,False,False,True,True,OCM,OCM,1,HCMToOCM,True,,,,
lre,prefix,HCM,ReqMOM,False,True,True,True,False,False,True,True,OCM,OCM,1,HCMToOCM,True,,,,
lre,prefix,HCM,ReqOCM,False,True,True,True,False,False,True,True,OCM,OCM,2,HCMToOCM|HCMToOCM_1,True,,,,
lre,prefix,HCM,EndTask,False,True,True,True,False,False,True,True,OCM,OCM,1,HCMToOCM,True,,,,
lre,prefix,HCM,ReqHCM,False,True,True,True,False,False,True,True,OCM,OCM,1,HCMToOCM,True,,,,
lre,prefix,HCM,tick,False,True,True,True,False,False,True,True,OCM,OCM,1,HCMToOCM,True,,,,
lre,prefix,HCM,ReqVel,False,True,True,True,False,True,False,False,OCM,OCM,1,HCMToOCM,True,,,,
lre,prefix,HCM,ReqHdng,False,True,True,True,False,True,False,False,OCM,OCM,1,HCMToOCM,True,,,,
lre,prefix,HCM,ReqMOM,False,True,True,True,False,True,False,False,OCM,OCM,1,HCMToOCM,True,,,,
lre,prefix,HCM,ReqOCM,False,True,True,True,False,True,False,False,OCM,OCM,2,HCMToOCM|HCMToOCM_1,True,,,,
lre,prefix,HCM,EndTask,False,True,True,True,False,True,False,False,OCM,OCM,1,HCMToOCM,True,,,,
lre,prefix,HCM,ReqHCM,False,True,True,True,False,True,False,False,OCM,OCM,1,HCMToOCM,True,,,,
lre,prefix,HCM,tick,False,True,True,True,False,True,False,False,OCM,OCM,1,HCMToOCM,True,,,,
lre,prefix,HCM,ReqVel,False,True,True,True,False,True,False,True,OCM,OCM,1,HCMToOCM,True,,,,
lre,prefix,HCM,ReqHdng,False,True,True,True,False,True,False,True,OCM,OCM,1,HCMToOCM,True,,,,
lre,prefix,HCM,ReqMOM,False,True,True,True,False,True,False,True,OCM,OCM,1,HCMToOCM,True,,,,
lre,prefix,HCM,ReqOCM,False,True,True,True,False,True,False,True,OCM,OCM,2,HCMToOCM|HCMToOCM_1,True,,,,
lre,prefix,HCM,EndTask,False,True,True,True,False,True,False,True,OCM,OCM,1,HCMToOCM,True,,,,
lre,prefix,HCM,ReqHCM,False,True,True,True,False,True,False,True,OCM,OCM,1,HCMToOCM,True,,,,
lre,prefix,HCM,tick,False,True,True,True,False,True,False,True,OCM,OCM,1,HCMToOCM,True,,,,
lre,prefix,HCM,ReqVel,False,True,True,True,False,True,True,False,OCM,OCM,1,HCMToOCM,True,,,,
lre,prefix,HCM,ReqHdng,False,True,True,True,False,True,True,False,OCM,OCM,1,HCMToOCM,True,,,,
lre,prefix,HCM,ReqMOM,False,True,True,True,False,True,True,False,OCM,OCM,1,HCMToOCM,True,,,,
lre,prefix,HCM,ReqOCM,False,True,True,True,False,True,True,False,OCM,OCM,2,HCMToOCM|HCMToOCM_1,True,,,,
lre,prefix,HCM,EndTask,False,True,True,True,False,True,True,False,OCM,OCM,1,HCMToOCM,True,,,,
lre,prefix,HCM,ReqHCM,False,True,True,True,False,True,True,False,OCM,OCM,1,HCMToOCM,True,,,,
lre,prefix,HCM,tick,False,True,True,True,False,True,True,False,OCM,OCM,1,HCMToOCM,True,,,,
lre,prefix,HCM,ReqVel,False,True,True,True,False,True,True,True,OCM,OCM,1,HCMToOCM,True,,,,
lre,prefix,HCM,ReqHdng,False,True,True,True,False,True,True,True,OCM,OCM,1,HCMToOCM,True,,,,
lre,prefix,HCM,ReqMOM,False,True,True,True,False,True,True,True,OCM,OCM,1,HCMToOCM,True,,,,
lre,prefix,HCM,ReqOCM,False,True,True,True,False,True,True,True,OCM,OCM,2,HCMToOCM|HCMToOCM_1,True,,,,
lre,prefix,HCM,EndTask,False,True,True,True,False,True,True,True,OCM,OCM,1,HCMToOCM,True,,,,
lre,prefix,HCM,ReqHCM,False,True,True,True,False,True,True,True,OCM,OCM,1,HCMToOCM,True,,,,
lre,prefix,HCM,tick,False,True,True,True,False,True,True,True,OCM,OCM,1,HCMToOCM,True,,,,
lre,prefix,HCM,ReqVel,False,True,True,True,True,False,False,False,OCM,OCM,1,HCMToOCM,True,,,,
lre,prefix,HCM,ReqHdng,False,True,True,True,True,False,False,False,OCM,OCM,1,HCMToOCM,True,,,,
lre,prefix,HCM,ReqMOM,False,True,True,True,True,False,False,False,OCM,OCM,1,HCMToOCM,True,,,,
lre,prefix,HCM,ReqOCM,False,True,True,True,True,False,False,False,OCM,OCM,2,HCMToOCM|HCMToOCM_1,True,,,,
lre,prefix,HCM,EndTask,False,True,True,True,True,False,False,False,OCM,OCM,1,HCMToOCM,True,,,,
lre,prefix,HCM,ReqHCM,False,True,True,True,True,False,False,False,OCM,OCM,1,HCMToOCM,True,,,,
lre,prefix,HCM,tick,False,True,True,True,True,False,False,False,OCM,OCM,1,HCMToOCM,True,,,,
lre,prefix,HCM,ReqVel,False,True,True,True,True,False,False,True,OCM,OCM,1,HCMToOCM,True,,,,
lre,prefix,HCM,ReqHdng,False,True,True,True,True,False,False,True,OCM,OCM,1,HCMToOCM,True,,,,
lre,prefix,HCM,ReqMOM,False,True,True,True,True,False,False,True,OCM,OCM,1,HCMToOCM,True,,,,
lre,prefix,HCM,ReqOCM,False,True,True,True,True,False,False,True,OCM,OCM,2,HCMToOCM|HCMToOCM_1,True,,,,
lre,prefix,HCM,EndTask,False,True,True,True,True,False,False,True,OCM,OCM,1,HCMToOCM,True,,,,
lre,prefix,HCM,ReqHCM,False,True,True,True,True,False,False,True,OCM,OCM,1,HCMToOCM,True,,,,
lre,prefix,HCM,tick,False,True,True,True,True,False,False,True,OCM,OCM,1,HCMToOCM,True,,,,
lre,prefix,HCM,ReqVel,False,True,True,True,True,False,True,False,OCM,OCM,1,HCMToOCM,True,,,,
lre,prefix,HCM,ReqHdng,False,True,True,True,True,False,True,False,OCM,OCM,1,HCMToOCM,True,,,,
lre,prefix,HCM,ReqMOM,False,True,True,True,True,False,True,False,OCM,OCM,1,HCMToOCM,True,,,,
lre,prefix,HCM,ReqOCM,False,True,True,True,True,False,True,False,OCM,OCM,2,HCMToOCM|HCMToOCM_1,True,,,,
lre,prefix,HCM,EndTask,False,True,True,True,True,False,True,False,OCM,OCM,1,HCMToOCM,True,,,,
lre,prefix,HCM,ReqHCM,False,True,True,True,True,False,True,False,OCM,OCM,1,HCMToOCM,True,,,,
lre,prefix,HCM,tick,False,True,True,True,True,False,True,False,OCM,OCM,1,HCMToOCM,True,,,,
lre,prefix,HCM,ReqVel,False,True,True,True,True,False,True,True,OCM,OCM,1,HCMToOCM,True,,,,
lre,prefix,HCM,ReqHdng,False,True,True,True,True,False,True,True,OCM,OCM,1,HCMToOCM,True,,,,
lre,prefix,HCM,ReqMOM,False,True,True,True,True,False,True,True,OCM,OCM,1,HCMToOCM,True,,,,
lre,prefix,HCM,ReqOCM,False,True,True,True,True,False,True,True,OCM,OCM,2,HCMToOCM|HCMToOCM_1,True,,,,
lre,prefix,HCM,EndTask,False,True,True,True,True,False,True,True,OCM,OCM,1,HCMToOCM,True,,,,
lre,prefix,HCM,ReqHCM,False,True,True,True,True,False,True,True,OCM,OCM,1,HCMToOCM,True,,,,
lre,prefix,HCM,tick,False,True,True,True,True,False,True,True,OCM,OCM,1,HCMToOCM,True,,,,
lre,prefix,HCM,ReqVel,False,True,True,True,True,True,False,False,OCM,OCM,1,HCMToOCM,True,,,,
lre,prefix,HCM,ReqHdng,False,True,True,True,True,True,False,False,OCM,OCM,1,HCMToOCM,True,,,,
lre,prefix,HCM,ReqMOM,False,True,True,True,True,True,False,False,OCM,OCM,1,HCMToOCM,True,,,,
lre,prefix,HCM,ReqOCM,False,True,True,True,True,True,False,False,OCM,OCM,2,HCMToOCM|HCMToOCM_1,True,,,,
lre,prefix,HCM,EndTask,False,True,True,True,True,True,False,False,OCM,OCM,1,HCMToOCM,True,,,,
lre,prefix,HCM,ReqHCM,False,True,True,True,True,True,False,False,OCM,OCM,1,HCMToOCM,True,,,,
lre,prefix,HCM,tick,False,True,True,True,True,True,False,False,OCM,OCM,1,HCMToOCM,True,,,,
lre,prefix,HCM,ReqVel,False,True,True,True,True,True,False,True,OCM,OCM,1,HCMToOCM,True,,,,
lre,prefix,HCM,ReqHdng,False,True,True,True,True,True,False,True,OCM,OCM,1,HCMToOCM,True,,,,
lre,prefix,HCM,ReqMOM,False,True,True,True,True,True,False,True,OCM,OCM,1,HCMToOCM,True,,,,
lre,prefix,HCM,ReqOCM,False,True,True,True,True,True,False,True,OCM,OCM,2,HCMToOCM|HCMToOCM_1,True,,,,
lre,prefix,HCM,EndTask,False,True,True,True,True,True,False,True,OCM,OCM,1,HCMToOCM,True,,,,
lre,prefix,HCM,ReqHCM,False,True,True,True,True,True,False,True,OCM,OCM,1,HCMToOCM,True,,,,
lre,prefix,HCM,tick,False,True,True,True,True,True,False,True,OCM,OCM,1,HCMToOCM,True,,,,
lre,prefix,HCM,ReqVel,False,True,True,True,True,True,True,False,OCM,OCM,1,HCMToOCM,True,,,,
lre,prefix,HCM,ReqHdng,False,True,True,True,True,True,True,False,OCM,OCM,1,HCMToOCM,True,,,,
lre,prefix,HCM,ReqMOM,False,True,True,True,True,True,True,False,OCM,OCM,1,HCMToOCM,True,,,,
lre,prefix,HCM,ReqOCM,False,True,True,True,True,True,True,False,OCM,OCM,2,HCMToOCM|HCMToOCM_1,True,,,,
lre,prefix,HCM,EndTask,False,True,True,True,True,True,True,False,OCM,OCM,1,HCMToOCM,True,,,,
lre,prefix,HCM,ReqHCM,False,True,True,True,True,True,True,False,OCM,OCM,1,HCMToOCM,True,,,,
lre,prefix,HCM,tick,False,True,True,True,True,True,True,False,OCM,OCM,1,HCMToOCM,True,,,,
lre,prefix,HCM,ReqVel,False,True,True,True,True,True,True,True,OCM,OCM,1,HCMToOCM,True,,,,
lre,prefix,HCM,ReqHdng,False,True,True,True,True,True,True,True,OCM,OCM,1,HCMToOCM,True,,,,
lre,prefix,HCM,ReqMOM,False,True,True,True,True,True,True,True,OCM,OCM,1,HCMToOCM,True,,,,
lre,prefix,HCM,ReqOCM,False,True,True,True,True,True,True,True,OCM,OCM,2,HCMToOCM|HCMToOCM_1,True,,,,
lre,prefix,HCM,EndTask,False,True,True,True,True,True,True,True,OCM,OCM,1,HCMToOCM,True,,,,
lre,prefix,HCM,ReqHCM,False,True,True,True,True,True,True,True,OCM,OCM,1,HCMToOCM,True,,,,
lre,prefix,HCM,tick,False,True,True,True,True,True,True,True,OCM,OCM,1,HCMToOCM,True,,,,
lre,prefix,HCM,ReqVel,True,False,False,False,False,False,False,False,CAM,CAM,1,HCMToCAM,True,,,,
lre,prefix,HCM,ReqHdng,True,False,False,False,False,False,False,False,CAM,CAM,1,HCMToCAM,True,,,,
lre,prefix,HCM,ReqMOM,True,False,False,False,False,False,False,False,CAM,CAM,1,HCMToCAM,True,,,,
lre,prefix,HCM,ReqOCM,True,False,False,False,False,False,False,False,CAM,CAM|OCM,2,HCMToCAM|HCMToOCM_1,False,,,,
lre,prefix,HCM,EndTask,True,False,False,False,False,False,False,False,CAM,CAM,1,HCMToCAM,True,,,,
lre,prefix,HCM,ReqHCM,True,False,False,False,False,False,False,False,CAM,CAM,1,HCMToCAM,True,,,,
lre,prefix,HCM,tick,True,False,False,False,False,False,False,False,CAM,CAM,1,HCMToCAM,True,,,,
lre,prefix,HCM,ReqVel,True,False,False,False,False,False,False,True,CAM,CAM,1,HCMToCAM,True,,,,
lre,prefix,HCM,ReqHdng,True,False,False,False,False,False,False,True,CAM,CAM,1,HCMToCAM,True,,,,
lre,prefix,HCM,ReqMOM,True,False,False,False,False,False,False,True,CAM,CAM,1,HCMToCAM,True,,,,
lre,prefix,HCM,ReqOCM,True,False,False,False,False,False,False,True,CAM,CAM|OCM,2,HCMToCAM|HCMToOCM_1,False,,,,
lre,prefix,HCM,EndTask,True,False,False,False,False,False,False,True,CAM,CAM,1,HCMToCAM,True,,,,
lre,prefix,HCM,ReqHCM,True,False,False,False,False,False,False,True,CAM,CAM,1,HCMToCAM,True,,,,
lre,prefix,HCM,tick,True,False,False,False,False,False,False,True,CAM,CAM,1,HCMToCAM,True,,,,
lre,prefix,HCM,ReqVel,True,False,False,False,False,False,True,False,CAM,CAM,1,HCMToCAM,True,,,,
lre,prefix,HCM,ReqHdng,True,False,False,False,False,False,True,False,CAM,CAM,1,HCMToCAM,True,,,,
lre,prefix,HCM,ReqMOM,True,False,False,False,False,False,True,False,CAM,CAM,1,HCMToCAM,True,,,,
lre,prefix,HCM,ReqOCM,True,False,False,False,False,False,True,False,CAM,CAM|OCM,2,HCMToCAM|HCMToOCM_1,False,,,,
lre,prefix,HCM,EndTask,True,False,False,False,False,False,True,False,CAM,CAM,1,HCMToCAM,True,,,,
lre,prefix,HCM,ReqHCM,True,False,False,False,False,False,True,False,CAM,CAM,1,HCMToCAM,True,,,,
lre,prefix,HCM,tick,True,False,False,False,False,False,True,False,CAM,CAM,1,HCMToCAM,True,,,,
lre,prefix,HCM,ReqVel,True,False,False,False,False,False,True,True,CAM,CAM,1,HCMToCAM,True,,,,
lre,prefix,HCM,ReqHdng,True,False,False,False,False,False,True,True,CAM,CAM,1,HCMToCAM,True,,,,
lre,prefix,HCM,ReqMOM,True,False,False,False,False,False,True,True,CAM,CAM,1,HCMToCAM,True,,,,
lre,prefix,HCM,ReqOCM,True,False,False,False,False,False,True,True,CAM,CAM|OCM,2,HCMToCAM|HCMToOCM_1,False,,,,
lre,prefix,HCM,EndTask,True,False,False,False,False,False,True,True,CAM,CAM,1,HCMToCAM,True,,,,
lre,prefix,HCM,ReqHCM,True,False,False,False,False,False,True,True,CAM,CAM,1,HCMToCAM,True,,,,
lre,prefix,HCM,tick,True,False,False,False,False,False,True,True,CAM,CAM,1,HCMToCAM,True,,,,
lre,prefix,HCM,ReqVel,True,False,False,False,False,True,False,False,CAM,CAM,1,HCMToCAM,True,,,,
lre,prefix,HCM,ReqHdng,True,False,False,False,False,True,False,False,CAM,CAM,1,HCMToCAM,True,,,,
lre,prefix,HCM,ReqMOM,True,False,False,False,False,True,False,False,CAM,CAM,1,HCMToCAM,True,,,,
lre,prefix,HCM,ReqOCM,True,False,False,False,False,True,False,False,CAM,CAM|OCM,2,HCMToCAM|HCMToOCM_1,False,,,,
lre,prefix,HCM,EndTask,True,False,False,False,False,True,False,False,CAM,CAM,1,HCMToCAM,True,,,,
lre,prefix,HCM,ReqHCM,True,False,False,False,False,True,False,False,CAM,CAM,1,HCMToCAM,True,,,,
lre,prefix,HCM,tick,True,False,False,False,False,True,False,False,CAM,CAM,1,HCMToCAM,True,,,,
lre,prefix,HCM,ReqVel,True,False,False,False,False,True,False,True,CAM,CAM,1,HCMToCAM,True,,,,
lre,prefix,HCM,ReqHdng,True,False,False,False,False,True,False,True,CAM,CAM,1,HCMToCAM,True,,,,
lre,prefix,HCM,ReqMOM,True,False,False,False,False,True,False,True,CAM,CAM,1,HCMToCAM,True,,,,
lre,prefix,HCM,ReqOCM,True,False,False,False,False,True,False,True,CAM,CAM|OCM,2,HCMToCAM|HCMToOCM_1,False,,,,
lre,prefix,HCM,EndTask,True,False,False,False,False,True,False,True,CAM,CAM,1,HCMToCAM,True,,,,
lre,prefix,HCM,ReqHCM,True,False,False,False,False,True,False,True,CAM,CAM,1,HCMToCAM,True,,,,
lre,prefix,HCM,tick,True,False,False,False,False,True,False,True,CAM,CAM,1,HCMToCAM,True,,,,
lre,prefix,HCM,ReqVel,True,False,False,False,False,True,True,False,CAM,CAM,1,HCMToCAM,True,,,,
lre,prefix,HCM,ReqHdng,True,False,False,False,False,True,True,False,CAM,CAM,1,HCMToCAM,True,,,,
lre,prefix,HCM,ReqMOM,True,False,False,False,False,True,True,False,CAM,CAM,1,HCMToCAM,True,,,,
lre,prefix,HCM,ReqOCM,True,False,False,False,False,True,True,False,CAM,CAM|OCM,2,HCMToCAM|HCMToOCM_1,False,,,,
lre,prefix,HCM,EndTask,True,False,False,False,False,True,True,False,CAM,CAM,1,HCMToCAM,True,,,,
lre,prefix,HCM,ReqHCM,True,False,False,False,False,True,True,False,CAM,CAM,1,HCMToCAM,True,,,,
lre,prefix,HCM,tick,True,False,False,False,False,True,True,False,CAM,CAM,1,HCMToCAM,True,,,,
lre,prefix,HCM,ReqVel,True,False,False,False,False,True,True,True,CAM,CAM,1,HCMToCAM,True,,,,
lre,prefix,HCM,ReqHdng,True,False,False,False,False,True,True,True,CAM,CAM,1,HCMToCAM,True,,,,
lre,prefix,HCM,ReqMOM,True,False,False,False,False,True,True,True,CAM,CAM,1,HCMToCAM,True,,,,
lre,prefix,HCM,ReqOCM,True,False,False,False,False,True,True,True,CAM,CAM|OCM,2,HCMToCAM|HCMToOCM_1,False,,,,
lre,prefix,HCM,EndTask,True,False,False,False,False,True,True,True,CAM,CAM,1,HCMToCAM,True,,,,
lre,prefix,HCM,ReqHCM,True,False,False,False,False,True,True,True,CAM,CAM,1,HCMToCAM,True,,,,
lre,prefix,HCM,tick,True,False,False,False,False,True,True,True,CAM,CAM,1,HCMToCAM,True,,,,
lre,prefix,HCM,ReqVel,True,False,False,False,True,False,False,False,CAM,CAM,1,HCMToCAM,True,,,,
lre,prefix,HCM,ReqHdng,True,False,False,False,True,False,False,False,CAM,CAM,1,HCMToCAM,True,,,,
lre,prefix,HCM,ReqMOM,True,False,False,False,True,False,False,False,CAM,CAM,1,HCMToCAM,True,,,,
lre,prefix,HCM,ReqOCM,True,False,False,False,True,False,False,False,CAM,CAM|OCM,2,HCMToCAM|HCMToOCM_1,False,,,,
lre,prefix,HCM,EndTask,True,False,False,False,True,False,False,False,CAM,CAM,1,HCMToCAM,True,,,,
lre,prefix,HCM,ReqHCM,True,False,False,False,True,False,False,False,CAM,CAM,1,HCMToCAM,True,,,,
lre,prefix,HCM,tick,True,False,False,False,True,False,False,False,CAM,CAM,1,HCMToCAM,True,,,,
lre,prefix,HCM,ReqVel,True,False,False,False,True,False,False,True,CAM,CAM,1,HCMToCAM,True,,,,
lre,prefix,HCM,ReqHdng,True,False,False,False,True,False,False,True,CAM,CAM,1,HCMToCAM,True,,,,
lre,prefix,HCM,ReqMOM,True,False,False,False,True,False,False,True,CAM,CAM,1,HCMToCAM,True,,,,
lre,prefix,HCM,ReqOCM,True,False,False,False,True,False,False,True,CAM,CAM|OCM,2,HCMToCAM|HCMToOCM_1,False,,,,
lre,prefix,HCM,EndTask,True,False,False,False,True,False,False,True,CAM,CAM,1,HCMToCAM,True,,,,
lre,prefix,HCM,ReqHCM,True,False,False,False,True,False,False,True,CAM,CAM,1,HCMToCAM,True,,,,
lre,prefix,HCM,tick,True,False,False,False,True,False,False,True,CAM,CAM,1,HCMToCAM,True,,,,
lre,prefix,HCM,ReqVel,True,False,False,False,True,False,True,False,CAM,CAM,1,HCMToCAM,True,,,,
lre,prefix,HCM,ReqHdng,True,False,False,False,True,False,True,False,CAM,CAM,1,HCMToCAM,True,,,,
lre,prefix,HCM,ReqMOM,True,False,False,False,True,False,True,False,CAM,CAM,1,HCMToCAM,True,,,,
lre,prefix,HCM,ReqOCM,True,False,False,False,True,False,True,False,CAM,CAM|OCM,2,HCMToCAM|HCMToOCM_1,False,,,,
lre,prefix,HCM,EndTask,True,False,False,False,True,False,True,False,CAM,CAM,1,HCMToCAM,True,,,,
lre,prefix,HCM,ReqHCM,True,False,False,False,True,False,True,False,CAM,CAM,1,HCMToCAM,True,,,,
lre,prefix,HCM,tick,True,False,False,False,True,False,True,False,CAM,CAM,1,HCMToCAM,True,,,,
lre,prefix,HCM,ReqVel,True,False,False,False,True,False,True,True,CAM,CAM,1,HCMToCAM,True,,,,
lre,prefix,HCM,ReqHdng,True,False,False,False,True,False,True,True,CAM,CAM,1,HCMToCAM,True,,,,
lre,prefix,HCM,ReqMOM,True,False,False,False,True,False,True,True,CAM,CAM,1,HCMToCAM,True,,,,
lre,prefix,HCM,ReqOCM,True,False,False,False,True,False,True,True,CAM,CAM|OCM,2,HCMToCAM|HCMToOCM_1,False,,,,
lre,prefix,HCM,EndTask,True,False,False,False,True,False,True,True,CAM,CAM,1,HCMToCAM,True,,,,
lre,prefix,HCM,ReqHCM,True,False,False,False,True,False,True,True,CAM,CAM,1,HCMToCAM,True,,,,
lre,prefix,HCM,tick,True,False,False,False,True,False,True,True,CAM,CAM,1,HCMToCAM,True,,,,
lre,prefix,HCM,ReqVel,True,False,False,False,True,True,False,False,CAM,CAM,1,HCMToCAM,True,,,,
lre,prefix,HCM,ReqHdng,True,False,False,False,True,True,False,False,CAM,CAM,1,HCMToCAM,True,,,,
lre,prefix,HCM,ReqMOM,True,False,False,False,True,True,False,False,CAM,CAM,1,HCMToCAM,True,,,,
lre,prefix,HCM,ReqOCM,True,False,False,False,True,True,False,False,CAM,CAM|OCM,2,HCMToCAM|HCMToOCM_1,False,,,,
lre,prefix,HCM,EndTask,True,False,False,False,True,True,False,False,CAM,CAM,1,HCMToCAM,True,,,,
lre,prefix,HCM,ReqHCM,True,False,False,False,True,True,False,False,CAM,CAM,1,HCMToCAM,True,,,,
lre,prefix,HCM,tick,True,False,False,False,True,True,False,False,CAM,CAM,1,HCMToCAM,True,,,,
lre,prefix,HCM,ReqVel,True,False,False,False,True,True,False,True,CAM,CAM,1,HCMToCAM,True,,,,
lre,prefix,HCM,ReqHdng,True,False,False,False,True,True,False,True,CAM,CAM,1,HCMToCAM,True,,,,
lre,prefix,HCM,ReqMOM,True,False,False,False,True,True,False,True,CAM,CAM,1,HCMToCAM,True,,,,
lre,prefix,HCM,ReqOCM,True,False,False,False,True,True,False,True,CAM,CAM|OCM,2,HCMToCAM|HCMToOCM_1,False,,,,
lre,prefix,HCM,EndTask,True,False,False,False,True,True,False,True,CAM,CAM,1,HCMToCAM,True,,,,
lre,prefix,HCM,ReqHCM,True,False,False,False,True,True,False,True,CAM,CAM,1,HCMToCAM,True,,,,
lre,prefix,HCM,tick,True,False,False,False,True,True,False,True,CAM,CAM,1,HCMToCAM,True,,,,
lre,prefix,HCM,ReqVel,True,False,False,False,True,True,True,False,CAM,CAM,1,HCMToCAM,True,,,,
lre,prefix,HCM,ReqHdng,True,False,False,False,True,True,True,False,CAM,CAM,1,HCMToCAM,True,,,,
lre,prefix,HCM,ReqMOM,True,False,False,False,True,True,True,False,CAM,CAM,1,HCMToCAM,True,,,,
lre,prefix,HCM,ReqOCM,True,False,False,False,True,True,True,False,CAM,CAM|OCM,2,HCMToCAM|HCMToOCM_1,False,,,,
lre,prefix,HCM,EndTask,True,False,False,False,True,True,True,False,CAM,CAM,1,HCMToCAM,True,,,,
lre,prefix,HCM,ReqHCM,True,False,False,False,True,True,True,False,CAM,CAM,1,HCMToCAM,True,,,,
lre,prefix,HCM,tick,True,False,False,False,True,True,True,False,CAM,CAM,1,HCMToCAM,True,,,,
lre,prefix,HCM,ReqVel,True,False,False,False,True,True,True,True,CAM,CAM,1,HCMToCAM,True,,,,
lre,prefix,HCM,ReqHdng,True,False,False,False,True,True,True,True,CAM,CAM,1,HCMToCAM,True,,,,
lre,prefix,HCM,ReqMOM,True,False,False,False,True,True,True,True,CAM,CAM,1,HCMToCAM,True,,,,
lre,prefix,HCM,ReqOCM,True,False,False,False,True,True,True,True,CAM,CAM|OCM,2,HCMToCAM|HCMToOCM_1,False,,,,
lre,prefix,HCM,EndTask,True,False,False,False,True,True,True,True,CAM,CAM,1,HCMToCAM,True,,,,
lre,prefix,HCM,ReqHCM,True,False,False,False,True,True,True,True,CAM,CAM,1,HCMToCAM,True,,,,
lre,prefix,HCM,tick,True,False,False,False,True,True,True,True,CAM,CAM,1,HCMToCAM,True,,,,
lre,prefix,HCM,ReqVel,True,False,False,True,False,False,False,False,CAM,CAM,1,HCMToCAM,True,,,,
lre,prefix,HCM,ReqHdng,True,False,False,True,False,False,False,False,CAM,CAM,1,HCMToCAM,True,,,,
lre,prefix,HCM,ReqMOM,True,False,False,True,False,False,False,False,CAM,CAM,1,HCMToCAM,True,,,,
lre,prefix,HCM,ReqOCM,True,False,False,True,False,False,False,False,CAM,CAM|OCM,2,HCMToCAM|HCMToOCM_1,False,,,,
lre,prefix,HCM,EndTask,True,False,False,True,False,False,False,False,CAM,CAM,1,HCMToCAM,True,,,,
lre,prefix,HCM,ReqHCM,True,False,False,True,False,False,False,False,CAM,CAM,1,HCMToCAM,True,,,,
lre,prefix,HCM,tick,True,False,False,True,False,False,False,False,CAM,CAM,1,HCMToCAM,True,,,,
lre,prefix,HCM,ReqVel,True,False,False,True,False,False,False,True,CAM,CAM,1,HCMToCAM,True,,,,
lre,prefix,HCM,ReqHdng,True,False,False,True,False,False,False,True,CAM,CAM,1,HCMToCAM,True,,,,
lre,prefix,HCM,ReqMOM,True,False,False,True,False,False,False,True,CAM,CAM,1,HCMToCAM,True,,,,
lre,prefix,HCM,ReqOCM,True,False,False,True,False,False,False,True,CAM,CAM|OCM,2,HCMToCAM|HCMToOCM_1,False,,,,
lre,prefix,HCM,EndTask,True,False,False,True,False,False,False,True,CAM,CAM,1,HCMToCAM,True,,,,
lre,prefix,HCM,ReqHCM,True,False,False,True,False,False,False,True,CAM,CAM,1,HCMToCAM,True,,,,
lre,prefix,HCM,tick,True,False,False,True,False,False,False,True,CAM,CAM,1,HCMToCAM,True,,,,
lre,prefix,HCM,ReqVel,True,False,False,True,False,False,True,False,CAM,CAM,1,HCMToCAM,True,,,,
lre,prefix,HCM,ReqHdng,True,False,False,True,False,False,True,False,CAM,CAM,1,HCMToCAM,True,,,,
lre,prefix,HCM,ReqMOM,True,False,False,True,False,False,True,False,CAM,CAM,1,HCMToCAM,True,,,,
lre,prefix,HCM,ReqOCM,True,False,False,True,False,False,True,False,CAM,CAM|OCM,2,HCMToCAM|HCMToOCM_1,False,,,,
lre,prefix,HCM,EndTask,True,False,False,True,False,False,True,False,CAM,CAM,1,HCMToCAM,True,,,,
lre,prefix,HCM,ReqHCM,True,False,False,True,False,False,True,False,CAM,CAM,1,HCMToCAM,True,,,,
lre,prefix,HCM,tick,True,False,False,True,False,False,True,False,CAM,CAM,1,HCMToCAM,True,,,,
lre,prefix,HCM,ReqVel,True,False,False,True,False,False,True,True,CAM,CAM,1,HCMToCAM,True,,,,
lre,prefix,HCM,ReqHdng,True,False,False,True,False,False,True,True,CAM,CAM,1,HCMToCAM,True,,,,
lre,prefix,HCM,ReqMOM,True,False,False,True,False,False,True,True,CAM,CAM,1,HCMToCAM,True,,,,
lre,prefix,HCM,ReqOCM,True,False,False,True,False,False,True,True,CAM,CAM|OCM,2,HCMToCAM|HCMToOCM_1,False,,,,
lre,prefix,HCM,EndTask,True,False,False,True,False,False,True,True,CAM,CAM,1,HCMToCAM,True,,,,
lre,prefix,HCM,ReqHCM,True,False,False,True,False,False,True,True,CAM,CAM,1,HCMToCAM,True,,,,
lre,prefix,HCM,tick,True,False,False,True,False,False,True,True,CAM,CAM,1,HCMToCAM,True,,,,
lre,prefix,HCM,ReqVel,True,False,False,True,False,True,False,False,CAM,CAM,1,HCMToCAM,True,,,,
lre,prefix,HCM,ReqHdng,True,False,False,True,False,True,False,False,CAM,CAM,1,HCMToCAM,True,,,,
lre,prefix,HCM,ReqMOM,True,False,False,True,False,True,False,False,CAM,CAM,1,HCMToCAM,True,,,,
lre,prefix,HCM,ReqOCM,True,False,False,True,False,True,False,False,CAM,CAM|OCM,2,HCMToCAM|HCMToOCM_1,False,,,,
lre,prefix,HCM,EndTask,True,False,False,True,False,True,False,False,CAM,CAM,1,HCMToCAM,True,,,,
lre,prefix,HCM,ReqHCM,True,False,False,True,False,True,False,False,CAM,CAM,1,HCMToCAM,True,,,,
lre,prefix,HCM,tick,True,False,False,True,False,True,False,False,CAM,CAM,1,HCMToCAM,True,,,,
lre,prefix,HCM,ReqVel,True,False,False,True,False,True,False,True,CAM,CAM,1,HCMToCAM,True,,,,
lre,prefix,HCM,ReqHdng,True,False,False,True,False,True,False,True,CAM,CAM,1,HCMToCAM,True,,,,
lre,prefix,HCM,ReqMOM,True,False,False,True,False,True,False,True,CAM,CAM,1,HCMToCAM,True,,,,
lre,prefix,HCM,ReqOCM,True,False,False,True,False,True,False,True,CAM,CAM|OCM,2,HCMToCAM|HCMToOCM_1,False,,,,
lre,prefix,HCM,EndTask,True,False,False,True,False,True,False,True,CAM,CAM,1,HCMToCAM,True,,,,
lre,prefix,HCM,ReqHCM,True,False,False,True,False,True,False,True,CAM,CAM,1,HCMToCAM,True,,,,
lre,prefix,HCM,tick,True,False,False,True,False,True,False,True,CAM,CAM,1,HCMToCAM,True,,,,
lre,prefix,HCM,ReqVel,True,False,False,True,False,True,True,False,CAM,CAM,1,HCMToCAM,True,,,,
lre,prefix,HCM,ReqHdng,True,False,False,True,False,True,True,False,CAM,CAM,1,HCMToCAM,True,,,,
lre,prefix,HCM,ReqMOM,True,False,False,True,False,True,True,False,CAM,CAM,1,HCMToCAM,True,,,,
lre,prefix,HCM,ReqOCM,True,False,False,True,False,True,True,False,CAM,CAM|OCM,2,HCMToCAM|HCMToOCM_1,False,,,,
lre,prefix,HCM,EndTask,True,False,False,True,False,True,True,False,CAM,CAM,1,HCMToCAM,True,,,,
lre,prefix,HCM,ReqHCM,True,False,False,True,False,True,True,False,CAM,CAM,1,HCMToCAM,True,,,,
lre,prefix,HCM,tick,True,False,False,True,False,True,True,False,CAM,CAM,1,HCMToCAM,True,,,,
lre,prefix,HCM,ReqVel,True,False,False,True,False,True,True,True,CAM,CAM,1,HCMToCAM,True,,,,
lre,prefix,HCM,ReqHdng,True,False,False,True,False,True,True,True,CAM,CAM,1,HCMToCAM,True,,,,
lre,prefix,HCM,ReqMOM,True,False,False,True,False,True,True,True,CAM,CAM,1,HCMToCAM,True,,,,
lre,prefix,HCM,ReqOCM,True,False,False,True,False,True,True,True,CAM,CAM|OCM,2,HCMToCAM|HCMToOCM_1,False,,,,
lre,prefix,HCM,EndTask,True,False,False,True,False,True,True,True,CAM,CAM,1,HCMToCAM,True,,,,
lre,prefix,HCM,ReqHCM,True,False,False,True,False,True,True,True,CAM,CAM,1,HCMToCAM,True,,,,
lre,prefix,HCM,tick,True,False,False,True,False,True,True,True,CAM,CAM,1,HCMToCAM,True,,,,
lre,prefix,HCM,ReqVel,True,False,False,True,True,False,False,False,CAM,CAM,1,HCMToCAM,True,,,,
lre,prefix,HCM,ReqHdng,True,False,False,True,True,False,False,False,CAM,CAM,1,HCMToCAM,True,,,,
lre,prefix,HCM,ReqMOM,True,False,False,True,True,False,False,False,CAM,CAM,1,HCMToCAM,True,,,,
lre,prefix,HCM,ReqOCM,True,False,False,True,True,False,False,False,CAM,CAM|OCM,2,HCMToCAM|HCMToOCM_1,False,,,,
lre,prefix,HCM,EndTask,True,False,False,True,True,False,False,False,CAM,CAM,1,HCMToCAM,True,,,,
lre,prefix,HCM,ReqHCM,True,False,False,True,True,False,False,False,CAM,CAM,1,HCMToCAM,True,,,,
lre,prefix,HCM,tick,True,False,False,True,True,False,False,False,CAM,CAM,1,HCMToCAM,True,,,,
lre,prefix,HCM,ReqVel,True,False,False,True,True,False,False,True,CAM,CAM,1,HCMToCAM,True,,,,
lre,prefix,HCM,ReqHdng,True,False,False,True,True,False,False,True,CAM,CAM,1,HCMToCAM,True,,,,
lre,prefix,HCM,ReqMOM,True,False,False,True,True,False,False,True,CAM,CAM,1,HCMToCAM,True,,,,
lre,prefix,HCM,ReqOCM,True,False,False,True,True,False,False,True,CAM,CAM|OCM,2,HCMToCAM|HCMToOCM_1,False,,,,
lre,prefix,HCM,EndTask,True,False,False,True,True,False,False,True,CAM,CAM,1,HCMToCAM,True,,,,
lre,prefix,HCM,ReqHCM,True,False,False,True,True,False,False,True,CAM,CAM,1,HCMToCAM,True,,,,
lre,prefix,HCM,tick,True,False,False,True,True,False,False,True,CAM,CAM,1,HCMToCAM,True,,,,
lre,prefix,HCM,ReqVel,True,False,False,True,True,False,True,False,CAM,CAM,1,HCMToCAM,True,,,,
lre,prefix,HCM,ReqHdng,True,False,False,True,True,False,True,False,CAM,CAM,1,HCMToCAM,True,,,,
lre,prefix,HCM,ReqMOM,True,False,False,True,True,False,True,False,CAM,CAM,1,HCMToCAM,True,,,,
lre,prefix,HCM,ReqOCM,True,False,False,True,True,False,True,False,CAM,CAM|OCM,2,HCMToCAM|HCMToOCM_1,False,,,,
lre,prefix,HCM,EndTask,True,False,False,True,True,False,True,False,CAM,CAM,1,HCMToCAM,True,,,,
lre,prefix,HCM,ReqHCM,True,False,False,True,True,False,True,False,CAM,CAM,1,HCMToCAM,True,,,,
lre,prefix,HCM,tick,True,False,False,True,True,False,True,False,CAM,CAM,1,HCMToCAM,True,,,,
lre,prefix,HCM,ReqVel,True,False,False,True,True,False,True,True,CAM,CAM,1,HCMToCAM,True,,,,
lre,prefix,HCM,ReqHdng,True,False,False,True,True,False,True,True,CAM,CAM,1,HCMToCAM,True,,,,
lre,prefix,HCM,ReqMOM,True,False,False,True,True,False,True,True,CAM,CAM,1,HCMToCAM,True,,,,
lre,prefix,HCM,ReqOCM,True,False,False,True,True,False,True,True,CAM,CAM|OCM,2,HCMToCAM|HCMToOCM_1,False,,,,
lre,prefix,HCM,EndTask,True,False,False,True,True,False,True,True,CAM,CAM,1,HCMToCAM,True,,,,
lre,prefix,HCM,ReqHCM,True,False,False,True,True,False,True,True,CAM,CAM,1,HCMToCAM,True,,,,
lre,prefix,HCM,tick,True,False,False,True,True,False,True,True,CAM,CAM,1,HCMToCAM,True,,,,
lre,prefix,HCM,ReqVel,True,False,False,True,True,True,False,False,CAM,CAM,1,HCMToCAM,True,,,,
lre,prefix,HCM,ReqHdng,True,False,False,True,True,True,False,False,CAM,CAM,1,HCMToCAM,True,,,,
lre,prefix,HCM,ReqMOM,True,False,False,True,True,True,False,False,CAM,CAM,1,HCMToCAM,True,,,,
lre,prefix,HCM,ReqOCM,True,False,False,True,True,True,False,False,CAM,CAM|OCM,2,HCMToCAM|HCMToOCM_1,False,,,,
lre,prefix,HCM,EndTask,True,False,False,True,True,True,False,False,CAM,CAM,1,HCMToCAM,True,,,,
lre,prefix,HCM,ReqHCM,True,False,False,True,True,True,False,False,CAM,CAM,1,HCMToCAM,True,,,,
lre,prefix,HCM,tick,True,False,False,True,True,True,False,False,CAM,CAM,1,HCMToCAM,True,,,,
lre,prefix,HCM,ReqVel,True,False,False,True,True,True,False,True,CAM,CAM,1,HCMToCAM,True,,,,
lre,prefix,HCM,ReqHdng,True,False,False,True,True,True,False,True,CAM,CAM,1,HCMToCAM,True,,,,
lre,prefix,HCM,ReqMOM,True,False,False,True,True,True,False,True,CAM,CAM,1,HCMToCAM,True,,,,
lre,prefix,HCM,ReqOCM,True,False,False,True,True,True,False,True,CAM,CAM|OCM,2,HCMToCAM|HCMToOCM_1,False,,,,
lre,prefix,HCM,EndTask,True,False,False,True,True,True,False,True,CAM,CAM,1,HCMToCAM,True,,,,
lre,prefix,HCM,ReqHCM,True,False,False,True,True,True,False,True,CAM,CAM,1,HCMToCAM,True,,,,
lre,prefix,HCM,tick,True,False,False,True,True,True,False,True,CAM,CAM,1,HCMToCAM,True,,,,
lre,prefix,HCM,ReqVel,True,False,False,True,True,True,True,False,CAM,CAM,1,HCMToCAM,True,,,,
lre,prefix,HCM,ReqHdng,True,False,False,True,True,True,True,False,CAM,CAM,1,HCMToCAM,True,,,,
lre,prefix,HCM,ReqMOM,True,False,False,True,True,True,True,False,CAM,CAM,1,HCMToCAM,True,,,,
lre,prefix,HCM,ReqOCM,True,False,False,True,True,True,True,False,CAM,CAM|OCM,2,HCMToCAM|HCMToOCM_1,False,,,,
lre,prefix,HCM,EndTask,True,False,False,True,True,True,True,False,CAM,CAM,1,HCMToCAM,True,,,,
lre,prefix,HCM,ReqHCM,True,False,False,True,True,True,True,False,CAM,CAM,1,HCMToCAM,True,,,,
lre,prefix,HCM,tick,True,False,False,True,True,True,True,False,CAM,CAM,1,HCMToCAM,True,,,,
lre,prefix,HCM,ReqVel,True,False,False,True,True,True,True,True,CAM,CAM,1,HCMToCAM,True,,,,
lre,prefix,HCM,ReqHdng,True,False,False,True,True,True,True,True,CAM,CAM,1,HCMToCAM,True,,,,
lre,prefix,HCM,ReqMOM,True,False,False,True,True,True,True,True,CAM,CAM,1,HCMToCAM,True,,,,
lre,prefix,HCM,ReqOCM,True,False,False,True,True,True,True,True,CAM,CAM|OCM,2,HCMToCAM|HCMToOCM_1,False,,,,
lre,prefix,HCM,EndTask,True,False,False,True,True,True,True,True,CAM,CAM,1,HCMToCAM,True,,,,
lre,prefix,HCM,ReqHCM,True,False,False,True,True,True,True,True,CAM,CAM,1,HCMToCAM,True,,,,
lre,prefix,HCM,tick,True,False,False,True,True,True,True,True,CAM,CAM,1,HCMToCAM,True,,,,
lre,prefix,HCM,ReqVel,True,False,True,False,False,False,False,False,CAM,CAM,1,HCMToCAM,True,,,,
lre,prefix,HCM,ReqHdng,True,False,True,False,False,False,False,False,CAM,CAM,1,HCMToCAM,True,,,,
lre,prefix,HCM,ReqMOM,True,False,True,False,False,False,False,False,CAM,CAM,1,HCMToCAM,True,,,,
lre,prefix,HCM,ReqOCM,True,False,True,False,False,False,False,False,CAM,CAM|OCM,2,HCMToCAM|HCMToOCM_1,False,,,,
lre,prefix,HCM,EndTask,True,False,True,False,False,False,False,False,CAM,CAM,1,HCMToCAM,True,,,,
lre,prefix,HCM,ReqHCM,True,False,True,False,False,False,False,False,CAM,CAM,1,HCMToCAM,True,,,,
lre,prefix,HCM,tick,True,False,True,False,False,False,False,False,CAM,CAM,1,HCMToCAM,True,,,,
lre,prefix,HCM,ReqVel,True,False,True,False,False,False,False,True,CAM,CAM,1,HCMToCAM,True,,,,
lre,prefix,HCM,ReqHdng,True,False,True,False,False,False,False,True,CAM,CAM,1,HCMToCAM,True,,,,
lre,prefix,HCM,ReqMOM,True,False,True,False,False,False,False,True,CAM,CAM,1,HCMToCAM,True,,,,
lre,prefix,HCM,ReqOCM,True,False,True,False,False,False,False,True,CAM,CAM|OCM,2,HCMToCAM|HCMToOCM_1,False,,,,
lre,prefix,HCM,EndTask,True,False,True,False,False,False,False,True,CAM,CAM,1,HCMToCAM,True,,,,
lre,prefix,HCM,ReqHCM,True,False,True,False,False,False,False,True,CAM,CAM,1,HCMToCAM,True,,,,
lre,prefix,HCM,tick,True,False,True,False,False,False,False,True,CAM,CAM,1,HCMToCAM,True,,,,
lre,prefix,HCM,ReqVel,True,False,True,False,False,False,True,False,CAM,CAM,1,HCMToCAM,True,,,,
lre,prefix,HCM,ReqHdng,True,False,True,False,False,False,True,False,CAM,CAM,1,HCMToCAM,True,,,,
lre,prefix,HCM,ReqMOM,True,False,True,False,False,False,True,False,CAM,CAM,1,HCMToCAM,True,,,,
lre,prefix,HCM,ReqOCM,True,False,True,False,False,False,True,False,CAM,CAM|OCM,2,HCMToCAM|HCMToOCM_1,False,,,,
lre,prefix,HCM,EndTask,True,False,True,False,False,False,True,False,CAM,CAM,1,HCMToCAM,True,,,,
lre,prefix,HCM,ReqHCM,True,False,True,False,False,False,True,False,CAM,CAM,1,HCMToCAM,True,,,,
lre,prefix,HCM,tick,True,False,True,False,False,False,True,False,CAM,CAM,1,HCMToCAM,True,,,,
lre,prefix,HCM,ReqVel,True,False,True,False,False,False,True,True,CAM,CAM,1,HCMToCAM,True,,,,
lre,prefix,HCM,ReqHdng,True,False,True,False,False,False,True,True,CAM,CAM,1,HCMToCAM,True,,,,
lre,prefix,HCM,ReqMOM,True,False,True,False,False,False,True,True,CAM,CAM,1,HCMToCAM,True,,,,
lre,prefix,HCM,ReqOCM,True,False,True,False,False,False,True,True,CAM,CAM|OCM,2,HCMToCAM|HCMToOCM_1,False,,,,
lre,prefix,HCM,EndTask,True,False,True,False,False,False,True,True,CAM,CAM,1,HCMToCAM,True,,,,
lre,prefix,HCM,ReqHCM,True,False,True,False,False,False,True,True,CAM,CAM,1,HCMToCAM,True,,,,
lre,prefix,HCM,tick,True,False,True,False,False,False,True,True,CAM,CAM,1,HCMToCAM,True,,,,
lre,prefix,HCM,ReqVel,True,False,True,False,False,True,False,False,CAM,CAM,1,HCMToCAM,True,,,,
lre,prefix,HCM,ReqHdng,True,False,True,False,False,True,False,False,CAM,CAM,1,HCMToCAM,True,,,,
lre,prefix,HCM,ReqMOM,True,False,True,False,False,True,False,False,CAM,CAM,1,HCMToCAM,True,,,,
lre,prefix,HCM,ReqOCM,True,False,True,False,False,True,False,False,CAM,CAM|OCM,2,HCMToCAM|HCMToOCM_1,False,,,,
lre,prefix,HCM,EndTask,True,False,True,False,False,True,False,False,CAM,CAM,1,HCMToCAM,True,,,,
lre,prefix,HCM,ReqHCM,True,False,True,False,False,True,False,False,CAM,CAM,1,HCMToCAM,True,,,,
lre,prefix,HCM,tick,True,False,True,False,False,True,False,False,CAM,CAM,1,HCMToCAM,True,,,,
lre,prefix,HCM,ReqVel,True,False,True,False,False,True,False,True,CAM,CAM,1,HCMToCAM,True,,,,
lre,prefix,HCM,ReqHdng,True,False,True,False,False,True,False,True,CAM,CAM,1,HCMToCAM,True,,,,
lre,prefix,HCM,ReqMOM,True,False,True,False,False,True,False,True,CAM,CAM,1,HCMToCAM,True,,,,
lre,prefix,HCM,ReqOCM,True,False,True,False,False,True,False,True,CAM,CAM|OCM,2,HCMToCAM|HCMToOCM_1,False,,,,
lre,prefix,HCM,EndTask,True,False,True,False,False,True,False,True,CAM,CAM,1,HCMToCAM,True,,,,
lre,prefix,HCM,ReqHCM,True,False,True,False,False,True,False,True,CAM,CAM,1,HCMToCAM,True,,,,
lre,prefix,HCM,tick,True,False,True,False,False,True,False,True,CAM,CAM,1,HCMToCAM,True,,,,
lre,prefix,HCM,ReqVel,True,False,True,False,False,True,True,False,CAM,CAM,1,HCMToCAM,True,,,,
lre,prefix,HCM,ReqHdng,True,False,True,False,False,True,True,False,CAM,CAM,1,HCMToCAM,True,,,,
lre,prefix,HCM,ReqMOM,True,False,True,False,False,True,True,False,CAM,CAM,1,HCMToCAM,True,,,,
lre,prefix,HCM,ReqOCM,True,False,True,False,False,True,True,False,CAM,CAM|OCM,2,HCMToCAM|HCMToOCM_1,False,,,,
lre,prefix,HCM,EndTask,True,False,True,False,False,True,True,False,CAM,CAM,1,HCMToCAM,True,,,,
lre,prefix,HCM,ReqHCM,True,False,True,False,False,True,True,False,CAM,CAM,1,HCMToCAM,True,,,,
lre,prefix,HCM,tick,True,False,True,False,False,True,True,False,CAM,CAM,1,HCMToCAM,True,,,,
lre,prefix,HCM,ReqVel,True,False,True,False,False,True,True,True,CAM,CAM,1,HCMToCAM,True,,,,
lre,prefix,HCM,ReqHdng,True,False,True,False,False,True,True,True,CAM,CAM,1,HCMToCAM,True,,,,
lre,prefix,HCM,ReqMOM,True,False,True,False,False,True,True,True,CAM,CAM,1,HCMToCAM,True,,,,
lre,prefix,HCM,ReqOCM,True,False,True,False,False,True,True,True,CAM,CAM|OCM,2,HCMToCAM|HCMToOCM_1,False,,,,
lre,prefix,HCM,EndTask,True,False,True,False,False,True,True,True,CAM,CAM,1,HCMToCAM,True,,,,
lre,prefix,HCM,ReqHCM,True,False,True,False,False,True,True,True,CAM,CAM,1,HCMToCAM,True,,,,
lre,prefix,HCM,tick,True,False,True,False,False,True,True,True,CAM,CAM,1,HCMToCAM,True,,,,
lre,prefix,HCM,ReqVel,True,False,True,False,True,False,False,False,CAM,CAM,1,HCMToCAM,True,,,,
lre,prefix,HCM,ReqHdng,True,False,True,False,True,False,False,False,CAM,CAM,1,HCMToCAM,True,,,,
lre,prefix,HCM,ReqMOM,True,False,True,False,True,False,False,False,CAM,CAM,1,HCMToCAM,True,,,,
lre,prefix,HCM,ReqOCM,True,False,True,False,True,False,False,False,CAM,CAM|OCM,2,HCMToCAM|HCMToOCM_1,False,,,,
lre,prefix,HCM,EndTask,True,False,True,False,True,False,False,False,CAM,CAM,1,HCMToCAM,True,,,,
lre,prefix,HCM,ReqHCM,True,False,True,False,True,False,False,False,CAM,CAM,1,HCMToCAM,True,,,,
lre,prefix,HCM,tick,True,False,True,False,True,False,False,False,CAM,CAM,1,HCMToCAM,True,,,,
lre,prefix,HCM,ReqVel,True,False,True,False,True,False,False,True,CAM,CAM,1,HCMToCAM,True,,,,
lre,prefix,HCM,ReqHdng,True,False,True,False,True,False,False,True,CAM,CAM,1,HCMToCAM,True,,,,
lre,prefix,HCM,ReqMOM,True,False,True,False,True,False,False,True,CAM,CAM,1,HCMToCAM,True,,,,
lre,prefix,HCM,ReqOCM,True,False,True,False,True,False,False,True,CAM,CAM|OCM,2,HCMToCAM|HCMToOCM_1,False,,,,
lre,prefix,HCM,EndTask,True,False,True,False,True,False,False,True,CAM,CAM,1,HCMToCAM,True,,,,
lre,prefix,HCM,ReqHCM,True,False,True,False,True,False,False,True,CAM,CAM,1,HCMToCAM,True,,,,
lre,prefix,HCM,tick,True,False,True,False,True,False,False,True,CAM,CAM,1,HCMToCAM,True,,,,
lre,prefix,HCM,ReqVel,True,False,True,False,True,False,True,False,CAM,CAM,1,HCMToCAM,True,,,,
lre,prefix,HCM,ReqHdng,True,False,True,False,True,False,True,False,CAM,CAM,1,HCMToCAM,True,,,,
lre,prefix,HCM,ReqMOM,True,False,True,False,True,False,True,False,CAM,CAM,1,HCMToCAM,True,,,,
lre,prefix,HCM,ReqOCM,True,False,True,False,True,False,True,False,CAM,CAM|OCM,2,HCMToCAM|HCMToOCM_1,False,,,,
lre,prefix,HCM,EndTask,True,False,True,False,True,False,True,False,CAM,CAM,1,HCMToCAM,True,,,,
lre,prefix,HCM,ReqHCM,True,False,True,False,True,False,True,False,CAM,CAM,1,HCMToCAM,True,,,,
lre,prefix,HCM,tick,True,False,True,False,True,False,True,False,CAM,CAM,1,HCMToCAM,True,,,,
lre,prefix,HCM,ReqVel,True,False,True,False,True,False,True,True,CAM,CAM,1,HCMToCAM,True,,,,
lre,prefix,HCM,ReqHdng,True,False,True,False,True,False,True,True,CAM,CAM,1,HCMToCAM,True,,,,
lre,prefix,HCM,ReqMOM,True,False,True,False,True,False,True,True,CAM,CAM,1,HCMToCAM,True,,,,
lre,prefix,HCM,ReqOCM,True,False,True,False,True,False,True,True,CAM,CAM|OCM,2,HCMToCAM|HCMToOCM_1,False,,,,
lre,prefix,HCM,EndTask,True,False,True,False,True,False,True,True,CAM,CAM,1,HCMToCAM,True,,,,
lre,prefix,HCM,ReqHCM,True,False,True,False,True,False,True,True,CAM,CAM,1,HCMToCAM,True,,,,
lre,prefix,HCM,tick,True,False,True,False,True,False,True,True,CAM,CAM,1,HCMToCAM,True,,,,
lre,prefix,HCM,ReqVel,True,False,True,False,True,True,False,False,CAM,CAM,1,HCMToCAM,True,,,,
lre,prefix,HCM,ReqHdng,True,False,True,False,True,True,False,False,CAM,CAM,1,HCMToCAM,True,,,,
lre,prefix,HCM,ReqMOM,True,False,True,False,True,True,False,False,CAM,CAM,1,HCMToCAM,True,,,,
lre,prefix,HCM,ReqOCM,True,False,True,False,True,True,False,False,CAM,CAM|OCM,2,HCMToCAM|HCMToOCM_1,False,,,,
lre,prefix,HCM,EndTask,True,False,True,False,True,True,False,False,CAM,CAM,1,HCMToCAM,True,,,,
lre,prefix,HCM,ReqHCM,True,False,True,False,True,True,False,False,CAM,CAM,1,HCMToCAM,True,,,,
lre,prefix,HCM,tick,True,False,True,False,True,True,False,False,CAM,CAM,1,HCMToCAM,True,,,,
lre,prefix,HCM,ReqVel,True,False,True,False,True,True,False,True,CAM,CAM,1,HCMToCAM,True,,,,
lre,prefix,HCM,ReqHdng,True,False,True,False,True,True,False,True,CAM,CAM,1,HCMToCAM,True,,,,
lre,prefix,HCM,ReqMOM,True,False,True,False,True,True,False,True,CAM,CAM,1,HCMToCAM,True,,,,
lre,prefix,HCM,ReqOCM,True,False,True,False,True,True,False,True,CAM,CAM|OCM,2,HCMToCAM|HCMToOCM_1,False,,,,
lre,prefix,HCM,EndTask,True,False,True,False,True,True,False,True,CAM,CAM,1,HCMToCAM,True,,,,
lre,prefix,HCM,ReqHCM,True,False,True,False,True,True,False,True,CAM,CAM,1,HCMToCAM,True,,,,
lre,prefix,HCM,tick,True,False,True,False,True,True,False,True,CAM,CAM,1,HCMToCAM,True,,,,
lre,prefix,HCM,ReqVel,True,False,True,False,True,True,True,False,CAM,CAM,1,HCMToCAM,True,,,,
lre,prefix,HCM,ReqHdng,True,False,True,False,True,True,True,False,CAM,CAM,1,HCMToCAM,True,,,,
lre,prefix,HCM,ReqMOM,True,False,True,False,True,True,True,False,CAM,CAM,1,HCMToCAM,True,,,,
lre,prefix,HCM,ReqOCM,True,False,True,False,True,True,True,False,CAM,CAM|OCM,2,HCMToCAM|HCMToOCM_1,False,,,,
lre,prefix,HCM,EndTask,True,False,True,False,True,True,True,False,CAM,CAM,1,HCMToCAM,True,,,,
lre,prefix,HCM,ReqHCM,True,False,True,False,True,True,True,False,CAM,CAM,1,HCMToCAM,True,,,,
lre,prefix,HCM,tick,True,False,True,False,True,True,True,False,CAM,CAM,1,HCMToCAM,True,,,,
lre,prefix,HCM,ReqVel,True,False,True,False,True,True,True,True,CAM,CAM,1,HCMToCAM,True,,,,
lre,prefix,HCM,ReqHdng,True,False,True,False,True,True,True,True,CAM,CAM,1,HCMToCAM,True,,,,
lre,prefix,HCM,ReqMOM,True,False,True,False,True,True,True,True,CAM,CAM,1,HCMToCAM,True,,,,
lre,prefix,HCM,ReqOCM,True,False,True,False,True,True,True,True,CAM,CAM|OCM,2,HCMToCAM|HCMToOCM_1,False,,,,
lre,prefix,HCM,EndTask,True,False,True,False,True,True,True,True,CAM,CAM,1,HCMToCAM,True,,,,
lre,prefix,HCM,ReqHCM,True,False,True,False,True,True,True,True,CAM,CAM,1,HCMToCAM,True,,,,
lre,prefix,HCM,tick,True,False,True,False,True,True,True,True,CAM,CAM,1,HCMToCAM,True,,,,
lre,prefix,HCM,ReqVel,True,False,True,True,False,False,False,False,CAM,CAM,1,HCMToCAM,True,,,,
lre,prefix,HCM,ReqHdng,True,False,True,True,False,False,False,False,CAM,CAM,1,HCMToCAM,True,,,,
lre,prefix,HCM,ReqMOM,True,False,True,True,False,False,False,False,CAM,CAM,1,HCMToCAM,True,,,,
lre,prefix,HCM,ReqOCM,True,False,True,True,False,False,False,False,CAM,CAM|OCM,2,HCMToCAM|HCMToOCM_1,False,,,,
lre,prefix,HCM,EndTask,True,False,True,True,False,False,False,False,CAM,CAM,1,HCMToCAM,True,,,,
lre,prefix,HCM,ReqHCM,True,False,True,True,False,False,False,False,CAM,CAM,1,HCMToCAM,True,,,,
lre,prefix,HCM,tick,True,False,True,True,False,False,False,False,CAM,CAM,1,HCMToCAM,True,,,,
lre,prefix,HCM,ReqVel,True,False,True,True,False,False,False,True,CAM,CAM,1,HCMToCAM,True,,,,
lre,prefix,HCM,ReqHdng,True,False,True,True,False,False,False,True,CAM,CAM,1,HCMToCAM,True,,,,
lre,prefix,HCM,ReqMOM,True,False,True,True,False,False,False,True,CAM,CAM,1,HCMToCAM,True,,,,
lre,prefix,HCM,ReqOCM,True,False,True,True,False,False,False,True,CAM,CAM|OCM,2,HCMToCAM|HCMToOCM_1,False,,,,
lre,prefix,HCM,EndTask,True,False,True,True,False,False,False,True,CAM,CAM,1,HCMToCAM,True,,,,
lre,prefix,HCM,ReqHCM,True,False,True,True,False,False,False,True,CAM,CAM,1,HCMToCAM,True,,,,
lre,prefix,HCM,tick,True,False,True,True,False,False,False,True,CAM,CAM,1,HCMToCAM,True,,,,
lre,prefix,HCM,ReqVel,True,False,True,True,False,False,True,False,CAM,CAM,1,HCMToCAM,True,,,,
lre,prefix,HCM,ReqHdng,True,False,True,True,False,False,True,False,CAM,CAM,1,HCMToCAM,True,,,,
lre,prefix,HCM,ReqMOM,True,False,True,True,False,False,True,False,CAM,CAM,1,HCMToCAM,True,,,,
lre,prefix,HCM,ReqOCM,True,False,True,True,False,False,True,False,CAM,CAM|OCM,2,HCMToCAM|HCMToOCM_1,False,,,,
lre,prefix,HCM,EndTask,True,False,True,True,False,False,True,False,CAM,CAM,1,HCMToCAM,True,,,,
lre,prefix,HCM,ReqHCM,True,False,True,True,False,False,True,False,CAM,CAM,1,HCMToCAM,True,,,,
lre,prefix,HCM,tick,True,False,True,True,False,False,True,False,CAM,CAM,1,HCMToCAM,True,,,,
lre,prefix,HCM,ReqVel,True,False,True,True,False,False,True,True,CAM,CAM,1,HCMToCAM,True,,,,
lre,prefix,HCM,ReqHdng,True,False,True,True,False,False,True,True,CAM,CAM,1,HCMToCAM,True,,,,
lre,prefix,HCM,ReqMOM,True,False,True,True,False,False,True,True,CAM,CAM,1,HCMToCAM,True,,,,
lre,prefix,HCM,ReqOCM,True,False,True,True,False,False,True,True,CAM,CAM|OCM,2,HCMToCAM|HCMToOCM_1,False,,,,
lre,prefix,HCM,EndTask,True,False,True,True,False,False,True,True,CAM,CAM,1,HCMToCAM,True,,,,
lre,prefix,HCM,ReqHCM,True,False,True,True,False,False,True,True,CAM,CAM,1,HCMToCAM,True,,,,
lre,prefix,HCM,tick,True,False,True,True,False,False,True,True,CAM,CAM,1,HCMToCAM,True,,,,
lre,prefix,HCM,ReqVel,True,False,True,True,False,True,False,False,CAM,CAM,1,HCMToCAM,True,,,,
lre,prefix,HCM,ReqHdng,True,False,True,True,False,True,False,False,CAM,CAM,1,HCMToCAM,True,,,,
lre,prefix,HCM,ReqMOM,True,False,True,True,False,True,False,False,CAM,CAM,1,HCMToCAM,True,,,,
lre,prefix,HCM,ReqOCM,True,False,True,True,False,True,False,False,CAM,CAM|OCM,2,HCMToCAM|HCMToOCM_1,False,,,,
lre,prefix,HCM,EndTask,True,False,True,True,False,True,False,False,CAM,CAM,1,HCMToCAM,True,,,,
lre,prefix,HCM,ReqHCM,True,False,True,True,False,True,False,False,CAM,CAM,1,HCMToCAM,True,,,,
lre,prefix,HCM,tick,True,False,True,True,False,True,False,False,CAM,CAM,1,HCMToCAM,True,,,,
lre,prefix,HCM,ReqVel,True,False,True,True,False,True,False,True,CAM,CAM,1,HCMToCAM,True,,,,
lre,prefix,HCM,ReqHdng,True,False,True,True,False,True,False,True,CAM,CAM,1,HCMToCAM,True,,,,
lre,prefix,HCM,ReqMOM,True,False,True,True,False,True,False,True,CAM,CAM,1,HCMToCAM,True,,,,
lre,prefix,HCM,ReqOCM,True,False,True,True,False,True,False,True,CAM,CAM|OCM,2,HCMToCAM|HCMToOCM_1,False,,,,
lre,prefix,HCM,EndTask,True,False,True,True,False,True,False,True,CAM,CAM,1,HCMToCAM,True,,,,
lre,prefix,HCM,ReqHCM,True,False,True,True,False,True,False,True,CAM,CAM,1,HCMToCAM,True,,,,
lre,prefix,HCM,tick,True,False,True,True,False,True,False,True,CAM,CAM,1,HCMToCAM,True,,,,
lre,prefix,HCM,ReqVel,True,False,True,True,False,True,True,False,CAM,CAM,1,HCMToCAM,True,,,,
lre,prefix,HCM,ReqHdng,True,False,True,True,False,True,True,False,CAM,CAM,1,HCMToCAM,True,,,,
lre,prefix,HCM,ReqMOM,True,False,True,True,False,True,True,False,CAM,CAM,1,HCMToCAM,True,,,,
lre,prefix,HCM,ReqOCM,True,False,True,True,False,True,True,False,CAM,CAM|OCM,2,HCMToCAM|HCMToOCM_1,False,,,,
lre,prefix,HCM,EndTask,True,False,True,True,False,True,True,False,CAM,CAM,1,HCMToCAM,True,,,,
lre,prefix,HCM,ReqHCM,True,False,True,True,False,True,True,False,CAM,CAM,1,HCMToCAM,True,,,,
lre,prefix,HCM,tick,True,False,True,True,False,True,True,False,CAM,CAM,1,HCMToCAM,True,,,,
lre,prefix,HCM,ReqVel,True,False,True,True,False,True,True,True,CAM,CAM,1,HCMToCAM,True,,,,
lre,prefix,HCM,ReqHdng,True,False,True,True,False,True,True,True,CAM,CAM,1,HCMToCAM,True,,,,
lre,prefix,HCM,ReqMOM,True,False,True,True,False,True,True,True,CAM,CAM,1,HCMToCAM,True,,,,
lre,prefix,HCM,ReqOCM,True,False,True,True,False,True,True,True,CAM,CAM|OCM,2,HCMToCAM|HCMToOCM_1,False,,,,
lre,prefix,HCM,EndTask,True,False,True,True,False,True,True,True,CAM,CAM,1,HCMToCAM,True,,,,
lre,prefix,HCM,ReqHCM,True,False,True,True,False,True,True,True,CAM,CAM,1,HCMToCAM,True,,,,
lre,prefix,HCM,tick,True,False,True,True,False,True,True,True,CAM,CAM,1,HCMToCAM,True,,,,
lre,prefix,HCM,ReqVel,True,False,True,True,True,False,False,False,CAM,CAM,1,HCMToCAM,True,,,,
lre,prefix,HCM,ReqHdng,True,False,True,True,True,False,False,False,CAM,CAM,1,HCMToCAM,True,,,,
lre,prefix,HCM,ReqMOM,True,False,True,True,True,False,False,False,CAM,CAM,1,HCMToCAM,True,,,,
lre,prefix,HCM,ReqOCM,True,False,True,True,True,False,False,False,CAM,CAM|OCM,2,HCMToCAM|HCMToOCM_1,False,,,,
lre,prefix,HCM,EndTask,True,False,True,True,True,False,False,False,CAM,CAM,1,HCMToCAM,True,,,,
lre,prefix,HCM,ReqHCM,True,False,True,True,True,False,False,False,CAM,CAM,1,HCMToCAM,True,,,,
lre,prefix,HCM,tick,True,False,True,True,True,False,False,False,CAM,CAM,1,HCMToCAM,True,,,,
lre,prefix,HCM,ReqVel,True,False,True,True,True,False,False,True,CAM,CAM,1,HCMToCAM,True,,,,
lre,prefix,HCM,ReqHdng,True,False,True,True,True,False,False,True,CAM,CAM,1,HCMToCAM,True,,,,
lre,prefix,HCM,ReqMOM,True,False,True,True,True,False,False,True,CAM,CAM,1,HCMToCAM,True,,,,
lre,prefix,HCM,ReqOCM,True,False,True,True,True,False,False,True,CAM,CAM|OCM,2,HCMToCAM|HCMToOCM_1,False,,,,
lre,prefix,HCM,EndTask,True,False,True,True,True,False,False,True,CAM,CAM,1,HCMToCAM,True,,,,
lre,prefix,HCM,ReqHCM,True,False,True,True,True,False,False,True,CAM,CAM,1,HCMToCAM,True,,,,
lre,prefix,HCM,tick,True,False,True,True,True,False,False,True,CAM,CAM,1,HCMToCAM,True,,,,
lre,prefix,HCM,ReqVel,True,False,True,True,True,False,True,False,CAM,CAM,1,HCMToCAM,True,,,,
lre,prefix,HCM,ReqHdng,True,False,True,True,True,False,True,False,CAM,CAM,1,HCMToCAM,True,,,,
lre,prefix,HCM,ReqMOM,True,False,True,True,True,False,True,False,CAM,CAM,1,HCMToCAM,True,,,,
lre,prefix,HCM,ReqOCM,True,False,True,True,True,False,True,False,CAM,CAM|OCM,2,HCMToCAM|HCMToOCM_1,False,,,,
lre,prefix,HCM,EndTask,True,False,True,True,True,False,True,False,CAM,CAM,1,HCMToCAM,True,,,,
lre,prefix,HCM,ReqHCM,True,False,True,True,True,False,True,False,CAM,CAM,1,HCMToCAM,True,,,,
lre,prefix,HCM,tick,True,False,True,True,True,False,True,False,CAM,CAM,1,HCMToCAM,True,,,,
lre,prefix,HCM,ReqVel,True,False,True,True,True,False,True,True,CAM,CAM,1,HCMToCAM,True,,,,
lre,prefix,HCM,ReqHdng,True,False,True,True,True,False,True,True,CAM,CAM,1,HCMToCAM,True,,,,
lre,prefix,HCM,ReqMOM,True,False,True,True,True,False,True,True,CAM,CAM,1,HCMToCAM,True,,,,
lre,prefix,HCM,ReqOCM,True,False,True,True,True,False,True,True,CAM,CAM|OCM,2,HCMToCAM|HCMToOCM_1,False,,,,
lre,prefix,HCM,EndTask,True,False,True,True,True,False,True,True,CAM,CAM,1,HCMToCAM,True,,,,
lre,prefix,HCM,ReqHCM,True,False,True,True,True,False,True,True,CAM,CAM,1,HCMToCAM,True,,,,
lre,prefix,HCM,tick,True,False,True,True,True,False,True,True,CAM,CAM,1,HCMToCAM,True,,,,
lre,prefix,HCM,ReqVel,True,False,True,True,True,True,False,False,CAM,CAM,1,HCMToCAM,True,,,,
lre,prefix,HCM,ReqHdng,True,False,True,True,True,True,False,False,CAM,CAM,1,HCMToCAM,True,,,,
lre,prefix,HCM,ReqMOM,True,False,True,True,True,True,False,False,CAM,CAM,1,HCMToCAM,True,,,,
lre,prefix,HCM,ReqOCM,True,False,True,True,True,True,False,False,CAM,CAM|OCM,2,HCMToCAM|HCMToOCM_1,False,,,,
lre,prefix,HCM,EndTask,True,False,True,True,True,True,False,False,CAM,CAM,1,HCMToCAM,True,,,,
lre,prefix,HCM,ReqHCM,True,False,True,True,True,True,False,False,CAM,CAM,1,HCMToCAM,True,,,,
lre,prefix,HCM,tick,True,False,True,True,True,True,False,False,CAM,CAM,1,HCMToCAM,True,,,,
lre,prefix,HCM,ReqVel,True,False,True,True,True,True,False,True,CAM,CAM,1,HCMToCAM,True,,,,
lre,prefix,HCM,ReqHdng,True,False,True,True,True,True,False,True,CAM,CAM,1,HCMToCAM,True,,,,
lre,prefix,HCM,ReqMOM,True,False,True,True,True,True,False,True,CAM,CAM,1,HCMToCAM,True,,,,
lre,prefix,HCM,ReqOCM,True,False,True,True,True,True,False,True,CAM,CAM|OCM,2,HCMToCAM|HCMToOCM_1,False,,,,
lre,prefix,HCM,EndTask,True,False,True,True,True,True,False,True,CAM,CAM,1,HCMToCAM,True,,,,
lre,prefix,HCM,ReqHCM,True,False,True,True,True,True,False,True,CAM,CAM,1,HCMToCAM,True,,,,
lre,prefix,HCM,tick,True,False,True,True,True,True,False,True,CAM,CAM,1,HCMToCAM,True,,,,
lre,prefix,HCM,ReqVel,True,False,True,True,True,True,True,False,CAM,CAM,1,HCMToCAM,True,,,,
lre,prefix,HCM,ReqHdng,True,False,True,True,True,True,True,False,CAM,CAM,1,HCMToCAM,True,,,,
lre,prefix,HCM,ReqMOM,True,False,True,True,True,True,True,False,CAM,CAM,1,HCMToCAM,True,,,,
lre,prefix,HCM,ReqOCM,True,False,True,True,True,True,True,False,CAM,CAM|OCM,2,HCMToCAM|HCMToOCM_1,False,,,,
lre,prefix,HCM,EndTask,True,False,True,True,True,True,True,False,CAM,CAM,1,HCMToCAM,True,,,,
lre,prefix,HCM,ReqHCM,True,False,True,True,True,True,True,False,CAM,CAM,1,HCMToCAM,True,,,,
lre,prefix,HCM,tick,True,False,True,True,True,True,True,False,CAM,CAM,1,HCMToCAM,True,,,,
lre,prefix,HCM,ReqVel,True,False,True,True,True,True,True,True,CAM,CAM,1,HCMToCAM,True,,,,
lre,prefix,HCM,ReqHdng,True,False,True,True,True,True,True,True,CAM,CAM,1,HCMToCAM,True,,,,
lre,prefix,HCM,ReqMOM,True,False,True,True,True,True,True,True,CAM,CAM,1,HCMToCAM,True,,,,
lre,prefix,HCM,ReqOCM,True,False,True,True,True,True,True,True,CAM,CAM|OCM,2,HCMToCAM|HCMToOCM_1,False,,,,
lre,prefix,HCM,EndTask,True,False,True,True,True,True,True,True,CAM,CAM,1,HCMToCAM,True,,,,
lre,prefix,HCM,ReqHCM,True,False,True,True,True,True,True,True,CAM,CAM,1,HCMToCAM,True,,,,
lre,prefix,HCM,tick,True,False,True,True,True,True,True,True,CAM,CAM,1,HCMToCAM,True,,,,
lre,prefix,HCM,ReqVel,True,True,False,False,False,False,False,False,CAM,CAM,1,HCMToCAM,True,,,,
lre,prefix,HCM,ReqHdng,True,True,False,False,False,False,False,False,CAM,CAM,1,HCMToCAM,True,,,,
lre,prefix,HCM,ReqMOM,True,True,False,False,False,False,False,False,CAM,CAM,1,HCMToCAM,True,,,,
lre,prefix,HCM,ReqOCM,True,True,False,False,False,False,False,False,CAM,CAM|OCM,2,HCMToCAM|HCMToOCM_1,False,,,,
lre,prefix,HCM,EndTask,True,True,False,False,False,False,False,False,CAM,CAM,1,HCMToCAM,True,,,,
lre,prefix,HCM,ReqHCM,True,True,False,False,False,False,False,False,CAM,CAM,1,HCMToCAM,True,,,,
lre,prefix,HCM,tick,True,True,False,False,False,False,False,False,CAM,CAM,1,HCMToCAM,True,,,,
lre,prefix,HCM,ReqVel,True,True,False,False,False,False,False,True,CAM,CAM,1,HCMToCAM,True,,,,
lre,prefix,HCM,ReqHdng,True,True,False,False,False,False,False,True,CAM,CAM,1,HCMToCAM,True,,,,
lre,prefix,HCM,ReqMOM,True,True,False,False,False,False,False,True,CAM,CAM,1,HCMToCAM,True,,,,
lre,prefix,HCM,ReqOCM,True,True,False,False,False,False,False,True,CAM,CAM|OCM,2,HCMToCAM|HCMToOCM_1,False,,,,
lre,prefix,HCM,EndTask,True,True,False,False,False,False,False,True,CAM,CAM,1,HCMToCAM,True,,,,
lre,prefix,HCM,ReqHCM,True,True,False,False,False,False,False,True,CAM,CAM,1,HCMToCAM,True,,,,
lre,prefix,HCM,tick,True,True,False,False,False,False,False,True,CAM,CAM,1,HCMToCAM,True,,,,
lre,prefix,HCM,ReqVel,True,True,False,False,False,False,True,False,CAM,CAM,1,HCMToCAM,True,,,,
lre,prefix,HCM,ReqHdng,True,True,False,False,False,False,True,False,CAM,CAM,1,HCMToCAM,True,,,,
lre,prefix,HCM,ReqMOM,True,True,False,False,False,False,True,False,CAM,CAM,1,HCMToCAM,True,,,,
lre,prefix,HCM,ReqOCM,True,True,False,False,False,False,True,False,CAM,CAM|OCM,2,HCMToCAM|HCMToOCM_1,False,,,,
lre,prefix,HCM,EndTask,True,True,False,False,False,False,True,False,CAM,CAM,1,HCMToCAM,True,,,,
lre,prefix,HCM,ReqHCM,True,True,False,False,False,False,True,False,CAM,CAM,1,HCMToCAM,True,,,,
lre,prefix,HCM,tick,True,True,False,False,False,False,True,False,CAM,CAM,1,HCMToCAM,True,,,,
lre,prefix,HCM,ReqVel,True,True,False,False,False,False,True,True,CAM,CAM,1,HCMToCAM,True,,,,
lre,prefix,HCM,ReqHdng,True,True,False,False,False,False,True,True,CAM,CAM,1,HCMToCAM,True,,,,
lre,prefix,HCM,ReqMOM,True,True,False,False,False,False,True,True,CAM,CAM,1,HCMToCAM,True,,,,
lre,prefix,HCM,ReqOCM,True,True,False,False,False,False,True,True,CAM,CAM|OCM,2,HCMToCAM|HCMToOCM_1,False,,,,
lre,prefix,HCM,EndTask,True,True,False,False,False,False,True,True,CAM,CAM,1,HCMToCAM,True,,,,
lre,prefix,HCM,ReqHCM,True,True,False,False,False,False,True,True,CAM,CAM,1,HCMToCAM,True,,,,
lre,prefix,HCM,tick,True,True,False,False,False,False,True,True,CAM,CAM,1,HCMToCAM,True,,,,
lre,prefix,HCM,ReqVel,True,True,False,False,False,True,False,False,CAM,CAM,1,HCMToCAM,True,,,,
lre,prefix,HCM,ReqHdng,True,True,False,False,False,True,False,False,CAM,CAM,1,HCMToCAM,True,,,,
lre,prefix,HCM,ReqMOM,True,True,False,False,False,True,False,False,CAM,CAM,1,HCMToCAM,True,,,,
lre,prefix,HCM,ReqOCM,True,True,False,False,False,True,False,False,CAM,CAM|OCM,2,HCMToCAM|HCMToOCM_1,False,,,,
lre,prefix,HCM,EndTask,True,True,False,False,False,True,False,False,CAM,CAM,1,HCMToCAM,True,,,,
lre,prefix,HCM,ReqHCM,True,True,False,False,False,True,False,False,CAM,CAM,1,HCMToCAM,True,,,,
lre,prefix,HCM,tick,True,True,False,False,False,True,False,False,CAM,CAM,1,HCMToCAM,True,,,,
lre,prefix,HCM,ReqVel,True,True,False,False,False,True,False,True,CAM,CAM,1,HCMToCAM,True,,,,
lre,prefix,HCM,ReqHdng,True,True,False,False,False,True,False,True,CAM,CAM,1,HCMToCAM,True,,,,
lre,prefix,HCM,ReqMOM,True,True,False,False,False,True,False,True,CAM,CAM,1,HCMToCAM,True,,,,
lre,prefix,HCM,ReqOCM,True,True,False,False,False,True,False,True,CAM,CAM|OCM,2,HCMToCAM|HCMToOCM_1,False,,,,
lre,prefix,HCM,EndTask,True,True,False,False,False,True,False,True,CAM,CAM,1,HCMToCAM,True,,,,
lre,prefix,HCM,ReqHCM,True,True,False,False,False,True,False,True,CAM,CAM,1,HCMToCAM,True,,,,
lre,prefix,HCM,tick,True,True,False,False,False,True,False,True,CAM,CAM,1,HCMToCAM,True,,,,
lre,prefix,HCM,ReqVel,True,True,False,False,False,True,True,False,CAM,CAM,1,HCMToCAM,True,,,,
lre,prefix,HCM,ReqHdng,True,True,False,False,False,True,True,False,CAM,CAM,1,HCMToCAM,True,,,,
lre,prefix,HCM,ReqMOM,True,True,False,False,False,True,True,False,CAM,CAM,1,HCMToCAM,True,,,,
lre,prefix,HCM,ReqOCM,True,True,False,False,False,True,True,False,CAM,CAM|OCM,2,HCMToCAM|HCMToOCM_1,False,,,,
lre,prefix,HCM,EndTask,True,True,False,False,False,True,True,False,CAM,CAM,1,HCMToCAM,True,,,,
lre,prefix,HCM,ReqHCM,True,True,False,False,False,True,True,False,CAM,CAM,1,HCMToCAM,True,,,,
lre,prefix,HCM,tick,True,True,False,False,False,True,True,False,CAM,CAM,1,HCMToCAM,True,,,,
lre,prefix,HCM,ReqVel,True,True,False,False,False,True,True,True,CAM,CAM,1,HCMToCAM,True,,,,
lre,prefix,HCM,ReqHdng,True,True,False,False,False,True,True,True,CAM,CAM,1,HCMToCAM,True,,,,
lre,prefix,HCM,ReqMOM,True,True,False,False,False,True,True,True,CAM,CAM,1,HCMToCAM,True,,,,
lre,prefix,HCM,ReqOCM,True,True,False,False,False,True,True,True,CAM,CAM|OCM,2,HCMToCAM|HCMToOCM_1,False,,,,
lre,prefix,HCM,EndTask,True,True,False,False,False,True,True,True,CAM,CAM,1,HCMToCAM,True,,,,
lre,prefix,HCM,ReqHCM,True,True,False,False,False,True,True,True,CAM,CAM,1,HCMToCAM,True,,,,
lre,prefix,HCM,tick,True,True,False,False,False,True,True,True,CAM,CAM,1,HCMToCAM,True,,,,
lre,prefix,HCM,ReqVel,True,True,False,False,True,False,False,False,CAM,CAM,1,HCMToCAM,True,,,,
lre,prefix,HCM,ReqHdng,True,True,False,False,True,False,False,False,CAM,CAM,1,HCMToCAM,True,,,,
lre,prefix,HCM,ReqMOM,True,True,False,False,True,False,False,False,CAM,CAM,1,HCMToCAM,True,,,,
lre,prefix,HCM,ReqOCM,True,True,False,False,True,False,False,False,CAM,CAM|OCM,2,HCMToCAM|HCMToOCM_1,False,,,,
lre,prefix,HCM,EndTask,True,True,False,False,True,False,False,False,CAM,CAM,1,HCMToCAM,True,,,,
lre,prefix,HCM,ReqHCM,True,True,False,False,True,False,False,False,CAM,CAM,1,HCMToCAM,True,,,,
lre,prefix,HCM,tick,True,True,False,False,True,False,False,False,CAM,CAM,1,HCMToCAM,True,,,,
lre,prefix,HCM,ReqVel,True,True,False,False,True,False,False,True,CAM,CAM,1,HCMToCAM,True,,,,
lre,prefix,HCM,ReqHdng,True,True,False,False,True,False,False,True,CAM,CAM,1,HCMToCAM,True,,,,
lre,prefix,HCM,ReqMOM,True,True,False,False,True,False,False,True,CAM,CAM,1,HCMToCAM,True,,,,
lre,prefix,HCM,ReqOCM,True,True,False,False,True,False,False,True,CAM,CAM|OCM,2,HCMToCAM|HCMToOCM_1,False,,,,
lre,prefix,HCM,EndTask,True,True,False,False,True,False,False,True,CAM,CAM,1,HCMToCAM,True,,,,
lre,prefix,HCM,ReqHCM,True,True,False,False,True,False,False,True,CAM,CAM,1,HCMToCAM,True,,,,
lre,prefix,HCM,tick,True,True,False,False,True,False,False,True,CAM,CAM,1,HCMToCAM,True,,,,
lre,prefix,HCM,ReqVel,True,True,False,False,True,False,True,False,CAM,CAM,1,HCMToCAM,True,,,,
lre,prefix,HCM,ReqHdng,True,True,False,False,True,False,True,False,CAM,CAM,1,HCMToCAM,True,,,,
lre,prefix,HCM,ReqMOM,True,True,False,False,True,False,True,False,CAM,CAM,1,HCMToCAM,True,,,,
lre,prefix,HCM,ReqOCM,True,True,False,False,True,False,True,False,CAM,CAM|OCM,2,HCMToCAM|HCMToOCM_1,False,,,,
lre,prefix,HCM,EndTask,True,True,False,False,True,False,True,False,CAM,CAM,1,HCMToCAM,True,,,,
lre,prefix,HCM,ReqHCM,True,True,False,False,True,False,True,False,CAM,CAM,1,HCMToCAM,True,,,,
lre,prefix,HCM,tick,True,True,False,False,True,False,True,False,CAM,CAM,1,HCMToCAM,True,,,,
lre,prefix,HCM,ReqVel,True,True,False,False,True,False,True,True,CAM,CAM,1,HCMToCAM,True,,,,
lre,prefix,HCM,ReqHdng,True,True,False,False,True,False,True,True,CAM,CAM,1,HCMToCAM,True,,,,
lre,prefix,HCM,ReqMOM,True,True,False,False,True,False,True,True,CAM,CAM,1,HCMToCAM,True,,,,
lre,prefix,HCM,ReqOCM,True,True,False,False,True,False,True,True,CAM,CAM|OCM,2,HCMToCAM|HCMToOCM_1,False,,,,
lre,prefix,HCM,EndTask,True,True,False,False,True,False,True,True,CAM,CAM,1,HCMToCAM,True,,,,
lre,prefix,HCM,ReqHCM,True,True,False,False,True,False,True,True,CAM,CAM,1,HCMToCAM,True,,,,
lre,prefix,HCM,tick,True,True,False,False,True,False,True,True,CAM,CAM,1,HCMToCAM,True,,,,
lre,prefix,HCM,ReqVel,True,True,False,False,True,True,False,False,CAM,CAM,1,HCMToCAM,True,,,,
lre,prefix,HCM,ReqHdng,True,True,False,False,True,True,False,False,CAM,CAM,1,HCMToCAM,True,,,,
lre,prefix,HCM,ReqMOM,True,True,False,False,True,True,False,False,CAM,CAM,1,HCMToCAM,True,,,,
lre,prefix,HCM,ReqOCM,True,True,False,False,True,True,False,False,CAM,CAM|OCM,2,HCMToCAM|HCMToOCM_1,False,,,,
lre,prefix,HCM,EndTask,True,True,False,False,True,True,False,False,CAM,CAM,1,HCMToCAM,True,,,,
lre,prefix,HCM,ReqHCM,True,True,False,False,True,True,False,False,CAM,CAM,1,HCMToCAM,True,,,,
lre,prefix,HCM,tick,True,True,False,False,True,True,False,False,CAM,CAM,1,HCMToCAM,True,,,,
lre,prefix,HCM,ReqVel,True,True,False,False,True,True,False,True,CAM,CAM,1,HCMToCAM,True,,,,
lre,prefix,HCM,ReqHdng,True,True,False,False,True,True,False,True,CAM,CAM,1,HCMToCAM,True,,,,
lre,prefix,HCM,ReqMOM,True,True,False,False,True,True,False,True,CAM,CAM,1,HCMToCAM,True,,,,
lre,prefix,HCM,ReqOCM,True,True,False,False,True,True,False,True,CAM,CAM|OCM,2,HCMToCAM|HCMToOCM_1,False,,,,
lre,prefix,HCM,EndTask,True,True,False,False,True,True,False,True,CAM,CAM,1,HCMToCAM,True,,,,
lre,prefix,HCM,ReqHCM,True,True,False,False,True,True,False,True,CAM,CAM,1,HCMToCAM,True,,,,
lre,prefix,HCM,tick,True,True,False,False,True,True,False,True,CAM,CAM,1,HCMToCAM,True,,,,
lre,prefix,HCM,ReqVel,True,True,False,False,True,True,True,False,CAM,CAM,1,HCMToCAM,True,,,,
lre,prefix,HCM,ReqHdng,True,True,False,False,True,True,True,False,CAM,CAM,1,HCMToCAM,True,,,,
lre,prefix,HCM,ReqMOM,True,True,False,False,True,True,True,False,CAM,CAM,1,HCMToCAM,True,,,,
lre,prefix,HCM,ReqOCM,True,True,False,False,True,True,True,False,CAM,CAM|OCM,2,HCMToCAM|HCMToOCM_1,False,,,,
lre,prefix,HCM,EndTask,True,True,False,False,True,True,True,False,CAM,CAM,1,HCMToCAM,True,,,,
lre,prefix,HCM,ReqHCM,True,True,False,False,True,True,True,False,CAM,CAM,1,HCMToCAM,True,,,,
lre,prefix,HCM,tick,True,True,False,False,True,True,True,False,CAM,CAM,1,HCMToCAM,True,,,,
lre,prefix,HCM,ReqVel,True,True,False,False,True,True,True,True,CAM,CAM,1,HCMToCAM,True,,,,
lre,prefix,HCM,ReqHdng,True,True,False,False,True,True,True,True,CAM,CAM,1,HCMToCAM,True,,,,
lre,prefix,HCM,ReqMOM,True,True,False,False,True,True,True,True,CAM,CAM,1,HCMToCAM,True,,,,
lre,prefix,HCM,ReqOCM,True,True,False,False,True,True,True,True,CAM,CAM|OCM,2,HCMToCAM|HCMToOCM_1,False,,,,
lre,prefix,HCM,EndTask,True,True,False,False,True,True,True,True,CAM,CAM,1,HCMToCAM,True,,,,
lre,prefix,HCM,ReqHCM,True,True,False,False,True,True,True,True,CAM,CAM,1,HCMToCAM,True,,,,
lre,prefix,HCM,tick,True,True,False,False,True,True,True,True,CAM,CAM,1,HCMToCAM,True,,,,
lre,prefix,HCM,ReqVel,True,True,False,True,False,False,False,False,CAM,CAM,1,HCMToCAM,True,,,,
lre,prefix,HCM,ReqHdng,True,True,False,True,False,False,False,False,CAM,CAM,1,HCMToCAM,True,,,,
lre,prefix,HCM,ReqMOM,True,True,False,True,False,False,False,False,CAM,CAM,1,HCMToCAM,True,,,,
lre,prefix,HCM,ReqOCM,True,True,False,True,False,False,False,False,CAM,CAM|OCM,2,HCMToCAM|HCMToOCM_1,False,,,,
lre,prefix,HCM,EndTask,True,True,False,True,False,False,False,False,CAM,CAM,1,HCMToCAM,True,,,,
lre,prefix,HCM,ReqHCM,True,True,False,True,False,False,False,False,CAM,CAM,1,HCMToCAM,True,,,,
lre,prefix,HCM,tick,True,True,False,True,False,False,False,False,CAM,CAM,1,HCMToCAM,True,,,,
lre,prefix,HCM,ReqVel,True,True,False,True,False,False,False,True,CAM,CAM,1,HCMToCAM,True,,,,
lre,prefix,HCM,ReqHdng,True,True,False,True,False,False,False,True,CAM,CAM,1,HCMToCAM,True,,,,
lre,prefix,HCM,ReqMOM,True,True,False,True,False,False,False,True,CAM,CAM,1,HCMToCAM,True,,,,
lre,prefix,HCM,ReqOCM,True,True,False,True,False,False,False,True,CAM,CAM|OCM,2,HCMToCAM|HCMToOCM_1,False,,,,
lre,prefix,HCM,EndTask,True,True,False,True,False,False,False,True,CAM,CAM,1,HCMToCAM,True,,,,
lre,prefix,HCM,ReqHCM,True,True,False,True,False,False,False,True,CAM,CAM,1,HCMToCAM,True,,,,
lre,prefix,HCM,tick,True,True,False,True,False,False,False,True,CAM,CAM,1,HCMToCAM,True,,,,
lre,prefix,HCM,ReqVel,True,True,False,True,False,False,True,False,CAM,CAM,1,HCMToCAM,True,,,,
lre,prefix,HCM,ReqHdng,True,True,False,True,False,False,True,False,CAM,CAM,1,HCMToCAM,True,,,,
lre,prefix,HCM,ReqMOM,True,True,False,True,False,False,True,False,CAM,CAM,1,HCMToCAM,True,,,,
lre,prefix,HCM,ReqOCM,True,True,False,True,False,False,True,False,CAM,CAM|OCM,2,HCMToCAM|HCMToOCM_1,False,,,,
lre,prefix,HCM,EndTask,True,True,False,True,False,False,True,False,CAM,CAM,1,HCMToCAM,True,,,,
lre,prefix,HCM,ReqHCM,True,True,False,True,False,False,True,False,CAM,CAM,1,HCMToCAM,True,,,,
lre,prefix,HCM,tick,True,True,False,True,False,False,True,False,CAM,CAM,1,HCMToCAM,True,,,,
lre,prefix,HCM,ReqVel,True,True,False,True,False,False,True,True,CAM,CAM,1,HCMToCAM,True,,,,
lre,prefix,HCM,ReqHdng,True,True,False,True,False,False,True,True,CAM,CAM,1,HCMToCAM,True,,,,
lre,prefix,HCM,ReqMOM,True,True,False,True,False,False,True,True,CAM,CAM,1,HCMToCAM,True,,,,
lre,prefix,HCM,ReqOCM,True,True,False,True,False,False,True,True,CAM,CAM|OCM,2,HCMToCAM|HCMToOCM_1,False,,,,
lre,prefix,HCM,EndTask,True,True,False,True,False,False,True,True,CAM,CAM,1,HCMToCAM,True,,,,
lre,prefix,HCM,ReqHCM,True,True,False,True,False,False,True,True,CAM,CAM,1,HCMToCAM,True,,,,
lre,prefix,HCM,tick,True,True,False,True,False,False,True,True,CAM,CAM,1,HCMToCAM,True,,,,
lre,prefix,HCM,ReqVel,True,True,False,True,False,True,False,False,CAM,CAM,1,HCMToCAM,True,,,,
lre,prefix,HCM,ReqHdng,True,True,False,True,False,True,False,False,CAM,CAM,1,HCMToCAM,True,,,,
lre,prefix,HCM,ReqMOM,True,True,False,True,False,True,False,False,CAM,CAM,1,HCMToCAM,True,,,,
lre,prefix,HCM,ReqOCM,True,True,False,True,False,True,False,False,CAM,CAM|OCM,2,HCMToCAM|HCMToOCM_1,False,,,,
lre,prefix,HCM,EndTask,True,True,False,True,False,True,False,False,CAM,CAM,1,HCMToCAM,True,,,,
lre,prefix,HCM,ReqHCM,True,True,False,True,False,True,False,False,CAM,CAM,1,HCMToCAM,True,,,,
lre,prefix,HCM,tick,True,True,False,True,False,True,False,False,CAM,CAM,1,HCMToCAM,True,,,,
lre,prefix,HCM,ReqVel,True,True,False,True,False,True,False,True,CAM,CAM,1,HCMToCAM,True,,,,
lre,prefix,HCM,ReqHdng,True,True,False,True,False,True,False,True,CAM,CAM,1,HCMToCAM,True,,,,
lre,prefix,HCM,ReqMOM,True,True,False,True,False,True,False,True,CAM,CAM,1,HCMToCAM,True,,,,
lre,prefix,HCM,ReqOCM,True,True,False,True,False,True,False,True,CAM,CAM|OCM,2,HCMToCAM|HCMToOCM_1,False,,,,
lre,prefix,HCM,EndTask,True,True,False,True,False,True,False,True,CAM,CAM,1,HCMToCAM,True,,,,
lre,prefix,HCM,ReqHCM,True,True,False,True,False,True,False,True,CAM,CAM,1,HCMToCAM,True,,,,
lre,prefix,HCM,tick,True,True,False,True,False,True,False,True,CAM,CAM,1,HCMToCAM,True,,,,
lre,prefix,HCM,ReqVel,True,True,False,True,False,True,True,False,CAM,CAM,1,HCMToCAM,True,,,,
lre,prefix,HCM,ReqHdng,True,True,False,True,False,True,True,False,CAM,CAM,1,HCMToCAM,True,,,,
lre,prefix,HCM,ReqMOM,True,True,False,True,False,True,True,False,CAM,CAM,1,HCMToCAM,True,,,,
lre,prefix,HCM,ReqOCM,True,True,False,True,False,True,True,False,CAM,CAM|OCM,2,HCMToCAM|HCMToOCM_1,False,,,,
lre,prefix,HCM,EndTask,True,True,False,True,False,True,True,False,CAM,CAM,1,HCMToCAM,True,,,,
lre,prefix,HCM,ReqHCM,True,True,False,True,False,True,True,False,CAM,CAM,1,HCMToCAM,True,,,,
lre,prefix,HCM,tick,True,True,False,True,False,True,True,False,CAM,CAM,1,HCMToCAM,True,,,,
lre,prefix,HCM,ReqVel,True,True,False,True,False,True,True,True,CAM,CAM,1,HCMToCAM,True,,,,
lre,prefix,HCM,ReqHdng,True,True,False,True,False,True,True,True,CAM,CAM,1,HCMToCAM,True,,,,
lre,prefix,HCM,ReqMOM,True,True,False,True,False,True,True,True,CAM,CAM,1,HCMToCAM,True,,,,
lre,prefix,HCM,ReqOCM,True,True,False,True,False,True,True,True,CAM,CAM|OCM,2,HCMToCAM|HCMToOCM_1,False,,,,
lre,prefix,HCM,EndTask,True,True,False,True,False,True,True,True,CAM,CAM,1,HCMToCAM,True,,,,
lre,prefix,HCM,ReqHCM,True,True,False,True,False,True,True,True,CAM,CAM,1,HCMToCAM,True,,,,
lre,prefix,HCM,tick,True,True,False,True,False,True,True,True,CAM,CAM,1,HCMToCAM,True,,,,
lre,prefix,HCM,ReqVel,True,True,False,True,True,False,False,False,CAM,CAM,1,HCMToCAM,True,,,,
lre,prefix,HCM,ReqHdng,True,True,False,True,True,False,False,False,CAM,CAM,1,HCMToCAM,True,,,,
lre,prefix,HCM,ReqMOM,True,True,False,True,True,False,False,False,CAM,CAM,1,HCMToCAM,True,,,,
lre,prefix,HCM,ReqOCM,True,True,False,True,True,False,False,False,CAM,CAM|OCM,2,HCMToCAM|HCMToOCM_1,False,,,,
lre,prefix,HCM,EndTask,True,True,False,True,True,False,False,False,CAM,CAM,1,HCMToCAM,True,,,,
lre,prefix,HCM,ReqHCM,True,True,False,True,True,False,False,False,CAM,CAM,1,HCMToCAM,True,,,,
lre,prefix,HCM,tick,True,True,False,True,True,False,False,False,CAM,CAM,1,HCMToCAM,True,,,,
lre,prefix,HCM,ReqVel,True,True,False,True,True,False,False,True,CAM,CAM,1,HCMToCAM,True,,,,
lre,prefix,HCM,ReqHdng,True,True,False,True,True,False,False,True,CAM,CAM,1,HCMToCAM,True,,,,
lre,prefix,HCM,ReqMOM,True,True,False,True,True,False,False,True,CAM,CAM,1,HCMToCAM,True,,,,
lre,prefix,HCM,ReqOCM,True,True,False,True,True,False,False,True,CAM,CAM|OCM,2,HCMToCAM|HCMToOCM_1,False,,,,
lre,prefix,HCM,EndTask,True,True,False,True,True,False,False,True,CAM,CAM,1,HCMToCAM,True,,,,
lre,prefix,HCM,ReqHCM,True,True,False,True,True,False,False,True,CAM,CAM,1,HCMToCAM,True,,,,
lre,prefix,HCM,tick,True,True,False,True,True,False,False,True,CAM,CAM,1,HCMToCAM,True,,,,
lre,prefix,HCM,ReqVel,True,True,False,True,True,False,True,False,CAM,CAM,1,HCMToCAM,True,,,,
lre,prefix,HCM,ReqHdng,True,True,False,True,True,False,True,False,CAM,CAM,1,HCMToCAM,True,,,,
lre,prefix,HCM,ReqMOM,True,True,False,True,True,False,True,False,CAM,CAM,1,HCMToCAM,True,,,,
lre,prefix,HCM,ReqOCM,True,True,False,True,True,False,True,False,CAM,CAM|OCM,2,HCMToCAM|HCMToOCM_1,False,,,,
lre,prefix,HCM,EndTask,True,True,False,True,True,False,True,False,CAM,CAM,1,HCMToCAM,True,,,,
lre,prefix,HCM,ReqHCM,True,True,False,True,True,False,True,False,CAM,CAM,1,HCMToCAM,True,,,,
lre,prefix,HCM,tick,True,True,False,True,True,False,True,False,CAM,CAM,1,HCMToCAM,True,,,,
lre,prefix,HCM,ReqVel,True,True,False,True,True,False,True,True,CAM,CAM,1,HCMToCAM,True,,,,
lre,prefix,HCM,ReqHdng,True,True,False,True,True,False,True,True,CAM,CAM,1,HCMToCAM,True,,,,
lre,prefix,HCM,ReqMOM,True,True,False,True,True,False,True,True,CAM,CAM,1,HCMToCAM,True,,,,
lre,prefix,HCM,ReqOCM,True,True,False,True,True,False,True,True,CAM,CAM|OCM,2,HCMToCAM|HCMToOCM_1,False,,,,
lre,prefix,HCM,EndTask,True,True,False,True,True,False,True,True,CAM,CAM,1,HCMToCAM,True,,,,
lre,prefix,HCM,ReqHCM,True,True,False,True,True,False,True,True,CAM,CAM,1,HCMToCAM,True,,,,
lre,prefix,HCM,tick,True,True,False,True,True,False,True,True,CAM,CAM,1,HCMToCAM,True,,,,
lre,prefix,HCM,ReqVel,True,True,False,True,True,True,False,False,CAM,CAM,1,HCMToCAM,True,,,,
lre,prefix,HCM,ReqHdng,True,True,False,True,True,True,False,False,CAM,CAM,1,HCMToCAM,True,,,,
lre,prefix,HCM,ReqMOM,True,True,False,True,True,True,False,False,CAM,CAM,1,HCMToCAM,True,,,,
lre,prefix,HCM,ReqOCM,True,True,False,True,True,True,False,False,CAM,CAM|OCM,2,HCMToCAM|HCMToOCM_1,False,,,,
lre,prefix,HCM,EndTask,True,True,False,True,True,True,False,False,CAM,CAM,1,HCMToCAM,True,,,,
lre,prefix,HCM,ReqHCM,True,True,False,True,True,True,False,False,CAM,CAM,1,HCMToCAM,True,,,,
lre,prefix,HCM,tick,True,True,False,True,True,True,False,False,CAM,CAM,1,HCMToCAM,True,,,,
lre,prefix,HCM,ReqVel,True,True,False,True,True,True,False,True,CAM,CAM,1,HCMToCAM,True,,,,
lre,prefix,HCM,ReqHdng,True,True,False,True,True,True,False,True,CAM,CAM,1,HCMToCAM,True,,,,
lre,prefix,HCM,ReqMOM,True,True,False,True,True,True,False,True,CAM,CAM,1,HCMToCAM,True,,,,
lre,prefix,HCM,ReqOCM,True,True,False,True,True,True,False,True,CAM,CAM|OCM,2,HCMToCAM|HCMToOCM_1,False,,,,
lre,prefix,HCM,EndTask,True,True,False,True,True,True,False,True,CAM,CAM,1,HCMToCAM,True,,,,
lre,prefix,HCM,ReqHCM,True,True,False,True,True,True,False,True,CAM,CAM,1,HCMToCAM,True,,,,
lre,prefix,HCM,tick,True,True,False,True,True,True,False,True,CAM,CAM,1,HCMToCAM,True,,,,
lre,prefix,HCM,ReqVel,True,True,False,True,True,True,True,False,CAM,CAM,1,HCMToCAM,True,,,,
lre,prefix,HCM,ReqHdng,True,True,False,True,True,True,True,False,CAM,CAM,1,HCMToCAM,True,,,,
lre,prefix,HCM,ReqMOM,True,True,False,True,True,True,True,False,CAM,CAM,1,HCMToCAM,True,,,,
lre,prefix,HCM,ReqOCM,True,True,False,True,True,True,True,False,CAM,CAM|OCM,2,HCMToCAM|HCMToOCM_1,False,,,,
lre,prefix,HCM,EndTask,True,True,False,True,True,True,True,False,CAM,CAM,1,HCMToCAM,True,,,,
lre,prefix,HCM,ReqHCM,True,True,False,True,True,True,True,False,CAM,CAM,1,HCMToCAM,True,,,,
lre,prefix,HCM,tick,True,True,False,True,True,True,True,False,CAM,CAM,1,HCMToCAM,True,,,,
lre,prefix,HCM,ReqVel,True,True,False,True,True,True,True,True,CAM,CAM,1,HCMToCAM,True,,,,
lre,prefix,HCM,ReqHdng,True,True,False,True,True,True,True,True,CAM,CAM,1,HCMToCAM,True,,,,
lre,prefix,HCM,ReqMOM,True,True,False,True,True,True,True,True,CAM,CAM,1,HCMToCAM,True,,,,
lre,prefix,HCM,ReqOCM,True,True,False,True,True,True,True,True,CAM,CAM|OCM,2,HCMToCAM|HCMToOCM_1,False,,,,
lre,prefix,HCM,EndTask,True,True,False,True,True,True,True,True,CAM,CAM,1,HCMToCAM,True,,,,
lre,prefix,HCM,ReqHCM,True,True,False,True,True,True,True,True,CAM,CAM,1,HCMToCAM,True,,,,
lre,prefix,HCM,tick,True,True,False,True,True,True,True,True,CAM,CAM,1,HCMToCAM,True,,,,
lre,prefix,HCM,ReqVel,True,True,True,False,False,False,False,False,CAM,CAM,1,HCMToCAM,True,,,,
lre,prefix,HCM,ReqHdng,True,True,True,False,False,False,False,False,CAM,CAM,1,HCMToCAM,True,,,,
lre,prefix,HCM,ReqMOM,True,True,True,False,False,False,False,False,CAM,CAM,1,HCMToCAM,True,,,,
lre,prefix,HCM,ReqOCM,True,True,True,False,False,False,False,False,CAM,CAM|OCM,2,HCMToCAM|HCMToOCM_1,False,,,,
lre,prefix,HCM,EndTask,True,True,True,False,False,False,False,False,CAM,CAM,1,HCMToCAM,True,,,,
lre,prefix,HCM,ReqHCM,True,True,True,False,False,False,False,False,CAM,CAM,1,HCMToCAM,True,,,,
lre,prefix,HCM,tick,True,True,True,False,False,False,False,False,CAM,CAM,1,HCMToCAM,True,,,,
lre,prefix,HCM,ReqVel,True,True,True,False,False,False,False,True,CAM,CAM,1,HCMToCAM,True,,,,
lre,prefix,HCM,ReqHdng,True,True,True,False,False,False,False,True,CAM,CAM,1,HCMToCAM,True,,,,
lre,prefix,HCM,ReqMOM,True,True,True,False,False,False,False,True,CAM,CAM,1,HCMToCAM,True,,,,
lre,prefix,HCM,ReqOCM,True,True,True,False,False,False,False,True,CAM,CAM|OCM,2,HCMToCAM|HCMToOCM_1,False,,,,
lre,prefix,HCM,EndTask,True,True,True,False,False,False,False,True,CAM,CAM,1,HCMToCAM,True,,,,
lre,prefix,HCM,ReqHCM,True,True,True,False,False,False,False,True,CAM,CAM,1,HCMToCAM,True,,,,
lre,prefix,HCM,tick,True,True,True,False,False,False,False,True,CAM,CAM,1,HCMToCAM,True,,,,
lre,prefix,HCM,ReqVel,True,True,True,False,False,False,True,False,CAM,CAM,1,HCMToCAM,True,,,,
lre,prefix,HCM,ReqHdng,True,True,True,False,False,False,True,False,CAM,CAM,1,HCMToCAM,True,,,,
lre,prefix,HCM,ReqMOM,True,True,True,False,False,False,True,False,CAM,CAM,1,HCMToCAM,True,,,,
lre,prefix,HCM,ReqOCM,True,True,True,False,False,False,True,False,CAM,CAM|OCM,2,HCMToCAM|HCMToOCM_1,False,,,,
lre,prefix,HCM,EndTask,True,True,True,False,False,False,True,False,CAM,CAM,1,HCMToCAM,True,,,,
lre,prefix,HCM,ReqHCM,True,True,True,False,False,False,True,False,CAM,CAM,1,HCMToCAM,True,,,,
lre,prefix,HCM,tick,True,True,True,False,False,False,True,False,CAM,CAM,1,HCMToCAM,True,,,,
lre,prefix,HCM,ReqVel,True,True,True,False,False,False,True,True,CAM,CAM,1,HCMToCAM,True,,,,
lre,prefix,HCM,ReqHdng,True,True,True,False,False,False,True,True,CAM,CAM,1,HCMToCAM,True,,,,
lre,prefix,HCM,ReqMOM,True,True,True,False,False,False,True,True,CAM,CAM,1,HCMToCAM,True,,,,
lre,prefix,HCM,ReqOCM,True,True,True,False,False,False,True,True,CAM,CAM|OCM,2,HCMToCAM|HCMToOCM_1,False,,,,
lre,prefix,HCM,EndTask,True,True,True,False,False,False,True,True,CAM,CAM,1,HCMToCAM,True,,,,
lre,prefix,HCM,ReqHCM,True,True,True,False,False,False,True,True,CAM,CAM,1,HCMToCAM,True,,,,
lre,prefix,HCM,tick,True,True,True,False,False,False,True,True,CAM,CAM,1,HCMToCAM,True,,,,
lre,prefix,HCM,ReqVel,True,True,True,False,False,True,False,False,CAM,CAM,1,HCMToCAM,True,,,,
lre,prefix,HCM,ReqHdng,True,True,True,False,False,True,False,False,CAM,CAM,1,HCMToCAM,True,,,,
lre,prefix,HCM,ReqMOM,True,True,True,False,False,True,False,False,CAM,CAM,1,HCMToCAM,True,,,,
lre,prefix,HCM,ReqOCM,True,True,True,False,False,True,False,False,CAM,CAM|OCM,2,HCMToCAM|HCMToOCM_1,False,,,,
lre,prefix,HCM,EndTask,True,True,True,False,False,True,False,False,CAM,CAM,1,HCMToCAM,True,,,,
lre,prefix,HCM,ReqHCM,True,True,True,False,False,True,False,False,CAM,CAM,1,HCMToCAM,True,,,,
lre,prefix,HCM,tick,True,True,True,False,False,True,False,False,CAM,CAM,1,HCMToCAM,True,,,,
lre,prefix,HCM,ReqVel,True,True,True,False,False,True,False,True,CAM,CAM,1,HCMToCAM,True,,,,
lre,prefix,HCM,ReqHdng,True,True,True,False,False,True,False,True,CAM,CAM,1,HCMToCAM,True,,,,
lre,prefix,HCM,ReqMOM,True,True,True,False,False,True,False,True,CAM,CAM,1,HCMToCAM,True,,,,
lre,prefix,HCM,ReqOCM,True,True,True,False,False,True,False,True,CAM,CAM|OCM,2,HCMToCAM|HCMToOCM_1,False,,,,
lre,prefix,HCM,EndTask,True,True,True,False,False,True,False,True,CAM,CAM,1,HCMToCAM,True,,,,
lre,prefix,HCM,ReqHCM,True,True,True,False,False,True,False,True,CAM,CAM,1,HCMToCAM,True,,,,
lre,prefix,HCM,tick,True,True,True,False,False,True,False,True,CAM,CAM,1,HCMToCAM,True,,,,
lre,prefix,HCM,ReqVel,True,True,True,False,False,True,True,False,CAM,CAM,1,HCMToCAM,True,,,,
lre,prefix,HCM,ReqHdng,True,True,True,False,False,True,True,False,CAM,CAM,1,HCMToCAM,True,,,,
lre,prefix,HCM,ReqMOM,True,True,True,False,False,True,True,False,CAM,CAM,1,HCMToCAM,True,,,,
lre,prefix,HCM,ReqOCM,True,True,True,False,False,True,True,False,CAM,CAM|OCM,2,HCMToCAM|HCMToOCM_1,False,,,,
lre,prefix,HCM,EndTask,True,True,True,False,False,True,True,False,CAM,CAM,1,HCMToCAM,True,,,,
lre,prefix,HCM,ReqHCM,True,True,True,False,False,True,True,False,CAM,CAM,1,HCMToCAM,True,,,,
lre,prefix,HCM,tick,True,True,True,False,False,True,True,False,CAM,CAM,1,HCMToCAM,True,,,,
lre,prefix,HCM,ReqVel,True,True,True,False,False,True,True,True,CAM,CAM,1,HCMToCAM,True,,,,
lre,prefix,HCM,ReqHdng,True,True,True,False,False,True,True,True,CAM,CAM,1,HCMToCAM,True,,,,
lre,prefix,HCM,ReqMOM,True,True,True,False,False,True,True,True,CAM,CAM,1,HCMToCAM,True,,,,
lre,prefix,HCM,ReqOCM,True,True,True,False,False,True,True,True,CAM,CAM|OCM,2,HCMToCAM|HCMToOCM_1,False,,,,
lre,prefix,HCM,EndTask,True,True,True,False,False,True,True,True,CAM,CAM,1,HCMToCAM,True,,,,
lre,prefix,HCM,ReqHCM,True,True,True,False,False,True,True,True,CAM,CAM,1,HCMToCAM,True,,,,
lre,prefix,HCM,tick,True,True,True,False,False,True,True,True,CAM,CAM,1,HCMToCAM,True,,,,
lre,prefix,HCM,ReqVel,True,True,True,False,True,False,False,False,CAM,CAM,1,HCMToCAM,True,,,,
lre,prefix,HCM,ReqHdng,True,True,True,False,True,False,False,False,CAM,CAM,1,HCMToCAM,True,,,,
lre,prefix,HCM,ReqMOM,True,True,True,False,True,False,False,False,CAM,CAM,1,HCMToCAM,True,,,,
lre,prefix,HCM,ReqOCM,True,True,True,False,True,False,False,False,CAM,CAM|OCM,2,HCMToCAM|HCMToOCM_1,False,,,,
lre,prefix,HCM,EndTask,True,True,True,False,True,False,False,False,CAM,CAM,1,HCMToCAM,True,,,,
lre,prefix,HCM,ReqHCM,True,True,True,False,True,False,False,False,CAM,CAM,1,HCMToCAM,True,,,,
lre,prefix,HCM,tick,True,True,True,False,True,False,False,False,CAM,CAM,1,HCMToCAM,True,,,,
lre,prefix,HCM,ReqVel,True,True,True,False,True,False,False,True,CAM,CAM,1,HCMToCAM,True,,,,
lre,prefix,HCM,ReqHdng,True,True,True,False,True,False,False,True,CAM,CAM,1,HCMToCAM,True,,,,
lre,prefix,HCM,ReqMOM,True,True,True,False,True,False,False,True,CAM,CAM,1,HCMToCAM,True,,,,
lre,prefix,HCM,ReqOCM,True,True,True,False,True,False,False,True,CAM,CAM|OCM,2,HCMToCAM|HCMToOCM_1,False,,,,
lre,prefix,HCM,EndTask,True,True,True,False,True,False,False,True,CAM,CAM,1,HCMToCAM,True,,,,
lre,prefix,HCM,ReqHCM,True,True,True,False,True,False,False,True,CAM,CAM,1,HCMToCAM,True,,,,
lre,prefix,HCM,tick,True,True,True,False,True,False,False,True,CAM,CAM,1,HCMToCAM,True,,,,
lre,prefix,HCM,ReqVel,True,True,True,False,True,False,True,False,CAM,CAM,1,HCMToCAM,True,,,,
lre,prefix,HCM,ReqHdng,True,True,True,False,True,False,True,False,CAM,CAM,1,HCMToCAM,True,,,,
lre,prefix,HCM,ReqMOM,True,True,True,False,True,False,True,False,CAM,CAM,1,HCMToCAM,True,,,,
lre,prefix,HCM,ReqOCM,True,True,True,False,True,False,True,False,CAM,CAM|OCM,2,HCMToCAM|HCMToOCM_1,False,,,,
lre,prefix,HCM,EndTask,True,True,True,False,True,False,True,False,CAM,CAM,1,HCMToCAM,True,,,,
lre,prefix,HCM,ReqHCM,True,True,True,False,True,False,True,False,CAM,CAM,1,HCMToCAM,True,,,,
lre,prefix,HCM,tick,True,True,True,False,True,False,True,False,CAM,CAM,1,HCMToCAM,True,,,,
lre,prefix,HCM,ReqVel,True,True,True,False,True,False,True,True,CAM,CAM,1,HCMToCAM,True,,,,
lre,prefix,HCM,ReqHdng,True,True,True,False,True,False,True,True,CAM,CAM,1,HCMToCAM,True,,,,
lre,prefix,HCM,ReqMOM,True,True,True,False,True,False,True,True,CAM,CAM,1,HCMToCAM,True,,,,
lre,prefix,HCM,ReqOCM,True,True,True,False,True,False,True,True,CAM,CAM|OCM,2,HCMToCAM|HCMToOCM_1,False,,,,
lre,prefix,HCM,EndTask,True,True,True,False,True,False,True,True,CAM,CAM,1,HCMToCAM,True,,,,
lre,prefix,HCM,ReqHCM,True,True,True,False,True,False,True,True,CAM,CAM,1,HCMToCAM,True,,,,
lre,prefix,HCM,tick,True,True,True,False,True,False,True,True,CAM,CAM,1,HCMToCAM,True,,,,
lre,prefix,HCM,ReqVel,True,True,True,False,True,True,False,False,CAM,CAM,1,HCMToCAM,True,,,,
lre,prefix,HCM,ReqHdng,True,True,True,False,True,True,False,False,CAM,CAM,1,HCMToCAM,True,,,,
lre,prefix,HCM,ReqMOM,True,True,True,False,True,True,False,False,CAM,CAM,1,HCMToCAM,True,,,,
lre,prefix,HCM,ReqOCM,True,True,True,False,True,True,False,False,CAM,CAM|OCM,2,HCMToCAM|HCMToOCM_1,False,,,,
lre,prefix,HCM,EndTask,True,True,True,False,True,True,False,False,CAM,CAM,1,HCMToCAM,True,,,,
lre,prefix,HCM,ReqHCM,True,True,True,False,True,True,False,False,CAM,CAM,1,HCMToCAM,True,,,,
lre,prefix,HCM,tick,True,True,True,False,True,True,False,False,CAM,CAM,1,HCMToCAM,True,,,,
lre,prefix,HCM,ReqVel,True,True,True,False,True,True,False,True,CAM,CAM,1,HCMToCAM,True,,,,
lre,prefix,HCM,ReqHdng,True,True,True,False,True,True,False,True,CAM,CAM,1,HCMToCAM,True,,,,
lre,prefix,HCM,ReqMOM,True,True,True,False,True,True,False,True,CAM,CAM,1,HCMToCAM,True,,,,
lre,prefix,HCM,ReqOCM,True,True,True,False,True,True,False,True,CAM,CAM|OCM,2,HCMToCAM|HCMToOCM_1,False,,,,
lre,prefix,HCM,EndTask,True,True,True,False,True,True,False,True,CAM,CAM,1,HCMToCAM,True,,,,
lre,prefix,HCM,ReqHCM,True,True,True,False,True,True,False,True,CAM,CAM,1,HCMToCAM,True,,,,
lre,prefix,HCM,tick,True,True,True,False,True,True,False,True,CAM,CAM,1,HCMToCAM,True,,,,
lre,prefix,HCM,ReqVel,True,True,True,False,True,True,True,False,CAM,CAM,1,HCMToCAM,True,,,,
lre,prefix,HCM,ReqHdng,True,True,True,False,True,True,True,False,CAM,CAM,1,HCMToCAM,True,,,,
lre,prefix,HCM,ReqMOM,True,True,True,False,True,True,True,False,CAM,CAM,1,HCMToCAM,True,,,,
lre,prefix,HCM,ReqOCM,True,True,True,False,True,True,True,False,CAM,CAM|OCM,2,HCMToCAM|HCMToOCM_1,False,,,,
lre,prefix,HCM,EndTask,True,True,True,False,True,True,True,False,CAM,CAM,1,HCMToCAM,True,,,,
lre,prefix,HCM,ReqHCM,True,True,True,False,True,True,True,False,CAM,CAM,1,HCMToCAM,True,,,,
lre,prefix,HCM,tick,True,True,True,False,True,True,True,False,CAM,CAM,1,HCMToCAM,True,,,,
lre,prefix,HCM,ReqVel,True,True,True,False,True,True,True,True,CAM,CAM,1,HCMToCAM,True,,,,
lre,prefix,HCM,ReqHdng,True,True,True,False,True,True,True,True,CAM,CAM,1,HCMToCAM,True,,,,
lre,prefix,HCM,ReqMOM,True,True,True,False,True,True,True,True,CAM,CAM,1,HCMToCAM,True,,,,
lre,prefix,HCM,ReqOCM,True,True,True,False,True,True,True,True,CAM,CAM|OCM,2,HCMToCAM|HCMToOCM_1,False,,,,
lre,prefix,HCM,EndTask,True,True,True,False,True,True,True,True,CAM,CAM,1,HCMToCAM,True,,,,
lre,prefix,HCM,ReqHCM,True,True,True,False,True,True,True,True,CAM,CAM,1,HCMToCAM,True,,,,
lre,prefix,HCM,tick,True,True,True,False,True,True,True,True,CAM,CAM,1,HCMToCAM,True,,,,
lre,prefix,HCM,ReqVel,True,True,True,True,False,False,False,False,CAM,CAM,1,HCMToCAM,True,,,,
lre,prefix,HCM,ReqHdng,True,True,True,True,False,False,False,False,CAM,CAM,1,HCMToCAM,True,,,,
lre,prefix,HCM,ReqMOM,True,True,True,True,False,False,False,False,CAM,CAM,1,HCMToCAM,True,,,,
lre,prefix,HCM,ReqOCM,True,True,True,True,False,False,False,False,CAM,CAM|OCM,2,HCMToCAM|HCMToOCM_1,False,,,,
lre,prefix,HCM,EndTask,True,True,True,True,False,False,False,False,CAM,CAM,1,HCMToCAM,True,,,,
lre,prefix,HCM,ReqHCM,True,True,True,True,False,False,False,False,CAM,CAM,1,HCMToCAM,True,,,,
lre,prefix,HCM,tick,True,True,True,True,False,False,False,False,CAM,CAM,1,HCMToCAM,True,,,,
lre,prefix,HCM,ReqVel,True,True,True,True,False,False,False,True,CAM,CAM,1,HCMToCAM,True,,,,
lre,prefix,HCM,ReqHdng,True,True,True,True,False,False,False,True,CAM,CAM,1,HCMToCAM,True,,,,
lre,prefix,HCM,ReqMOM,True,True,True,True,False,False,False,True,CAM,CAM,1,HCMToCAM,True,,,,
lre,prefix,HCM,ReqOCM,True,True,True,True,False,False,False,True,CAM,CAM|OCM,2,HCMToCAM|HCMToOCM_1,False,,,,
lre,prefix,HCM,EndTask,True,True,True,True,False,False,False,True,CAM,CAM,1,HCMToCAM,True,,,,
lre,prefix,HCM,ReqHCM,True,True,True,True,False,False,False,True,CAM,CAM,1,HCMToCAM,True,,,,
lre,prefix,HCM,tick,True,True,True,True,False,False,False,True,CAM,CAM,1,HCMToCAM,True,,,,
lre,prefix,HCM,ReqVel,True,True,True,True,False,False,True,False,CAM,CAM,1,HCMToCAM,True,,,,
lre,prefix,HCM,ReqHdng,True,True,True,True,False,False,True,False,CAM,CAM,1,HCMToCAM,True,,,,
lre,prefix,HCM,ReqMOM,True,True,True,True,False,False,True,False,CAM,CAM,1,HCMToCAM,True,,,,
lre,prefix,HCM,ReqOCM,True,True,True,True,False,False,True,False,CAM,CAM|OCM,2,HCMToCAM|HCMToOCM_1,False,,,,
lre,prefix,HCM,EndTask,True,True,True,True,False,False,True,False,CAM,CAM,1,HCMToCAM,True,,,,
lre,prefix,HCM,ReqHCM,True,True,True,True,False,False,True,False,CAM,CAM,1,HCMToCAM,True,,,,
lre,prefix,HCM,tick,True,True,True,True,False,False,True,False,CAM,CAM,1,HCMToCAM,True,,,,
lre,prefix,HCM,ReqVel,True,True,True,True,False,False,True,True,CAM,CAM,1,HCMToCAM,True,,,,
lre,prefix,HCM,ReqHdng,True,True,True,True,False,False,True,True,CAM,CAM,1,HCMToCAM,True,,,,
lre,prefix,HCM,ReqMOM,True,True,True,True,False,False,True,True,CAM,CAM,1,HCMToCAM,True,,,,
lre,prefix,HCM,ReqOCM,True,True,True,True,False,False,True,True,CAM,CAM|OCM,2,HCMToCAM|HCMToOCM_1,False,,,,
lre,prefix,HCM,EndTask,True,True,True,True,False,False,True,True,CAM,CAM,1,HCMToCAM,True,,,,
lre,prefix,HCM,ReqHCM,True,True,True,True,False,False,True,True,CAM,CAM,1,HCMToCAM,True,,,,
lre,prefix,HCM,tick,True,True,True,True,False,False,True,True,CAM,CAM,1,HCMToCAM,True,,,,
lre,prefix,HCM,ReqVel,True,True,True,True,False,True,False,False,CAM,CAM,1,HCMToCAM,True,,,,
lre,prefix,HCM,ReqHdng,True,True,True,True,False,True,False,False,CAM,CAM,1,HCMToCAM,True,,,,
lre,prefix,HCM,ReqMOM,True,True,True,True,False,True,False,False,CAM,CAM,1,HCMToCAM,True,,,,
lre,prefix,HCM,ReqOCM,True,True,True,True,False,True,False,False,CAM,CAM|OCM,2,HCMToCAM|HCMToOCM_1,False,,,,
lre,prefix,HCM,EndTask,True,True,True,True,False,True,False,False,CAM,CAM,1,HCMToCAM,True,,,,
lre,prefix,HCM,ReqHCM,True,True,True,True,False,True,False,False,CAM,CAM,1,HCMToCAM,True,,,,
lre,prefix,HCM,tick,True,True,True,True,False,True,False,False,CAM,CAM,1,HCMToCAM,True,,,,
lre,prefix,HCM,ReqVel,True,True,True,True,False,True,False,True,CAM,CAM,1,HCMToCAM,True,,,,
lre,prefix,HCM,ReqHdng,True,True,True,True,False,True,False,True,CAM,CAM,1,HCMToCAM,True,,,,
lre,prefix,HCM,ReqMOM,True,True,True,True,False,True,False,True,CAM,CAM,1,HCMToCAM,True,,,,
lre,prefix,HCM,ReqOCM,True,True,True,True,False,True,False,True,CAM,CAM|OCM,2,HCMToCAM|HCMToOCM_1,False,,,,
lre,prefix,HCM,EndTask,True,True,True,True,False,True,False,True,CAM,CAM,1,HCMToCAM,True,,,,
lre,prefix,HCM,ReqHCM,True,True,True,True,False,True,False,True,CAM,CAM,1,HCMToCAM,True,,,,
lre,prefix,HCM,tick,True,True,True,True,False,True,False,True,CAM,CAM,1,HCMToCAM,True,,,,
lre,prefix,HCM,ReqVel,True,True,True,True,False,True,True,False,CAM,CAM,1,HCMToCAM,True,,,,
lre,prefix,HCM,ReqHdng,True,True,True,True,False,True,True,False,CAM,CAM,1,HCMToCAM,True,,,,
lre,prefix,HCM,ReqMOM,True,True,True,True,False,True,True,False,CAM,CAM,1,HCMToCAM,True,,,,
lre,prefix,HCM,ReqOCM,True,True,True,True,False,True,True,False,CAM,CAM|OCM,2,HCMToCAM|HCMToOCM_1,False,,,,
lre,prefix,HCM,EndTask,True,True,True,True,False,True,True,False,CAM,CAM,1,HCMToCAM,True,,,,
lre,prefix,HCM,ReqHCM,True,True,True,True,False,True,True,False,CAM,CAM,1,HCMToCAM,True,,,,
lre,prefix,HCM,tick,True,True,True,True,False,True,True,False,CAM,CAM,1,HCMToCAM,True,,,,
lre,prefix,HCM,ReqVel,True,True,True,True,False,True,True,True,CAM,CAM,1,HCMToCAM,True,,,,
lre,prefix,HCM,ReqHdng,True,True,True,True,False,True,True,True,CAM,CAM,1,HCMToCAM,True,,,,
lre,prefix,HCM,ReqMOM,True,True,True,True,False,True,True,True,CAM,CAM,1,HCMToCAM,True,,,,
lre,prefix,HCM,ReqOCM,True,True,True,True,False,True,True,True,CAM,CAM|OCM,2,HCMToCAM|HCMToOCM_1,False,,,,
lre,prefix,HCM,EndTask,True,True,True,True,False,True,True,True,CAM,CAM,1,HCMToCAM,True,,,,
lre,prefix,HCM,ReqHCM,True,True,True,True,False,True,True,True,CAM,CAM,1,HCMToCAM,True,,,,
lre,prefix,HCM,tick,True,True,True,True,False,True,True,True,CAM,CAM,1,HCMToCAM,True,,,,
lre,prefix,HCM,ReqVel,True,True,True,True,True,False,False,False,CAM,CAM,1,HCMToCAM,True,,,,
lre,prefix,HCM,ReqHdng,True,True,True,True,True,False,False,False,CAM,CAM,1,HCMToCAM,True,,,,
lre,prefix,HCM,ReqMOM,True,True,True,True,True,False,False,False,CAM,CAM,1,HCMToCAM,True,,,,
lre,prefix,HCM,ReqOCM,True,True,True,True,True,False,False,False,CAM,CAM|OCM,2,HCMToCAM|HCMToOCM_1,False,,,,
lre,prefix,HCM,EndTask,True,True,True,True,True,False,False,False,CAM,CAM,1,HCMToCAM,True,,,,
lre,prefix,HCM,ReqHCM,True,True,True,True,True,False,False,False,CAM,CAM,1,HCMToCAM,True,,,,
lre,prefix,HCM,tick,True,True,True,True,True,False,False,False,CAM,CAM,1,HCMToCAM,True,,,,
lre,prefix,HCM,ReqVel,True,True,True,True,True,False,False,True,CAM,CAM,1,HCMToCAM,True,,,,
lre,prefix,HCM,ReqHdng,True,True,True,True,True,False,False,True,CAM,CAM,1,HCMToCAM,True,,,,
lre,prefix,HCM,ReqMOM,True,True,True,True,True,False,False,True,CAM,CAM,1,HCMToCAM,True,,,,
lre,prefix,HCM,ReqOCM,True,True,True,True,True,False,False,True,CAM,CAM|OCM,2,HCMToCAM|HCMToOCM_1,False,,,,
lre,prefix,HCM,EndTask,True,True,True,True,True,False,False,True,CAM,CAM,1,HCMToCAM,True,,,,
lre,prefix,HCM,ReqHCM,True,True,True,True,True,False,False,True,CAM,CAM,1,HCMToCAM,True,,,,
lre,prefix,HCM,tick,True,True,True,True,True,False,False,True,CAM,CAM,1,HCMToCAM,True,,,,
lre,prefix,HCM,ReqVel,True,True,True,True,True,False,True,False,CAM,CAM,1,HCMToCAM,True,,,,
lre,prefix,HCM,ReqHdng,True,True,True,True,True,False,True,False,CAM,CAM,1,HCMToCAM,True,,,,
lre,prefix,HCM,ReqMOM,True,True,True,True,True,False,True,False,CAM,CAM,1,HCMToCAM,True,,,,
lre,prefix,HCM,ReqOCM,True,True,True,True,True,False,True,False,CAM,CAM|OCM,2,HCMToCAM|HCMToOCM_1,False,,,,
lre,prefix,HCM,EndTask,True,True,True,True,True,False,True,False,CAM,CAM,1,HCMToCAM,True,,,,
lre,prefix,HCM,ReqHCM,True,True,True,True,True,False,True,False,CAM,CAM,1,HCMToCAM,True,,,,
lre,prefix,HCM,tick,True,True,True,True,True,False,True,False,CAM,CAM,1,HCMToCAM,True,,,,
lre,prefix,HCM,ReqVel,True,True,True,True,True,False,True,True,CAM,CAM,1,HCMToCAM,True,,,,
lre,prefix,HCM,ReqHdng,True,True,True,True,True,False,True,True,CAM,CAM,1,HCMToCAM,True,,,,
lre,prefix,HCM,ReqMOM,True,True,True,True,True,False,True,True,CAM,CAM,1,HCMToCAM,True,,,,
lre,prefix,HCM,ReqOCM,True,True,True,True,True,False,True,True,CAM,CAM|OCM,2,HCMToCAM|HCMToOCM_1,False,,,,
lre,prefix,HCM,EndTask,True,True,True,True,True,False,True,True,CAM,CAM,1,HCMToCAM,True,,,,
lre,prefix,HCM,ReqHCM,True,True,True,True,True,False,True,True,CAM,CAM,1,HCMToCAM,True,,,,
lre,prefix,HCM,tick,True,True,True,True,True,False,True,True,CAM,CAM,1,HCMToCAM,True,,,,
lre,prefix,HCM,ReqVel,True,True,True,True,True,True,False,False,CAM,CAM,1,HCMToCAM,True,,,,
lre,prefix,HCM,ReqHdng,True,True,True,True,True,True,False,False,CAM,CAM,1,HCMToCAM,True,,,,
lre,prefix,HCM,ReqMOM,True,True,True,True,True,True,False,False,CAM,CAM,1,HCMToCAM,True,,,,
lre,prefix,HCM,ReqOCM,True,True,True,True,True,True,False,False,CAM,CAM|OCM,2,HCMToCAM|HCMToOCM_1,False,,,,
lre,prefix,HCM,EndTask,True,True,True,True,True,True,False,False,CAM,CAM,1,HCMToCAM,True,,,,
lre,prefix,HCM,ReqHCM,True,True,True,True,True,True,False,False,CAM,CAM,1,HCMToCAM,True,,,,
lre,prefix,HCM,tick,True,True,True,True,True,True,False,False,CAM,CAM,1,HCMToCAM,True,,,,
lre,prefix,HCM,ReqVel,True,True,True,True,True,True,False,True,CAM,CAM,1,HCMToCAM,True,,,,
lre,prefix,HCM,ReqHdng,True,True,True,True,True,True,False,True,CAM,CAM,1,HCMToCAM,True,,,,
lre,prefix,HCM,ReqMOM,True,True,True,True,True,True,False,True,CAM,CAM,1,HCMToCAM,True,,,,
lre,prefix,HCM,ReqOCM,True,True,True,True,True,True,False,True,CAM,CAM|OCM,2,HCMToCAM|HCMToOCM_1,False,,,,
lre,prefix,HCM,EndTask,True,True,True,True,True,True,False,True,CAM,CAM,1,HCMToCAM,True,,,,
lre,prefix,HCM,ReqHCM,True,True,True,True,True,True,False,True,CAM,CAM,1,HCMToCAM,True,,,,
lre,prefix,HCM,tick,True,True,True,True,True,True,False,True,CAM,CAM,1,HCMToCAM,True,,,,
lre,prefix,HCM,ReqVel,True,True,True,True,True,True,True,False,CAM,CAM,1,HCMToCAM,True,,,,
lre,prefix,HCM,ReqHdng,True,True,True,True,True,True,True,False,CAM,CAM,1,HCMToCAM,True,,,,
lre,prefix,HCM,ReqMOM,True,True,True,True,True,True,True,False,CAM,CAM,1,HCMToCAM,True,,,,
lre,prefix,HCM,ReqOCM,True,True,True,True,True,True,True,False,CAM,CAM|OCM,2,HCMToCAM|HCMToOCM_1,False,,,,
lre,prefix,HCM,EndTask,True,True,True,True,True,True,True,False,CAM,CAM,1,HCMToCAM,True,,,,
lre,prefix,HCM,ReqHCM,True,True,True,True,True,True,True,False,CAM,CAM,1,HCMToCAM,True,,,,
lre,prefix,HCM,tick,True,True,True,True,True,True,True,False,CAM,CAM,1,HCMToCAM,True,,,,
lre,prefix,HCM,ReqVel,True,True,True,True,True,True,True,True,CAM,CAM,1,HCMToCAM,True,,,,
lre,prefix,HCM,ReqHdng,True,True,True,True,True,True,True,True,CAM,CAM,1,HCMToCAM,True,,,,
lre,prefix,HCM,ReqMOM,True,True,True,True,True,True,True,True,CAM,CAM,1,HCMToCAM,True,,,,
lre,prefix,HCM,ReqOCM,True,True,True,True,True,True,True,True,CAM,CAM|OCM,2,HCMToCAM|HCMToOCM_1,False,,,,
lre,prefix,HCM,EndTask,True,True,True,True,True,True,True,True,CAM,CAM,1,HCMToCAM,True,,,,
lre,prefix,HCM,ReqHCM,True,True,True,True,True,True,True,True,CAM,CAM,1,HCMToCAM,True,,,,
lre,prefix,HCM,tick,True,True,True,True,True,True,True,True,CAM,CAM,1,HCMToCAM,True,,,,
lre,prefix,CAM,ReqVel,False,False,False,False,False,False,False,False,CAM,CAM,0,-,True,,,,
lre,prefix,CAM,ReqHdng,False,False,False,False,False,False,False,False,CAM,CAM,0,-,True,,,,
lre,prefix,CAM,ReqMOM,False,False,False,False,False,False,False,False,CAM,CAM,0,-,True,,,,
lre,prefix,CAM,ReqOCM,False,False,False,False,False,False,False,False,OCM,OCM,1,CAMToOCM,True,,,,
lre,prefix,CAM,EndTask,False,False,False,False,False,False,False,False,CAM,CAM,0,-,True,,,,
lre,prefix,CAM,ReqHCM,False,False,False,False,False,False,False,False,CAM,CAM,0,-,True,,,,
lre,prefix,CAM,tick,False,False,False,False,False,False,False,False,CAM,CAM,0,-,True,,,,
lre,prefix,CAM,ReqVel,False,False,False,False,False,False,False,True,OCM,OCM,1,CAMToOCM_1,True,,,,
lre,prefix,CAM,ReqHdng,False,False,False,False,False,False,False,True,OCM,OCM,1,CAMToOCM_1,True,,,,
lre,prefix,CAM,ReqMOM,False,False,False,False,False,False,False,True,OCM,OCM,1,CAMToOCM_1,True,,,,
lre,prefix,CAM,ReqOCM,False,False,False,False,False,False,False,True,OCM,OCM,2,CAMToOCM|CAMToOCM_1,True,,,,
lre,prefix,CAM,EndTask,False,False,False,False,False,False,False,True,OCM,OCM,1,CAMToOCM_1,True,,,,
lre,prefix,CAM,ReqHCM,False,False,False,False,False,False,False,True,OCM,OCM,1,CAMToOCM_1,True,,,,
lre,prefix,CAM,tick,False,False,False,False,False,False,False,True,OCM,OCM,1,CAMToOCM_1,True,,,,
lre,prefix,CAM,ReqVel,False,False,False,False,False,False,True,False,CAM,CAM,0,-,True,,,,
lre,prefix,CAM,ReqHdng,False,False,False,False,False,False,True,False,CAM,CAM,0,-,True,,,,
lre,prefix,CAM,ReqMOM,False,False,False,False,False,False,True,False,CAM,CAM,0,-,True,,,,
lre,prefix,CAM,ReqOCM,False,False,False,False,False,False,True,False,OCM,OCM,1,CAMToOCM,True,,,,
lre,prefix,CAM,EndTask,False,False,False,False,False,False,True,False,CAM,CAM,0,-,True,,,,
lre,prefix,CAM,ReqHCM,False,False,False,False,False,False,True,False,CAM,CAM,0,-,True,,,,
lre,prefix,CAM,tick,False,False,False,False,False,False,True,False,CAM,CAM,0,-,True,,,,
lre,prefix,CAM,ReqVel,False,False,False,False,False,False,True,True,OCM,OCM,1,CAMToOCM_1,True,,,,
lre,prefix,CAM,ReqHdng,False,False,False,False,False,False,True,True,OCM,OCM,1,CAMToOCM_1,True,,,,
lre,prefix,CAM,ReqMOM,False,False,False,False,False,False,True,True,OCM,OCM,1,CAMToOCM_1,True,,,,
lre,prefix,CAM,ReqOCM,False,False,False,False,False,False,True,True,OCM,OCM,2,CAMToOCM|CAMToOCM_1,True,,,,
lre,prefix,CAM,EndTask,False,False,False,False,False,False,True,True,OCM,OCM,1,CAMToOCM_1,True,,,,
lre,prefix,CAM,ReqHCM,False,False,False,False,False,False,True,True,OCM,OCM,1,CAMToOCM_1,True,,,,
lre,prefix,CAM,tick,False,False,False,False,False,False,True,True,OCM,OCM,1,CAMToOCM_1,True,,,,
lre,prefix,CAM,ReqVel,False,False,False,False,False,True,False,False,CAM,CAM,0,-,True,,,,
lre,prefix,CAM,ReqHdng,False,False,False,False,False,True,False,False,CAM,CAM,0,-,True,,,,
lre,prefix,CAM,ReqMOM,False,False,False,False,False,True,False,False,CAM,CAM,0,-,True,,,,
lre,prefix,CAM,ReqOCM,False,False,False,False,False,True,False,False,OCM,OCM,1,CAMToOCM,True,,,,
lre,prefix,CAM,EndTask,False,False,False,False,False,True,False,False,CAM,CAM,0,-,True,,,,
lre,prefix,CAM,ReqHCM,False,False,False,False,False,True,False,False,CAM,CAM,0,-,True,,,,
lre,prefix,CAM,tick,False,False,False,False,False,True,False,False,CAM,CAM,0,-,True,,,,
lre,prefix,CAM,ReqVel,False,False,False,False,False,True,False,True,OCM,OCM,1,CAMToOCM_1,True,,,,
lre,prefix,CAM,ReqHdng,False,False,False,False,False,True,False,True,OCM,OCM,1,CAMToOCM_1,True,,,,
lre,prefix,CAM,ReqMOM,False,False,False,False,False,True,False,True,OCM,OCM,1,CAMToOCM_1,True,,,,
lre,prefix,CAM,ReqOCM,False,False,False,False,False,True,False,True,OCM,OCM,2,CAMToOCM|CAMToOCM_1,True,,,,
lre,prefix,CAM,EndTask,False,False,False,False,False,True,False,True,OCM,OCM,1,CAMToOCM_1,True,,,,
lre,prefix,CAM,ReqHCM,False,False,False,False,False,True,False,True,OCM,OCM,1,CAMToOCM_1,True,,,,
lre,prefix,CAM,tick,False,False,False,False,False,True,False,True,OCM,OCM,1,CAMToOCM_1,True,,,,
lre,prefix,CAM,ReqVel,False,False,False,False,False,True,True,False,CAM,CAM,0,-,True,,,,
lre,prefix,CAM,ReqHdng,False,False,False,False,False,True,True,False,CAM,CAM,0,-,True,,,,
lre,prefix,CAM,ReqMOM,False,False,False,False,False,True,True,False,CAM,CAM,0,-,True,,,,
lre,prefix,CAM,ReqOCM,False,False,False,False,False,True,True,False,OCM,OCM,1,CAMToOCM,True,,,,
lre,prefix,CAM,EndTask,False,False,False,False,False,True,True,False,CAM,CAM,0,-,True,,,,
lre,prefix,CAM,ReqHCM,False,False,False,False,False,True,True,False,CAM,CAM,0,-,True,,,,
lre,prefix,CAM,tick,False,False,False,False,False,True,True,False,CAM,CAM,0,-,True,,,,
lre,prefix,CAM,ReqVel,False,False,False,False,False,True,True,True,OCM,OCM,1,CAMToOCM_1,True,,,,
lre,prefix,CAM,ReqHdng,False,False,False,False,False,True,True,True,OCM,OCM,1,CAMToOCM_1,True,,,,
lre,prefix,CAM,ReqMOM,False,False,False,False,False,True,True,True,OCM,OCM,1,CAMToOCM_1,True,,,,
lre,prefix,CAM,ReqOCM,False,False,False,False,False,True,True,True,OCM,OCM,2,CAMToOCM|CAMToOCM_1,True,,,,
lre,prefix,CAM,EndTask,False,False,False,False,False,True,True,True,OCM,OCM,1,CAMToOCM_1,True,,,,
lre,prefix,CAM,ReqHCM,False,False,False,False,False,True,True,True,OCM,OCM,1,CAMToOCM_1,True,,,,
lre,prefix,CAM,tick,False,False,False,False,False,True,True,True,OCM,OCM,1,CAMToOCM_1,True,,,,
lre,prefix,CAM,ReqVel,False,False,False,False,True,False,False,False,CAM,CAM,0,-,True,,,,
lre,prefix,CAM,ReqHdng,False,False,False,False,True,False,False,False,CAM,CAM,0,-,True,,,,
lre,prefix,CAM,ReqMOM,False,False,False,False,True,False,False,False,CAM,CAM,0,-,True,,,,
lre,prefix,CAM,ReqOCM,False,False,False,False,True,False,False,False,OCM,OCM,1,CAMToOCM,True,,,,
lre,prefix,CAM,EndTask,False,False,False,False,True,False,False,False,CAM,CAM,0,-,True,,,,
lre,prefix,CAM,ReqHCM,False,False,False,False,True,False,False,False,CAM,CAM,0,-,True,,,,
lre,prefix,CAM,tick,False,False,False,False,True,False,False,False,CAM,CAM,0,-,True,,,,
lre,prefix,CAM,ReqVel,False,False,False,False,True,False,False,True,OCM,OCM,1,CAMToOCM_1,True,,,,
lre,prefix,CAM,ReqHdng,False,False,False,False,True,False,False,True,OCM,OCM,1,CAMToOCM_1,True,,,,
lre,prefix,CAM,ReqMOM,False,False,False,False,True,False,False,True,OCM,OCM,1,CAMToOCM_1,True,,,,
lre,prefix,CAM,ReqOCM,False,False,False,False,True,False,False,True,OCM,OCM,2,CAMToOCM|CAMToOCM_1,True,,,,
lre,prefix,CAM,EndTask,False,False,False,False,True,False,False,True,OCM,OCM,1,CAMToOCM_1,True,,,,
lre,prefix,CAM,ReqHCM,False,False,False,False,True,False,False,True,OCM,OCM,1,CAMToOCM_1,True,,,,
lre,prefix,CAM,tick,False,False,False,False,True,False,False,True,OCM,OCM,1,CAMToOCM_1,True,,,,
lre,prefix,CAM,ReqVel,False,False,False,False,True,False,True,False,CAM,CAM,0,-,True,,,,
lre,prefix,CAM,ReqHdng,False,False,False,False,True,False,True,False,CAM,CAM,0,-,True,,,,
lre,prefix,CAM,ReqMOM,False,False,False,False,True,False,True,False,CAM,CAM,0,-,True,,,,
lre,prefix,CAM,ReqOCM,False,False,False,False,True,False,True,False,OCM,OCM,1,CAMToOCM,True,,,,
lre,prefix,CAM,EndTask,False,False,False,False,True,False,True,False,CAM,CAM,0,-,True,,,,
lre,prefix,CAM,ReqHCM,False,False,False,False,True,False,True,False,CAM,CAM,0,-,True,,,,
lre,prefix,CAM,tick,False,False,False,False,True,False,True,False,CAM,CAM,0,-,True,,,,
lre,prefix,CAM,ReqVel,False,False,False,False,True,False,True,True,OCM,OCM,1,CAMToOCM_1,True,,,,
lre,prefix,CAM,ReqHdng,False,False,False,False,True,False,True,True,OCM,OCM,1,CAMToOCM_1,True,,,,
lre,prefix,CAM,ReqMOM,False,False,False,False,True,False,True,True,OCM,OCM,1,CAMToOCM_1,True,,,,
lre,prefix,CAM,ReqOCM,False,False,False,False,True,False,True,True,OCM,OCM,2,CAMToOCM|CAMToOCM_1,True,,,,
lre,prefix,CAM,EndTask,False,False,False,False,True,False,True,True,OCM,OCM,1,CAMToOCM_1,True,,,,
lre,prefix,CAM,ReqHCM,False,False,False,False,True,False,True,True,OCM,OCM,1,CAMToOCM_1,True,,,,
lre,prefix,CAM,tick,False,False,False,False,True,False,True,True,OCM,OCM,1,CAMToOCM_1,True,,,,
lre,prefix,CAM,ReqVel,False,False,False,False,True,True,False,False,CAM,CAM,0,-,True,,,,
lre,prefix,CAM,ReqHdng,False,False,False,False,True,True,False,False,CAM,CAM,0,-,True,,,,
lre,prefix,CAM,ReqMOM,False,False,False,False,True,True,False,False,CAM,CAM,0,-,True,,,,
lre,prefix,CAM,ReqOCM,False,False,False,False,True,True,False,False,OCM,OCM,1,CAMToOCM,True,,,,
lre,prefix,CAM,EndTask,False,False,False,False,True,True,False,False,CAM,CAM,0,-,True,,,,
lre,prefix,CAM,ReqHCM,False,False,False,False,True,True,False,False,CAM,CAM,0,-,True,,,,
lre,prefix,CAM,tick,False,False,False,False,True,True,False,False,CAM,CAM,0,-,True,,,,
lre,prefix,CAM,ReqVel,False,False,False,False,True,True,False,True,OCM,OCM,1,CAMToOCM_1,True,,,,
lre,prefix,CAM,ReqHdng,False,False,False,False,True,True,False,True,OCM,OCM,1,CAMToOCM_1,True,,,,
lre,prefix,CAM,ReqMOM,False,False,False,False,True,True,False,True,OCM,OCM,1,CAMToOCM_1,True,,,,
lre,prefix,CAM,ReqOCM,False,False,False,False,True,True,False,True,OCM,OCM,2,CAMToOCM|CAMToOCM_1,True,,,,
lre,prefix,CAM,EndTask,False,False,False,False,True,True,False,True,OCM,OCM,1,CAMToOCM_1,True,,,,
lre,prefix,CAM,ReqHCM,False,False,False,False,True,True,False,True,OCM,OCM,1,CAMToOCM_1,True,,,,
lre,prefix,CAM,tick,False,False,False,False,True,True,False,True,OCM,OCM,1,CAMToOCM_1,True,,,,
lre,prefix,CAM,ReqVel,False,False,False,False,True,True,True,False,CAM,CAM,0,-,True,,,,
lre,prefix,CAM,ReqHdng,False,False,False,False,True,True,True,False,CAM,CAM,0,-,True,,,,
lre,prefix,CAM,ReqMOM,False,False,False,False,True,True,True,False,CAM,CAM,0,-,True,,,,
lre,prefix,CAM,ReqOCM,False,False,False,False,True,True,True,False,OCM,OCM,1,CAMToOCM,True,,,,
lre,prefix,CAM,EndTask,False,False,False,False,True,True,True,False,CAM,CAM,0,-,True,,,,
lre,prefix,CAM,ReqHCM,False,False,False,False,True,True,True,False,CAM,CAM,0,-,True,,,,
lre,prefix,CAM,tick,False,False,False,False,True,True,True,False,CAM,CAM,0,-,True,,,,
lre,prefix,CAM,ReqVel,False,False,False,False,True,True,True,True,OCM,OCM,1,CAMToOCM_1,True,,,,
lre,prefix,CAM,ReqHdng,False,False,False,False,True,True,True,True,OCM,OCM,1,CAMToOCM_1,True,,,,
lre,prefix,CAM,ReqMOM,False,False,False,False,True,True,True,True,OCM,OCM,1,CAMToOCM_1,True,,,,
lre,prefix,CAM,ReqOCM,False,False,False,False,True,True,True,True,OCM,OCM,2,CAMToOCM|CAMToOCM_1,True,,,,
lre,prefix,CAM,EndTask,False,False,False,False,True,True,True,True,OCM,OCM,1,CAMToOCM_1,True,,,,
lre,prefix,CAM,ReqHCM,False,False,False,False,True,True,True,True,OCM,OCM,1,CAMToOCM_1,True,,,,
lre,prefix,CAM,tick,False,False,False,False,True,True,True,True,OCM,OCM,1,CAMToOCM_1,True,,,,
lre,prefix,CAM,ReqVel,False,False,False,True,False,False,False,False,CAM,CAM,0,-,True,,,,
lre,prefix,CAM,ReqHdng,False,False,False,True,False,False,False,False,CAM,CAM,0,-,True,,,,
lre,prefix,CAM,ReqMOM,False,False,False,True,False,False,False,False,CAM,CAM,0,-,True,,,,
lre,prefix,CAM,ReqOCM,False,False,False,True,False,False,False,False,OCM,OCM,1,CAMToOCM,True,,,,
lre,prefix,CAM,EndTask,False,False,False,True,False,False,False,False,CAM,CAM,0,-,True,,,,
lre,prefix,CAM,ReqHCM,False,False,False,True,False,False,False,False,CAM,CAM,0,-,True,,,,
lre,prefix,CAM,tick,False,False,False,True,False,False,False,False,CAM,CAM,0,-,True,,,,
lre,prefix,CAM,ReqVel,False,False,False,True,False,False,False,True,OCM,OCM,1,CAMToOCM_1,True,,,,
lre,prefix,CAM,ReqHdng,False,False,False,True,False,False,False,True,OCM,OCM,1,CAMToOCM_1,True,,,,
lre,prefix,CAM,ReqMOM,False,False,False,True,False,False,False,True,OCM,OCM,1,CAMToOCM_1,True,,,,
lre,prefix,CAM,ReqOCM,False,False,False,True,False,False,False,True,OCM,OCM,2,CAMToOCM|CAMToOCM_1,True,,,,
lre,prefix,CAM,EndTask,False,False,False,True,False,False,False,True,OCM,OCM,1,CAMToOCM_1,True,,,,
lre,prefix,CAM,ReqHCM,False,False,False,True,False,False,False,True,OCM,OCM,1,CAMToOCM_1,True,,,,
lre,prefix,CAM,tick,False,False,False,True,False,False,False,True,OCM,OCM,1,CAMToOCM_1,True,,,,
lre,prefix,CAM,ReqVel,False,False,False,True,False,False,True,False,CAM,CAM,0,-,True,,,,
lre,prefix,CAM,ReqHdng,False,False,False,True,False,False,True,False,CAM,CAM,0,-,True,,,,
lre,prefix,CAM,ReqMOM,False,False,False,True,False,False,True,False,CAM,CAM,0,-,True,,,,
lre,prefix,CAM,ReqOCM,False,False,False,True,False,False,True,False,OCM,OCM,1,CAMToOCM,True,,,,
lre,prefix,CAM,EndTask,False,False,False,True,False,False,True,False,CAM,CAM,0,-,True,,,,
lre,prefix,CAM,ReqHCM,False,False,False,True,False,False,True,False,CAM,CAM,0,-,True,,,,
lre,prefix,CAM,tick,False,False,False,True,False,False,True,False,CAM,CAM,0,-,True,,,,
lre,prefix,CAM,ReqVel,False,False,False,True,False,False,True,True,OCM,OCM,1,CAMToOCM_1,True,,,,
lre,prefix,CAM,ReqHdng,False,False,False,True,False,False,True,True,OCM,OCM,1,CAMToOCM_1,True,,,,
lre,prefix,CAM,ReqMOM,False,False,False,True,False,False,True,True,OCM,OCM,1,CAMToOCM_1,True,,,,
lre,prefix,CAM,ReqOCM,False,False,False,True,False,False,True,True,OCM,OCM,2,CAMToOCM|CAMToOCM_1,True,,,,
lre,prefix,CAM,EndTask,False,False,False,True,False,False,True,True,OCM,OCM,1,CAMToOCM_1,True,,,,
lre,prefix,CAM,ReqHCM,False,False,False,True,False,False,True,True,OCM,OCM,1,CAMToOCM_1,True,,,,
lre,prefix,CAM,tick,False,False,False,True,False,False,True,True,OCM,OCM,1,CAMToOCM_1,True,,,,
lre,prefix,CAM,ReqVel,False,False,False,True,False,True,False,False,CAM,CAM,0,-,True,,,,
lre,prefix,CAM,ReqHdng,False,False,False,True,False,True,False,False,CAM,CAM,0,-,True,,,,
lre,prefix,CAM,ReqMOM,False,False,False,True,False,True,False,False,CAM,CAM,0,-,True,,,,
lre,prefix,CAM,ReqOCM,False,False,False,True,False,True,False,False,OCM,OCM,1,CAMToOCM,True,,,,
lre,prefix,CAM,EndTask,False,False,False,True,False,True,False,False,CAM,CAM,0,-,True,,,,
lre,prefix,CAM,ReqHCM,False,False,False,True,False,True,False,False,CAM,CAM,0,-,True,,,,
lre,prefix,CAM,tick,False,False,False,True,False,True,False,False,CAM,CAM,0,-,True,,,,
lre,prefix,CAM,ReqVel,False,False,False,True,False,True,False,True,OCM,OCM,1,CAMToOCM_1,True,,,,
lre,prefix,CAM,ReqHdng,False,False,False,True,False,True,False,True,OCM,OCM,1,CAMToOCM_1,True,,,,
lre,prefix,CAM,ReqMOM,False,False,False,True,False,True,False,True,OCM,OCM,1,CAMToOCM_1,True,,,,
lre,prefix,CAM,ReqOCM,False,False,False,True,False,True,False,True,OCM,OCM,2,CAMToOCM|CAMToOCM_1,True,,,,
lre,prefix,CAM,EndTask,False,False,False,True,False,True,False,True,OCM,OCM,1,CAMToOCM_1,True,,,,
lre,prefix,CAM,ReqHCM,False,False,False,True,False,True,False,True,OCM,OCM,1,CAMToOCM_1,True,,,,
lre,prefix,CAM,tick,False,False,False,True,False,True,False,True,OCM,OCM,1,CAMToOCM_1,True,,,,
lre,prefix,CAM,ReqVel,False,False,False,True,False,True,True,False,CAM,CAM,0,-,True,,,,
lre,prefix,CAM,ReqHdng,False,False,False,True,False,True,True,False,CAM,CAM,0,-,True,,,,
lre,prefix,CAM,ReqMOM,False,False,False,True,False,True,True,False,CAM,CAM,0,-,True,,,,
lre,prefix,CAM,ReqOCM,False,False,False,True,False,True,True,False,OCM,OCM,1,CAMToOCM,True,,,,
lre,prefix,CAM,EndTask,False,False,False,True,False,True,True,False,CAM,CAM,0,-,True,,,,
lre,prefix,CAM,ReqHCM,False,False,False,True,False,True,True,False,CAM,CAM,0,-,True,,,,
lre,prefix,CAM,tick,False,False,False,True,False,True,True,False,CAM,CAM,0,-,True,,,,
lre,prefix,CAM,ReqVel,False,False,False,True,False,True,True,True,OCM,OCM,1,CAMToOCM_1,True,,,,
lre,prefix,CAM,ReqHdng,False,False,False,True,False,True,True,True,OCM,OCM,1,CAMToOCM_1,True,,,,
lre,prefix,CAM,ReqMOM,False,False,False,True,False,True,True,True,OCM,OCM,1,CAMToOCM_1,True,,,,
lre,prefix,CAM,ReqOCM,False,False,False,True,False,True,True,True,OCM,OCM,2,CAMToOCM|CAMToOCM_1,True,,,,
lre,prefix,CAM,EndTask,False,False,False,True,False,True,True,True,OCM,OCM,1,CAMToOCM_1,True,,,,
lre,prefix,CAM,ReqHCM,False,False,False,True,False,True,True,True,OCM,OCM,1,CAMToOCM_1,True,,,,
lre,prefix,CAM,tick,False,False,False,True,False,True,True,True,OCM,OCM,1,CAMToOCM_1,True,,,,
lre,prefix,CAM,ReqVel,False,False,False,True,True,False,False,False,CAM,CAM,0,-,True,,,,
lre,prefix,CAM,ReqHdng,False,False,False,True,True,False,False,False,CAM,CAM,0,-,True,,,,
lre,prefix,CAM,ReqMOM,False,False,False,True,True,False,False,False,CAM,CAM,0,-,True,,,,
lre,prefix,CAM,ReqOCM,False,False,False,True,True,False,False,False,OCM,OCM,1,CAMToOCM,True,,,,
lre,prefix,CAM,EndTask,False,False,False,True,True,False,False,False,CAM,CAM,0,-,True,,,,
lre,prefix,CAM,ReqHCM,False,False,False,True,True,False,False,False,CAM,CAM,0,-,True,,,,
lre,prefix,CAM,tick,False,False,False,True,True,False,False,False,CAM,CAM,0,-,True,,,,
lre,prefix,CAM,ReqVel,False,False,False,True,True,False,False,True,OCM,OCM,1,CAMToOCM_1,True,,,,
lre,prefix,CAM,ReqHdng,False,False,False,True,True,False,False,True,OCM,OCM,1,CAMToOCM_1,True,,,,
lre,prefix,CAM,ReqMOM,False,False,False,True,True,False,False,True,OCM,OCM,1,CAMToOCM_1,True,,,,
lre,prefix,CAM,ReqOCM,False,False,False,True,True,False,False,True,OCM,OCM,2,CAMToOCM|CAMToOCM_1,True,,,,
lre,prefix,CAM,EndTask,False,False,False,True,True,False,False,True,OCM,OCM,1,CAMToOCM_1,True,,,,
lre,prefix,CAM,ReqHCM,False,False,False,True,True,False,False,True,OCM,OCM,1,CAMToOCM_1,True,,,,
lre,prefix,CAM,tick,False,False,False,True,True,False,False,True,OCM,OCM,1,CAMToOCM_1,True,,,,
lre,prefix,CAM,ReqVel,False,False,False,True,True,False,True,False,CAM,CAM,0,-,True,,,,
lre,prefix,CAM,ReqHdng,False,False,False,True,True,False,True,False,CAM,CAM,0,-,True,,,,
lre,prefix,CAM,ReqMOM,False,False,False,True,True,False,True,False,CAM,CAM,0,-,True,,,,
lre,prefix,CAM,ReqOCM,False,False,False,True,True,False,True,False,OCM,OCM,1,CAMToOCM,True,,,,
lre,prefix,CAM,EndTask,False,False,False,True,True,False,True,False,CAM,CAM,0,-,True,,,,
lre,prefix,CAM,ReqHCM,False,False,False,True,True,False,True,False,CAM,CAM,0,-,True,,,,
lre,prefix,CAM,tick,False,False,False,True,True,False,True,False,CAM,CAM,0,-,True,,,,
lre,prefix,CAM,ReqVel,False,False,False,True,True,False,True,True,OCM,OCM,1,CAMToOCM_1,True,,,,
lre,prefix,CAM,ReqHdng,False,False,False,True,True,False,True,True,OCM,OCM,1,CAMToOCM_1,True,,,,
lre,prefix,CAM,ReqMOM,False,False,False,True,True,False,True,True,OCM,OCM,1,CAMToOCM_1,True,,,,
lre,prefix,CAM,ReqOCM,False,False,False,True,True,False,True,True,OCM,OCM,2,CAMToOCM|CAMToOCM_1,True,,,,
lre,prefix,CAM,EndTask,False,False,False,True,True,False,True,True,OCM,OCM,1,CAMToOCM_1,True,,,,
lre,prefix,CAM,ReqHCM,False,False,False,True,True,False,True,True,OCM,OCM,1,CAMToOCM_1,True,,,,
lre,prefix,CAM,tick,False,False,False,True,True,False,True,True,OCM,OCM,1,CAMToOCM_1,True,,,,
lre,prefix,CAM,ReqVel,False,False,False,True,True,True,False,False,CAM,CAM,0,-,True,,,,
lre,prefix,CAM,ReqHdng,False,False,False,True,True,True,False,False,CAM,CAM,0,-,True,,,,
lre,prefix,CAM,ReqMOM,False,False,False,True,True,True,False,False,CAM,CAM,0,-,True,,,,
lre,prefix,CAM,ReqOCM,False,False,False,True,True,True,False,False,OCM,OCM,1,CAMToOCM,True,,,,
lre,prefix,CAM,EndTask,False,False,False,True,True,True,False,False,CAM,CAM,0,-,True,,,,
lre,prefix,CAM,ReqHCM,False,False,False,True,True,True,False,False,CAM,CAM,0,-,True,,,,
lre,prefix,CAM,tick,False,False,False,True,True,True,False,False,CAM,CAM,0,-,True,,,,
lre,prefix,CAM,ReqVel,False,False,False,True,True,True,False,True,OCM,OCM,1,CAMToOCM_1,True,,,,
lre,prefix,CAM,ReqHdng,False,False,False,True,True,True,False,True,OCM,OCM,1,CAMToOCM_1,True,,,,
lre,prefix,CAM,ReqMOM,False,False,False,True,True,True,False,True,OCM,OCM,1,CAMToOCM_1,True,,,,
lre,prefix,CAM,ReqOCM,False,False,False,True,True,True,False,True,OCM,OCM,2,CAMToOCM|CAMToOCM_1,True,,,,
lre,prefix,CAM,EndTask,False,False,False,True,True,True,False,True,OCM,OCM,1,CAMToOCM_1,True,,,,
lre,prefix,CAM,ReqHCM,False,False,False,True,True,True,False,True,OCM,OCM,1,CAMToOCM_1,True,,,,
lre,prefix,CAM,tick,False,False,False,True,True,True,False,True,OCM,OCM,1,CAMToOCM_1,True,,,,
lre,prefix,CAM,ReqVel,False,False,False,True,True,True,True,False,CAM,CAM,0,-,True,,,,
lre,prefix,CAM,ReqHdng,False,False,False,True,True,True,True,False,CAM,CAM,0,-,True,,,,
lre,prefix,CAM,ReqMOM,False,False,False,True,True,True,True,False,CAM,CAM,0,-,True,,,,
lre,prefix,CAM,ReqOCM,False,False,False,True,True,True,True,False,OCM,OCM,1,CAMToOCM,True,,,,
lre,prefix,CAM,EndTask,False,False,False,True,True,True,True,False,CAM,CAM,0,-,True,,,,
lre,prefix,CAM,ReqHCM,False,False,False,True,True,True,True,False,CAM,CAM,0,-,True,,,,
lre,prefix,CAM,tick,False,False,False,True,True,True,True,False,CAM,CAM,0,-,True,,,,
lre,prefix,CAM,ReqVel,False,False,False,True,True,True,True,True,OCM,OCM,1,CAMToOCM_1,True,,,,
lre,prefix,CAM,ReqHdng,False,False,False,True,True,True,True,True,OCM,OCM,1,CAMToOCM_1,True,,,,
lre,prefix,CAM,ReqMOM,False,False,False,True,True,True,True,True,OCM,OCM,1,CAMToOCM_1,True,,,,
lre,prefix,CAM,ReqOCM,False,False,False,True,True,True,True,True,OCM,OCM,2,CAMToOCM|CAMToOCM_1,True,,,,
lre,prefix,CAM,EndTask,False,False,False,True,True,True,True,True,OCM,OCM,1,CAMToOCM_1,True,,,,
lre,prefix,CAM,ReqHCM,False,False,False,True,True,True,True,True,OCM,OCM,1,CAMToOCM_1,True,,,,
lre,prefix,CAM,tick,False,False,False,True,True,True,True,True,OCM,OCM,1,CAMToOCM_1,True,,,,
lre,prefix,CAM,ReqVel,False,False,True,False,False,False,False,False,CAM,CAM,0,-,True,,,,
lre,prefix,CAM,ReqHdng,False,False,True,False,False,False,False,False,CAM,CAM,0,-,True,,,,
lre,prefix,CAM,ReqMOM,False,False,True,False,False,False,False,False,CAM,CAM,0,-,True,,,,
lre,prefix,CAM,ReqOCM,False,False,True,False,False,False,False,False,OCM,OCM,1,CAMToOCM,True,,,,
lre,prefix,CAM,EndTask,False,False,True,False,False,False,False,False,CAM,CAM,0,-,True,,,,
lre,prefix,CAM,ReqHCM,False,False,True,False,False,False,False,False,CAM,CAM,0,-,True,,,,
lre,prefix,CAM,tick,False,False,True,False,False,False,False,False,CAM,CAM,0,-,True,,,,
lre,prefix,CAM,ReqVel,False,False,True,False,False,False,False,True,OCM,OCM,1,CAMToOCM_1,True,,,,
lre,prefix,CAM,ReqHdng,False,False,True,False,False,False,False,True,OCM,OCM,1,CAMToOCM_1,True,,,,
lre,prefix,CAM,ReqMOM,False,False,True,False,False,False,False,True,OCM,OCM,1,CAMToOCM_1,True,,,,
lre,prefix,CAM,ReqOCM,False,False,True,False,False,False,False,True,OCM,OCM,2,CAMToOCM|CAMToOCM_1,True,,,,
lre,prefix,CAM,EndTask,False,False,True,False,False,False,False,True,OCM,OCM,1,CAMToOCM_1,True,,,,
lre,prefix,CAM,ReqHCM,False,False,True,False,False,False,False,True,OCM,OCM,1,CAMToOCM_1,True,,,,
lre,prefix,CAM,tick,False,False,True,False,False,False,False,True,OCM,OCM,1,CAMToOCM_1,True,,,,
lre,prefix,CAM,ReqVel,False,False,True,False,False,False,True,False,CAM,CAM,0,-,True,,,,
lre,prefix,CAM,ReqHdng,False,False,True,False,False,False,True,False,CAM,CAM,0,-,True,,,,
lre,prefix,CAM,ReqMOM,False,False,True,False,False,False,True,False,CAM,CAM,0,-,True,,,,
lre,prefix,CAM,ReqOCM,False,False,True,False,False,False,True,False,OCM,OCM,1,CAMToOCM,True,,,,
lre,prefix,CAM,EndTask,False,False,True,False,False,False,True,False,CAM,CAM,0,-,True,,,,
lre,prefix,CAM,ReqHCM,False,False,True,False,False,False,True,False,CAM,CAM,0,-,True,,,,
lre,prefix,CAM,tick,False,False,True,False,False,False,True,False,CAM,CAM,0,-,True,,,,
lre,prefix,CAM,ReqVel,False,False,True,False,False,False,True,True,OCM,OCM,1,CAMToOCM_1,True,,,,
lre,prefix,CAM,ReqHdng,False,False,True,False,False,False,True,True,OCM,OCM,1,CAMToOCM_1,True,,,,
lre,prefix,CAM,ReqMOM,False,False,True,False,False,False,True,True,OCM,OCM,1,CAMToOCM_1,True,,,,
lre,prefix,CAM,ReqOCM,False,False,True,False,False,False,True,True,OCM,OCM,2,CAMToOCM|CAMToOCM_1,True,,,,
lre,prefix,CAM,EndTask,False,False,True,False,False,False,True,True,OCM,OCM,1,CAMToOCM_1,True,,,,
lre,prefix,CAM,ReqHCM,False,False,True,False,False,False,True,True,OCM,OCM,1,CAMToOCM_1,True,,,,
lre,prefix,CAM,tick,False,False,True,False,False,False,True,True,OCM,OCM,1,CAMToOCM_1,True,,,,
lre,prefix,CAM,ReqVel,False,False,True,False,False,True,False,False,CAM,CAM,0,-,True,,,,
lre,prefix,CAM,ReqHdng,False,False,True,False,False,True,False,False,CAM,CAM,0,-,True,,,,
lre,prefix,CAM,ReqMOM,False,False,True,False,False,True,False,False,CAM,CAM,0,-,True,,,,
lre,prefix,CAM,ReqOCM,False,False,True,False,False,True,False,False,OCM,OCM,1,CAMToOCM,True,,,,
lre,prefix,CAM,EndTask,False,False,True,False,False,True,False,False,CAM,CAM,0,-,True,,,,
lre,prefix,CAM,ReqHCM,False,False,True,False,False,True,False,False,CAM,CAM,0,-,True,,,,
lre,prefix,CAM,tick,False,False,True,False,False,True,False,False,CAM,CAM,0,-,True,,,,
lre,prefix,CAM,ReqVel,False,False,True,False,False,True,False,True,OCM,OCM,1,CAMToOCM_1,True,,,,
lre,prefix,CAM,ReqHdng,False,False,True,False,False,True,False,True,OCM,OCM,1,CAMToOCM_1,True,,,,
lre,prefix,CAM,ReqMOM,False,False,True,False,False,True,False,True,OCM,OCM,1,CAMToOCM_1,True,,,,
lre,prefix,CAM,ReqOCM,False,False,True,False,False,True,False,True,OCM,OCM,2,CAMToOCM|CAMToOCM_1,True,,,,
lre,prefix,CAM,EndTask,False,False,True,False,False,True,False,True,OCM,OCM,1,CAMToOCM_1,True,,,,
lre,prefix,CAM,ReqHCM,False,False,True,False,False,True,False,True,OCM,OCM,1,CAMToOCM_1,True,,,,
lre,prefix,CAM,tick,False,False,True,False,False,True,False,True,OCM,OCM,1,CAMToOCM_1,True,,,,
lre,prefix,CAM,ReqVel,False,False,True,False,False,True,True,False,CAM,CAM,0,-,True,,,,
lre,prefix,CAM,ReqHdng,False,False,True,False,False,True,True,False,CAM,CAM,0,-,True,,,,
lre,prefix,CAM,ReqMOM,False,False,True,False,False,True,True,False,CAM,CAM,0,-,True,,,,
lre,prefix,CAM,ReqOCM,False,False,True,False,False,True,True,False,OCM,OCM,1,CAMToOCM,True,,,,
lre,prefix,CAM,EndTask,False,False,True,False,False,True,True,False,CAM,CAM,0,-,True,,,,
lre,prefix,CAM,ReqHCM,False,False,True,False,False,True,True,False,CAM,CAM,0,-,True,,,,
lre,prefix,CAM,tick,False,False,True,False,False,True,True,False,CAM,CAM,0,-,True,,,,
lre,prefix,CAM,ReqVel,False,False,True,False,False,True,True,True,OCM,OCM,1,CAMToOCM_1,True,,,,
lre,prefix,CAM,ReqHdng,False,False,True,False,False,True,True,True,OCM,OCM,1,CAMToOCM_1,True,,,,
lre,prefix,CAM,ReqMOM,False,False,True,False,False,True,True,True,OCM,OCM,1,CAMToOCM_1,True,,,,
lre,prefix,CAM,ReqOCM,False,False,True,False,False,True,True,True,OCM,OCM,2,CAMToOCM|CAMToOCM_1,True,,,,
lre,prefix,CAM,EndTask,False,False,True,False,False,True,True,True,OCM,OCM,1,CAMToOCM_1,True,,,,
lre,prefix,CAM,ReqHCM,False,False,True,False,False,True,True,True,OCM,OCM,1,CAMToOCM_1,True,,,,
lre,prefix,CAM,tick,False,False,True,False,False,True,True,True,OCM,OCM,1,CAMToOCM_1,True,,,,
lre,prefix,CAM,ReqVel,False,False,True,False,True,False,False,False,CAM,CAM,0,-,True,,,,
lre,prefix,CAM,ReqHdng,False,False,True,False,True,False,False,False,CAM,CAM,0,-,True,,,,
lre,prefix,CAM,ReqMOM,False,False,True,False,True,False,False,False,CAM,CAM,0,-,True,,,,
lre,prefix,CAM,ReqOCM,False,False,True,False,True,False,False,False,OCM,OCM,1,CAMToOCM,True,,,,
lre,prefix,CAM,EndTask,False,False,True,False,True,False,False,False,CAM,CAM,0,-,True,,,,
lre,prefix,CAM,ReqHCM,False,False,True,False,True,False,False,False,CAM,CAM,0,-,True,,,,
lre,prefix,CAM,tick,False,False,True,False,True,False,False,False,CAM,CAM,0,-,True,,,,
lre,prefix,CAM,ReqVel,False,False,True,False,True,False,False,True,OCM,OCM,1,CAMToOCM_1,True,,,,
lre,prefix,CAM,ReqHdng,False,False,True,False,True,False,False,True,OCM,OCM,1,CAMToOCM_1,True,,,,
lre,prefix,CAM,ReqMOM,False,False,True,False,True,False,False,True,OCM,OCM,1,CAMToOCM_1,True,,,,
lre,prefix,CAM,ReqOCM,False,False,True,False,True,False,False,True,OCM,OCM,2,CAMToOCM|CAMToOCM_1,True,,,,
lre,prefix,CAM,EndTask,False,False,True,False,True,False,False,True,OCM,OCM,1,CAMToOCM_1,True,,,,
lre,prefix,CAM,ReqHCM,False,False,True,False,True,False,False,True,OCM,OCM,1,CAMToOCM_1,True,,,,
lre,prefix,CAM,tick,False,False,True,False,True,False,False,True,OCM,OCM,1,CAMToOCM_1,True,,,,
lre,prefix,CAM,ReqVel,False,False,True,False,True,False,True,False,CAM,CAM,0,-,True,,,,
lre,prefix,CAM,ReqHdng,False,False,True,False,True,False,True,False,CAM,CAM,0,-,True,,,,
lre,prefix,CAM,ReqMOM,False,False,True,False,True,False,True,False,CAM,CAM,0,-,True,,,,
lre,prefix,CAM,ReqOCM,False,False,True,False,True,False,True,False,OCM,OCM,1,CAMToOCM,True,,,,
lre,prefix,CAM,EndTask,False,False,True,False,True,False,True,False,CAM,CAM,0,-,True,,,,
lre,prefix,CAM,ReqHCM,False,False,True,False,True,False,True,False,CAM,CAM,0,-,True,,,,
lre,prefix,CAM,tick,False,False,True,False,True,False,True,False,CAM,CAM,0,-,True,,,,
lre,prefix,CAM,ReqVel,False,False,True,False,True,False,True,True,OCM,OCM,1,CAMToOCM_1,True,,,,
lre,prefix,CAM,ReqHdng,False,False,True,False,True,False,True,True,OCM,OCM,1,CAMToOCM_1,True,,,,
lre,prefix,CAM,ReqMOM,False,False,True,False,True,False,True,True,OCM,OCM,1,CAMToOCM_1,True,,,,
lre,prefix,CAM,ReqOCM,False,False,True,False,True,False,True,True,OCM,OCM,2,CAMToOCM|CAMToOCM_1,True,,,,
lre,prefix,CAM,EndTask,False,False,True,False,True,False,True,True,OCM,OCM,1,CAMToOCM_1,True,,,,
lre,prefix,CAM,ReqHCM,False,False,True,False,True,False,True,True,OCM,OCM,1,CAMToOCM_1,True,,,,
lre,prefix,CAM,tick,False,False,True,False,True,False,True,True,OCM,OCM,1,CAMToOCM_1,True,,,,
lre,prefix,CAM,ReqVel,False,False,True,False,True,True,False,False,CAM,CAM,0,-,True,,,,
lre,prefix,CAM,ReqHdng,False,False,True,False,True,True,False,False,CAM,CAM,0,-,True,,,,
lre,prefix,CAM,ReqMOM,False,False,True,False,True,True,False,False,CAM,CAM,0,-,True,,,,
lre,prefix,CAM,ReqOCM,False,False,True,False,True,True,False,False,OCM,OCM,1,CAMToOCM,True,,,,
lre,prefix,CAM,EndTask,False,False,True,False,True,True,False,False,CAM,CAM,0,-,True,,,,
lre,prefix,CAM,ReqHCM,False,False,True,False,True,True,False,False,CAM,CAM,0,-,True,,,,
lre,prefix,CAM,tick,False,False,True,False,True,True,False,False,CAM,CAM,0,-,True,,,,
lre,prefix,CAM,ReqVel,False,False,True,False,True,True,False,True,OCM,OCM,1,CAMToOCM_1,True,,,,
lre,prefix,CAM,ReqHdng,False,False,True,False,True,True,False,True,OCM,OCM,1,CAMToOCM_1,True,,,,
lre,prefix,CAM,ReqMOM,False,False,True,False,True,True,False,True,OCM,OCM,1,CAMToOCM_1,True,,,,
lre,prefix,CAM,ReqOCM,False,False,True,False,True,True,False,True,OCM,OCM,2,CAMToOCM|CAMToOCM_1,True,,,,
lre,prefix,CAM,EndTask,False,False,True,False,True,True,False,True,OCM,OCM,1,CAMToOCM_1,True,,,,
lre,prefix,CAM,ReqHCM,False,False,True,False,True,True,False,True,OCM,OCM,1,CAMToOCM_1,True,,,,
lre,prefix,CAM,tick,False,False,True,False,True,True,False,True,OCM,OCM,1,CAMToOCM_1,True,,,,
lre,prefix,CAM,ReqVel,False,False,True,False,True,True,True,False,CAM,CAM,0,-,True,,,,
lre,prefix,CAM,ReqHdng,False,False,True,False,True,True,True,False,CAM,CAM,0,-,True,,,,
lre,prefix,CAM,ReqMOM,False,False,True,False,True,True,True,False,CAM,CAM,0,-,True,,,,
lre,prefix,CAM,ReqOCM,False,False,True,False,True,True,True,False,OCM,OCM,1,CAMToOCM,True,,,,
lre,prefix,CAM,EndTask,False,False,True,False,True,True,True,False,CAM,CAM,0,-,True,,,,
lre,prefix,CAM,ReqHCM,False,False,True,False,True,True,True,False,CAM,CAM,0,-,True,,,,
lre,prefix,CAM,tick,False,False,True,False,True,True,True,False,CAM,CAM,0,-,True,,,,
lre,prefix,CAM,ReqVel,False,False,True,False,True,True,True,True,OCM,OCM,1,CAMToOCM_1,True,,,,
lre,prefix,CAM,ReqHdng,False,False,True,False,True,True,True,True,OCM,OCM,1,CAMToOCM_1,True,,,,
lre,prefix,CAM,ReqMOM,False,False,True,False,True,True,True,True,OCM,OCM,1,CAMToOCM_1,True,,,,
lre,prefix,CAM,ReqOCM,False,False,True,False,True,True,True,True,OCM,OCM,2,CAMToOCM|CAMToOCM_1,True,,,,
lre,prefix,CAM,EndTask,False,False,True,False,True,True,True,True,OCM,OCM,1,CAMToOCM_1,True,,,,
lre,prefix,CAM,ReqHCM,False,False,True,False,True,True,True,True,OCM,OCM,1,CAMToOCM_1,True,,,,
lre,prefix,CAM,tick,False,False,True,False,True,True,True,True,OCM,OCM,1,CAMToOCM_1,True,,,,
lre,prefix,CAM,ReqVel,False,False,True,True,False,False,False,False,CAM,CAM,0,-,True,,,,
lre,prefix,CAM,ReqHdng,False,False,True,True,False,False,False,False,CAM,CAM,0,-,True,,,,
lre,prefix,CAM,ReqMOM,False,False,True,True,False,False,False,False,CAM,CAM,0,-,True,,,,
lre,prefix,CAM,ReqOCM,False,False,True,True,False,False,False,False,OCM,OCM,1,CAMToOCM,True,,,,
lre,prefix,CAM,EndTask,False,False,True,True,False,False,False,False,CAM,CAM,0,-,True,,,,
lre,prefix,CAM,ReqHCM,False,False,True,True,False,False,False,False,CAM,CAM,0,-,True,,,,
lre,prefix,CAM,tick,False,False,True,True,False,False,False,False,CAM,CAM,0,-,True,,,,
lre,prefix,CAM,ReqVel,False,False,True,True,False,False,False,True,OCM,OCM,1,CAMToOCM_1,True,,,,
lre,prefix,CAM,ReqHdng,False,False,True,True,False,False,False,True,OCM,OCM,1,CAMToOCM_1,True,,,,
lre,prefix,CAM,ReqMOM,False,False,True,True,False,False,False,True,OCM,OCM,1,CAMToOCM_1,True,,,,
lre,prefix,CAM,ReqOCM,False,False,True,True,False,False,False,True,OCM,OCM,2,CAMToOCM|CAMToOCM_1,True,,,,
lre,prefix,CAM,EndTask,False,False,True,True,False,False,False,True,OCM,OCM,1,CAMToOCM_1,True,,,,
lre,prefix,CAM,ReqHCM,False,False,True,True,False,False,False,True,OCM,OCM,1,CAMToOCM_1,True,,,,
lre,prefix,CAM,tick,False,False,True,True,False,False,False,True,OCM,OCM,1,CAMToOCM_1,True,,,,
lre,prefix,CAM,ReqVel,False,False,True,True,False,False,True,False,CAM,CAM,0,-,True,,,,
lre,prefix,CAM,ReqHdng,False,False,True,True,False,False,True,False,CAM,CAM,0,-,True,,,,
lre,prefix,CAM,ReqMOM,False,False,True,True,False,False,True,False,CAM,CAM,0,-,True,,,,
lre,prefix,CAM,ReqOCM,False,False,True,True,False,False,True,False,OCM,OCM,1,CAMToOCM,True,,,,
lre,prefix,CAM,EndTask,False,False,True,True,False,False,True,False,CAM,CAM,0,-,True,,,,
lre,prefix,CAM,ReqHCM,False,False,True,True,False,False,True,False,CAM,CAM,0,-,True,,,,
lre,prefix,CAM,tick,False,False,True,True,False,False,True,False,CAM,CAM,0,-,True,,,,
lre,prefix,CAM,ReqVel,False,False,True,True,False,False,True,True,OCM,OCM,1,CAMToOCM_1,True,,,,
lre,prefix,CAM,ReqHdng,False,False,True,True,False,False,True,True,OCM,OCM,1,CAMToOCM_1,True,,,,
lre,prefix,CAM,ReqMOM,False,False,True,True,False,False,True,True,OCM,OCM,1,CAMToOCM_1,True,,,,
lre,prefix,CAM,ReqOCM,False,False,True,True,False,False,True,True,OCM,OCM,2,CAMToOCM|CAMToOCM_1,True,,,,
lre,prefix,CAM,EndTask,False,False,True,True,False,False,True,True,OCM,OCM,1,CAMToOCM_1,True,,,,
lre,prefix,CAM,ReqHCM,False,False,True,True,False,False,True,True,OCM,OCM,1,CAMToOCM_1,True,,,,
lre,prefix,CAM,tick,False,False,True,True,False,False,True,True,OCM,OCM,1,CAMToOCM_1,True,,,,
lre,prefix,CAM,ReqVel,False,False,True,True,False,True,False,False,CAM,CAM,0,-,True,,,,
lre,prefix,CAM,ReqHdng,False,False,True,True,False,True,False,False,CAM,CAM,0,-,True,,,,
lre,prefix,CAM,ReqMOM,False,False,True,True,False,True,False,False,CAM,CAM,0,-,True,,,,
lre,prefix,CAM,ReqOCM,False,False,True,True,False,True,False,False,OCM,OCM,1,CAMToOCM,True,,,,
lre,prefix,CAM,EndTask,False,False,True,True,False,True,False,False,CAM,CAM,0,-,True,,,,
lre,prefix,CAM,ReqHCM,False,False,True,True,False,True,False,False,CAM,CAM,0,-,True,,,,
lre,prefix,CAM,tick,False,False,True,True,False,True,False,False,CAM,CAM,0,-,True,,,,
lre,prefix,CAM,ReqVel,False,False,True,True,False,True,False,True,OCM,OCM,1,CAMToOCM_1,True,,,,
lre,prefix,CAM,ReqHdng,False,False,True,True,False,True,False,True,OCM,OCM,1,CAMToOCM_1,True,,,,
lre,prefix,CAM,ReqMOM,False,False,True,True,False,True,False,True,OCM,OCM,1,CAMToOCM_1,True,,,,
lre,prefix,CAM,ReqOCM,False,False,True,True,False,True,False,True,OCM,OCM,2,CAMToOCM|CAMToOCM_1,True,,,,
lre,prefix,CAM,EndTask,False,False,True,True,False,True,False,True,OCM,OCM,1,CAMToOCM_1,True,,,,
lre,prefix,CAM,ReqHCM,False,False,True,True,False,True,False,True,OCM,OCM,1,CAMToOCM_1,True,,,,
lre,prefix,CAM,tick,False,False,True,True,False,True,False,True,OCM,OCM,1,CAMToOCM_1,True,,,,
lre,prefix,CAM,ReqVel,False,False,True,True,False,True,True,False,CAM,CAM,0,-,True,,,,
lre,prefix,CAM,ReqHdng,False,False,True,True,False,True,True,False,CAM,CAM,0,-,True,,,,
lre,prefix,CAM,ReqMOM,False,False,True,True,False,True,True,False,CAM,CAM,0,-,True,,,,
lre,prefix,CAM,ReqOCM,False,False,True,True,False,True,True,False,OCM,OCM,1,CAMToOCM,True,,,,
lre,prefix,CAM,EndTask,False,False,True,True,False,True,True,False,CAM,CAM,0,-,True,,,,
lre,prefix,CAM,ReqHCM,False,False,True,True,False,True,True,False,CAM,CAM,0,-,True,,,,
lre,prefix,CAM,tick,False,False,True,True,False,True,True,False,CAM,CAM,0,-,True,,,,
lre,prefix,CAM,ReqVel,False,False,True,True,False,True,True,True,OCM,OCM,1,CAMToOCM_1,True,,,,
lre,prefix,CAM,ReqHdng,False,False,True,True,False,True,True,True,OCM,OCM,1,CAMToOCM_1,True,,,,
lre,prefix,CAM,ReqMOM,False,False,True,True,False,True,True,True,OCM,OCM,1,CAMToOCM_1,True,,,,
lre,prefix,CAM,ReqOCM,False,False,True,True,False,True,True,True,OCM,OCM,2,CAMToOCM|CAMToOCM_1,True,,,,
lre,prefix,CAM,EndTask,False,False,True,True,False,True,True,True,OCM,OCM,1,CAMToOCM_1,True,,,,
lre,prefix,CAM,ReqHCM,False,False,True,True,False,True,True,True,OCM,OCM,1,CAMToOCM_1,True,,,,
lre,prefix,CAM,tick,False,False,True,True,False,True,True,True,OCM,OCM,1,CAMToOCM_1,True,,,,
lre,prefix,CAM,ReqVel,False,False,True,True,True,False,False,False,CAM,CAM,0,-,True,,,,
lre,prefix,CAM,ReqHdng,False,False,True,True,True,False,False,False,CAM,CAM,0,-,True,,,,
lre,prefix,CAM,ReqMOM,False,False,True,True,True,False,False,False,CAM,CAM,0,-,True,,,,
lre,prefix,CAM,ReqOCM,False,False,True,True,True,False,False,False,OCM,OCM,1,CAMToOCM,True,,,,
lre,prefix,CAM,EndTask,False,False,True,True,True,False,False,False,CAM,CAM,0,-,True,,,,
lre,prefix,CAM,ReqHCM,False,False,True,True,True,False,False,False,CAM,CAM,0,-,True,,,,
lre,prefix,CAM,tick,False,False,True,True,True,False,False,False,CAM,CAM,0,-,True,,,,
lre,prefix,CAM,ReqVel,False,False,True,True,True,False,False,True,OCM,OCM,1,CAMToOCM_1,True,,,,
lre,prefix,CAM,ReqHdng,False,False,True,True,True,False,False,True,OCM,OCM,1,CAMToOCM_1,True,,,,
lre,prefix,CAM,ReqMOM,False,False,True,True,True,False,False,True,OCM,OCM,1,CAMToOCM_1,True,,,,
lre,prefix,CAM,ReqOCM,False,False,True,True,True,False,False,True,OCM,OCM,2,CAMToOCM|CAMToOCM_1,True,,,,
lre,prefix,CAM,EndTask,False,False,True,True,True,False,False,True,OCM,OCM,1,CAMToOCM_1,True,,,,
lre,prefix,CAM,ReqHCM,False,False,True,True,True,False,False,True,OCM,OCM,1,CAMToOCM_1,True,,,,
lre,prefix,CAM,tick,False,False,True,True,True,False,False,True,OCM,OCM,1,CAMToOCM_1,True,,,,
lre,prefix,CAM,ReqVel,False,False,True,True,True,False,True,False,CAM,CAM,0,-,True,,,,
lre,prefix,CAM,ReqHdng,False,False,True,True,True,False,True,False,CAM,CAM,0,-,True,,,,
lre,prefix,CAM,ReqMOM,False,False,True,True,True,False,True,False,CAM,CAM,0,-,True,,,,
lre,prefix,CAM,ReqOCM,False,False,True,True,True,False,True,False,OCM,OCM,1,CAMToOCM,True,,,,
lre,prefix,CAM,EndTask,False,False,True,True,True,False,True,False,CAM,CAM,0,-,True,,,,
lre,prefix,CAM,ReqHCM,False,False,True,True,True,False,True,False,CAM,CAM,0,-,True,,,,
lre,prefix,CAM,tick,False,False,True,True,True,False,True,False,CAM,CAM,0,-,True,,,,
lre,prefix,CAM,ReqVel,False,False,True,True,True,False,True,True,OCM,OCM,1,CAMToOCM_1,True,,,,
lre,prefix,CAM,ReqHdng,False,False,True,True,True,False,True,True,OCM,OCM,1,CAMToOCM_1,True,,,,
lre,prefix,CAM,ReqMOM,False,False,True,True,True,False,True,True,OCM,OCM,1,CAMToOCM_1,True,,,,
lre,prefix,CAM,ReqOCM,False,False,True,True,True,False,True,True,OCM,OCM,2,CAMToOCM|CAMToOCM_1,True,,,,
lre,prefix,CAM,EndTask,False,False,True,True,True,False,True,True,OCM,OCM,1,CAMToOCM_1,True,,,,
lre,prefix,CAM,ReqHCM,False,False,True,True,True,False,True,True,OCM,OCM,1,CAMToOCM_1,True,,,,
lre,prefix,CAM,tick,False,False,True,True,True,False,True,True,OCM,OCM,1,CAMToOCM_1,True,,,,
lre,prefix,CAM,ReqVel,False,False,True,True,True,True,False,False,CAM,CAM,0,-,True,,,,
lre,prefix,CAM,ReqHdng,False,False,True,True,True,True,False,False,CAM,CAM,0,-,True,,,,
lre,prefix,CAM,ReqMOM,False,False,True,True,True,True,False,False,CAM,CAM,0,-,True,,,,
lre,prefix,CAM,ReqOCM,False,False,True,True,True,True,False,False,OCM,OCM,1,CAMToOCM,True,,,,
lre,prefix,CAM,EndTask,False,False,True,True,True,True,False,False,CAM,CAM,0,-,True,,,,
lre,prefix,CAM,ReqHCM,False,False,True,True,True,True,False,False,CAM,CAM,0,-,True,,,,
lre,prefix,CAM,tick,False,False,True,True,True,True,False,False,CAM,CAM,0,-,True,,,,
lre,prefix,CAM,ReqVel,False,False,True,True,True,True,False,True,OCM,OCM,1,CAMToOCM_1,True,,,,
lre,prefix,CAM,ReqHdng,False,False,True,True,True,True,False,True,OCM,OCM,1,CAMToOCM_1,True,,,,
lre,prefix,CAM,ReqMOM,False,False,True,True,True,True,False,True,OCM,OCM,1,CAMToOCM_1,True,,,,
lre,prefix,CAM,ReqOCM,False,False,True,True,True,True,False,True,OCM,OCM,2,CAMToOCM|CAMToOCM_1,True,,,,
lre,prefix,CAM,EndTask,False,False,True,True,True,True,False,True,OCM,OCM,1,CAMToOCM_1,True,,,,
lre,prefix,CAM,ReqHCM,False,False,True,True,True,True,False,True,OCM,OCM,1,CAMToOCM_1,True,,,,
lre,prefix,CAM,tick,False,False,True,True,True,True,False,True,OCM,OCM,1,CAMToOCM_1,True,,,,
lre,prefix,CAM,ReqVel,False,False,True,True,True,True,True,False,CAM,CAM,0,-,True,,,,
lre,prefix,CAM,ReqHdng,False,False,True,True,True,True,True,False,CAM,CAM,0,-,True,,,,
lre,prefix,CAM,ReqMOM,False,False,True,True,True,True,True,False,CAM,CAM,0,-,True,,,,
lre,prefix,CAM,ReqOCM,False,False,True,True,True,True,True,False,OCM,OCM,1,CAMToOCM,True,,,,
lre,prefix,CAM,EndTask,False,False,True,True,True,True,True,False,CAM,CAM,0,-,True,,,,
lre,prefix,CAM,ReqHCM,False,False,True,True,True,True,True,False,CAM,CAM,0,-,True,,,,
lre,prefix,CAM,tick,False,False,True,True,True,True,True,False,CAM,CAM,0,-,True,,,,
lre,prefix,CAM,ReqVel,False,False,True,True,True,True,True,True,OCM,OCM,1,CAMToOCM_1,True,,,,
lre,prefix,CAM,ReqHdng,False,False,True,True,True,True,True,True,OCM,OCM,1,CAMToOCM_1,True,,,,
lre,prefix,CAM,ReqMOM,False,False,True,True,True,True,True,True,OCM,OCM,1,CAMToOCM_1,True,,,,
lre,prefix,CAM,ReqOCM,False,False,True,True,True,True,True,True,OCM,OCM,2,CAMToOCM|CAMToOCM_1,True,,,,
lre,prefix,CAM,EndTask,False,False,True,True,True,True,True,True,OCM,OCM,1,CAMToOCM_1,True,,,,
lre,prefix,CAM,ReqHCM,False,False,True,True,True,True,True,True,OCM,OCM,1,CAMToOCM_1,True,,,,
lre,prefix,CAM,tick,False,False,True,True,True,True,True,True,OCM,OCM,1,CAMToOCM_1,True,,,,
lre,prefix,CAM,ReqVel,False,True,False,False,False,False,False,False,CAM,CAM,0,-,True,,,,
lre,prefix,CAM,ReqHdng,False,True,False,False,False,False,False,False,CAM,CAM,0,-,True,,,,
lre,prefix,CAM,ReqMOM,False,True,False,False,False,False,False,False,CAM,CAM,0,-,True,,,,
lre,prefix,CAM,ReqOCM,False,True,False,False,False,False,False,False,OCM,OCM,1,CAMToOCM,True,,,,
lre,prefix,CAM,EndTask,False,True,False,False,False,False,False,False,CAM,CAM,0,-,True,,,,
lre,prefix,CAM,ReqHCM,False,True,False,False,False,False,False,False,CAM,CAM,0,-,True,,,,
lre,prefix,CAM,tick,False,True,False,False,False,False,False,False,CAM,CAM,0,-,True,,,,
lre,prefix,CAM,ReqVel,False,True,False,False,False,False,False,True,OCM,OCM,1,CAMToOCM_1,True,,,,
lre,prefix,CAM,ReqHdng,False,True,False,False,False,False,False,True,OCM,OCM,1,CAMToOCM_1,True,,,,
lre,prefix,CAM,ReqMOM,False,True,False,False,False,False,False,True,OCM,OCM,1,CAMToOCM_1,True,,,,
lre,prefix,CAM,ReqOCM,False,True,False,False,False,False,False,True,OCM,OCM,2,CAMToOCM|CAMToOCM_1,True,,,,
lre,prefix,CAM,EndTask,False,True,False,False,False,False,False,True,OCM,OCM,1,CAMToOCM_1,True,,,,
lre,prefix,CAM,ReqHCM,False,True,False,False,False,False,False,True,OCM,OCM,1,CAMToOCM_1,True,,,,
lre,prefix,CAM,tick,False,True,False,False,False,False,False,True,OCM,OCM,1,CAMToOCM_1,True,,,,
lre,prefix,CAM,ReqVel,False,True,False,False,False,False,True,False,CAM,CAM,0,-,True,,,,
lre,prefix,CAM,ReqHdng,False,True,False,False,False,False,True,False,CAM,CAM,0,-,True,,,,
lre,prefix,CAM,ReqMOM,False,True,False,False,False,False,True,False,CAM,CAM,0,-,True,,,,
lre,prefix,CAM,ReqOCM,False,True,False,False,False,False,True,False,OCM,OCM,1,CAMToOCM,True,,,,
lre,prefix,CAM,EndTask,False,True,False,False,False,False,True,False,CAM,CAM,0,-,True,,,,
lre,prefix,CAM,ReqHCM,False,True,False,False,False,False,True,False,CAM,CAM,0,-,True,,,,
lre,prefix,CAM,tick,False,True,False,False,False,False,True,False,CAM,CAM,0,-,True,,,,
lre,prefix,CAM,ReqVel,False,True,False,False,False,False,True,True,OCM,OCM,1,CAMToOCM_1,True,,,,
lre,prefix,CAM,ReqHdng,False,True,False,False,False,False,True,True,OCM,OCM,1,CAMToOCM_1,True,,,,
lre,prefix,CAM,ReqMOM,False,True,False,False,False,False,True,True,OCM,OCM,1,CAMToOCM_1,True,,,,
lre,prefix,CAM,ReqOCM,False,True,False,False,False,False,True,True,OCM,OCM,2,CAMToOCM|CAMToOCM_1,True,,,,
lre,prefix,CAM,EndTask,False,True,False,False,False,False,True,True,OCM,OCM,1,CAMToOCM_1,True,,,,
lre,prefix,CAM,ReqHCM,False,True,False,False,False,False,True,True,OCM,OCM,1,CAMToOCM_1,True,,,,
lre,prefix,CAM,tick,False,True,False,False,False,False,True,True,OCM,OCM,1,CAMToOCM_1,True,,,,
lre,prefix,CAM,ReqVel,False,True,False,False,False,True,False,False,CAM,CAM,0,-,True,,,,
lre,prefix,CAM,ReqHdng,False,True,False,False,False,True,False,False,CAM,CAM,0,-,True,,,,
lre,prefix,CAM,ReqMOM,False,True,False,False,False,True,False,False,CAM,CAM,0,-,True,,,,
lre,prefix,CAM,ReqOCM,False,True,False,False,False,True,False,False,OCM,OCM,1,CAMToOCM,True,,,,
lre,prefix,CAM,EndTask,False,True,False,False,False,True,False,False,CAM,CAM,0,-,True,,,,
lre,prefix,CAM,ReqHCM,False,True,False,False,False,True,False,False,CAM,CAM,0,-,True,,,,
lre,prefix,CAM,tick,False,True,False,False,False,True,False,False,CAM,CAM,0,-,True,,,,
lre,prefix,CAM,ReqVel,False,True,False,False,False,True,False,True,OCM,OCM,1,CAMToOCM_1,True,,,,
lre,prefix,CAM,ReqHdng,False,True,False,False,False,True,False,True,OCM,OCM,1,CAMToOCM_1,True,,,,
lre,prefix,CAM,ReqMOM,False,True,False,False,False,True,False,True,OCM,OCM,1,CAMToOCM_1,True,,,,
lre,prefix,CAM,ReqOCM,False,True,False,False,False,True,False,True,OCM,OCM,2,CAMToOCM|CAMToOCM_1,True,,,,
lre,prefix,CAM,EndTask,False,True,False,False,False,True,False,True,OCM,OCM,1,CAMToOCM_1,True,,,,
lre,prefix,CAM,ReqHCM,False,True,False,False,False,True,False,True,OCM,OCM,1,CAMToOCM_1,True,,,,
lre,prefix,CAM,tick,False,True,False,False,False,True,False,True,OCM,OCM,1,CAMToOCM_1,True,,,,
lre,prefix,CAM,ReqVel,False,True,False,False,False,True,True,False,CAM,CAM,0,-,True,,,,
lre,prefix,CAM,ReqHdng,False,True,False,False,False,True,True,False,CAM,CAM,0,-,True,,,,
lre,prefix,CAM,ReqMOM,False,True,False,False,False,True,True,False,CAM,CAM,0,-,True,,,,
lre,prefix,CAM,ReqOCM,False,True,False,False,False,True,True,False,OCM,OCM,1,CAMToOCM,True,,,,
lre,prefix,CAM,EndTask,False,True,False,False,False,True,True,False,CAM,CAM,0,-,True,,,,
lre,prefix,CAM,ReqHCM,False,True,False,False,False,True,True,False,CAM,CAM,0,-,True,,,,
lre,prefix,CAM,tick,False,True,False,False,False,True,True,False,CAM,CAM,0,-,True,,,,
lre,prefix,CAM,ReqVel,False,True,False,False,False,True,True,True,OCM,OCM,1,CAMToOCM_1,True,,,,
lre,prefix,CAM,ReqHdng,False,True,False,False,False,True,True,True,OCM,OCM,1,CAMToOCM_1,True,,,,
lre,prefix,CAM,ReqMOM,False,True,False,False,False,True,True,True,OCM,OCM,1,CAMToOCM_1,True,,,,
lre,prefix,CAM,ReqOCM,False,True,False,False,False,True,True,True,OCM,OCM,2,CAMToOCM|CAMToOCM_1,True,,,,
lre,prefix,CAM,EndTask,False,True,False,False,False,True,True,True,OCM,OCM,1,CAMToOCM_1,True,,,,
lre,prefix,CAM,ReqHCM,False,True,False,False,False,True,True,True,OCM,OCM,1,CAMToOCM_1,True,,,,
lre,prefix,CAM,tick,False,True,False,False,False,True,True,True,OCM,OCM,1,CAMToOCM_1,True,,,,
lre,prefix,CAM,ReqVel,False,True,False,False,True,False,False,False,CAM,CAM,0,-,True,,,,
lre,prefix,CAM,ReqHdng,False,True,False,False,True,False,False,False,CAM,CAM,0,-,True,,,,
lre,prefix,CAM,ReqMOM,False,True,False,False,True,False,False,False,CAM,CAM,0,-,True,,,,
lre,prefix,CAM,ReqOCM,False,True,False,False,True,False,False,False,OCM,OCM,1,CAMToOCM,True,,,,
lre,prefix,CAM,EndTask,False,True,False,False,True,False,False,False,CAM,CAM,0,-,True,,,,
lre,prefix,CAM,ReqHCM,False,True,False,False,True,False,False,False,CAM,CAM,0,-,True,,,,
lre,prefix,CAM,tick,False,True,False,False,True,False,False,False,CAM,CAM,0,-,True,,,,
lre,prefix,CAM,ReqVel,False,True,False,False,True,False,False,True,OCM,OCM,1,CAMToOCM_1,True,,,,
lre,prefix,CAM,ReqHdng,False,True,False,False,True,False,False,True,OCM,OCM,1,CAMToOCM_1,True,,,,
lre,prefix,CAM,ReqMOM,False,True,False,False,True,False,False,True,OCM,OCM,1,CAMToOCM_1,True,,,,
lre,prefix,CAM,ReqOCM,False,True,False,False,True,False,False,True,OCM,OCM,2,CAMToOCM|CAMToOCM_1,True,,,,
lre,prefix,CAM,EndTask,False,True,False,False,True,False,False,True,OCM,OCM,1,CAMToOCM_1,True,,,,
lre,prefix,CAM,ReqHCM,False,True,False,False,True,False,False,True,OCM,OCM,1,CAMToOCM_1,True,,,,
lre,prefix,CAM,tick,False,True,False,False,True,False,False,True,OCM,OCM,1,CAMToOCM_1,True,,,,
lre,prefix,CAM,ReqVel,False,True,False,False,True,False,True,False,CAM,CAM,0,-,True,,,,
lre,prefix,CAM,ReqHdng,False,True,False,False,True,False,True,False,CAM,CAM,0,-,True,,,,
lre,prefix,CAM,ReqMOM,False,True,False,False,True,False,True,False,CAM,CAM,0,-,True,,,,
lre,prefix,CAM,ReqOCM,False,True,False,False,True,False,True,False,OCM,OCM,1,CAMToOCM,True,,,,
lre,prefix,CAM,EndTask,False,True,False,False,True,False,True,False,CAM,CAM,0,-,True,,,,
lre,prefix,CAM,ReqHCM,False,True,False,False,True,False,True,False,CAM,CAM,0,-,True,,,,
lre,prefix,CAM,tick,False,True,False,False,True,False,True,False,CAM,CAM,0,-,True,,,,
lre,prefix,CAM,ReqVel,False,True,False,False,True,False,True,True,OCM,OCM,1,CAMToOCM_1,True,,,,
lre,prefix,CAM,ReqHdng,False,True,False,False,True,False,True,True,OCM,OCM,1,CAMToOCM_1,True,,,,
lre,prefix,CAM,ReqMOM,False,True,False,False,True,False,True,True,OCM,OCM,1,CAMToOCM_1,True,,,,
lre,prefix,CAM,ReqOCM,False,True,False,False,True,False,True,True,OCM,OCM,2,CAMToOCM|CAMToOCM_1,True,,,,
lre,prefix,CAM,EndTask,False,True,False,False,True,False,True,True,OCM,OCM,1,CAMToOCM_1,True,,,,
lre,prefix,CAM,ReqHCM,False,True,False,False,True,False,True,True,OCM,OCM,1,CAMToOCM_1,True,,,,
lre,prefix,CAM,tick,False,True,False,False,True,False,True,True,OCM,OCM,1,CAMToOCM_1,True,,,,
lre,prefix,CAM,ReqVel,False,True,False,False,True,True,False,False,CAM,CAM,0,-,True,,,,
lre,prefix,CAM,ReqHdng,False,True,False,False,True,True,False,False,CAM,CAM,0,-,True,,,,
lre,prefix,CAM,ReqMOM,False,True,False,False,True,True,False,False,CAM,CAM,0,-,True,,,,
lre,prefix,CAM,ReqOCM,False,True,False,False,True,True,False,False,OCM,OCM,1,CAMToOCM,True,,,,
lre,prefix,CAM,EndTask,False,True,False,False,True,True,False,False,CAM,CAM,0,-,True,,,,
lre,prefix,CAM,ReqHCM,False,True,False,False,True,True,False,False,CAM,CAM,0,-,True,,,,
lre,prefix,CAM,tick,False,True,False,False,True,True,False,False,CAM,CAM,0,-,True,,,,
lre,prefix,CAM,ReqVel,False,True,False,False,True,True,False,True,OCM,OCM,1,CAMToOCM_1,True,,,,
lre,prefix,CAM,ReqHdng,False,True,False,False,True,True,False,True,OCM,OCM,1,CAMToOCM_1,True,,,,
lre,prefix,CAM,ReqMOM,False,True,False,False,True,True,False,True,OCM,OCM,1,CAMToOCM_1,True,,,,
lre,prefix,CAM,ReqOCM,False,True,False,False,True,True,False,True,OCM,OCM,2,CAMToOCM|CAMToOCM_1,True,,,,
lre,prefix,CAM,EndTask,False,True,False,False,True,True,False,True,OCM,OCM,1,CAMToOCM_1,True,,,,
lre,prefix,CAM,ReqHCM,False,True,False,False,True,True,False,True,OCM,OCM,1,CAMToOCM_1,True,,,,
lre,prefix,CAM,tick,False,True,False,False,True,True,False,True,OCM,OCM,1,CAMToOCM_1,True,,,,
lre,prefix,CAM,ReqVel,False,True,False,False,True,True,True,False,CAM,CAM,0,-,True,,,,
lre,prefix,CAM,ReqHdng,False,True,False,False,True,True,True,False,CAM,CAM,0,-,True,,,,
lre,prefix,CAM,ReqMOM,False,True,False,False,True,True,True,False,CAM,CAM,0,-,True,,,,
lre,prefix,CAM,ReqOCM,False,True,False,False,True,True,True,False,OCM,OCM,1,CAMToOCM,True,,,,
lre,prefix,CAM,EndTask,False,True,False,False,True,True,True,False,CAM,CAM,0,-,True,,,,
lre,prefix,CAM,ReqHCM,False,True,False,False,True,True,True,False,CAM,CAM,0,-,True,,,,
lre,prefix,CAM,tick,False,True,False,False,True,True,True,False,CAM,CAM,0,-,True,,,,
lre,prefix,CAM,ReqVel,False,True,False,False,True,True,True,True,OCM,OCM,1,CAMToOCM_1,True,,,,
lre,prefix,CAM,ReqHdng,False,True,False,False,True,True,True,True,OCM,OCM,1,CAMToOCM_1,True,,,,
lre,prefix,CAM,ReqMOM,False,True,False,False,True,True,True,True,OCM,OCM,1,CAMToOCM_1,True,,,,
lre,prefix,CAM,ReqOCM,False,True,False,False,True,True,True,True,OCM,OCM,2,CAMToOCM|CAMToOCM_1,True,,,,
lre,prefix,CAM,EndTask,False,True,False,False,True,True,True,True,OCM,OCM,1,CAMToOCM_1,True,,,,
lre,prefix,CAM,ReqHCM,False,True,False,False,True,True,True,True,OCM,OCM,1,CAMToOCM_1,True,,,,
lre,prefix,CAM,tick,False,True,False,False,True,True,True,True,OCM,OCM,1,CAMToOCM_1,True,,,,
lre,prefix,CAM,ReqVel,False,True,False,True,False,False,False,False,CAM,CAM,0,-,True,,,,
lre,prefix,CAM,ReqHdng,False,True,False,True,False,False,False,False,CAM,CAM,0,-,True,,,,
lre,prefix,CAM,ReqMOM,False,True,False,True,False,False,False,False,CAM,CAM,0,-,True,,,,
lre,prefix,CAM,ReqOCM,False,True,False,True,False,False,False,False,OCM,OCM,1,CAMToOCM,True,,,,
lre,prefix,CAM,EndTask,False,True,False,True,False,False,False,False,CAM,CAM,0,-,True,,,,
lre,prefix,CAM,ReqHCM,False,True,False,True,False,False,False,False,CAM,CAM,0,-,True,,,,
lre,prefix,CAM,tick,False,True,False,True,False,False,False,False,CAM,CAM,0,-,True,,,,
lre,prefix,CAM,ReqVel,False,True,False,True,False,False,False,True,OCM,OCM,1,CAMToOCM_1,True,,,,
lre,prefix,CAM,ReqHdng,False,True,False,True,False,False,False,True,OCM,OCM,1,CAMToOCM_1,True,,,,
lre,prefix,CAM,ReqMOM,False,True,False,True,False,False,False,True,OCM,OCM,1,CAMToOCM_1,True,,,,
lre,prefix,CAM,ReqOCM,False,True,False,True,False,False,False,True,OCM,OCM,2,CAMToOCM|CAMToOCM_1,True,,,,
lre,prefix,CAM,EndTask,False,True,False,True,False,False,False,True,OCM,OCM,1,CAMToOCM_1,True,,,,
lre,prefix,CAM,ReqHCM,False,True,False,True,False,False,False,True,OCM,OCM,1,CAMToOCM_1,True,,,,
lre,prefix,CAM,tick,False,True,False,True,False,False,False,True,OCM,OCM,1,CAMToOCM_1,True,,,,
lre,prefix,CAM,ReqVel,False,True,False,True,False,False,True,False,CAM,CAM,0,-,True,,,,
lre,prefix,CAM,ReqHdng,False,True,False,True,False,False,True,False,CAM,CAM,0,-,True,,,,
lre,prefix,CAM,ReqMOM,False,True,False,True,False,False,True,False,CAM,CAM,0,-,True,,,,
lre,prefix,CAM,ReqOCM,False,True,False,True,False,False,True,False,OCM,OCM,1,CAMToOCM,True,,,,
lre,prefix,CAM,EndTask,False,True,False,True,False,False,True,False,CAM,CAM,0,-,True,,,,
lre,prefix,CAM,ReqHCM,False,True,False,True,False,False,True,False,CAM,CAM,0,-,True,,,,
lre,prefix,CAM,tick,False,True,False,True,False,False,True,False,CAM,CAM,0,-,True,,,,
lre,prefix,CAM,ReqVel,False,True,False,True,False,False,True,True,OCM,OCM,1,CAMToOCM_1,True,,,,
lre,prefix,CAM,ReqHdng,False,True,False,True,False,False,True,True,OCM,OCM,1,CAMToOCM_1,True,,,,
lre,prefix,CAM,ReqMOM,False,True,False,True,False,False,True,True,OCM,OCM,1,CAMToOCM_1,True,,,,
lre,prefix,CAM,ReqOCM,False,True,False,True,False,False,True,True,OCM,OCM,2,CAMToOCM|CAMToOCM_1,True,,,,
lre,prefix,CAM,EndTask,False,True,False,True,False,False,True,True,OCM,OCM,1,CAMToOCM_1,True,,,,
lre,prefix,CAM,ReqHCM,False,True,False,True,False,False,True,True,OCM,OCM,1,CAMToOCM_1,True,,,,
lre,prefix,CAM,tick,False,True,False,True,False,False,True,True,OCM,OCM,1,CAMToOCM_1,True,,,,
lre,prefix,CAM,ReqVel,False,True,False,True,False,True,False,False,CAM,CAM,0,-,True,,,,
lre,prefix,CAM,ReqHdng,False,True,False,True,False,True,False,False,CAM,CAM,0,-,True,,,,
lre,prefix,CAM,ReqMOM,False,True,False,True,False,True,False,False,CAM,CAM,0,-,True,,,,
lre,prefix,CAM,ReqOCM,False,True,False,True,False,True,False,False,OCM,OCM,1,CAMToOCM,True,,,,
lre,prefix,CAM,EndTask,False,True,False,True,False,True,False,False,CAM,CAM,0,-,True,,,,
lre,prefix,CAM,ReqHCM,False,True,False,True,False,True,False,False,CAM,CAM,0,-,True,,,,
lre,prefix,CAM,tick,False,True,False,True,False,True,False,False,CAM,CAM,0,-,True,,,,
lre,prefix,CAM,ReqVel,False,True,False,True,False,True,False,True,OCM,OCM,1,CAMToOCM_1,True,,,,
lre,prefix,CAM,ReqHdng,False,True,False,True,False,True,False,True,OCM,OCM,1,CAMToOCM_1,True,,,,
lre,prefix,CAM,ReqMOM,False,True,False,True,False,True,False,True,OCM,OCM,1,CAMToOCM_1,True,,,,
lre,prefix,CAM,ReqOCM,False,True,False,True,False,True,False,True,OCM,OCM,2,CAMToOCM|CAMToOCM_1,True,,,,
lre,prefix,CAM,EndTask,False,True,False,True,False,True,False,True,OCM,OCM,1,CAMToOCM_1,True,,,,
lre,prefix,CAM,ReqHCM,False,True,False,True,False,True,False,True,OCM,OCM,1,CAMToOCM_1,True,,,,
lre,prefix,CAM,tick,False,True,False,True,False,True,False,True,OCM,OCM,1,CAMToOCM_1,True,,,,
lre,prefix,CAM,ReqVel,False,True,False,True,False,True,True,False,CAM,CAM,0,-,True,,,,
lre,prefix,CAM,ReqHdng,False,True,False,True,False,True,True,False,CAM,CAM,0,-,True,,,,
lre,prefix,CAM,ReqMOM,False,True,False,True,False,True,True,False,CAM,CAM,0,-,True,,,,
lre,prefix,CAM,ReqOCM,False,True,False,True,False,True,True,False,OCM,OCM,1,CAMToOCM,True,,,,
lre,prefix,CAM,EndTask,False,True,False,True,False,True,True,False,CAM,CAM,0,-,True,,,,
lre,prefix,CAM,ReqHCM,False,True,False,True,False,True,True,False,CAM,CAM,0,-,True,,,,
lre,prefix,CAM,tick,False,True,False,True,False,True,True,False,CAM,CAM,0,-,True,,,,
lre,prefix,CAM,ReqVel,False,True,False,True,False,True,True,True,OCM,OCM,1,CAMToOCM_1,True,,,,
lre,prefix,CAM,ReqHdng,False,True,False,True,False,True,True,True,OCM,OCM,1,CAMToOCM_1,True,,,,
lre,prefix,CAM,ReqMOM,False,True,False,True,False,True,True,True,OCM,OCM,1,CAMToOCM_1,True,,,,
lre,prefix,CAM,ReqOCM,False,True,False,True,False,True,True,True,OCM,OCM,2,CAMToOCM|CAMToOCM_1,True,,,,
lre,prefix,CAM,EndTask,False,True,False,True,False,True,True,True,OCM,OCM,1,CAMToOCM_1,True,,,,
lre,prefix,CAM,ReqHCM,False,True,False,True,False,True,True,True,OCM,OCM,1,CAMToOCM_1,True,,,,
lre,prefix,CAM,tick,False,True,False,True,False,True,True,True,OCM,OCM,1,CAMToOCM_1,True,,,,
lre,prefix,CAM,ReqVel,False,True,False,True,True,False,False,False,CAM,CAM,0,-,True,,,,
lre,prefix,CAM,ReqHdng,False,True,False,True,True,False,False,False,CAM,CAM,0,-,True,,,,
lre,prefix,CAM,ReqMOM,False,True,False,True,True,False,False,False,CAM,CAM,0,-,True,,,,
lre,prefix,CAM,ReqOCM,False,True,False,True,True,False,False,False,OCM,OCM,1,CAMToOCM,True,,,,
lre,prefix,CAM,EndTask,False,True,False,True,True,False,False,False,CAM,CAM,0,-,True,,,,
lre,prefix,CAM,ReqHCM,False,True,False,True,True,False,False,False,CAM,CAM,0,-,True,,,,
lre,prefix,CAM,tick,False,True,False,True,True,False,False,False,CAM,CAM,0,-,True,,,,
lre,prefix,CAM,ReqVel,False,True,False,True,True,False,False,True,OCM,OCM,1,CAMToOCM_1,True,,,,
lre,prefix,CAM,ReqHdng,False,True,False,True,True,False,False,True,OCM,OCM,1,CAMToOCM_1,True,,,,
lre,prefix,CAM,ReqMOM,False,True,False,True,True,False,False,True,OCM,OCM,1,CAMToOCM_1,True,,,,
lre,prefix,CAM,ReqOCM,False,True,False,True,True,False,False,True,OCM,OCM,2,CAMToOCM|CAMToOCM_1,True,,,,
lre,prefix,CAM,EndTask,False,True,False,True,True,False,False,True,OCM,OCM,1,CAMToOCM_1,True,,,,
lre,prefix,CAM,ReqHCM,False,True,False,True,True,False,False,True,OCM,OCM,1,CAMToOCM_1,True,,,,
lre,prefix,CAM,tick,False,True,False,True,True,False,False,True,OCM,OCM,1,CAMToOCM_1,True,,,,
lre,prefix,CAM,ReqVel,False,True,False,True,True,False,True,False,CAM,CAM,0,-,True,,,,
lre,prefix,CAM,ReqHdng,False,True,False,True,True,False,True,False,CAM,CAM,0,-,True,,,,
lre,prefix,CAM,ReqMOM,False,True,False,True,True,False,True,False,CAM,CAM,0,-,True,,,,
lre,prefix,CAM,ReqOCM,False,True,False,True,True,False,True,False,OCM,OCM,1,CAMToOCM,True,,,,
lre,prefix,CAM,EndTask,False,True,False,True,True,False,True,False,CAM,CAM,0,-,True,,,,
lre,prefix,CAM,ReqHCM,False,True,False,True,True,False,True,False,CAM,CAM,0,-,True,,,,
lre,prefix,CAM,tick,False,True,False,True,True,False,True,False,CAM,CAM,0,-,True,,,,
lre,prefix,CAM,ReqVel,False,True,False,True,True,False,True,True,OCM,OCM,1,CAMToOCM_1,True,,,,
lre,prefix,CAM,ReqHdng,False,True,False,True,True,False,True,True,OCM,OCM,1,CAMToOCM_1,True,,,,
lre,prefix,CAM,ReqMOM,False,True,False,True,True,False,True,True,OCM,OCM,1,CAMToOCM_1,True,,,,
lre,prefix,CAM,ReqOCM,False,True,False,True,True,False,True,True,OCM,OCM,2,CAMToOCM|CAMToOCM_1,True,,,,
lre,prefix,CAM,EndTask,False,True,False,True,True,False,True,True,OCM,OCM,1,CAMToOCM_1,True,,,,
lre,prefix,CAM,ReqHCM,False,True,False,True,True,False,True,True,OCM,OCM,1,CAMToOCM_1,True,,,,
lre,prefix,CAM,tick,False,True,False,True,True,False,True,True,OCM,OCM,1,CAMToOCM_1,True,,,,
lre,prefix,CAM,ReqVel,False,True,False,True,True,True,False,False,CAM,CAM,0,-,True,,,,
lre,prefix,CAM,ReqHdng,False,True,False,True,True,True,False,False,CAM,CAM,0,-,True,,,,
lre,prefix,CAM,ReqMOM,False,True,False,True,True,True,False,False,CAM,CAM,0,-,True,,,,
lre,prefix,CAM,ReqOCM,False,True,False,True,True,True,False,False,OCM,OCM,1,CAMToOCM,True,,,,
lre,prefix,CAM,EndTask,False,True,False,True,True,True,False,False,CAM,CAM,0,-,True,,,,
lre,prefix,CAM,ReqHCM,False,True,False,True,True,True,False,False,CAM,CAM,0,-,True,,,,
lre,prefix,CAM,tick,False,True,False,True,True,True,False,False,CAM,CAM,0,-,True,,,,
lre,prefix,CAM,ReqVel,False,True,False,True,True,True,False,True,OCM,OCM,1,CAMToOCM_1,True,,,,
lre,prefix,CAM,ReqHdng,False,True,False,True,True,True,False,True,OCM,OCM,1,CAMToOCM_1,True,,,,
lre,prefix,CAM,ReqMOM,False,True,False,True,True,True,False,True,OCM,OCM,1,CAMToOCM_1,True,,,,
lre,prefix,CAM,ReqOCM,False,True,False,True,True,True,False,True,OCM,OCM,2,CAMToOCM|CAMToOCM_1,True,,,,
lre,prefix,CAM,EndTask,False,True,False,True,True,True,False,True,OCM,OCM,1,CAMToOCM_1,True,,,,
lre,prefix,CAM,ReqHCM,False,True,False,True,True,True,False,True,OCM,OCM,1,CAMToOCM_1,True,,,,
lre,prefix,CAM,tick,False,True,False,True,True,True,False,True,OCM,OCM,1,CAMToOCM_1,True,,,,
lre,prefix,CAM,ReqVel,False,True,False,True,True,True,True,False,CAM,CAM,0,-,True,,,,
lre,prefix,CAM,ReqHdng,False,True,False,True,True,True,True,False,CAM,CAM,0,-,True,,,,
lre,prefix,CAM,ReqMOM,False,True,False,True,True,True,True,False,CAM,CAM,0,-,True,,,,
lre,prefix,CAM,ReqOCM,False,True,False,True,True,True,True,False,OCM,OCM,1,CAMToOCM,True,,,,
lre,prefix,CAM,EndTask,False,True,False,True,True,True,True,False,CAM,CAM,0,-,True,,,,
lre,prefix,CAM,ReqHCM,False,True,False,True,True,True,True,False,CAM,CAM,0,-,True,,,,
lre,prefix,CAM,tick,False,True,False,True,True,True,True,False,CAM,CAM,0,-,True,,,,
lre,prefix,CAM,ReqVel,False,True,False,True,True,True,True,True,OCM,OCM,1,CAMToOCM_1,True,,,,
lre,prefix,CAM,ReqHdng,False,True,False,True,True,True,True,True,OCM,OCM,1,CAMToOCM_1,True,,,,
lre,prefix,CAM,ReqMOM,False,True,False,True,True,True,True,True,OCM,OCM,1,CAMToOCM_1,True,,,,
lre,prefix,CAM,ReqOCM,False,True,False,True,True,True,True,True,OCM,OCM,2,CAMToOCM|CAMToOCM_1,True,,,,
lre,prefix,CAM,EndTask,False,True,False,True,True,True,True,True,OCM,OCM,1,CAMToOCM_1,True,,,,
lre,prefix,CAM,ReqHCM,False,True,False,True,True,True,True,True,OCM,OCM,1,CAMToOCM_1,True,,,,
lre,prefix,CAM,tick,False,True,False,True,True,True,True,True,OCM,OCM,1,CAMToOCM_1,True,,,,
lre,prefix,CAM,ReqVel,False,True,True,False,False,False,False,False,CAM,CAM,0,-,True,,,,
lre,prefix,CAM,ReqHdng,False,True,True,False,False,False,False,False,CAM,CAM,0,-,True,,,,
lre,prefix,CAM,ReqMOM,False,True,True,False,False,False,False,False,CAM,CAM,0,-,True,,,,
lre,prefix,CAM,ReqOCM,False,True,True,False,False,False,False,False,OCM,OCM,1,CAMToOCM,True,,,,
lre,prefix,CAM,EndTask,False,True,True,False,False,False,False,False,CAM,CAM,0,-,True,,,,
lre,prefix,CAM,ReqHCM,False,True,True,False,False,False,False,False,CAM,CAM,0,-,True,,,,
lre,prefix,CAM,tick,False,True,True,False,False,False,False,False,CAM,CAM,0,-,True,,,,
lre,prefix,CAM,ReqVel,False,True,True,False,False,False,False,True,OCM,OCM,1,CAMToOCM_1,True,,,,
lre,prefix,CAM,ReqHdng,False,True,True,False,False,False,False,True,OCM,OCM,1,CAMToOCM_1,True,,,,
lre,prefix,CAM,ReqMOM,False,True,True,False,False,False,False,True,OCM,OCM,1,CAMToOCM_1,True,,,,
lre,prefix,CAM,ReqOCM,False,True,True,False,False,False,False,True,OCM,OCM,2,CAMToOCM|CAMToOCM_1,True,,,,
lre,prefix,CAM,EndTask,False,True,True,False,False,False,False,True,OCM,OCM,1,CAMToOCM_1,True,,,,
lre,prefix,CAM,ReqHCM,False,True,True,False,False,False,False,True,OCM,OCM,1,CAMToOCM_1,True,,,,
lre,prefix,CAM,tick,False,True,True,False,False,False,False,True,OCM,OCM,1,CAMToOCM_1,True,,,,
lre,prefix,CAM,ReqVel,False,True,True,False,False,False,True,False,CAM,CAM,0,-,True,,,,
lre,prefix,CAM,ReqHdng,False,True,True,False,False,False,True,False,CAM,CAM,0,-,True,,,,
lre,prefix,CAM,ReqMOM,False,True,True,False,False,False,True,False,CAM,CAM,0,-,True,,,,
lre,prefix,CAM,ReqOCM,False,True,True,False,False,False,True,False,OCM,OCM,1,CAMToOCM,True,,,,
lre,prefix,CAM,EndTask,False,True,True,False,False,False,True,False,CAM,CAM,0,-,True,,,,
lre,prefix,CAM,ReqHCM,False,True,True,False,False,False,True,False,CAM,CAM,0,-,True,,,,
lre,prefix,CAM,tick,False,True,True,False,False,False,True,False,CAM,CAM,0,-,True,,,,
lre,prefix,CAM,ReqVel,False,True,True,False,False,False,True,True,OCM,OCM,1,CAMToOCM_1,True,,,,
lre,prefix,CAM,ReqHdng,False,True,True,False,False,False,True,True,OCM,OCM,1,CAMToOCM_1,True,,,,
lre,prefix,CAM,ReqMOM,False,True,True,False,False,False,True,True,OCM,OCM,1,CAMToOCM_1,True,,,,
lre,prefix,CAM,ReqOCM,False,True,True,False,False,False,True,True,OCM,OCM,2,CAMToOCM|CAMToOCM_1,True,,,,
lre,prefix,CAM,EndTask,False,True,True,False,False,False,True,True,OCM,OCM,1,CAMToOCM_1,True,,,,
lre,prefix,CAM,ReqHCM,False,True,True,False,False,False,True,True,OCM,OCM,1,CAMToOCM_1,True,,,,
lre,prefix,CAM,tick,False,True,True,False,False,False,True,True,OCM,OCM,1,CAMToOCM_1,True,,,,
lre,prefix,CAM,ReqVel,False,True,True,False,False,True,False,False,CAM,CAM,0,-,True,,,,
lre,prefix,CAM,ReqHdng,False,True,True,False,False,True,False,False,CAM,CAM,0,-,True,,,,
lre,prefix,CAM,ReqMOM,False,True,True,False,False,True,False,False,CAM,CAM,0,-,True,,,,
lre,prefix,CAM,ReqOCM,False,True,True,False,False,True,False,False,OCM,OCM,1,CAMToOCM,True,,,,
lre,prefix,CAM,EndTask,False,True,True,False,False,True,False,False,CAM,CAM,0,-,True,,,,
lre,prefix,CAM,ReqHCM,False,True,True,False,False,True,False,False,CAM,CAM,0,-,True,,,,
lre,prefix,CAM,tick,False,True,True,False,False,True,False,False,CAM,CAM,0,-,True,,,,
lre,prefix,CAM,ReqVel,False,True,True,False,False,True,False,True,OCM,OCM,1,CAMToOCM_1,True,,,,
lre,prefix,CAM,ReqHdng,False,True,True,False,False,True,False,True,OCM,OCM,1,CAMToOCM_1,True,,,,
lre,prefix,CAM,ReqMOM,False,True,True,False,False,True,False,True,OCM,OCM,1,CAMToOCM_1,True,,,,
lre,prefix,CAM,ReqOCM,False,True,True,False,False,True,False,True,OCM,OCM,2,CAMToOCM|CAMToOCM_1,True,,,,
lre,prefix,CAM,EndTask,False,True,True,False,False,True,False,True,OCM,OCM,1,CAMToOCM_1,True,,,,
lre,prefix,CAM,ReqHCM,False,True,True,False,False,True,False,True,OCM,OCM,1,CAMToOCM_1,True,,,,
lre,prefix,CAM,tick,False,True,True,False,False,True,False,True,OCM,OCM,1,CAMToOCM_1,True,,,,
lre,prefix,CAM,ReqVel,False,True,True,False,False,True,True,False,CAM,CAM,0,-,True,,,,
lre,prefix,CAM,ReqHdng,False,True,True,False,False,True,True,False,CAM,CAM,0,-,True,,,,
lre,prefix,CAM,ReqMOM,False,True,True,False,False,True,True,False,CAM,CAM,0,-,True,,,,
lre,prefix,CAM,ReqOCM,False,True,True,False,False,True,True,False,OCM,OCM,1,CAMToOCM,True,,,,
lre,prefix,CAM,EndTask,False,True,True,False,False,True,True,False,CAM,CAM,0,-,True,,,,
lre,prefix,CAM,ReqHCM,False,True,True,False,False,True,True,False,CAM,CAM,0,-,True,,,,
lre,prefix,CAM,tick,False,True,True,False,False,True,True,False,CAM,CAM,0,-,True,,,,
lre,prefix,CAM,ReqVel,False,True,True,False,False,True,True,True,OCM,OCM,1,CAMToOCM_1,True,,,,
lre,prefix,CAM,ReqHdng,False,True,True,False,False,True,True,True,OCM,OCM,1,CAMToOCM_1,True,,,,
lre,prefix,CAM,ReqMOM,False,True,True,False,False,True,True,True,OCM,OCM,1,CAMToOCM_1,True,,,,
lre,prefix,CAM,ReqOCM,False,True,True,False,False,True,True,True,OCM,OCM,2,CAMToOCM|CAMToOCM_1,True,,,,
lre,prefix,CAM,EndTask,False,True,True,False,False,True,True,True,OCM,OCM,1,CAMToOCM_1,True,,,,
lre,prefix,CAM,ReqHCM,False,True,True,False,False,True,True,True,OCM,OCM,1,CAMToOCM_1,True,,,,
lre,prefix,CAM,tick,False,True,True,False,False,True,True,True,OCM,OCM,1,CAMToOCM_1,True,,,,
lre,prefix,CAM,ReqVel,False,True,True,False,True,False,False,False,CAM,CAM,0,-,True,,,,
lre,prefix,CAM,ReqHdng,False,True,True,False,True,False,False,False,CAM,CAM,0,-,True,,,,
lre,prefix,CAM,ReqMOM,False,True,True,False,True,False,False,False,CAM,CAM,0,-,True,,,,
lre,prefix,CAM,ReqOCM,False,True,True,False,True,False,False,False,OCM,OCM,1,CAMToOCM,True,,,,
lre,prefix,CAM,EndTask,False,True,True,False,True,False,False,False,CAM,CAM,0,-,True,,,,
lre,prefix,CAM,ReqHCM,False,True,True,False,True,False,False,False,CAM,CAM,0,-,True,,,,
lre,prefix,CAM,tick,False,True,True,False,True,False,False,False,CAM,CAM,0,-,True,,,,
lre,prefix,CAM,ReqVel,False,True,True,False,True,False,False,True,OCM,OCM,1,CAMToOCM_1,True,,,,
lre,prefix,CAM,ReqHdng,False,True,True,False,True,False,False,True,OCM,OCM,1,CAMToOCM_1,True,,,,
lre,prefix,CAM,ReqMOM,False,True,True,False,True,False,False,True,OCM,OCM,1,CAMToOCM_1,True,,,,
lre,prefix,CAM,ReqOCM,False,True,True,False,True,False,False,True,OCM,OCM,2,CAMToOCM|CAMToOCM_1,True,,,,
lre,prefix,CAM,EndTask,False,True,True,False,True,False,False,True,OCM,OCM,1,CAMToOCM_1,True,,,,
lre,prefix,CAM,ReqHCM,False,True,True,False,True,False,False,True,OCM,OCM,1,CAMToOCM_1,True,,,,
lre,prefix,CAM,tick,False,True,True,False,True,False,False,True,OCM,OCM,1,CAMToOCM_1,True,,,,
lre,prefix,CAM,ReqVel,False,True,True,False,True,False,True,False,CAM,CAM,0,-,True,,,,
lre,prefix,CAM,ReqHdng,False,True,True,False,True,False,True,False,CAM,CAM,0,-,True,,,,
lre,prefix,CAM,ReqMOM,False,True,True,False,True,False,True,False,CAM,CAM,0,-,True,,,,
lre,prefix,CAM,ReqOCM,False,True,True,False,True,False,True,False,OCM,OCM,1,CAMToOCM,True,,,,
lre,prefix,CAM,EndTask,False,True,True,False,True,False,True,False,CAM,CAM,0,-,True,,,,
lre,prefix,CAM,ReqHCM,False,True,True,False,True,False,True,False,CAM,CAM,0,-,True,,,,
lre,prefix,CAM,tick,False,True,True,False,True,False,True,False,CAM,CAM,0,-,True,,,,
lre,prefix,CAM,ReqVel,False,True,True,False,True,False,True,True,OCM,OCM,1,CAMToOCM_1,True,,,,
lre,prefix,CAM,ReqHdng,False,True,True,False,True,False,True,True,OCM,OCM,1,CAMToOCM_1,True,,,,
lre,prefix,CAM,ReqMOM,False,True,True,False,True,False,True,True,OCM,OCM,1,CAMToOCM_1,True,,,,
lre,prefix,CAM,ReqOCM,False,True,True,False,True,False,True,True,OCM,OCM,2,CAMToOCM|CAMToOCM_1,True,,,,
lre,prefix,CAM,EndTask,False,True,True,False,True,False,True,True,OCM,OCM,1,CAMToOCM_1,True,,,,
lre,prefix,CAM,ReqHCM,False,True,True,False,True,False,True,True,OCM,OCM,1,CAMToOCM_1,True,,,,
lre,prefix,CAM,tick,False,True,True,False,True,False,True,True,OCM,OCM,1,CAMToOCM_1,True,,,,
lre,prefix,CAM,ReqVel,False,True,True,False,True,True,False,False,CAM,CAM,0,-,True,,,,
lre,prefix,CAM,ReqHdng,False,True,True,False,True,True,False,False,CAM,CAM,0,-,True,,,,
lre,prefix,CAM,ReqMOM,False,True,True,False,True,True,False,False,CAM,CAM,0,-,True,,,,
lre,prefix,CAM,ReqOCM,False,True,True,False,True,True,False,False,OCM,OCM,1,CAMToOCM,True,,,,
lre,prefix,CAM,EndTask,False,True,True,False,True,True,False,False,CAM,CAM,0,-,True,,,,
lre,prefix,CAM,ReqHCM,False,True,True,False,True,True,False,False,CAM,CAM,0,-,True,,,,
lre,prefix,CAM,tick,False,True,True,False,True,True,False,False,CAM,CAM,0,-,True,,,,
lre,prefix,CAM,ReqVel,False,True,True,False,True,True,False,True,OCM,OCM,1,CAMToOCM_1,True,,,,
lre,prefix,CAM,ReqHdng,False,True,True,False,True,True,False,True,OCM,OCM,1,CAMToOCM_1,True,,,,
lre,prefix,CAM,ReqMOM,False,True,True,False,True,True,False,True,OCM,OCM,1,CAMToOCM_1,True,,,,
lre,prefix,CAM,ReqOCM,False,True,True,False,True,True,False,True,OCM,OCM,2,CAMToOCM|CAMToOCM_1,True,,,,
lre,prefix,CAM,EndTask,False,True,True,False,True,True,False,True,OCM,OCM,1,CAMToOCM_1,True,,,,
lre,prefix,CAM,ReqHCM,False,True,True,False,True,True,False,True,OCM,OCM,1,CAMToOCM_1,True,,,,
lre,prefix,CAM,tick,False,True,True,False,True,True,False,True,OCM,OCM,1,CAMToOCM_1,True,,,,
lre,prefix,CAM,ReqVel,False,True,True,False,True,True,True,False,CAM,CAM,0,-,True,,,,
lre,prefix,CAM,ReqHdng,False,True,True,False,True,True,True,False,CAM,CAM,0,-,True,,,,
lre,prefix,CAM,ReqMOM,False,True,True,False,True,True,True,False,CAM,CAM,0,-,True,,,,
lre,prefix,CAM,ReqOCM,False,True,True,False,True,True,True,False,OCM,OCM,1,CAMToOCM,True,,,,
lre,prefix,CAM,EndTask,False,True,True,False,True,True,True,False,CAM,CAM,0,-,True,,,,
lre,prefix,CAM,ReqHCM,False,True,True,False,True,True,True,False,CAM,CAM,0,-,True,,,,
lre,prefix,CAM,tick,False,True,True,False,True,True,True,False,CAM,CAM,0,-,True,,,,
lre,prefix,CAM,ReqVel,False,True,True,False,True,True,True,True,OCM,OCM,1,CAMToOCM_1,True,,,,
lre,prefix,CAM,ReqHdng,False,True,True,False,True,True,True,True,OCM,OCM,1,CAMToOCM_1,True,,,,
lre,prefix,CAM,ReqMOM,False,True,True,False,True,True,True,True,OCM,OCM,1,CAMToOCM_1,True,,,,
lre,prefix,CAM,ReqOCM,False,True,True,False,True,True,True,True,OCM,OCM,2,CAMToOCM|CAMToOCM_1,True,,,,
lre,prefix,CAM,EndTask,False,True,True,False,True,True,True,True,OCM,OCM,1,CAMToOCM_1,True,,,,
lre,prefix,CAM,ReqHCM,False,True,True,False,True,True,True,True,OCM,OCM,1,CAMToOCM_1,True,,,,
lre,prefix,CAM,tick,False,True,True,False,True,True,True,True,OCM,OCM,1,CAMToOCM_1,True,,,,
lre,prefix,CAM,ReqVel,False,True,True,True,False,False,False,False,CAM,CAM,0,-,True,,,,
lre,prefix,CAM,ReqHdng,False,True,True,True,False,False,False,False,CAM,CAM,0,-,True,,,,
lre,prefix,CAM,ReqMOM,False,True,True,True,False,False,False,False,CAM,CAM,0,-,True,,,,
lre,prefix,CAM,ReqOCM,False,True,True,True,False,False,False,False,OCM,OCM,1,CAMToOCM,True,,,,
lre,prefix,CAM,EndTask,False,True,True,True,False,False,False,False,CAM,CAM,0,-,True,,,,
lre,prefix,CAM,ReqHCM,False,True,True,True,False,False,False,False,CAM,CAM,0,-,True,,,,
lre,prefix,CAM,tick,False,True,True,True,False,False,False,False,CAM,CAM,0,-,True,,,,
lre,prefix,CAM,ReqVel,False,True,True,True,False,False,False,True,OCM,OCM,1,CAMToOCM_1,True,,,,
lre,prefix,CAM,ReqHdng,False,True,True,True,False,False,False,True,OCM,OCM,1,CAMToOCM_1,True,,,,
lre,prefix,CAM,ReqMOM,False,True,True,True,False,False,False,True,OCM,OCM,1,CAMToOCM_1,True,,,,
lre,prefix,CAM,ReqOCM,False,True,True,True,False,False,False,True,OCM,OCM,2,CAMToOCM|CAMToOCM_1,True,,,,
lre,prefix,CAM,EndTask,False,True,True,True,False,False,False,True,OCM,OCM,1,CAMToOCM_1,True,,,,
lre,prefix,CAM,ReqHCM,False,True,True,True,False,False,False,True,OCM,OCM,1,CAMToOCM_1,True,,,,
lre,prefix,CAM,tick,False,True,True,True,False,False,False,True,OCM,OCM,1,CAMToOCM_1,True,,,,
lre,prefix,CAM,ReqVel,False,True,True,True,False,False,True,False,CAM,CAM,0,-,True,,,,
lre,prefix,CAM,ReqHdng,False,True,True,True,False,False,True,False,CAM,CAM,0,-,True,,,,
lre,prefix,CAM,ReqMOM,False,True,True,True,False,False,True,False,CAM,CAM,0,-,True,,,,
lre,prefix,CAM,ReqOCM,False,True,True,True,False,False,True,False,OCM,OCM,1,CAMToOCM,True,,,,
lre,prefix,CAM,EndTask,False,True,True,True,False,False,True,False,CAM,CAM,0,-,True,,,,
lre,prefix,CAM,ReqHCM,False,True,True,True,False,False,True,False,CAM,CAM,0,-,True,,,,
lre,prefix,CAM,tick,False,True,True,True,False,False,True,False,CAM,CAM,0,-,True,,,,
lre,prefix,CAM,ReqVel,False,True,True,True,False,False,True,True,OCM,OCM,1,CAMToOCM_1,True,,,,
lre,prefix,CAM,ReqHdng,False,True,True,True,False,False,True,True,OCM,OCM,1,CAMToOCM_1,True,,,,
lre,prefix,CAM,ReqMOM,False,True,True,True,False,False,True,True,OCM,OCM,1,CAMToOCM_1,True,,,,
lre,prefix,CAM,ReqOCM,False,True,True,True,False,False,True,True,OCM,OCM,2,CAMToOCM|CAMToOCM_1,True,,,,
lre,prefix,CAM,EndTask,False,True,True,True,False,False,True,True,OCM,OCM,1,CAMToOCM_1,True,,,,
lre,prefix,CAM,ReqHCM,False,True,True,True,False,False,True,True,OCM,OCM,1,CAMToOCM_1,True,,,,
lre,prefix,CAM,tick,False,True,True,True,False,False,True,True,OCM,OCM,1,CAMToOCM_1,True,,,,
lre,prefix,CAM,ReqVel,False,True,True,True,False,True,False,False,CAM,CAM,0,-,True,,,,
lre,prefix,CAM,ReqHdng,False,True,True,True,False,True,False,False,CAM,CAM,0,-,True,,,,
lre,prefix,CAM,ReqMOM,False,True,True,True,False,True,False,False,CAM,CAM,0,-,True,,,,
lre,prefix,CAM,ReqOCM,False,True,True,True,False,True,False,False,OCM,OCM,1,CAMToOCM,True,,,,
lre,prefix,CAM,EndTask,False,True,True,True,False,True,False,False,CAM,CAM,0,-,True,,,,
lre,prefix,CAM,ReqHCM,False,True,True,True,False,True,False,False,CAM,CAM,0,-,True,,,,
lre,prefix,CAM,tick,False,True,True,True,False,True,False,False,CAM,CAM,0,-,True,,,,
lre,prefix,CAM,ReqVel,False,True,True,True,False,True,False,True,OCM,OCM,1,CAMToOCM_1,True,,,,
lre,prefix,CAM,ReqHdng,False,True,True,True,False,True,False,True,OCM,OCM,1,CAMToOCM_1,True,,,,
lre,prefix,CAM,ReqMOM,False,True,True,True,False,True,False,True,OCM,OCM,1,CAMToOCM_1,True,,,,
lre,prefix,CAM,ReqOCM,False,True,True,True,False,True,False,True,OCM,OCM,2,CAMToOCM|CAMToOCM_1,True,,,,
lre,prefix,CAM,EndTask,False,True,True,True,False,True,False,True,OCM,OCM,1,CAMToOCM_1,True,,,,
lre,prefix,CAM,ReqHCM,False,True,True,True,False,True,False,True,OCM,OCM,1,CAMToOCM_1,True,,,,
lre,prefix,CAM,tick,False,True,True,True,False,True,False,True,OCM,OCM,1,CAMToOCM_1,True,,,,
lre,prefix,CAM,ReqVel,False,True,True,True,False,True,True,False,CAM,CAM,0,-,True,,,,
lre,prefix,CAM,ReqHdng,False,True,True,True,False,True,True,False,CAM,CAM,0,-,True,,,,
lre,prefix,CAM,ReqMOM,False,True,True,True,False,True,True,False,CAM,CAM,0,-,True,,,,
lre,prefix,CAM,ReqOCM,False,True,True,True,False,True,True,False,OCM,OCM,1,CAMToOCM,True,,,,
lre,prefix,CAM,EndTask,False,True,True,True,False,True,True,False,CAM,CAM,0,-,True,,,,
lre,prefix,CAM,ReqHCM,False,True,True,True,False,True,True,False,CAM,CAM,0,-,True,,,,
lre,prefix,CAM,tick,False,True,True,True,False,True,True,False,CAM,CAM,0,-,True,,,,
lre,prefix,CAM,ReqVel,False,True,True,True,False,True,True,True,OCM,OCM,1,CAMToOCM_1,True,,,,
lre,prefix,CAM,ReqHdng,False,True,True,True,False,True,True,True,OCM,OCM,1,CAMToOCM_1,True,,,,
lre,prefix,CAM,ReqMOM,False,True,True,True,False,True,True,True,OCM,OCM,1,CAMToOCM_1,True,,,,
lre,prefix,CAM,ReqOCM,False,True,True,True,False,True,True,True,OCM,OCM,2,CAMToOCM|CAMToOCM_1,True,,,,
lre,prefix,CAM,EndTask,False,True,True,True,False,True,True,True,OCM,OCM,1,CAMToOCM_1,True,,,,
lre,prefix,CAM,ReqHCM,False,True,True,True,False,True,True,True,OCM,OCM,1,CAMToOCM_1,True,,,,
lre,prefix,CAM,tick,False,True,True,True,False,True,True,True,OCM,OCM,1,CAMToOCM_1,True,,,,
lre,prefix,CAM,ReqVel,False,True,True,True,True,False,False,False,CAM,CAM,0,-,True,,,,
lre,prefix,CAM,ReqHdng,False,True,True,True,True,False,False,False,CAM,CAM,0,-,True,,,,
lre,prefix,CAM,ReqMOM,False,True,True,True,True,False,False,False,CAM,CAM,0,-,True,,,,
lre,prefix,CAM,ReqOCM,False,True,True,True,True,False,False,False,OCM,OCM,1,CAMToOCM,True,,,,
lre,prefix,CAM,EndTask,False,True,True,True,True,False,False,False,CAM,CAM,0,-,True,,,,
lre,prefix,CAM,ReqHCM,False,True,True,True,True,False,False,False,CAM,CAM,0,-,True,,,,
lre,prefix,CAM,tick,False,True,True,True,True,False,False,False,CAM,CAM,0,-,True,,,,
lre,prefix,CAM,ReqVel,False,True,True,True,True,False,False,True,OCM,OCM,1,CAMToOCM_1,True,,,,
lre,prefix,CAM,ReqHdng,False,True,True,True,True,False,False,True,OCM,OCM,1,CAMToOCM_1,True,,,,
lre,prefix,CAM,ReqMOM,False,True,True,True,True,False,False,True,OCM,OCM,1,CAMToOCM_1,True,,,,
lre,prefix,CAM,ReqOCM,False,True,True,True,True,False,False,True,OCM,OCM,2,CAMToOCM|CAMToOCM_1,True,,,,
lre,prefix,CAM,EndTask,False,True,True,True,True,False,False,True,OCM,OCM,1,CAMToOCM_1,True,,,,
lre,prefix,CAM,ReqHCM,False,True,True,True,True,False,False,True,OCM,OCM,1,CAMToOCM_1,True,,,,
lre,prefix,CAM,tick,False,True,True,True,True,False,False,True,OCM,OCM,1,CAMToOCM_1,True,,,,
lre,prefix,CAM,ReqVel,False,True,True,True,True,False,True,False,CAM,CAM,0,-,True,,,,
lre,prefix,CAM,ReqHdng,False,True,True,True,True,False,True,False,CAM,CAM,0,-,True,,,,
lre,prefix,CAM,ReqMOM,False,True,True,True,True,False,True,False,CAM,CAM,0,-,True,,,,
lre,prefix,CAM,ReqOCM,False,True,True,True,True,False,True,False,OCM,OCM,1,CAMToOCM,True,,,,
lre,prefix,CAM,EndTask,False,True,True,True,True,False,True,False,CAM,CAM,0,-,True,,,,
lre,prefix,CAM,ReqHCM,False,True,True,True,True,False,True,False,CAM,CAM,0,-,True,,,,
lre,prefix,CAM,tick,False,True,True,True,True,False,True,False,CAM,CAM,0,-,True,,,,
lre,prefix,CAM,ReqVel,False,True,True,True,True,False,True,True,OCM,OCM,1,CAMToOCM_1,True,,,,
lre,prefix,CAM,ReqHdng,False,True,True,True,True,False,True,True,OCM,OCM,1,CAMToOCM_1,True,,,,
lre,prefix,CAM,ReqMOM,False,True,True,True,True,False,True,True,OCM,OCM,1,CAMToOCM_1,True,,,,
lre,prefix,CAM,ReqOCM,False,True,True,True,True,False,True,True,OCM,OCM,2,CAMToOCM|CAMToOCM_1,True,,,,
lre,prefix,CAM,EndTask,False,True,True,True,True,False,True,True,OCM,OCM,1,CAMToOCM_1,True,,,,
lre,prefix,CAM,ReqHCM,False,True,True,True,True,False,True,True,OCM,OCM,1,CAMToOCM_1,True,,,,
lre,prefix,CAM,tick,False,True,True,True,True,False,True,True,OCM,OCM,1,CAMToOCM_1,True,,,,
lre,prefix,CAM,ReqVel,False,True,True,True,True,True,False,False,CAM,CAM,0,-,True,,,,
lre,prefix,CAM,ReqHdng,False,True,True,True,True,True,False,False,CAM,CAM,0,-,True,,,,
lre,prefix,CAM,ReqMOM,False,True,True,True,True,True,False,False,CAM,CAM,0,-,True,,,,
lre,prefix,CAM,ReqOCM,False,True,True,True,True,True,False,False,OCM,OCM,1,CAMToOCM,True,,,,
lre,prefix,CAM,EndTask,False,True,True,True,True,True,False,False,CAM,CAM,0,-,True,,,,
lre,prefix,CAM,ReqHCM,False,True,True,True,True,True,False,False,CAM,CAM,0,-,True,,,,
lre,prefix,CAM,tick,False,True,True,True,True,True,False,False,CAM,CAM,0,-,True,,,,
lre,prefix,CAM,ReqVel,False,True,True,True,True,True,False,True,OCM,OCM,1,CAMToOCM_1,True,,,,
lre,prefix,CAM,ReqHdng,False,True,True,True,True,True,False,True,OCM,OCM,1,CAMToOCM_1,True,,,,
lre,prefix,CAM,ReqMOM,False,True,True,True,True,True,False,True,OCM,OCM,1,CAMToOCM_1,True,,,,
lre,prefix,CAM,ReqOCM,False,True,True,True,True,True,False,True,OCM,OCM,2,CAMToOCM|CAMToOCM_1,True,,,,
lre,prefix,CAM,EndTask,False,True,True,True,True,True,False,True,OCM,OCM,1,CAMToOCM_1,True,,,,
lre,prefix,CAM,ReqHCM,False,True,True,True,True,True,False,True,OCM,OCM,1,CAMToOCM_1,True,,,,
lre,prefix,CAM,tick,False,True,True,True,True,True,False,True,OCM,OCM,1,CAMToOCM_1,True,,,,
lre,prefix,CAM,ReqVel,False,True,True,True,True,True,True,False,CAM,CAM,0,-,True,,,,
lre,prefix,CAM,ReqHdng,False,True,True,True,True,True,True,False,CAM,CAM,0,-,True,,,,
lre,prefix,CAM,ReqMOM,False,True,True,True,True,True,True,False,CAM,CAM,0,-,True,,,,
lre,prefix,CAM,ReqOCM,False,True,True,True,True,True,True,False,OCM,OCM,1,CAMToOCM,True,,,,
lre,prefix,CAM,EndTask,False,True,True,True,True,True,True,False,CAM,CAM,0,-,True,,,,
lre,prefix,CAM,ReqHCM,False,True,True,True,True,True,True,False,CAM,CAM,0,-,True,,,,
lre,prefix,CAM,tick,False,True,True,True,True,True,True,False,CAM,CAM,0,-,True,,,,
lre,prefix,CAM,ReqVel,False,True,True,True,True,True,True,True,OCM,OCM,1,CAMToOCM_1,True,,,,
lre,prefix,CAM,ReqHdng,False,True,True,True,True,True,True,True,OCM,OCM,1,CAMToOCM_1,True,,,,
lre,prefix,CAM,ReqMOM,False,True,True,True,True,True,True,True,OCM,OCM,1,CAMToOCM_1,True,,,,
lre,prefix,CAM,ReqOCM,False,True,True,True,True,True,True,True,OCM,OCM,2,CAMToOCM|CAMToOCM_1,True,,,,
lre,prefix,CAM,EndTask,False,True,True,True,True,True,True,True,OCM,OCM,1,CAMToOCM_1,True,,,,
lre,prefix,CAM,ReqHCM,False,True,True,True,True,True,True,True,OCM,OCM,1,CAMToOCM_1,True,,,,
lre,prefix,CAM,tick,False,True,True,True,True,True,True,True,OCM,OCM,1,CAMToOCM_1,True,,,,
lre,prefix,CAM,ReqVel,True,False,False,False,False,False,False,False,CAM,CAM,0,-,True,,,,
lre,prefix,CAM,ReqHdng,True,False,False,False,False,False,False,False,CAM,CAM,0,-,True,,,,
lre,prefix,CAM,ReqMOM,True,False,False,False,False,False,False,False,CAM,CAM,0,-,True,,,,
lre,prefix,CAM,ReqOCM,True,False,False,False,False,False,False,False,OCM,OCM,1,CAMToOCM,True,,,,
lre,prefix,CAM,EndTask,True,False,False,False,False,False,False,False,CAM,CAM,0,-,True,,,,
lre,prefix,CAM,ReqHCM,True,False,False,False,False,False,False,False,CAM,CAM,0,-,True,,,,
lre,prefix,CAM,tick,True,False,False,False,False,False,False,False,CAM,CAM,0,-,True,,,,
lre,prefix,CAM,ReqVel,True,False,False,False,False,False,False,True,OCM,OCM,1,CAMToOCM_1,True,,,,
lre,prefix,CAM,ReqHdng,True,False,False,False,False,False,False,True,OCM,OCM,1,CAMToOCM_1,True,,,,
lre,prefix,CAM,ReqMOM,True,False,False,False,False,False,False,True,OCM,OCM,1,CAMToOCM_1,True,,,,
lre,prefix,CAM,ReqOCM,True,False,False,False,False,False,False,True,OCM,OCM,2,CAMToOCM|CAMToOCM_1,True,,,,
lre,prefix,CAM,EndTask,True,False,False,False,False,False,False,True,OCM,OCM,1,CAMToOCM_1,True,,,,
lre,prefix,CAM,ReqHCM,True,False,False,False,False,False,False,True,OCM,OCM,1,CAMToOCM_1,True,,,,
lre,prefix,CAM,tick,True,False,False,False,False,False,False,True,OCM,OCM,1,CAMToOCM_1,True,,,,
lre,prefix,CAM,ReqVel,True,False,False,False,False,False,True,False,CAM,CAM,0,-,True,,,,
lre,prefix,CAM,ReqHdng,True,False,False,False,False,False,True,False,CAM,CAM,0,-,True,,,,
lre,prefix,CAM,ReqMOM,True,False,False,False,False,False,True,False,CAM,CAM,0,-,True,,,,
lre,prefix,CAM,ReqOCM,True,False,False,False,False,False,True,False,OCM,OCM,1,CAMToOCM,True,,,,
lre,prefix,CAM,EndTask,True,False,False,False,False,False,True,False,CAM,CAM,0,-,True,,,,
lre,prefix,CAM,ReqHCM,True,False,False,False,False,False,True,False,CAM,CAM,0,-,True,,,,
lre,prefix,CAM,tick,True,False,False,False,False,False,True,False,CAM,CAM,0,-,True,,,,
lre,prefix,CAM,ReqVel,True,False,False,False,False,False,True,True,OCM,OCM,1,CAMToOCM_1,True,,,,
lre,prefix,CAM,ReqHdng,True,False,False,False,False,False,True,True,OCM,OCM,1,CAMToOCM_1,True,,,,
lre,prefix,CAM,ReqMOM,True,False,False,False,False,False,True,True,OCM,OCM,1,CAMToOCM_1,True,,,,
lre,prefix,CAM,ReqOCM,True,False,False,False,False,False,True,True,OCM,OCM,2,CAMToOCM|CAMToOCM_1,True,,,,
lre,prefix,CAM,EndTask,True,False,False,False,False,False,True,True,OCM,OCM,1,CAMToOCM_1,True,,,,
lre,prefix,CAM,ReqHCM,True,False,False,False,False,False,True,True,OCM,OCM,1,CAMToOCM_1,True,,,,
lre,prefix,CAM,tick,True,False,False,False,False,False,True,True,OCM,OCM,1,CAMToOCM_1,True,,,,
lre,prefix,CAM,ReqVel,True,False,False,False,False,True,False,False,CAM,CAM,0,-,True,,,,
lre,prefix,CAM,ReqHdng,True,False,False,False,False,True,False,False,CAM,CAM,0,-,True,,,,
lre,prefix,CAM,ReqMOM,True,False,False,False,False,True,False,False,CAM,CAM,0,-,True,,,,
lre,prefix,CAM,ReqOCM,True,False,False,False,False,True,False,False,OCM,OCM,1,CAMToOCM,True,,,,
lre,prefix,CAM,EndTask,True,False,False,False,False,True,False,False,CAM,CAM,0,-,True,,,,
lre,prefix,CAM,ReqHCM,True,False,False,False,False,True,False,False,CAM,CAM,0,-,True,,,,
lre,prefix,CAM,tick,True,False,False,False,False,True,False,False,CAM,CAM,0,-,True,,,,
lre,prefix,CAM,ReqVel,True,False,False,False,False,True,False,True,OCM,OCM,1,CAMToOCM_1,True,,,,
lre,prefix,CAM,ReqHdng,True,False,False,False,False,True,False,True,OCM,OCM,1,CAMToOCM_1,True,,,,
lre,prefix,CAM,ReqMOM,True,False,False,False,False,True,False,True,OCM,OCM,1,CAMToOCM_1,True,,,,
lre,prefix,CAM,ReqOCM,True,False,False,False,False,True,False,True,OCM,OCM,2,CAMToOCM|CAMToOCM_1,True,,,,
lre,prefix,CAM,EndTask,True,False,False,False,False,True,False,True,OCM,OCM,1,CAMToOCM_1,True,,,,
lre,prefix,CAM,ReqHCM,True,False,False,False,False,True,False,True,OCM,OCM,1,CAMToOCM_1,True,,,,
lre,prefix,CAM,tick,True,False,False,False,False,True,False,True,OCM,OCM,1,CAMToOCM_1,True,,,,
lre,prefix,CAM,ReqVel,True,False,False,False,False,True,True,False,CAM,CAM,0,-,True,,,,
lre,prefix,CAM,ReqHdng,True,False,False,False,False,True,True,False,CAM,CAM,0,-,True,,,,
lre,prefix,CAM,ReqMOM,True,False,False,False,False,True,True,False,CAM,CAM,0,-,True,,,,
lre,prefix,CAM,ReqOCM,True,False,False,False,False,True,True,False,OCM,OCM,1,CAMToOCM,True,,,,
lre,prefix,CAM,EndTask,True,False,False,False,False,True,True,False,CAM,CAM,0,-,True,,,,
lre,prefix,CAM,ReqHCM,True,False,False,False,False,True,True,False,CAM,CAM,0,-,True,,,,
lre,prefix,CAM,tick,True,False,False,False,False,True,True,False,CAM,CAM,0,-,True,,,,
lre,prefix,CAM,ReqVel,True,False,False,False,False,True,True,True,OCM,OCM,1,CAMToOCM_1,True,,,,
lre,prefix,CAM,ReqHdng,True,False,False,False,False,True,True,True,OCM,OCM,1,CAMToOCM_1,True,,,,
lre,prefix,CAM,ReqMOM,True,False,False,False,False,True,True,True,OCM,OCM,1,CAMToOCM_1,True,,,,
lre,prefix,CAM,ReqOCM,True,False,False,False,False,True,True,True,OCM,OCM,2,CAMToOCM|CAMToOCM_1,True,,,,
lre,prefix,CAM,EndTask,True,False,False,False,False,True,True,True,OCM,OCM,1,CAMToOCM_1,True,,,,
lre,prefix,CAM,ReqHCM,True,False,False,False,False,True,True,True,OCM,OCM,1,CAMToOCM_1,True,,,,
lre,prefix,CAM,tick,True,False,False,False,False,True,True,True,OCM,OCM,1,CAMToOCM_1,True,,,,
lre,prefix,CAM,ReqVel,True,False,False,False,True,False,False,False,CAM,CAM,0,-,True,,,,
lre,prefix,CAM,ReqHdng,True,False,False,False,True,False,False,False,CAM,CAM,0,-,True,,,,
lre,prefix,CAM,ReqMOM,True,False,False,False,True,False,False,False,CAM,CAM,0,-,True,,,,
lre,prefix,CAM,ReqOCM,True,False,False,False,True,False,False,False,OCM,OCM,1,CAMToOCM,True,,,,
lre,prefix,CAM,EndTask,True,False,False,False,True,False,False,False,CAM,CAM,0,-,True,,,,
lre,prefix,CAM,ReqHCM,True,False,False,False,True,False,False,False,CAM,CAM,0,-,True,,,,
lre,prefix,CAM,tick,True,False,False,False,True,False,False,False,CAM,CAM,0,-,True,,,,
lre,prefix,CAM,ReqVel,True,False,False,False,True,False,False,True,OCM,OCM,1,CAMToOCM_1,True,,,,
lre,prefix,CAM,ReqHdng,True,False,False,False,True,False,False,True,OCM,OCM,1,CAMToOCM_1,True,,,,
lre,prefix,CAM,ReqMOM,True,False,False,False,True,False,False,True,OCM,OCM,1,CAMToOCM_1,True,,,,
lre,prefix,CAM,ReqOCM,True,False,False,False,True,False,False,True,OCM,OCM,2,CAMToOCM|CAMToOCM_1,True,,,,
lre,prefix,CAM,EndTask,True,False,False,False,True,False,False,True,OCM,OCM,1,CAMToOCM_1,True,,,,
lre,prefix,CAM,ReqHCM,True,False,False,False,True,False,False,True,OCM,OCM,1,CAMToOCM_1,True,,,,
lre,prefix,CAM,tick,True,False,False,False,True,False,False,True,OCM,OCM,1,CAMToOCM_1,True,,,,
lre,prefix,CAM,ReqVel,True,False,False,False,True,False,True,False,CAM,CAM,0,-,True,,,,
lre,prefix,CAM,ReqHdng,True,False,False,False,True,False,True,False,CAM,CAM,0,-,True,,,,
lre,prefix,CAM,ReqMOM,True,False,False,False,True,False,True,False,CAM,CAM,0,-,True,,,,
lre,prefix,CAM,ReqOCM,True,False,False,False,True,False,True,False,OCM,OCM,1,CAMToOCM,True,,,,
lre,prefix,CAM,EndTask,True,False,False,False,True,False,True,False,CAM,CAM,0,-,True,,,,
lre,prefix,CAM,ReqHCM,True,False,False,False,True,False,True,False,CAM,CAM,0,-,True,,,,
lre,prefix,CAM,tick,True,False,False,False,True,False,True,False,CAM,CAM,0,-,True,,,,
lre,prefix,CAM,ReqVel,True,False,False,False,True,False,True,True,OCM,OCM,1,CAMToOCM_1,True,,,,
lre,prefix,CAM,ReqHdng,True,False,False,False,True,False,True,True,OCM,OCM,1,CAMToOCM_1,True,,,,
lre,prefix,CAM,ReqMOM,True,False,False,False,True,False,True,True,OCM,OCM,1,CAMToOCM_1,True,,,,
lre,prefix,CAM,ReqOCM,True,False,False,False,True,False,True,True,OCM,OCM,2,CAMToOCM|CAMToOCM_1,True,,,,
lre,prefix,CAM,EndTask,True,False,False,False,True,False,True,True,OCM,OCM,1,CAMToOCM_1,True,,,,
lre,prefix,CAM,ReqHCM,True,False,False,False,True,False,True,True,OCM,OCM,1,CAMToOCM_1,True,,,,
lre,prefix,CAM,tick,True,False,False,False,True,False,True,True,OCM,OCM,1,CAMToOCM_1,True,,,,
lre,prefix,CAM,ReqVel,True,False,False,False,True,True,False,False,CAM,CAM,0,-,True,,,,
lre,prefix,CAM,ReqHdng,True,False,False,False,True,True,False,False,CAM,CAM,0,-,True,,,,
lre,prefix,CAM,ReqMOM,True,False,False,False,True,True,False,False,CAM,CAM,0,-,True,,,,
lre,prefix,CAM,ReqOCM,True,False,False,False,True,True,False,False,OCM,OCM,1,CAMToOCM,True,,,,
lre,prefix,CAM,EndTask,True,False,False,False,True,True,False,False,CAM,CAM,0,-,True,,,,
lre,prefix,CAM,ReqHCM,True,False,False,False,True,True,False,False,CAM,CAM,0,-,True,,,,
lre,prefix,CAM,tick,True,False,False,False,True,True,False,False,CAM,CAM,0,-,True,,,,
lre,prefix,CAM,ReqVel,True,False,False,False,True,True,False,True,OCM,OCM,1,CAMToOCM_1,True,,,,
lre,prefix,CAM,ReqHdng,True,False,False,False,True,True,False,True,OCM,OCM,1,CAMToOCM_1,True,,,,
lre,prefix,CAM,ReqMOM,True,False,False,False,True,True,False,True,OCM,OCM,1,CAMToOCM_1,True,,,,
lre,prefix,CAM,ReqOCM,True,False,False,False,True,True,False,True,OCM,OCM,2,CAMToOCM|CAMToOCM_1,True,,,,
lre,prefix,CAM,EndTask,True,False,False,False,True,True,False,True,OCM,OCM,1,CAMToOCM_1,True,,,,
lre,prefix,CAM,ReqHCM,True,False,False,False,True,True,False,True,OCM,OCM,1,CAMToOCM_1,True,,,,
lre,prefix,CAM,tick,True,False,False,False,True,True,False,True,OCM,OCM,1,CAMToOCM_1,True,,,,
lre,prefix,CAM,ReqVel,True,False,False,False,True,True,True,False,CAM,CAM,0,-,True,,,,
lre,prefix,CAM,ReqHdng,True,False,False,False,True,True,True,False,CAM,CAM,0,-,True,,,,
lre,prefix,CAM,ReqMOM,True,False,False,False,True,True,True,False,CAM,CAM,0,-,True,,,,
lre,prefix,CAM,ReqOCM,True,False,False,False,True,True,True,False,OCM,OCM,1,CAMToOCM,True,,,,
lre,prefix,CAM,EndTask,True,False,False,False,True,True,True,False,CAM,CAM,0,-,True,,,,
lre,prefix,CAM,ReqHCM,True,False,False,False,True,True,True,False,CAM,CAM,0,-,True,,,,
lre,prefix,CAM,tick,True,False,False,False,True,True,True,False,CAM,CAM,0,-,True,,,,
lre,prefix,CAM,ReqVel,True,False,False,False,True,True,True,True,OCM,OCM,1,CAMToOCM_1,True,,,,
lre,prefix,CAM,ReqHdng,True,False,False,False,True,True,True,True,OCM,OCM,1,CAMToOCM_1,True,,,,
lre,prefix,CAM,ReqMOM,True,False,False,False,True,True,True,True,OCM,OCM,1,CAMToOCM_1,True,,,,
lre,prefix,CAM,ReqOCM,True,False,False,False,True,True,True,True,OCM,OCM,2,CAMToOCM|CAMToOCM_1,True,,,,
lre,prefix,CAM,EndTask,True,False,False,False,True,True,True,True,OCM,OCM,1,CAMToOCM_1,True,,,,
lre,prefix,CAM,ReqHCM,True,False,False,False,True,True,True,True,OCM,OCM,1,CAMToOCM_1,True,,,,
lre,prefix,CAM,tick,True,False,False,False,True,True,True,True,OCM,OCM,1,CAMToOCM_1,True,,,,
lre,prefix,CAM,ReqVel,True,False,False,True,False,False,False,False,CAM,CAM,0,-,True,,,,
lre,prefix,CAM,ReqHdng,True,False,False,True,False,False,False,False,CAM,CAM,0,-,True,,,,
lre,prefix,CAM,ReqMOM,True,False,False,True,False,False,False,False,CAM,CAM,0,-,True,,,,
lre,prefix,CAM,ReqOCM,True,False,False,True,False,False,False,False,OCM,OCM,1,CAMToOCM,True,,,,
lre,prefix,CAM,EndTask,True,False,False,True,False,False,False,False,CAM,CAM,0,-,True,,,,
lre,prefix,CAM,ReqHCM,True,False,False,True,False,False,False,False,CAM,CAM,0,-,True,,,,
lre,prefix,CAM,tick,True,False,False,True,False,False,False,False,CAM,CAM,0,-,True,,,,
lre,prefix,CAM,ReqVel,True,False,False,True,False,False,False,True,OCM,OCM,1,CAMToOCM_1,True,,,,
lre,prefix,CAM,ReqHdng,True,False,False,True,False,False,False,True,OCM,OCM,1,CAMToOCM_1,True,,,,
lre,prefix,CAM,ReqMOM,True,False,False,True,False,False,False,True,OCM,OCM,1,CAMToOCM_1,True,,,,
lre,prefix,CAM,ReqOCM,True,False,False,True,False,False,False,True,OCM,OCM,2,CAMToOCM|CAMToOCM_1,True,,,,
lre,prefix,CAM,EndTask,True,False,False,True,False,False,False,True,OCM,OCM,1,CAMToOCM_1,True,,,,
lre,prefix,CAM,ReqHCM,True,False,False,True,False,False,False,True,OCM,OCM,1,CAMToOCM_1,True,,,,
lre,prefix,CAM,tick,True,False,False,True,False,False,False,True,OCM,OCM,1,CAMToOCM_1,True,,,,
lre,prefix,CAM,ReqVel,True,False,False,True,False,False,True,False,CAM,CAM,0,-,True,,,,
lre,prefix,CAM,ReqHdng,True,False,False,True,False,False,True,False,CAM,CAM,0,-,True,,,,
lre,prefix,CAM,ReqMOM,True,False,False,True,False,False,True,False,CAM,CAM,0,-,True,,,,
lre,prefix,CAM,ReqOCM,True,False,False,True,False,False,True,False,OCM,OCM,1,CAMToOCM,True,,,,
lre,prefix,CAM,EndTask,True,False,False,True,False,False,True,False,CAM,CAM,0,-,True,,,,
lre,prefix,CAM,ReqHCM,True,False,False,True,False,False,True,False,CAM,CAM,0,-,True,,,,
lre,prefix,CAM,tick,True,False,False,True,False,False,True,False,CAM,CAM,0,-,True,,,,
lre,prefix,CAM,ReqVel,True,False,False,True,False,False,True,True,OCM,OCM,1,CAMToOCM_1,True,,,,
lre,prefix,CAM,ReqHdng,True,False,False,True,False,False,True,True,OCM,OCM,1,CAMToOCM_1,True,,,,
lre,prefix,CAM,ReqMOM,True,False,False,True,False,False,True,True,OCM,OCM,1,CAMToOCM_1,True,,,,
lre,prefix,CAM,ReqOCM,True,False,False,True,False,False,True,True,OCM,OCM,2,CAMToOCM|CAMToOCM_1,True,,,,
lre,prefix,CAM,EndTask,True,False,False,True,False,False,True,True,OCM,OCM,1,CAMToOCM_1,True,,,,
lre,prefix,CAM,ReqHCM,True,False,False,True,False,False,True,True,OCM,OCM,1,CAMToOCM_1,True,,,,
lre,prefix,CAM,tick,True,False,False,True,False,False,True,True,OCM,OCM,1,CAMToOCM_1,True,,,,
lre,prefix,CAM,ReqVel,True,False,False,True,False,True,False,False,CAM,CAM,0,-,True,,,,
lre,prefix,CAM,ReqHdng,True,False,False,True,False,True,False,False,CAM,CAM,0,-,True,,,,
lre,prefix,CAM,ReqMOM,True,False,False,True,False,True,False,False,CAM,CAM,0,-,True,,,,
lre,prefix,CAM,ReqOCM,True,False,False,True,False,True,False,False,OCM,OCM,1,CAMToOCM,True,,,,
lre,prefix,CAM,EndTask,True,False,False,True,False,True,False,False,CAM,CAM,0,-,True,,,,
lre,prefix,CAM,ReqHCM,True,False,False,True,False,True,False,False,CAM,CAM,0,-,True,,,,
lre,prefix,CAM,tick,True,False,False,True,False,True,False,False,CAM,CAM,0,-,True,,,,
lre,prefix,CAM,ReqVel,True,False,False,True,False,True,False,True,OCM,OCM,1,CAMToOCM_1,True,,,,
lre,prefix,CAM,ReqHdng,True,False,False,True,False,True,False,True,OCM,OCM,1,CAMToOCM_1,True,,,,
lre,prefix,CAM,ReqMOM,True,False,False,True,False,True,False,True,OCM,OCM,1,CAMToOCM_1,True,,,,
lre,prefix,CAM,ReqOCM,True,False,False,True,False,True,False,True,OCM,OCM,2,CAMToOCM|CAMToOCM_1,True,,,,
lre,prefix,CAM,EndTask,True,False,False,True,False,True,False,True,OCM,OCM,1,CAMToOCM_1,True,,,,
lre,prefix,CAM,ReqHCM,True,False,False,True,False,True,False,True,OCM,OCM,1,CAMToOCM_1,True,,,,
lre,prefix,CAM,tick,True,False,False,True,False,True,False,True,OCM,OCM,1,CAMToOCM_1,True,,,,
lre,prefix,CAM,ReqVel,True,False,False,True,False,True,True,False,CAM,CAM,0,-,True,,,,
lre,prefix,CAM,ReqHdng,True,False,False,True,False,True,True,False,CAM,CAM,0,-,True,,,,
lre,prefix,CAM,ReqMOM,True,False,False,True,False,True,True,False,CAM,CAM,0,-,True,,,,
lre,prefix,CAM,ReqOCM,True,False,False,True,False,True,True,False,OCM,OCM,1,CAMToOCM,True,,,,
lre,prefix,CAM,EndTask,True,False,False,True,False,True,True,False,CAM,CAM,0,-,True,,,,
lre,prefix,CAM,ReqHCM,True,False,False,True,False,True,True,False,CAM,CAM,0,-,True,,,,
lre,prefix,CAM,tick,True,False,False,True,False,True,True,False,CAM,CAM,0,-,True,,,,
lre,prefix,CAM,ReqVel,True,False,False,True,False,True,True,True,OCM,OCM,1,CAMToOCM_1,True,,,,
lre,prefix,CAM,ReqHdng,True,False,False,True,False,True,True,True,OCM,OCM,1,CAMToOCM_1,True,,,,
lre,prefix,CAM,ReqMOM,True,False,False,True,False,True,True,True,OCM,OCM,1,CAMToOCM_1,True,,,,
lre,prefix,CAM,ReqOCM,True,False,False,True,False,True,True,True,OCM,OCM,2,CAMToOCM|CAMToOCM_1,True,,,,
lre,prefix,CAM,EndTask,True,False,False,True,False,True,True,True,OCM,OCM,1,CAMToOCM_1,True,,,,
lre,prefix,CAM,ReqHCM,True,False,False,True,False,True,True,True,OCM,OCM,1,CAMToOCM_1,True,,,,
lre,prefix,CAM,tick,True,False,False,True,False,True,True,True,OCM,OCM,1,CAMToOCM_1,True,,,,
lre,prefix,CAM,ReqVel,True,False,False,True,True,False,False,False,CAM,CAM,0,-,True,,,,
lre,prefix,CAM,ReqHdng,True,False,False,True,True,False,False,False,CAM,CAM,0,-,True,,,,
lre,prefix,CAM,ReqMOM,True,False,False,True,True,False,False,False,CAM,CAM,0,-,True,,,,
lre,prefix,CAM,ReqOCM,True,False,False,True,True,False,False,False,OCM,OCM,1,CAMToOCM,True,,,,
lre,prefix,CAM,EndTask,True,False,False,True,True,False,False,False,CAM,CAM,0,-,True,,,,
lre,prefix,CAM,ReqHCM,True,False,False,True,True,False,False,False,CAM,CAM,0,-,True,,,,
lre,prefix,CAM,tick,True,False,False,True,True,False,False,False,CAM,CAM,0,-,True,,,,
lre,prefix,CAM,ReqVel,True,False,False,True,True,False,False,True,OCM,OCM,1,CAMToOCM_1,True,,,,
lre,prefix,CAM,ReqHdng,True,False,False,True,True,False,False,True,OCM,OCM,1,CAMToOCM_1,True,,,,
lre,prefix,CAM,ReqMOM,True,False,False,True,True,False,False,True,OCM,OCM,1,CAMToOCM_1,True,,,,
lre,prefix,CAM,ReqOCM,True,False,False,True,True,False,False,True,OCM,OCM,2,CAMToOCM|CAMToOCM_1,True,,,,
lre,prefix,CAM,EndTask,True,False,False,True,True,False,False,True,OCM,OCM,1,CAMToOCM_1,True,,,,
lre,prefix,CAM,ReqHCM,True,False,False,True,True,False,False,True,OCM,OCM,1,CAMToOCM_1,True,,,,
lre,prefix,CAM,tick,True,False,False,True,True,False,False,True,OCM,OCM,1,CAMToOCM_1,True,,,,
lre,prefix,CAM,ReqVel,True,False,False,True,True,False,True,False,CAM,CAM,0,-,True,,,,
lre,prefix,CAM,ReqHdng,True,False,False,True,True,False,True,False,CAM,CAM,0,-,True,,,,
lre,prefix,CAM,ReqMOM,True,False,False,True,True,False,True,False,CAM,CAM,0,-,True,,,,
lre,prefix,CAM,ReqOCM,True,False,False,True,True,False,True,False,OCM,OCM,1,CAMToOCM,True,,,,
lre,prefix,CAM,EndTask,True,False,False,True,True,False,True,False,CAM,CAM,0,-,True,,,,
lre,prefix,CAM,ReqHCM,True,False,False,True,True,False,True,False,CAM,CAM,0,-,True,,,,
lre,prefix,CAM,tick,True,False,False,True,True,False,True,False,CAM,CAM,0,-,True,,,,
lre,prefix,CAM,ReqVel,True,False,False,True,True,False,True,True,OCM,OCM,1,CAMToOCM_1,True,,,,
lre,prefix,CAM,ReqHdng,True,False,False,True,True,False,True,True,OCM,OCM,1,CAMToOCM_1,True,,,,
lre,prefix,CAM,ReqMOM,True,False,False,True,True,False,True,True,OCM,OCM,1,CAMToOCM_1,True,,,,
lre,prefix,CAM,ReqOCM,True,False,False,True,True,False,True,True,OCM,OCM,2,CAMToOCM|CAMToOCM_1,True,,,,
lre,prefix,CAM,EndTask,True,False,False,True,True,False,True,True,OCM,OCM,1,CAMToOCM_1,True,,,,
lre,prefix,CAM,ReqHCM,True,False,False,True,True,False,True,True,OCM,OCM,1,CAMToOCM_1,True,,,,
lre,prefix,CAM,tick,True,False,False,True,True,False,True,True,OCM,OCM,1,CAMToOCM_1,True,,,,
lre,prefix,CAM,ReqVel,True,False,False,True,True,True,False,False,CAM,CAM,0,-,True,,,,
lre,prefix,CAM,ReqHdng,True,False,False,True,True,True,False,False,CAM,CAM,0,-,True,,,,
lre,prefix,CAM,ReqMOM,True,False,False,True,True,True,False,False,CAM,CAM,0,-,True,,,,
lre,prefix,CAM,ReqOCM,True,False,False,True,True,True,False,False,OCM,OCM,1,CAMToOCM,True,,,,
lre,prefix,CAM,EndTask,True,False,False,True,True,True,False,False,CAM,CAM,0,-,True,,,,
lre,prefix,CAM,ReqHCM,True,False,False,True,True,True,False,False,CAM,CAM,0,-,True,,,,
lre,prefix,CAM,tick,True,False,False,True,True,True,False,False,CAM,CAM,0,-,True,,,,
lre,prefix,CAM,ReqVel,True,False,False,True,True,True,False,True,OCM,OCM,1,CAMToOCM_1,True,,,,
lre,prefix,CAM,ReqHdng,True,False,False,True,True,True,False,True,OCM,OCM,1,CAMToOCM_1,True,,,,
lre,prefix,CAM,ReqMOM,True,False,False,True,True,True,False,True,OCM,OCM,1,CAMToOCM_1,True,,,,
lre,prefix,CAM,ReqOCM,True,False,False,True,True,True,False,True,OCM,OCM,2,CAMToOCM|CAMToOCM_1,True,,,,
lre,prefix,CAM,EndTask,True,False,False,True,True,True,False,True,OCM,OCM,1,CAMToOCM_1,True,,,,
lre,prefix,CAM,ReqHCM,True,False,False,True,True,True,False,True,OCM,OCM,1,CAMToOCM_1,True,,,,
lre,prefix,CAM,tick,True,False,False,True,True,True,False,True,OCM,OCM,1,CAMToOCM_1,True,,,,
lre,prefix,CAM,ReqVel,True,False,False,True,True,True,True,False,CAM,CAM,0,-,True,,,,
lre,prefix,CAM,ReqHdng,True,False,False,True,True,True,True,False,CAM,CAM,0,-,True,,,,
lre,prefix,CAM,ReqMOM,True,False,False,True,True,True,True,False,CAM,CAM,0,-,True,,,,
lre,prefix,CAM,ReqOCM,True,False,False,True,True,True,True,False,OCM,OCM,1,CAMToOCM,True,,,,
lre,prefix,CAM,EndTask,True,False,False,True,True,True,True,False,CAM,CAM,0,-,True,,,,
lre,prefix,CAM,ReqHCM,True,False,False,True,True,True,True,False,CAM,CAM,0,-,True,,,,
lre,prefix,CAM,tick,True,False,False,True,True,True,True,False,CAM,CAM,0,-,True,,,,
lre,prefix,CAM,ReqVel,True,False,False,True,True,True,True,True,OCM,OCM,1,CAMToOCM_1,True,,,,
lre,prefix,CAM,ReqHdng,True,False,False,True,True,True,True,True,OCM,OCM,1,CAMToOCM_1,True,,,,
lre,prefix,CAM,ReqMOM,True,False,False,True,True,True,True,True,OCM,OCM,1,CAMToOCM_1,True,,,,
lre,prefix,CAM,ReqOCM,True,False,False,True,True,True,True,True,OCM,OCM,2,CAMToOCM|CAMToOCM_1,True,,,,
lre,prefix,CAM,EndTask,True,False,False,True,True,True,True,True,OCM,OCM,1,CAMToOCM_1,True,,,,
lre,prefix,CAM,ReqHCM,True,False,False,True,True,True,True,True,OCM,OCM,1,CAMToOCM_1,True,,,,
lre,prefix,CAM,tick,True,False,False,True,True,True,True,True,OCM,OCM,1,CAMToOCM_1,True,,,,
lre,prefix,CAM,ReqVel,True,False,True,False,False,False,False,False,CAM,CAM,0,-,True,,,,
lre,prefix,CAM,ReqHdng,True,False,True,False,False,False,False,False,CAM,CAM,0,-,True,,,,
lre,prefix,CAM,ReqMOM,True,False,True,False,False,False,False,False,CAM,CAM,0,-,True,,,,
lre,prefix,CAM,ReqOCM,True,False,True,False,False,False,False,False,OCM,OCM,1,CAMToOCM,True,,,,
lre,prefix,CAM,EndTask,True,False,True,False,False,False,False,False,CAM,CAM,0,-,True,,,,
lre,prefix,CAM,ReqHCM,True,False,True,False,False,False,False,False,CAM,CAM,0,-,True,,,,
lre,prefix,CAM,tick,True,False,True,False,False,False,False,False,CAM,CAM,0,-,True,,,,
lre,prefix,CAM,ReqVel,True,False,True,False,False,False,False,True,OCM,OCM,1,CAMToOCM_1,True,,,,
lre,prefix,CAM,ReqHdng,True,False,True,False,False,False,False,True,OCM,OCM,1,CAMToOCM_1,True,,,,
lre,prefix,CAM,ReqMOM,True,False,True,False,False,False,False,True,OCM,OCM,1,CAMToOCM_1,True,,,,
lre,prefix,CAM,ReqOCM,True,False,True,False,False,False,False,True,OCM,OCM,2,CAMToOCM|CAMToOCM_1,True,,,,
lre,prefix,CAM,EndTask,True,False,True,False,False,False,False,True,OCM,OCM,1,CAMToOCM_1,True,,,,
lre,prefix,CAM,ReqHCM,True,False,True,False,False,False,False,True,OCM,OCM,1,CAMToOCM_1,True,,,,
lre,prefix,CAM,tick,True,False,True,False,False,False,False,True,OCM,OCM,1,CAMToOCM_1,True,,,,
lre,prefix,CAM,ReqVel,True,False,True,False,False,False,True,False,CAM,CAM,0,-,True,,,,
lre,prefix,CAM,ReqHdng,True,False,True,False,False,False,True,False,CAM,CAM,0,-,True,,,,
lre,prefix,CAM,ReqMOM,True,False,True,False,False,False,True,False,CAM,CAM,0,-,True,,,,
lre,prefix,CAM,ReqOCM,True,False,True,False,False,False,True,False,OCM,OCM,1,CAMToOCM,True,,,,
lre,prefix,CAM,EndTask,True,False,True,False,False,False,True,False,CAM,CAM,0,-,True,,,,
lre,prefix,CAM,ReqHCM,True,False,True,False,False,False,True,False,CAM,CAM,0,-,True,,,,
lre,prefix,CAM,tick,True,False,True,False,False,False,True,False,CAM,CAM,0,-,True,,,,
lre,prefix,CAM,ReqVel,True,False,True,False,False,False,True,True,OCM,OCM,1,CAMToOCM_1,True,,,,
lre,prefix,CAM,ReqHdng,True,False,True,False,False,False,True,True,OCM,OCM,1,CAMToOCM_1,True,,,,
lre,prefix,CAM,ReqMOM,True,False,True,False,False,False,True,True,OCM,OCM,1,CAMToOCM_1,True,,,,
lre,prefix,CAM,ReqOCM,True,False,True,False,False,False,True,True,OCM,OCM,2,CAMToOCM|CAMToOCM_1,True,,,,
lre,prefix,CAM,EndTask,True,False,True,False,False,False,True,True,OCM,OCM,1,CAMToOCM_1,True,,,,
lre,prefix,CAM,ReqHCM,True,False,True,False,False,False,True,True,OCM,OCM,1,CAMToOCM_1,True,,,,
lre,prefix,CAM,tick,True,False,True,False,False,False,True,True,OCM,OCM,1,CAMToOCM_1,True,,,,
lre,prefix,CAM,ReqVel,True,False,True,False,False,True,False,False,CAM,CAM,0,-,True,,,,
lre,prefix,CAM,ReqHdng,True,False,True,False,False,True,False,False,CAM,CAM,0,-,True,,,,
lre,prefix,CAM,ReqMOM,True,False,True,False,False,True,False,False,CAM,CAM,0,-,True,,,,
lre,prefix,CAM,ReqOCM,True,False,True,False,False,True,False,False,OCM,OCM,1,CAMToOCM,True,,,,
lre,prefix,CAM,EndTask,True,False,True,False,False,True,False,False,CAM,CAM,0,-,True,,,,
lre,prefix,CAM,ReqHCM,True,False,True,False,False,True,False,False,CAM,CAM,0,-,True,,,,
lre,prefix,CAM,tick,True,False,True,False,False,True,False,False,CAM,CAM,0,-,True,,,,
lre,prefix,CAM,ReqVel,True,False,True,False,False,True,False,True,OCM,OCM,1,CAMToOCM_1,True,,,,
lre,prefix,CAM,ReqHdng,True,False,True,False,False,True,False,True,OCM,OCM,1,CAMToOCM_1,True,,,,
lre,prefix,CAM,ReqMOM,True,False,True,False,False,True,False,True,OCM,OCM,1,CAMToOCM_1,True,,,,
lre,prefix,CAM,ReqOCM,True,False,True,False,False,True,False,True,OCM,OCM,2,CAMToOCM|CAMToOCM_1,True,,,,
lre,prefix,CAM,EndTask,True,False,True,False,False,True,False,True,OCM,OCM,1,CAMToOCM_1,True,,,,
lre,prefix,CAM,ReqHCM,True,False,True,False,False,True,False,True,OCM,OCM,1,CAMToOCM_1,True,,,,
lre,prefix,CAM,tick,True,False,True,False,False,True,False,True,OCM,OCM,1,CAMToOCM_1,True,,,,
lre,prefix,CAM,ReqVel,True,False,True,False,False,True,True,False,CAM,CAM,0,-,True,,,,
lre,prefix,CAM,ReqHdng,True,False,True,False,False,True,True,False,CAM,CAM,0,-,True,,,,
lre,prefix,CAM,ReqMOM,True,False,True,False,False,True,True,False,CAM,CAM,0,-,True,,,,
lre,prefix,CAM,ReqOCM,True,False,True,False,False,True,True,False,OCM,OCM,1,CAMToOCM,True,,,,
lre,prefix,CAM,EndTask,True,False,True,False,False,True,True,False,CAM,CAM,0,-,True,,,,
lre,prefix,CAM,ReqHCM,True,False,True,False,False,True,True,False,CAM,CAM,0,-,True,,,,
lre,prefix,CAM,tick,True,False,True,False,False,True,True,False,CAM,CAM,0,-,True,,,,
lre,prefix,CAM,ReqVel,True,False,True,False,False,True,True,True,OCM,OCM,1,CAMToOCM_1,True,,,,
lre,prefix,CAM,ReqHdng,True,False,True,False,False,True,True,True,OCM,OCM,1,CAMToOCM_1,True,,,,
lre,prefix,CAM,ReqMOM,True,False,True,False,False,True,True,True,OCM,OCM,1,CAMToOCM_1,True,,,,
lre,prefix,CAM,ReqOCM,True,False,True,False,False,True,True,True,OCM,OCM,2,CAMToOCM|CAMToOCM_1,True,,,,
lre,prefix,CAM,EndTask,True,False,True,False,False,True,True,True,OCM,OCM,1,CAMToOCM_1,True,,,,
lre,prefix,CAM,ReqHCM,True,False,True,False,False,True,True,True,OCM,OCM,1,CAMToOCM_1,True,,,,
lre,prefix,CAM,tick,True,False,True,False,False,True,True,True,OCM,OCM,1,CAMToOCM_1,True,,,,
lre,prefix,CAM,ReqVel,True,False,True,False,True,False,False,False,CAM,CAM,0,-,True,,,,
lre,prefix,CAM,ReqHdng,True,False,True,False,True,False,False,False,CAM,CAM,0,-,True,,,,
lre,prefix,CAM,ReqMOM,True,False,True,False,True,False,False,False,CAM,CAM,0,-,True,,,,
lre,prefix,CAM,ReqOCM,True,False,True,False,True,False,False,False,OCM,OCM,1,CAMToOCM,True,,,,
lre,prefix,CAM,EndTask,True,False,True,False,True,False,False,False,CAM,CAM,0,-,True,,,,
lre,prefix,CAM,ReqHCM,True,False,True,False,True,False,False,False,CAM,CAM,0,-,True,,,,
lre,prefix,CAM,tick,True,False,True,False,True,False,False,False,CAM,CAM,0,-,True,,,,
lre,prefix,CAM,ReqVel,True,False,True,False,True,False,False,True,OCM,OCM,1,CAMToOCM_1,True,,,,
lre,prefix,CAM,ReqHdng,True,False,True,False,True,False,False,True,OCM,OCM,1,CAMToOCM_1,True,,,,
lre,prefix,CAM,ReqMOM,True,False,True,False,True,False,False,True,OCM,OCM,1,CAMToOCM_1,True,,,,
lre,prefix,CAM,ReqOCM,True,False,True,False,True,False,False,True,OCM,OCM,2,CAMToOCM|CAMToOCM_1,True,,,,
lre,prefix,CAM,EndTask,True,False,True,False,True,False,False,True,OCM,OCM,1,CAMToOCM_1,True,,,,
lre,prefix,CAM,ReqHCM,True,False,True,False,True,False,False,True,OCM,OCM,1,CAMToOCM_1,True,,,,
lre,prefix,CAM,tick,True,False,True,False,True,False,False,True,OCM,OCM,1,CAMToOCM_1,True,,,,
lre,prefix,CAM,ReqVel,True,False,True,False,True,False,True,False,CAM,CAM,0,-,True,,,,
lre,prefix,CAM,ReqHdng,True,False,True,False,True,False,True,False,CAM,CAM,0,-,True,,,,
lre,prefix,CAM,ReqMOM,True,False,True,False,True,False,True,False,CAM,CAM,0,-,True,,,,
lre,prefix,CAM,ReqOCM,True,False,True,False,True,False,True,False,OCM,OCM,1,CAMToOCM,True,,,,
lre,prefix,CAM,EndTask,True,False,True,False,True,False,True,False,CAM,CAM,0,-,True,,,,
lre,prefix,CAM,ReqHCM,True,False,True,False,True,False,True,False,CAM,CAM,0,-,True,,,,
lre,prefix,CAM,tick,True,False,True,False,True,False,True,False,CAM,CAM,0,-,True,,,,
lre,prefix,CAM,ReqVel,True,False,True,False,True,False,True,True,OCM,OCM,1,CAMToOCM_1,True,,,,
lre,prefix,CAM,ReqHdng,True,False,True,False,True,False,True,True,OCM,OCM,1,CAMToOCM_1,True,,,,
lre,prefix,CAM,ReqMOM,True,False,True,False,True,False,True,True,OCM,OCM,1,CAMToOCM_1,True,,,,
lre,prefix,CAM,ReqOCM,True,False,True,False,True,False,True,True,OCM,OCM,2,CAMToOCM|CAMToOCM_1,True,,,,
lre,prefix,CAM,EndTask,True,False,True,False,True,False,True,True,OCM,OCM,1,CAMToOCM_1,True,,,,
lre,prefix,CAM,ReqHCM,True,False,True,False,True,False,True,True,OCM,OCM,1,CAMToOCM_1,True,,,,
lre,prefix,CAM,tick,True,False,True,False,True,False,True,True,OCM,OCM,1,CAMToOCM_1,True,,,,
lre,prefix,CAM,ReqVel,True,False,True,False,True,True,False,False,CAM,CAM,0,-,True,,,,
lre,prefix,CAM,ReqHdng,True,False,True,False,True,True,False,False,CAM,CAM,0,-,True,,,,
lre,prefix,CAM,ReqMOM,True,False,True,False,True,True,False,False,CAM,CAM,0,-,True,,,,
lre,prefix,CAM,ReqOCM,True,False,True,False,True,True,False,False,OCM,OCM,1,CAMToOCM,True,,,,
lre,prefix,CAM,EndTask,True,False,True,False,True,True,False,False,CAM,CAM,0,-,True,,,,
lre,prefix,CAM,ReqHCM,True,False,True,False,True,True,False,False,CAM,CAM,0,-,True,,,,
lre,prefix,CAM,tick,True,False,True,False,True,True,False,False,CAM,CAM,0,-,True,,,,
lre,prefix,CAM,ReqVel,True,False,True,False,True,True,False,True,OCM,OCM,1,CAMToOCM_1,True,,,,
lre,prefix,CAM,ReqHdng,True,False,True,False,True,True,False,True,OCM,OCM,1,CAMToOCM_1,True,,,,
lre,prefix,CAM,ReqMOM,True,False,True,False,True,True,False,True,OCM,OCM,1,CAMToOCM_1,True,,,,
lre,prefix,CAM,ReqOCM,True,False,True,False,True,True,False,True,OCM,OCM,2,CAMToOCM|CAMToOCM_1,True,,,,
lre,prefix,CAM,EndTask,True,False,True,False,True,True,False,True,OCM,OCM,1,CAMToOCM_1,True,,,,
lre,prefix,CAM,ReqHCM,True,False,True,False,True,True,False,True,OCM,OCM,1,CAMToOCM_1,True,,,,
lre,prefix,CAM,tick,True,False,True,False,True,True,False,True,OCM,OCM,1,CAMToOCM_1,True,,,,
lre,prefix,CAM,ReqVel,True,False,True,False,True,True,True,False,CAM,CAM,0,-,True,,,,
lre,prefix,CAM,ReqHdng,True,False,True,False,True,True,True,False,CAM,CAM,0,-,True,,,,
lre,prefix,CAM,ReqMOM,True,False,True,False,True,True,True,False,CAM,CAM,0,-,True,,,,
lre,prefix,CAM,ReqOCM,True,False,True,False,True,True,True,False,OCM,OCM,1,CAMToOCM,True,,,,
lre,prefix,CAM,EndTask,True,False,True,False,True,True,True,False,CAM,CAM,0,-,True,,,,
lre,prefix,CAM,ReqHCM,True,False,True,False,True,True,True,False,CAM,CAM,0,-,True,,,,
lre,prefix,CAM,tick,True,False,True,False,True,True,True,False,CAM,CAM,0,-,True,,,,
lre,prefix,CAM,ReqVel,True,False,True,False,True,True,True,True,OCM,OCM,1,CAMToOCM_1,True,,,,
lre,prefix,CAM,ReqHdng,True,False,True,False,True,True,True,True,OCM,OCM,1,CAMToOCM_1,True,,,,
lre,prefix,CAM,ReqMOM,True,False,True,False,True,True,True,True,OCM,OCM,1,CAMToOCM_1,True,,,,
lre,prefix,CAM,ReqOCM,True,False,True,False,True,True,True,True,OCM,OCM,2,CAMToOCM|CAMToOCM_1,True,,,,
lre,prefix,CAM,EndTask,True,False,True,False,True,True,True,True,OCM,OCM,1,CAMToOCM_1,True,,,,
lre,prefix,CAM,ReqHCM,True,False,True,False,True,True,True,True,OCM,OCM,1,CAMToOCM_1,True,,,,
lre,prefix,CAM,tick,True,False,True,False,True,True,True,True,OCM,OCM,1,CAMToOCM_1,True,,,,
lre,prefix,CAM,ReqVel,True,False,True,True,False,False,False,False,CAM,CAM,0,-,True,,,,
lre,prefix,CAM,ReqHdng,True,False,True,True,False,False,False,False,CAM,CAM,0,-,True,,,,
lre,prefix,CAM,ReqMOM,True,False,True,True,False,False,False,False,CAM,CAM,0,-,True,,,,
lre,prefix,CAM,ReqOCM,True,False,True,True,False,False,False,False,OCM,OCM,1,CAMToOCM,True,,,,
lre,prefix,CAM,EndTask,True,False,True,True,False,False,False,False,CAM,CAM,0,-,True,,,,
lre,prefix,CAM,ReqHCM,True,False,True,True,False,False,False,False,CAM,CAM,0,-,True,,,,
lre,prefix,CAM,tick,True,False,True,True,False,False,False,False,CAM,CAM,0,-,True,,,,
lre,prefix,CAM,ReqVel,True,False,True,True,False,False,False,True,OCM,OCM,1,CAMToOCM_1,True,,,,
lre,prefix,CAM,ReqHdng,True,False,True,True,False,False,False,True,OCM,OCM,1,CAMToOCM_1,True,,,,
lre,prefix,CAM,ReqMOM,True,False,True,True,False,False,False,True,OCM,OCM,1,CAMToOCM_1,True,,,,
lre,prefix,CAM,ReqOCM,True,False,True,True,False,False,False,True,OCM,OCM,2,CAMToOCM|CAMToOCM_1,True,,,,
lre,prefix,CAM,EndTask,True,False,True,True,False,False,False,True,OCM,OCM,1,CAMToOCM_1,True,,,,
lre,prefix,CAM,ReqHCM,True,False,True,True,False,False,False,True,OCM,OCM,1,CAMToOCM_1,True,,,,
lre,prefix,CAM,tick,True,False,True,True,False,False,False,True,OCM,OCM,1,CAMToOCM_1,True,,,,
lre,prefix,CAM,ReqVel,True,False,True,True,False,False,True,False,CAM,CAM,0,-,True,,,,
lre,prefix,CAM,ReqHdng,True,False,True,True,False,False,True,False,CAM,CAM,0,-,True,,,,
lre,prefix,CAM,ReqMOM,True,False,True,True,False,False,True,False,CAM,CAM,0,-,True,,,,
lre,prefix,CAM,ReqOCM,True,False,True,True,False,False,True,False,OCM,OCM,1,CAMToOCM,True,,,,
lre,prefix,CAM,EndTask,True,False,True,True,False,False,True,False,CAM,CAM,0,-,True,,,,
lre,prefix,CAM,ReqHCM,True,False,True,True,False,False,True,False,CAM,CAM,0,-,True,,,,
lre,prefix,CAM,tick,True,False,True,True,False,False,True,False,CAM,CAM,0,-,True,,,,
lre,prefix,CAM,ReqVel,True,False,True,True,False,False,True,True,OCM,OCM,1,CAMToOCM_1,True,,,,
lre,prefix,CAM,ReqHdng,True,False,True,True,False,False,True,True,OCM,OCM,1,CAMToOCM_1,True,,,,
lre,prefix,CAM,ReqMOM,True,False,True,True,False,False,True,True,OCM,OCM,1,CAMToOCM_1,True,,,,
lre,prefix,CAM,ReqOCM,True,False,True,True,False,False,True,True,OCM,OCM,2,CAMToOCM|CAMToOCM_1,True,,,,
lre,prefix,CAM,EndTask,True,False,True,True,False,False,True,True,OCM,OCM,1,CAMToOCM_1,True,,,,
lre,prefix,CAM,ReqHCM,True,False,True,True,False,False,True,True,OCM,OCM,1,CAMToOCM_1,True,,,,
lre,prefix,CAM,tick,True,False,True,True,False,False,True,True,OCM,OCM,1,CAMToOCM_1,True,,,,
lre,prefix,CAM,ReqVel,True,False,True,True,False,True,False,False,CAM,CAM,0,-,True,,,,
lre,prefix,CAM,ReqHdng,True,False,True,True,False,True,False,False,CAM,CAM,0,-,True,,,,
lre,prefix,CAM,ReqMOM,True,False,True,True,False,True,False,False,CAM,CAM,0,-,True,,,,
lre,prefix,CAM,ReqOCM,True,False,True,True,False,True,False,False,OCM,OCM,1,CAMToOCM,True,,,,
lre,prefix,CAM,EndTask,True,False,True,True,False,True,False,False,CAM,CAM,0,-,True,,,,
lre,prefix,CAM,ReqHCM,True,False,True,True,False,True,False,False,CAM,CAM,0,-,True,,,,
lre,prefix,CAM,tick,True,False,True,True,False,True,False,False,CAM,CAM,0,-,True,,,,
lre,prefix,CAM,ReqVel,True,False,True,True,False,True,False,True,OCM,OCM,1,CAMToOCM_1,True,,,,
lre,prefix,CAM,ReqHdng,True,False,True,True,False,True,False,True,OCM,OCM,1,CAMToOCM_1,True,,,,
lre,prefix,CAM,ReqMOM,True,False,True,True,False,True,False,True,OCM,OCM,1,CAMToOCM_1,True,,,,
lre,prefix,CAM,ReqOCM,True,False,True,True,False,True,False,True,OCM,OCM,2,CAMToOCM|CAMToOCM_1,True,,,,
lre,prefix,CAM,EndTask,True,False,True,True,False,True,False,True,OCM,OCM,1,CAMToOCM_1,True,,,,
lre,prefix,CAM,ReqHCM,True,False,True,True,False,True,False,True,OCM,OCM,1,CAMToOCM_1,True,,,,
lre,prefix,CAM,tick,True,False,True,True,False,True,False,True,OCM,OCM,1,CAMToOCM_1,True,,,,
lre,prefix,CAM,ReqVel,True,False,True,True,False,True,True,False,CAM,CAM,0,-,True,,,,
lre,prefix,CAM,ReqHdng,True,False,True,True,False,True,True,False,CAM,CAM,0,-,True,,,,
lre,prefix,CAM,ReqMOM,True,False,True,True,False,True,True,False,CAM,CAM,0,-,True,,,,
lre,prefix,CAM,ReqOCM,True,False,True,True,False,True,True,False,OCM,OCM,1,CAMToOCM,True,,,,
lre,prefix,CAM,EndTask,True,False,True,True,False,True,True,False,CAM,CAM,0,-,True,,,,
lre,prefix,CAM,ReqHCM,True,False,True,True,False,True,True,False,CAM,CAM,0,-,True,,,,
lre,prefix,CAM,tick,True,False,True,True,False,True,True,False,CAM,CAM,0,-,True,,,,
lre,prefix,CAM,ReqVel,True,False,True,True,False,True,True,True,OCM,OCM,1,CAMToOCM_1,True,,,,
lre,prefix,CAM,ReqHdng,True,False,True,True,False,True,True,True,OCM,OCM,1,CAMToOCM_1,True,,,,
lre,prefix,CAM,ReqMOM,True,False,True,True,False,True,True,True,OCM,OCM,1,CAMToOCM_1,True,,,,
lre,prefix,CAM,ReqOCM,True,False,True,True,False,True,True,True,OCM,OCM,2,CAMToOCM|CAMToOCM_1,True,,,,
lre,prefix,CAM,EndTask,True,False,True,True,False,True,True,True,OCM,OCM,1,CAMToOCM_1,True,,,,
lre,prefix,CAM,ReqHCM,True,False,True,True,False,True,True,True,OCM,OCM,1,CAMToOCM_1,True,,,,
lre,prefix,CAM,tick,True,False,True,True,False,True,True,True,OCM,OCM,1,CAMToOCM_1,True,,,,
lre,prefix,CAM,ReqVel,True,False,True,True,True,False,False,False,CAM,CAM,0,-,True,,,,
lre,prefix,CAM,ReqHdng,True,False,True,True,True,False,False,False,CAM,CAM,0,-,True,,,,
lre,prefix,CAM,ReqMOM,True,False,True,True,True,False,False,False,CAM,CAM,0,-,True,,,,
lre,prefix,CAM,ReqOCM,True,False,True,True,True,False,False,False,OCM,OCM,1,CAMToOCM,True,,,,
lre,prefix,CAM,EndTask,True,False,True,True,True,False,False,False,CAM,CAM,0,-,True,,,,
lre,prefix,CAM,ReqHCM,True,False,True,True,True,False,False,False,CAM,CAM,0,-,True,,,,
lre,prefix,CAM,tick,True,False,True,True,True,False,False,False,CAM,CAM,0,-,True,,,,
lre,prefix,CAM,ReqVel,True,False,True,True,True,False,False,True,OCM,OCM,1,CAMToOCM_1,True,,,,
lre,prefix,CAM,ReqHdng,True,False,True,True,True,False,False,True,OCM,OCM,1,CAMToOCM_1,True,,,,
lre,prefix,CAM,ReqMOM,True,False,True,True,True,False,False,True,OCM,OCM,1,CAMToOCM_1,True,,,,
lre,prefix,CAM,ReqOCM,True,False,True,True,True,False,False,True,OCM,OCM,2,CAMToOCM|CAMToOCM_1,True,,,,
lre,prefix,CAM,EndTask,True,False,True,True,True,False,False,True,OCM,OCM,1,CAMToOCM_1,True,,,,
lre,prefix,CAM,ReqHCM,True,False,True,True,True,False,False,True,OCM,OCM,1,CAMToOCM_1,True,,,,
lre,prefix,CAM,tick,True,False,True,True,True,False,False,True,OCM,OCM,1,CAMToOCM_1,True,,,,
lre,prefix,CAM,ReqVel,True,False,True,True,True,False,True,False,CAM,CAM,0,-,True,,,,
lre,prefix,CAM,ReqHdng,True,False,True,True,True,False,True,False,CAM,CAM,0,-,True,,,,
lre,prefix,CAM,ReqMOM,True,False,True,True,True,False,True,False,CAM,CAM,0,-,True,,,,
lre,prefix,CAM,ReqOCM,True,False,True,True,True,False,True,False,OCM,OCM,1,CAMToOCM,True,,,,
lre,prefix,CAM,EndTask,True,False,True,True,True,False,True,False,CAM,CAM,0,-,True,,,,
lre,prefix,CAM,ReqHCM,True,False,True,True,True,False,True,False,CAM,CAM,0,-,True,,,,
lre,prefix,CAM,tick,True,False,True,True,True,False,True,False,CAM,CAM,0,-,True,,,,
lre,prefix,CAM,ReqVel,True,False,True,True,True,False,True,True,OCM,OCM,1,CAMToOCM_1,True,,,,
lre,prefix,CAM,ReqHdng,True,False,True,True,True,False,True,True,OCM,OCM,1,CAMToOCM_1,True,,,,
lre,prefix,CAM,ReqMOM,True,False,True,True,True,False,True,True,OCM,OCM,1,CAMToOCM_1,True,,,,
lre,prefix,CAM,ReqOCM,True,False,True,True,True,False,True,True,OCM,OCM,2,CAMToOCM|CAMToOCM_1,True,,,,
lre,prefix,CAM,EndTask,True,False,True,True,True,False,True,True,OCM,OCM,1,CAMToOCM_1,True,,,,
lre,prefix,CAM,ReqHCM,True,False,True,True,True,False,True,True,OCM,OCM,1,CAMToOCM_1,True,,,,
lre,prefix,CAM,tick,True,False,True,True,True,False,True,True,OCM,OCM,1,CAMToOCM_1,True,,,,
lre,prefix,CAM,ReqVel,True,False,True,True,True,True,False,False,CAM,CAM,0,-,True,,,,
lre,prefix,CAM,ReqHdng,True,False,True,True,True,True,False,False,CAM,CAM,0,-,True,,,,
lre,prefix,CAM,ReqMOM,True,False,True,True,True,True,False,False,CAM,CAM,0,-,True,,,,
lre,prefix,CAM,ReqOCM,True,False,True,True,True,True,False,False,OCM,OCM,1,CAMToOCM,True,,,,
lre,prefix,CAM,EndTask,True,False,True,True,True,True,False,False,CAM,CAM,0,-,True,,,,
lre,prefix,CAM,ReqHCM,True,False,True,True,True,True,False,False,CAM,CAM,0,-,True,,,,
lre,prefix,CAM,tick,True,False,True,True,True,True,False,False,CAM,CAM,0,-,True,,,,
lre,prefix,CAM,ReqVel,True,False,True,True,True,True,False,True,OCM,OCM,1,CAMToOCM_1,True,,,,
lre,prefix,CAM,ReqHdng,True,False,True,True,True,True,False,True,OCM,OCM,1,CAMToOCM_1,True,,,,
lre,prefix,CAM,ReqMOM,True,False,True,True,True,True,False,True,OCM,OCM,1,CAMToOCM_1,True,,,,
lre,prefix,CAM,ReqOCM,True,False,True,True,True,True,False,True,OCM,OCM,2,CAMToOCM|CAMToOCM_1,True,,,,
lre,prefix,CAM,EndTask,True,False,True,True,True,True,False,True,OCM,OCM,1,CAMToOCM_1,True,,,,
lre,prefix,CAM,ReqHCM,True,False,True,True,True,True,False,True,OCM,OCM,1,CAMToOCM_1,True,,,,
lre,prefix,CAM,tick,True,False,True,True,True,True,False,True,OCM,OCM,1,CAMToOCM_1,True,,,,
lre,prefix,CAM,ReqVel,True,False,True,True,True,True,True,False,CAM,CAM,0,-,True,,,,
lre,prefix,CAM,ReqHdng,True,False,True,True,True,True,True,False,CAM,CAM,0,-,True,,,,
lre,prefix,CAM,ReqMOM,True,False,True,True,True,True,True,False,CAM,CAM,0,-,True,,,,
lre,prefix,CAM,ReqOCM,True,False,True,True,True,True,True,False,OCM,OCM,1,CAMToOCM,True,,,,
lre,prefix,CAM,EndTask,True,False,True,True,True,True,True,False,CAM,CAM,0,-,True,,,,
lre,prefix,CAM,ReqHCM,True,False,True,True,True,True,True,False,CAM,CAM,0,-,True,,,,
lre,prefix,CAM,tick,True,False,True,True,True,True,True,False,CAM,CAM,0,-,True,,,,
lre,prefix,CAM,ReqVel,True,False,True,True,True,True,True,True,OCM,OCM,1,CAMToOCM_1,True,,,,
lre,prefix,CAM,ReqHdng,True,False,True,True,True,True,True,True,OCM,OCM,1,CAMToOCM_1,True,,,,
lre,prefix,CAM,ReqMOM,True,False,True,True,True,True,True,True,OCM,OCM,1,CAMToOCM_1,True,,,,
lre,prefix,CAM,ReqOCM,True,False,True,True,True,True,True,True,OCM,OCM,2,CAMToOCM|CAMToOCM_1,True,,,,
lre,prefix,CAM,EndTask,True,False,True,True,True,True,True,True,OCM,OCM,1,CAMToOCM_1,True,,,,
lre,prefix,CAM,ReqHCM,True,False,True,True,True,True,True,True,OCM,OCM,1,CAMToOCM_1,True,,,,
lre,prefix,CAM,tick,True,False,True,True,True,True,True,True,OCM,OCM,1,CAMToOCM_1,True,,,,
lre,prefix,CAM,ReqVel,True,True,False,False,False,False,False,False,CAM,CAM,0,-,True,,,,
lre,prefix,CAM,ReqHdng,True,True,False,False,False,False,False,False,CAM,CAM,0,-,True,,,,
lre,prefix,CAM,ReqMOM,True,True,False,False,False,False,False,False,CAM,CAM,0,-,True,,,,
lre,prefix,CAM,ReqOCM,True,True,False,False,False,False,False,False,OCM,OCM,1,CAMToOCM,True,,,,
lre,prefix,CAM,EndTask,True,True,False,False,False,False,False,False,CAM,CAM,0,-,True,,,,
lre,prefix,CAM,ReqHCM,True,True,False,False,False,False,False,False,CAM,CAM,0,-,True,,,,
lre,prefix,CAM,tick,True,True,False,False,False,False,False,False,CAM,CAM,0,-,True,,,,
lre,prefix,CAM,ReqVel,True,True,False,False,False,False,False,True,OCM,OCM,1,CAMToOCM_1,True,,,,
lre,prefix,CAM,ReqHdng,True,True,False,False,False,False,False,True,OCM,OCM,1,CAMToOCM_1,True,,,,
lre,prefix,CAM,ReqMOM,True,True,False,False,False,False,False,True,OCM,OCM,1,CAMToOCM_1,True,,,,
lre,prefix,CAM,ReqOCM,True,True,False,False,False,False,False,True,OCM,OCM,2,CAMToOCM|CAMToOCM_1,True,,,,
lre,prefix,CAM,EndTask,True,True,False,False,False,False,False,True,OCM,OCM,1,CAMToOCM_1,True,,,,
lre,prefix,CAM,ReqHCM,True,True,False,False,False,False,False,True,OCM,OCM,1,CAMToOCM_1,True,,,,
lre,prefix,CAM,tick,True,True,False,False,False,False,False,True,OCM,OCM,1,CAMToOCM_1,True,,,,
lre,prefix,CAM,ReqVel,True,True,False,False,False,False,True,False,CAM,CAM,0,-,True,,,,
lre,prefix,CAM,ReqHdng,True,True,False,False,False,False,True,False,CAM,CAM,0,-,True,,,,
lre,prefix,CAM,ReqMOM,True,True,False,False,False,False,True,False,CAM,CAM,0,-,True,,,,
lre,prefix,CAM,ReqOCM,True,True,False,False,False,False,True,False,OCM,OCM,1,CAMToOCM,True,,,,
lre,prefix,CAM,EndTask,True,True,False,False,False,False,True,False,CAM,CAM,0,-,True,,,,
lre,prefix,CAM,ReqHCM,True,True,False,False,False,False,True,False,CAM,CAM,0,-,True,,,,
lre,prefix,CAM,tick,True,True,False,False,False,False,True,False,CAM,CAM,0,-,True,,,,
lre,prefix,CAM,ReqVel,True,True,False,False,False,False,True,True,OCM,OCM,1,CAMToOCM_1,True,,,,
lre,prefix,CAM,ReqHdng,True,True,False,False,False,False,True,True,OCM,OCM,1,CAMToOCM_1,True,,,,
lre,prefix,CAM,ReqMOM,True,True,False,False,False,False,True,True,OCM,OCM,1,CAMToOCM_1,True,,,,
lre,prefix,CAM,ReqOCM,True,True,False,False,False,False,True,True,OCM,OCM,2,CAMToOCM|CAMToOCM_1,True,,,,
lre,prefix,CAM,EndTask,True,True,False,False,False,False,True,True,OCM,OCM,1,CAMToOCM_1,True,,,,
lre,prefix,CAM,ReqHCM,True,True,False,False,False,False,True,True,OCM,OCM,1,CAMToOCM_1,True,,,,
lre,prefix,CAM,tick,True,True,False,False,False,False,True,True,OCM,OCM,1,CAMToOCM_1,True,,,,
lre,prefix,CAM,ReqVel,True,True,False,False,False,True,False,False,CAM,CAM,0,-,True,,,,
lre,prefix,CAM,ReqHdng,True,True,False,False,False,True,False,False,CAM,CAM,0,-,True,,,,
lre,prefix,CAM,ReqMOM,True,True,False,False,False,True,False,False,CAM,CAM,0,-,True,,,,
lre,prefix,CAM,ReqOCM,True,True,False,False,False,True,False,False,OCM,OCM,1,CAMToOCM,True,,,,
lre,prefix,CAM,EndTask,True,True,False,False,False,True,False,False,CAM,CAM,0,-,True,,,,
lre,prefix,CAM,ReqHCM,True,True,False,False,False,True,False,False,CAM,CAM,0,-,True,,,,
lre,prefix,CAM,tick,True,True,False,False,False,True,False,False,CAM,CAM,0,-,True,,,,
lre,prefix,CAM,ReqVel,True,True,False,False,False,True,False,True,OCM,OCM,1,CAMToOCM_1,True,,,,
lre,prefix,CAM,ReqHdng,True,True,False,False,False,True,False,True,OCM,OCM,1,CAMToOCM_1,True,,,,
lre,prefix,CAM,ReqMOM,True,True,False,False,False,True,False,True,OCM,OCM,1,CAMToOCM_1,True,,,,
lre,prefix,CAM,ReqOCM,True,True,False,False,False,True,False,True,OCM,OCM,2,CAMToOCM|CAMToOCM_1,True,,,,
lre,prefix,CAM,EndTask,True,True,False,False,False,True,False,True,OCM,OCM,1,CAMToOCM_1,True,,,,
lre,prefix,CAM,ReqHCM,True,True,False,False,False,True,False,True,OCM,OCM,1,CAMToOCM_1,True,,,,
lre,prefix,CAM,tick,True,True,False,False,False,True,False,True,OCM,OCM,1,CAMToOCM_1,True,,,,
lre,prefix,CAM,ReqVel,True,True,False,False,False,True,True,False,CAM,CAM,0,-,True,,,,
lre,prefix,CAM,ReqHdng,True,True,False,False,False,True,True,False,CAM,CAM,0,-,True,,,,
lre,prefix,CAM,ReqMOM,True,True,False,False,False,True,True,False,CAM,CAM,0,-,True,,,,
lre,prefix,CAM,ReqOCM,True,True,False,False,False,True,True,False,OCM,OCM,1,CAMToOCM,True,,,,
lre,prefix,CAM,EndTask,True,True,False,False,False,True,True,False,CAM,CAM,0,-,True,,,,
lre,prefix,CAM,ReqHCM,True,True,False,False,False,True,True,False,CAM,CAM,0,-,True,,,,
lre,prefix,CAM,tick,True,True,False,False,False,True,True,False,CAM,CAM,0,-,True,,,,
lre,prefix,CAM,ReqVel,True,True,False,False,False,True,True,True,OCM,OCM,1,CAMToOCM_1,True,,,,
lre,prefix,CAM,ReqHdng,True,True,False,False,False,True,True,True,OCM,OCM,1,CAMToOCM_1,True,,,,
lre,prefix,CAM,ReqMOM,True,True,False,False,False,True,True,True,OCM,OCM,1,CAMToOCM_1,True,,,,
lre,prefix,CAM,ReqOCM,True,True,False,False,False,True,True,True,OCM,OCM,2,CAMToOCM|CAMToOCM_1,True,,,,
lre,prefix,CAM,EndTask,True,True,False,False,False,True,True,True,OCM,OCM,1,CAMToOCM_1,True,,,,
lre,prefix,CAM,ReqHCM,True,True,False,False,False,True,True,True,OCM,OCM,1,CAMToOCM_1,True,,,,
lre,prefix,CAM,tick,True,True,False,False,False,True,True,True,OCM,OCM,1,CAMToOCM_1,True,,,,
lre,prefix,CAM,ReqVel,True,True,False,False,True,False,False,False,CAM,CAM,0,-,True,,,,
lre,prefix,CAM,ReqHdng,True,True,False,False,True,False,False,False,CAM,CAM,0,-,True,,,,
lre,prefix,CAM,ReqMOM,True,True,False,False,True,False,False,False,CAM,CAM,0,-,True,,,,
lre,prefix,CAM,ReqOCM,True,True,False,False,True,False,False,False,OCM,OCM,1,CAMToOCM,True,,,,
lre,prefix,CAM,EndTask,True,True,False,False,True,False,False,False,CAM,CAM,0,-,True,,,,
lre,prefix,CAM,ReqHCM,True,True,False,False,True,False,False,False,CAM,CAM,0,-,True,,,,
lre,prefix,CAM,tick,True,True,False,False,True,False,False,False,CAM,CAM,0,-,True,,,,
lre,prefix,CAM,ReqVel,True,True,False,False,True,False,False,True,OCM,OCM,1,CAMToOCM_1,True,,,,
lre,prefix,CAM,ReqHdng,True,True,False,False,True,False,False,True,OCM,OCM,1,CAMToOCM_1,True,,,,
lre,prefix,CAM,ReqMOM,True,True,False,False,True,False,False,True,OCM,OCM,1,CAMToOCM_1,True,,,,
lre,prefix,CAM,ReqOCM,True,True,False,False,True,False,False,True,OCM,OCM,2,CAMToOCM|CAMToOCM_1,True,,,,
lre,prefix,CAM,EndTask,True,True,False,False,True,False,False,True,OCM,OCM,1,CAMToOCM_1,True,,,,
lre,prefix,CAM,ReqHCM,True,True,False,False,True,False,False,True,OCM,OCM,1,CAMToOCM_1,True,,,,
lre,prefix,CAM,tick,True,True,False,False,True,False,False,True,OCM,OCM,1,CAMToOCM_1,True,,,,
lre,prefix,CAM,ReqVel,True,True,False,False,True,False,True,False,CAM,CAM,0,-,True,,,,
lre,prefix,CAM,ReqHdng,True,True,False,False,True,False,True,False,CAM,CAM,0,-,True,,,,
lre,prefix,CAM,ReqMOM,True,True,False,False,True,False,True,False,CAM,CAM,0,-,True,,,,
lre,prefix,CAM,ReqOCM,True,True,False,False,True,False,True,False,OCM,OCM,1,CAMToOCM,True,,,,
lre,prefix,CAM,EndTask,True,True,False,False,True,False,True,False,CAM,CAM,0,-,True,,,,
lre,prefix,CAM,ReqHCM,True,True,False,False,True,False,True,False,CAM,CAM,0,-,True,,,,
lre,prefix,CAM,tick,True,True,False,False,True,False,True,False,CAM,CAM,0,-,True,,,,
lre,prefix,CAM,ReqVel,True,True,False,False,True,False,True,True,OCM,OCM,1,CAMToOCM_1,True,,,,
lre,prefix,CAM,ReqHdng,True,True,False,False,True,False,True,True,OCM,OCM,1,CAMToOCM_1,True,,,,
lre,prefix,CAM,ReqMOM,True,True,False,False,True,False,True,True,OCM,OCM,1,CAMToOCM_1,True,,,,
lre,prefix,CAM,ReqOCM,True,True,False,False,True,False,True,True,OCM,OCM,2,CAMToOCM|CAMToOCM_1,True,,,,
lre,prefix,CAM,EndTask,True,True,False,False,True,False,True,True,OCM,OCM,1,CAMToOCM_1,True,,,,
lre,prefix,CAM,ReqHCM,True,True,False,False,True,False,True,True,OCM,OCM,1,CAMToOCM_1,True,,,,
lre,prefix,CAM,tick,True,True,False,False,True,False,True,True,OCM,OCM,1,CAMToOCM_1,True,,,,
lre,prefix,CAM,ReqVel,True,True,False,False,True,True,False,False,CAM,CAM,0,-,True,,,,
lre,prefix,CAM,ReqHdng,True,True,False,False,True,True,False,False,CAM,CAM,0,-,True,,,,
lre,prefix,CAM,ReqMOM,True,True,False,False,True,True,False,False,CAM,CAM,0,-,True,,,,
lre,prefix,CAM,ReqOCM,True,True,False,False,True,True,False,False,OCM,OCM,1,CAMToOCM,True,,,,
lre,prefix,CAM,EndTask,True,True,False,False,True,True,False,False,CAM,CAM,0,-,True,,,,
lre,prefix,CAM,ReqHCM,True,True,False,False,True,True,False,False,CAM,CAM,0,-,True,,,,
lre,prefix,CAM,tick,True,True,False,False,True,True,False,False,CAM,CAM,0,-,True,,,,
lre,prefix,CAM,ReqVel,True,True,False,False,True,True,False,True,OCM,OCM,1,CAMToOCM_1,True,,,,
lre,prefix,CAM,ReqHdng,True,True,False,False,True,True,False,True,OCM,OCM,1,CAMToOCM_1,True,,,,
lre,prefix,CAM,ReqMOM,True,True,False,False,True,True,False,True,OCM,OCM,1,CAMToOCM_1,True,,,,
lre,prefix,CAM,ReqOCM,True,True,False,False,True,True,False,True,OCM,OCM,2,CAMToOCM|CAMToOCM_1,True,,,,
lre,prefix,CAM,EndTask,True,True,False,False,True,True,False,True,OCM,OCM,1,CAMToOCM_1,True,,,,
lre,prefix,CAM,ReqHCM,True,True,False,False,True,True,False,True,OCM,OCM,1,CAMToOCM_1,True,,,,
lre,prefix,CAM,tick,True,True,False,False,True,True,False,True,OCM,OCM,1,CAMToOCM_1,True,,,,
lre,prefix,CAM,ReqVel,True,True,False,False,True,True,True,False,CAM,CAM,0,-,True,,,,
lre,prefix,CAM,ReqHdng,True,True,False,False,True,True,True,False,CAM,CAM,0,-,True,,,,
lre,prefix,CAM,ReqMOM,True,True,False,False,True,True,True,False,CAM,CAM,0,-,True,,,,
lre,prefix,CAM,ReqOCM,True,True,False,False,True,True,True,False,OCM,OCM,1,CAMToOCM,True,,,,
lre,prefix,CAM,EndTask,True,True,False,False,True,True,True,False,CAM,CAM,0,-,True,,,,
lre,prefix,CAM,ReqHCM,True,True,False,False,True,True,True,False,CAM,CAM,0,-,True,,,,
lre,prefix,CAM,tick,True,True,False,False,True,True,True,False,CAM,CAM,0,-,True,,,,
lre,prefix,CAM,ReqVel,True,True,False,False,True,True,True,True,OCM,OCM,1,CAMToOCM_1,True,,,,
lre,prefix,CAM,ReqHdng,True,True,False,False,True,True,True,True,OCM,OCM,1,CAMToOCM_1,True,,,,
lre,prefix,CAM,ReqMOM,True,True,False,False,True,True,True,True,OCM,OCM,1,CAMToOCM_1,True,,,,
lre,prefix,CAM,ReqOCM,True,True,False,False,True,True,True,True,OCM,OCM,2,CAMToOCM|CAMToOCM_1,True,,,,
lre,prefix,CAM,EndTask,True,True,False,False,True,True,True,True,OCM,OCM,1,CAMToOCM_1,True,,,,
lre,prefix,CAM,ReqHCM,True,True,False,False,True,True,True,True,OCM,OCM,1,CAMToOCM_1,True,,,,
lre,prefix,CAM,tick,True,True,False,False,True,True,True,True,OCM,OCM,1,CAMToOCM_1,True,,,,
lre,prefix,CAM,ReqVel,True,True,False,True,False,False,False,False,CAM,CAM,0,-,True,,,,
lre,prefix,CAM,ReqHdng,True,True,False,True,False,False,False,False,CAM,CAM,0,-,True,,,,
lre,prefix,CAM,ReqMOM,True,True,False,True,False,False,False,False,CAM,CAM,0,-,True,,,,
lre,prefix,CAM,ReqOCM,True,True,False,True,False,False,False,False,OCM,OCM,1,CAMToOCM,True,,,,
lre,prefix,CAM,EndTask,True,True,False,True,False,False,False,False,CAM,CAM,0,-,True,,,,
lre,prefix,CAM,ReqHCM,True,True,False,True,False,False,False,False,CAM,CAM,0,-,True,,,,
lre,prefix,CAM,tick,True,True,False,True,False,False,False,False,CAM,CAM,0,-,True,,,,
lre,prefix,CAM,ReqVel,True,True,False,True,False,False,False,True,OCM,OCM,1,CAMToOCM_1,True,,,,
lre,prefix,CAM,ReqHdng,True,True,False,True,False,False,False,True,OCM,OCM,1,CAMToOCM_1,True,,,,
lre,prefix,CAM,ReqMOM,True,True,False,True,False,False,False,True,OCM,OCM,1,CAMToOCM_1,True,,,,
lre,prefix,CAM,ReqOCM,True,True,False,True,False,False,False,True,OCM,OCM,2,CAMToOCM|CAMToOCM_1,True,,,,
lre,prefix,CAM,EndTask,True,True,False,True,False,False,False,True,OCM,OCM,1,CAMToOCM_1,True,,,,
lre,prefix,CAM,ReqHCM,True,True,False,True,False,False,False,True,OCM,OCM,1,CAMToOCM_1,True,,,,
lre,prefix,CAM,tick,True,True,False,True,False,False,False,True,OCM,OCM,1,CAMToOCM_1,True,,,,
lre,prefix,CAM,ReqVel,True,True,False,True,False,False,True,False,CAM,CAM,0,-,True,,,,
lre,prefix,CAM,ReqHdng,True,True,False,True,False,False,True,False,CAM,CAM,0,-,True,,,,
lre,prefix,CAM,ReqMOM,True,True,False,True,False,False,True,False,CAM,CAM,0,-,True,,,,
lre,prefix,CAM,ReqOCM,True,True,False,True,False,False,True,False,OCM,OCM,1,CAMToOCM,True,,,,
lre,prefix,CAM,EndTask,True,True,False,True,False,False,True,False,CAM,CAM,0,-,True,,,,
lre,prefix,CAM,ReqHCM,True,True,False,True,False,False,True,False,CAM,CAM,0,-,True,,,,
lre,prefix,CAM,tick,True,True,False,True,False,False,True,False,CAM,CAM,0,-,True,,,,
lre,prefix,CAM,ReqVel,True,True,False,True,False,False,True,True,OCM,OCM,1,CAMToOCM_1,True,,,,
lre,prefix,CAM,ReqHdng,True,True,False,True,False,False,True,True,OCM,OCM,1,CAMToOCM_1,True,,,,
lre,prefix,CAM,ReqMOM,True,True,False,True,False,False,True,True,OCM,OCM,1,CAMToOCM_1,True,,,,
lre,prefix,CAM,ReqOCM,True,True,False,True,False,False,True,True,OCM,OCM,2,CAMToOCM|CAMToOCM_1,True,,,,
lre,prefix,CAM,EndTask,True,True,False,True,False,False,True,True,OCM,OCM,1,CAMToOCM_1,True,,,,
lre,prefix,CAM,ReqHCM,True,True,False,True,False,False,True,True,OCM,OCM,1,CAMToOCM_1,True,,,,
lre,prefix,CAM,tick,True,True,False,True,False,False,True,True,OCM,OCM,1,CAMToOCM_1,True,,,,
lre,prefix,CAM,ReqVel,True,True,False,True,False,True,False,False,CAM,CAM,0,-,True,,,,
lre,prefix,CAM,ReqHdng,True,True,False,True,False,True,False,False,CAM,CAM,0,-,True,,,,
lre,prefix,CAM,ReqMOM,True,True,False,True,False,True,False,False,CAM,CAM,0,-,True,,,,
lre,prefix,CAM,ReqOCM,True,True,False,True,False,True,False,False,OCM,OCM,1,CAMToOCM,True,,,,
lre,prefix,CAM,EndTask,True,True,False,True,False,True,False,False,CAM,CAM,0,-,True,,,,
lre,prefix,CAM,ReqHCM,True,True,False,True,False,True,False,False,CAM,CAM,0,-,True,,,,
lre,prefix,CAM,tick,True,True,False,True,False,True,False,False,CAM,CAM,0,-,True,,,,
lre,prefix,CAM,ReqVel,True,True,False,True,False,True,False,True,OCM,OCM,1,CAMToOCM_1,True,,,,
lre,prefix,CAM,ReqHdng,True,True,False,True,False,True,False,True,OCM,OCM,1,CAMToOCM_1,True,,,,
lre,prefix,CAM,ReqMOM,True,True,False,True,False,True,False,True,OCM,OCM,1,CAMToOCM_1,True,,,,
lre,prefix,CAM,ReqOCM,True,True,False,True,False,True,False,True,OCM,OCM,2,CAMToOCM|CAMToOCM_1,True,,,,
lre,prefix,CAM,EndTask,True,True,False,True,False,True,False,True,OCM,OCM,1,CAMToOCM_1,True,,,,
lre,prefix,CAM,ReqHCM,True,True,False,True,False,True,False,True,OCM,OCM,1,CAMToOCM_1,True,,,,
lre,prefix,CAM,tick,True,True,False,True,False,True,False,True,OCM,OCM,1,CAMToOCM_1,True,,,,
lre,prefix,CAM,ReqVel,True,True,False,True,False,True,True,False,CAM,CAM,0,-,True,,,,
lre,prefix,CAM,ReqHdng,True,True,False,True,False,True,True,False,CAM,CAM,0,-,True,,,,
lre,prefix,CAM,ReqMOM,True,True,False,True,False,True,True,False,CAM,CAM,0,-,True,,,,
lre,prefix,CAM,ReqOCM,True,True,False,True,False,True,True,False,OCM,OCM,1,CAMToOCM,True,,,,
lre,prefix,CAM,EndTask,True,True,False,True,False,True,True,False,CAM,CAM,0,-,True,,,,
lre,prefix,CAM,ReqHCM,True,True,False,True,False,True,True,False,CAM,CAM,0,-,True,,,,
lre,prefix,CAM,tick,True,True,False,True,False,True,True,False,CAM,CAM,0,-,True,,,,
lre,prefix,CAM,ReqVel,True,True,False,True,False,True,True,True,OCM,OCM,1,CAMToOCM_1,True,,,,
lre,prefix,CAM,ReqHdng,True,True,False,True,False,True,True,True,OCM,OCM,1,CAMToOCM_1,True,,,,
lre,prefix,CAM,ReqMOM,True,True,False,True,False,True,True,True,OCM,OCM,1,CAMToOCM_1,True,,,,
lre,prefix,CAM,ReqOCM,True,True,False,True,False,True,True,True,OCM,OCM,2,CAMToOCM|CAMToOCM_1,True,,,,
lre,prefix,CAM,EndTask,True,True,False,True,False,True,True,True,OCM,OCM,1,CAMToOCM_1,True,,,,
lre,prefix,CAM,ReqHCM,True,True,False,True,False,True,True,True,OCM,OCM,1,CAMToOCM_1,True,,,,
lre,prefix,CAM,tick,True,True,False,True,False,True,True,True,OCM,OCM,1,CAMToOCM_1,True,,,,
lre,prefix,CAM,ReqVel,True,True,False,True,True,False,False,False,CAM,CAM,0,-,True,,,,
lre,prefix,CAM,ReqHdng,True,True,False,True,True,False,False,False,CAM,CAM,0,-,True,,,,
lre,prefix,CAM,ReqMOM,True,True,False,True,True,False,False,False,CAM,CAM,0,-,True,,,,
lre,prefix,CAM,ReqOCM,True,True,False,True,True,False,False,False,OCM,OCM,1,CAMToOCM,True,,,,
lre,prefix,CAM,EndTask,True,True,False,True,True,False,False,False,CAM,CAM,0,-,True,,,,
lre,prefix,CAM,ReqHCM,True,True,False,True,True,False,False,False,CAM,CAM,0,-,True,,,,
lre,prefix,CAM,tick,True,True,False,True,True,False,False,False,CAM,CAM,0,-,True,,,,
lre,prefix,CAM,ReqVel,True,True,False,True,True,False,False,True,OCM,OCM,1,CAMToOCM_1,True,,,,
lre,prefix,CAM,ReqHdng,True,True,False,True,True,False,False,True,OCM,OCM,1,CAMToOCM_1,True,,,,
lre,prefix,CAM,ReqMOM,True,True,False,True,True,False,False,True,OCM,OCM,1,CAMToOCM_1,True,,,,
lre,prefix,CAM,ReqOCM,True,True,False,True,True,False,False,True,OCM,OCM,2,CAMToOCM|CAMToOCM_1,True,,,,
lre,prefix,CAM,EndTask,True,True,False,True,True,False,False,True,OCM,OCM,1,CAMToOCM_1,True,,,,
lre,prefix,CAM,ReqHCM,True,True,False,True,True,False,False,True,OCM,OCM,1,CAMToOCM_1,True,,,,
lre,prefix,CAM,tick,True,True,False,True,True,False,False,True,OCM,OCM,1,CAMToOCM_1,True,,,,
lre,prefix,CAM,ReqVel,True,True,False,True,True,False,True,False,CAM,CAM,0,-,True,,,,
lre,prefix,CAM,ReqHdng,True,True,False,True,True,False,True,False,CAM,CAM,0,-,True,,,,
lre,prefix,CAM,ReqMOM,True,True,False,True,True,False,True,False,CAM,CAM,0,-,True,,,,
lre,prefix,CAM,ReqOCM,True,True,False,True,True,False,True,False,OCM,OCM,1,CAMToOCM,True,,,,
lre,prefix,CAM,EndTask,True,True,False,True,True,False,True,False,CAM,CAM,0,-,True,,,,
lre,prefix,CAM,ReqHCM,True,True,False,True,True,False,True,False,CAM,CAM,0,-,True,,,,
lre,prefix,CAM,tick,True,True,False,True,True,False,True,False,CAM,CAM,0,-,True,,,,
lre,prefix,CAM,ReqVel,True,True,False,True,True,False,True,True,OCM,OCM,1,CAMToOCM_1,True,,,,
lre,prefix,CAM,ReqHdng,True,True,False,True,True,False,True,True,OCM,OCM,1,CAMToOCM_1,True,,,,
lre,prefix,CAM,ReqMOM,True,True,False,True,True,False,True,True,OCM,OCM,1,CAMToOCM_1,True,,,,
lre,prefix,CAM,ReqOCM,True,True,False,True,True,False,True,True,OCM,OCM,2,CAMToOCM|CAMToOCM_1,True,,,,
lre,prefix,CAM,EndTask,True,True,False,True,True,False,True,True,OCM,OCM,1,CAMToOCM_1,True,,,,
lre,prefix,CAM,ReqHCM,True,True,False,True,True,False,True,True,OCM,OCM,1,CAMToOCM_1,True,,,,
lre,prefix,CAM,tick,True,True,False,True,True,False,True,True,OCM,OCM,1,CAMToOCM_1,True,,,,
lre,prefix,CAM,ReqVel,True,True,False,True,True,True,False,False,CAM,CAM,0,-,True,,,,
lre,prefix,CAM,ReqHdng,True,True,False,True,True,True,False,False,CAM,CAM,0,-,True,,,,
lre,prefix,CAM,ReqMOM,True,True,False,True,True,True,False,False,CAM,CAM,0,-,True,,,,
lre,prefix,CAM,ReqOCM,True,True,False,True,True,True,False,False,OCM,OCM,1,CAMToOCM,True,,,,
lre,prefix,CAM,EndTask,True,True,False,True,True,True,False,False,CAM,CAM,0,-,True,,,,
lre,prefix,CAM,ReqHCM,True,True,False,True,True,True,False,False,CAM,CAM,0,-,True,,,,
lre,prefix,CAM,tick,True,True,False,True,True,True,False,False,CAM,CAM,0,-,True,,,,
lre,prefix,CAM,ReqVel,True,True,False,True,True,True,False,True,OCM,OCM,1,CAMToOCM_1,True,,,,
lre,prefix,CAM,ReqHdng,True,True,False,True,True,True,False,True,OCM,OCM,1,CAMToOCM_1,True,,,,
lre,prefix,CAM,ReqMOM,True,True,False,True,True,True,False,True,OCM,OCM,1,CAMToOCM_1,True,,,,
lre,prefix,CAM,ReqOCM,True,True,False,True,True,True,False,True,OCM,OCM,2,CAMToOCM|CAMToOCM_1,True,,,,
lre,prefix,CAM,EndTask,True,True,False,True,True,True,False,True,OCM,OCM,1,CAMToOCM_1,True,,,,
lre,prefix,CAM,ReqHCM,True,True,False,True,True,True,False,True,OCM,OCM,1,CAMToOCM_1,True,,,,
lre,prefix,CAM,tick,True,True,False,True,True,True,False,True,OCM,OCM,1,CAMToOCM_1,True,,,,
lre,prefix,CAM,ReqVel,True,True,False,True,True,True,True,False,CAM,CAM,0,-,True,,,,
lre,prefix,CAM,ReqHdng,True,True,False,True,True,True,True,False,CAM,CAM,0,-,True,,,,
lre,prefix,CAM,ReqMOM,True,True,False,True,True,True,True,False,CAM,CAM,0,-,True,,,,
lre,prefix,CAM,ReqOCM,True,True,False,True,True,True,True,False,OCM,OCM,1,CAMToOCM,True,,,,
lre,prefix,CAM,EndTask,True,True,False,True,True,True,True,False,CAM,CAM,0,-,True,,,,
lre,prefix,CAM,ReqHCM,True,True,False,True,True,True,True,False,CAM,CAM,0,-,True,,,,
lre,prefix,CAM,tick,True,True,False,True,True,True,True,False,CAM,CAM,0,-,True,,,,
lre,prefix,CAM,ReqVel,True,True,False,True,True,True,True,True,OCM,OCM,1,CAMToOCM_1,True,,,,
lre,prefix,CAM,ReqHdng,True,True,False,True,True,True,True,True,OCM,OCM,1,CAMToOCM_1,True,,,,
lre,prefix,CAM,ReqMOM,True,True,False,True,True,True,True,True,OCM,OCM,1,CAMToOCM_1,True,,,,
lre,prefix,CAM,ReqOCM,True,True,False,True,True,True,True,True,OCM,OCM,2,CAMToOCM|CAMToOCM_1,True,,,,
lre,prefix,CAM,EndTask,True,True,False,True,True,True,True,True,OCM,OCM,1,CAMToOCM_1,True,,,,
lre,prefix,CAM,ReqHCM,True,True,False,True,True,True,True,True,OCM,OCM,1,CAMToOCM_1,True,,,,
lre,prefix,CAM,tick,True,True,False,True,True,True,True,True,OCM,OCM,1,CAMToOCM_1,True,,,,
lre,prefix,CAM,ReqVel,True,True,True,False,False,False,False,False,CAM,CAM,0,-,True,,,,
lre,prefix,CAM,ReqHdng,True,True,True,False,False,False,False,False,CAM,CAM,0,-,True,,,,
lre,prefix,CAM,ReqMOM,True,True,True,False,False,False,False,False,CAM,CAM,0,-,True,,,,
lre,prefix,CAM,ReqOCM,True,True,True,False,False,False,False,False,OCM,OCM,1,CAMToOCM,True,,,,
lre,prefix,CAM,EndTask,True,True,True,False,False,False,False,False,CAM,CAM,0,-,True,,,,
lre,prefix,CAM,ReqHCM,True,True,True,False,False,False,False,False,CAM,CAM,0,-,True,,,,
lre,prefix,CAM,tick,True,True,True,False,False,False,False,False,CAM,CAM,0,-,True,,,,
lre,prefix,CAM,ReqVel,True,True,True,False,False,False,False,True,OCM,OCM,1,CAMToOCM_1,True,,,,
lre,prefix,CAM,ReqHdng,True,True,True,False,False,False,False,True,OCM,OCM,1,CAMToOCM_1,True,,,,
lre,prefix,CAM,ReqMOM,True,True,True,False,False,False,False,True,OCM,OCM,1,CAMToOCM_1,True,,,,
lre,prefix,CAM,ReqOCM,True,True,True,False,False,False,False,True,OCM,OCM,2,CAMToOCM|CAMToOCM_1,True,,,,
lre,prefix,CAM,EndTask,True,True,True,False,False,False,False,True,OCM,OCM,1,CAMToOCM_1,True,,,,
lre,prefix,CAM,ReqHCM,True,True,True,False,False,False,False,True,OCM,OCM,1,CAMToOCM_1,True,,,,
lre,prefix,CAM,tick,True,True,True,False,False,False,False,True,OCM,OCM,1,CAMToOCM_1,True,,,,
lre,prefix,CAM,ReqVel,True,True,True,False,False,False,True,False,CAM,CAM,0,-,True,,,,
lre,prefix,CAM,ReqHdng,True,True,True,False,False,False,True,False,CAM,CAM,0,-,True,,,,
lre,prefix,CAM,ReqMOM,True,True,True,False,False,False,True,False,CAM,CAM,0,-,True,,,,
lre,prefix,CAM,ReqOCM,True,True,True,False,False,False,True,False,OCM,OCM,1,CAMToOCM,True,,,,
lre,prefix,CAM,EndTask,True,True,True,False,False,False,True,False,CAM,CAM,0,-,True,,,,
lre,prefix,CAM,ReqHCM,True,True,True,False,False,False,True,False,CAM,CAM,0,-,True,,,,
lre,prefix,CAM,tick,True,True,True,False,False,False,True,False,CAM,CAM,0,-,True,,,,
lre,prefix,CAM,ReqVel,True,True,True,False,False,False,True,True,OCM,OCM,1,CAMToOCM_1,True,,,,
lre,prefix,CAM,ReqHdng,True,True,True,False,False,False,True,True,OCM,OCM,1,CAMToOCM_1,True,,,,
lre,prefix,CAM,ReqMOM,True,True,True,False,False,False,True,True,OCM,OCM,1,CAMToOCM_1,True,,,,
lre,prefix,CAM,ReqOCM,True,True,True,False,False,False,True,True,OCM,OCM,2,CAMToOCM|CAMToOCM_1,True,,,,
lre,prefix,CAM,EndTask,True,True,True,False,False,False,True,True,OCM,OCM,1,CAMToOCM_1,True,,,,
lre,prefix,CAM,ReqHCM,True,True,True,False,False,False,True,True,OCM,OCM,1,CAMToOCM_1,True,,,,
lre,prefix,CAM,tick,True,True,True,False,False,False,True,True,OCM,OCM,1,CAMToOCM_1,True,,,,
lre,prefix,CAM,ReqVel,True,True,True,False,False,True,False,False,CAM,CAM,0,-,True,,,,
lre,prefix,CAM,ReqHdng,True,True,True,False,False,True,False,False,CAM,CAM,0,-,True,,,,
lre,prefix,CAM,ReqMOM,True,True,True,False,False,True,False,False,CAM,CAM,0,-,True,,,,
lre,prefix,CAM,ReqOCM,True,True,True,False,False,True,False,False,OCM,OCM,1,CAMToOCM,True,,,,
lre,prefix,CAM,EndTask,True,True,True,False,False,True,False,False,CAM,CAM,0,-,True,,,,
lre,prefix,CAM,ReqHCM,True,True,True,False,False,True,False,False,CAM,CAM,0,-,True,,,,
lre,prefix,CAM,tick,True,True,True,False,False,True,False,False,CAM,CAM,0,-,True,,,,
lre,prefix,CAM,ReqVel,True,True,True,False,False,True,False,True,OCM,OCM,1,CAMToOCM_1,True,,,,
lre,prefix,CAM,ReqHdng,True,True,True,False,False,True,False,True,OCM,OCM,1,CAMToOCM_1,True,,,,
lre,prefix,CAM,ReqMOM,True,True,True,False,False,True,False,True,OCM,OCM,1,CAMToOCM_1,True,,,,
lre,prefix,CAM,ReqOCM,True,True,True,False,False,True,False,True,OCM,OCM,2,CAMToOCM|CAMToOCM_1,True,,,,
lre,prefix,CAM,EndTask,True,True,True,False,False,True,False,True,OCM,OCM,1,CAMToOCM_1,True,,,,
lre,prefix,CAM,ReqHCM,True,True,True,False,False,True,False,True,OCM,OCM,1,CAMToOCM_1,True,,,,
lre,prefix,CAM,tick,True,True,True,False,False,True,False,True,OCM,OCM,1,CAMToOCM_1,True,,,,
lre,prefix,CAM,ReqVel,True,True,True,False,False,True,True,False,CAM,CAM,0,-,True,,,,
lre,prefix,CAM,ReqHdng,True,True,True,False,False,True,True,False,CAM,CAM,0,-,True,,,,
lre,prefix,CAM,ReqMOM,True,True,True,False,False,True,True,False,CAM,CAM,0,-,True,,,,
lre,prefix,CAM,ReqOCM,True,True,True,False,False,True,True,False,OCM,OCM,1,CAMToOCM,True,,,,
lre,prefix,CAM,EndTask,True,True,True,False,False,True,True,False,CAM,CAM,0,-,True,,,,
lre,prefix,CAM,ReqHCM,True,True,True,False,False,True,True,False,CAM,CAM,0,-,True,,,,
lre,prefix,CAM,tick,True,True,True,False,False,True,True,False,CAM,CAM,0,-,True,,,,
lre,prefix,CAM,ReqVel,True,True,True,False,False,True,True,True,OCM,OCM,1,CAMToOCM_1,True,,,,
lre,prefix,CAM,ReqHdng,True,True,True,False,False,True,True,True,OCM,OCM,1,CAMToOCM_1,True,,,,
lre,prefix,CAM,ReqMOM,True,True,True,False,False,True,True,True,OCM,OCM,1,CAMToOCM_1,True,,,,
lre,prefix,CAM,ReqOCM,True,True,True,False,False,True,True,True,OCM,OCM,2,CAMToOCM|CAMToOCM_1,True,,,,
lre,prefix,CAM,EndTask,True,True,True,False,False,True,True,True,OCM,OCM,1,CAMToOCM_1,True,,,,
lre,prefix,CAM,ReqHCM,True,True,True,False,False,True,True,True,OCM,OCM,1,CAMToOCM_1,True,,,,
lre,prefix,CAM,tick,True,True,True,False,False,True,True,True,OCM,OCM,1,CAMToOCM_1,True,,,,
lre,prefix,CAM,ReqVel,True,True,True,False,True,False,False,False,CAM,CAM,0,-,True,,,,
lre,prefix,CAM,ReqHdng,True,True,True,False,True,False,False,False,CAM,CAM,0,-,True,,,,
lre,prefix,CAM,ReqMOM,True,True,True,False,True,False,False,False,CAM,CAM,0,-,True,,,,
lre,prefix,CAM,ReqOCM,True,True,True,False,True,False,False,False,OCM,OCM,1,CAMToOCM,True,,,,
lre,prefix,CAM,EndTask,True,True,True,False,True,False,False,False,CAM,CAM,0,-,True,,,,
lre,prefix,CAM,ReqHCM,True,True,True,False,True,False,False,False,CAM,CAM,0,-,True,,,,
lre,prefix,CAM,tick,True,True,True,False,True,False,False,False,CAM,CAM,0,-,True,,,,
lre,prefix,CAM,ReqVel,True,True,True,False,True,False,False,True,OCM,OCM,1,CAMToOCM_1,True,,,,
lre,prefix,CAM,ReqHdng,True,True,True,False,True,False,False,True,OCM,OCM,1,CAMToOCM_1,True,,,,
lre,prefix,CAM,ReqMOM,True,True,True,False,True,False,False,True,OCM,OCM,1,CAMToOCM_1,True,,,,
lre,prefix,CAM,ReqOCM,True,True,True,False,True,False,False,True,OCM,OCM,2,CAMToOCM|CAMToOCM_1,True,,,,
lre,prefix,CAM,EndTask,True,True,True,False,True,False,False,True,OCM,OCM,1,CAMToOCM_1,True,,,,
lre,prefix,CAM,ReqHCM,True,True,True,False,True,False,False,True,OCM,OCM,1,CAMToOCM_1,True,,,,
lre,prefix,CAM,tick,True,True,True,False,True,False,False,True,OCM,OCM,1,CAMToOCM_1,True,,,,
lre,prefix,CAM,ReqVel,True,True,True,False,True,False,True,False,CAM,CAM,0,-,True,,,,
lre,prefix,CAM,ReqHdng,True,True,True,False,True,False,True,False,CAM,CAM,0,-,True,,,,
lre,prefix,CAM,ReqMOM,True,True,True,False,True,False,True,False,CAM,CAM,0,-,True,,,,
lre,prefix,CAM,ReqOCM,True,True,True,False,True,False,True,False,OCM,OCM,1,CAMToOCM,True,,,,
lre,prefix,CAM,EndTask,True,True,True,False,True,False,True,False,CAM,CAM,0,-,True,,,,
lre,prefix,CAM,ReqHCM,True,True,True,False,True,False,True,False,CAM,CAM,0,-,True,,,,
lre,prefix,CAM,tick,True,True,True,False,True,False,True,False,CAM,CAM,0,-,True,,,,
lre,prefix,CAM,ReqVel,True,True,True,False,True,False,True,True,OCM,OCM,1,CAMToOCM_1,True,,,,
lre,prefix,CAM,ReqHdng,True,True,True,False,True,False,True,True,OCM,OCM,1,CAMToOCM_1,True,,,,
lre,prefix,CAM,ReqMOM,True,True,True,False,True,False,True,True,OCM,OCM,1,CAMToOCM_1,True,,,,
lre,prefix,CAM,ReqOCM,True,True,True,False,True,False,True,True,OCM,OCM,2,CAMToOCM|CAMToOCM_1,True,,,,
lre,prefix,CAM,EndTask,True,True,True,False,True,False,True,True,OCM,OCM,1,CAMToOCM_1,True,,,,
lre,prefix,CAM,ReqHCM,True,True,True,False,True,False,True,True,OCM,OCM,1,CAMToOCM_1,True,,,,
lre,prefix,CAM,tick,True,True,True,False,True,False,True,True,OCM,OCM,1,CAMToOCM_1,True,,,,
lre,prefix,CAM,ReqVel,True,True,True,False,True,True,False,False,CAM,CAM,0,-,True,,,,
lre,prefix,CAM,ReqHdng,True,True,True,False,True,True,False,False,CAM,CAM,0,-,True,,,,
lre,prefix,CAM,ReqMOM,True,True,True,False,True,True,False,False,CAM,CAM,0,-,True,,,,
lre,prefix,CAM,ReqOCM,True,True,True,False,True,True,False,False,OCM,OCM,1,CAMToOCM,True,,,,
lre,prefix,CAM,EndTask,True,True,True,False,True,True,False,False,CAM,CAM,0,-,True,,,,
lre,prefix,CAM,ReqHCM,True,True,True,False,True,True,False,False,CAM,CAM,0,-,True,,,,
lre,prefix,CAM,tick,True,True,True,False,True,True,False,False,CAM,CAM,0,-,True,,,,
lre,prefix,CAM,ReqVel,True,True,True,False,True,True,False,True,OCM,OCM,1,CAMToOCM_1,True,,,,
lre,prefix,CAM,ReqHdng,True,True,True,False,True,True,False,True,OCM,OCM,1,CAMToOCM_1,True,,,,
lre,prefix,CAM,ReqMOM,True,True,True,False,True,True,False,True,OCM,OCM,1,CAMToOCM_1,True,,,,
lre,prefix,CAM,ReqOCM,True,True,True,False,True,True,False,True,OCM,OCM,2,CAMToOCM|CAMToOCM_1,True,,,,
lre,prefix,CAM,EndTask,True,True,True,False,True,True,False,True,OCM,OCM,1,CAMToOCM_1,True,,,,
lre,prefix,CAM,ReqHCM,True,True,True,False,True,True,False,True,OCM,OCM,1,CAMToOCM_1,True,,,,
lre,prefix,CAM,tick,True,True,True,False,True,True,False,True,OCM,OCM,1,CAMToOCM_1,True,,,,
lre,prefix,CAM,ReqVel,True,True,True,False,True,True,True,False,CAM,CAM,0,-,True,,,,
lre,prefix,CAM,ReqHdng,True,True,True,False,True,True,True,False,CAM,CAM,0,-,True,,,,
lre,prefix,CAM,ReqMOM,True,True,True,False,True,True,True,False,CAM,CAM,0,-,True,,,,
lre,prefix,CAM,ReqOCM,True,True,True,False,True,True,True,False,OCM,OCM,1,CAMToOCM,True,,,,
lre,prefix,CAM,EndTask,True,True,True,False,True,True,True,False,CAM,CAM,0,-,True,,,,
lre,prefix,CAM,ReqHCM,True,True,True,False,True,True,True,False,CAM,CAM,0,-,True,,,,
lre,prefix,CAM,tick,True,True,True,False,True,True,True,False,CAM,CAM,0,-,True,,,,
lre,prefix,CAM,ReqVel,True,True,True,False,True,True,True,True,OCM,OCM,1,CAMToOCM_1,True,,,,
lre,prefix,CAM,ReqHdng,True,True,True,False,True,True,True,True,OCM,OCM,1,CAMToOCM_1,True,,,,
lre,prefix,CAM,ReqMOM,True,True,True,False,True,True,True,True,OCM,OCM,1,CAMToOCM_1,True,,,,
lre,prefix,CAM,ReqOCM,True,True,True,False,True,True,True,True,OCM,OCM,2,CAMToOCM|CAMToOCM_1,True,,,,
lre,prefix,CAM,EndTask,True,True,True,False,True,True,True,True,OCM,OCM,1,CAMToOCM_1,True,,,,
lre,prefix,CAM,ReqHCM,True,True,True,False,True,True,True,True,OCM,OCM,1,CAMToOCM_1,True,,,,
lre,prefix,CAM,tick,True,True,True,False,True,True,True,True,OCM,OCM,1,CAMToOCM_1,True,,,,
lre,prefix,CAM,ReqVel,True,True,True,True,False,False,False,False,CAM,CAM,0,-,True,,,,
lre,prefix,CAM,ReqHdng,True,True,True,True,False,False,False,False,CAM,CAM,0,-,True,,,,
lre,prefix,CAM,ReqMOM,True,True,True,True,False,False,False,False,CAM,CAM,0,-,True,,,,
lre,prefix,CAM,ReqOCM,True,True,True,True,False,False,False,False,OCM,OCM,1,CAMToOCM,True,,,,
lre,prefix,CAM,EndTask,True,True,True,True,False,False,False,False,CAM,CAM,0,-,True,,,,
lre,prefix,CAM,ReqHCM,True,True,True,True,False,False,False,False,CAM,CAM,0,-,True,,,,
lre,prefix,CAM,tick,True,True,True,True,False,False,False,False,CAM,CAM,0,-,True,,,,
lre,prefix,CAM,ReqVel,True,True,True,True,False,False,False,True,OCM,OCM,1,CAMToOCM_1,True,,,,
lre,prefix,CAM,ReqHdng,True,True,True,True,False,False,False,True,OCM,OCM,1,CAMToOCM_1,True,,,,
lre,prefix,CAM,ReqMOM,True,True,True,True,False,False,False,True,OCM,OCM,1,CAMToOCM_1,True,,,,
lre,prefix,CAM,ReqOCM,True,True,True,True,False,False,False,True,OCM,OCM,2,CAMToOCM|CAMToOCM_1,True,,,,
lre,prefix,CAM,EndTask,True,True,True,True,False,False,False,True,OCM,OCM,1,CAMToOCM_1,True,,,,
lre,prefix,CAM,ReqHCM,True,True,True,True,False,False,False,True,OCM,OCM,1,CAMToOCM_1,True,,,,
lre,prefix,CAM,tick,True,True,True,True,False,False,False,True,OCM,OCM,1,CAMToOCM_1,True,,,,
lre,prefix,CAM,ReqVel,True,True,True,True,False,False,True,False,CAM,CAM,0,-,True,,,,
lre,prefix,CAM,ReqHdng,True,True,True,True,False,False,True,False,CAM,CAM,0,-,True,,,,
lre,prefix,CAM,ReqMOM,True,True,True,True,False,False,True,False,CAM,CAM,0,-,True,,,,
lre,prefix,CAM,ReqOCM,True,True,True,True,False,False,True,False,OCM,OCM,1,CAMToOCM,True,,,,
lre,prefix,CAM,EndTask,True,True,True,True,False,False,True,False,CAM,CAM,0,-,True,,,,
lre,prefix,CAM,ReqHCM,True,True,True,True,False,False,True,False,CAM,CAM,0,-,True,,,,
lre,prefix,CAM,tick,True,True,True,True,False,False,True,False,CAM,CAM,0,-,True,,,,
lre,prefix,CAM,ReqVel,True,True,True,True,False,False,True,True,OCM,OCM,1,CAMToOCM_1,True,,,,
lre,prefix,CAM,ReqHdng,True,True,True,True,False,False,True,True,OCM,OCM,1,CAMToOCM_1,True,,,,
lre,prefix,CAM,ReqMOM,True,True,True,True,False,False,True,True,OCM,OCM,1,CAMToOCM_1,True,,,,
lre,prefix,CAM,ReqOCM,True,True,True,True,False,False,True,True,OCM,OCM,2,CAMToOCM|CAMToOCM_1,True,,,,
lre,prefix,CAM,EndTask,True,True,True,True,False,False,True,True,OCM,OCM,1,CAMToOCM_1,True,,,,
lre,prefix,CAM,ReqHCM,True,True,True,True,False,False,True,True,OCM,OCM,1,CAMToOCM_1,True,,,,
lre,prefix,CAM,tick,True,True,True,True,False,False,True,True,OCM,OCM,1,CAMToOCM_1,True,,,,
lre,prefix,CAM,ReqVel,True,True,True,True,False,True,False,False,CAM,CAM,0,-,True,,,,
lre,prefix,CAM,ReqHdng,True,True,True,True,False,True,False,False,CAM,CAM,0,-,True,,,,
lre,prefix,CAM,ReqMOM,True,True,True,True,False,True,False,False,CAM,CAM,0,-,True,,,,
lre,prefix,CAM,ReqOCM,True,True,True,True,False,True,False,False,OCM,OCM,1,CAMToOCM,True,,,,
lre,prefix,CAM,EndTask,True,True,True,True,False,True,False,False,CAM,CAM,0,-,True,,,,
lre,prefix,CAM,ReqHCM,True,True,True,True,False,True,False,False,CAM,CAM,0,-,True,,,,
lre,prefix,CAM,tick,True,True,True,True,False,True,False,False,CAM,CAM,0,-,True,,,,
lre,prefix,CAM,ReqVel,True,True,True,True,False,True,False,True,OCM,OCM,1,CAMToOCM_1,True,,,,
lre,prefix,CAM,ReqHdng,True,True,True,True,False,True,False,True,OCM,OCM,1,CAMToOCM_1,True,,,,
lre,prefix,CAM,ReqMOM,True,True,True,True,False,True,False,True,OCM,OCM,1,CAMToOCM_1,True,,,,
lre,prefix,CAM,ReqOCM,True,True,True,True,False,True,False,True,OCM,OCM,2,CAMToOCM|CAMToOCM_1,True,,,,
lre,prefix,CAM,EndTask,True,True,True,True,False,True,False,True,OCM,OCM,1,CAMToOCM_1,True,,,,
lre,prefix,CAM,ReqHCM,True,True,True,True,False,True,False,True,OCM,OCM,1,CAMToOCM_1,True,,,,
lre,prefix,CAM,tick,True,True,True,True,False,True,False,True,OCM,OCM,1,CAMToOCM_1,True,,,,
lre,prefix,CAM,ReqVel,True,True,True,True,False,True,True,False,CAM,CAM,0,-,True,,,,
lre,prefix,CAM,ReqHdng,True,True,True,True,False,True,True,False,CAM,CAM,0,-,True,,,,
lre,prefix,CAM,ReqMOM,True,True,True,True,False,True,True,False,CAM,CAM,0,-,True,,,,
lre,prefix,CAM,ReqOCM,True,True,True,True,False,True,True,False,OCM,OCM,1,CAMToOCM,True,,,,
lre,prefix,CAM,EndTask,True,True,True,True,False,True,True,False,CAM,CAM,0,-,True,,,,
lre,prefix,CAM,ReqHCM,True,True,True,True,False,True,True,False,CAM,CAM,0,-,True,,,,
lre,prefix,CAM,tick,True,True,True,True,False,True,True,False,CAM,CAM,0,-,True,,,,
lre,prefix,CAM,ReqVel,True,True,True,True,False,True,True,True,OCM,OCM,1,CAMToOCM_1,True,,,,
lre,prefix,CAM,ReqHdng,True,True,True,True,False,True,True,True,OCM,OCM,1,CAMToOCM_1,True,,,,
lre,prefix,CAM,ReqMOM,True,True,True,True,False,True,True,True,OCM,OCM,1,CAMToOCM_1,True,,,,
lre,prefix,CAM,ReqOCM,True,True,True,True,False,True,True,True,OCM,OCM,2,CAMToOCM|CAMToOCM_1,True,,,,
lre,prefix,CAM,EndTask,True,True,True,True,False,True,True,True,OCM,OCM,1,CAMToOCM_1,True,,,,
lre,prefix,CAM,ReqHCM,True,True,True,True,False,True,True,True,OCM,OCM,1,CAMToOCM_1,True,,,,
lre,prefix,CAM,tick,True,True,True,True,False,True,True,True,OCM,OCM,1,CAMToOCM_1,True,,,,
lre,prefix,CAM,ReqVel,True,True,True,True,True,False,False,False,CAM,CAM,0,-,True,,,,
lre,prefix,CAM,ReqHdng,True,True,True,True,True,False,False,False,CAM,CAM,0,-,True,,,,
lre,prefix,CAM,ReqMOM,True,True,True,True,True,False,False,False,CAM,CAM,0,-,True,,,,
lre,prefix,CAM,ReqOCM,True,True,True,True,True,False,False,False,OCM,OCM,1,CAMToOCM,True,,,,
lre,prefix,CAM,EndTask,True,True,True,True,True,False,False,False,CAM,CAM,0,-,True,,,,
lre,prefix,CAM,ReqHCM,True,True,True,True,True,False,False,False,CAM,CAM,0,-,True,,,,
lre,prefix,CAM,tick,True,True,True,True,True,False,False,False,CAM,CAM,0,-,True,,,,
lre,prefix,CAM,ReqVel,True,True,True,True,True,False,False,True,OCM,OCM,1,CAMToOCM_1,True,,,,
lre,prefix,CAM,ReqHdng,True,True,True,True,True,False,False,True,OCM,OCM,1,CAMToOCM_1,True,,,,
lre,prefix,CAM,ReqMOM,True,True,True,True,True,False,False,True,OCM,OCM,1,CAMToOCM_1,True,,,,
lre,prefix,CAM,ReqOCM,True,True,True,True,True,False,False,True,OCM,OCM,2,CAMToOCM|CAMToOCM_1,True,,,,
lre,prefix,CAM,EndTask,True,True,True,True,True,False,False,True,OCM,OCM,1,CAMToOCM_1,True,,,,
lre,prefix,CAM,ReqHCM,True,True,True,True,True,False,False,True,OCM,OCM,1,CAMToOCM_1,True,,,,
lre,prefix,CAM,tick,True,True,True,True,True,False,False,True,OCM,OCM,1,CAMToOCM_1,True,,,,
lre,prefix,CAM,ReqVel,True,True,True,True,True,False,True,False,CAM,CAM,0,-,True,,,,
lre,prefix,CAM,ReqHdng,True,True,True,True,True,False,True,False,CAM,CAM,0,-,True,,,,
lre,prefix,CAM,ReqMOM,True,True,True,True,True,False,True,False,CAM,CAM,0,-,True,,,,
lre,prefix,CAM,ReqOCM,True,True,True,True,True,False,True,False,OCM,OCM,1,CAMToOCM,True,,,,
lre,prefix,CAM,EndTask,True,True,True,True,True,False,True,False,CAM,CAM,0,-,True,,,,
lre,prefix,CAM,ReqHCM,True,True,True,True,True,False,True,False,CAM,CAM,0,-,True,,,,
lre,prefix,CAM,tick,True,True,True,True,True,False,True,False,CAM,CAM,0,-,True,,,,
lre,prefix,CAM,ReqVel,True,True,True,True,True,False,True,True,OCM,OCM,1,CAMToOCM_1,True,,,,
lre,prefix,CAM,ReqHdng,True,True,True,True,True,False,True,True,OCM,OCM,1,CAMToOCM_1,True,,,,
lre,prefix,CAM,ReqMOM,True,True,True,True,True,False,True,True,OCM,OCM,1,CAMToOCM_1,True,,,,
lre,prefix,CAM,ReqOCM,True,True,True,True,True,False,True,True,OCM,OCM,2,CAMToOCM|CAMToOCM_1,True,,,,
lre,prefix,CAM,EndTask,True,True,True,True,True,False,True,True,OCM,OCM,1,CAMToOCM_1,True,,,,
lre,prefix,CAM,ReqHCM,True,True,True,True,True,False,True,True,OCM,OCM,1,CAMToOCM_1,True,,,,
lre,prefix,CAM,tick,True,True,True,True,True,False,True,True,OCM,OCM,1,CAMToOCM_1,True,,,,
lre,prefix,CAM,ReqVel,True,True,True,True,True,True,False,False,CAM,CAM,0,-,True,,,,
lre,prefix,CAM,ReqHdng,True,True,True,True,True,True,False,False,CAM,CAM,0,-,True,,,,
lre,prefix,CAM,ReqMOM,True,True,True,True,True,True,False,False,CAM,CAM,0,-,True,,,,
lre,prefix,CAM,ReqOCM,True,True,True,True,True,True,False,False,OCM,OCM,1,CAMToOCM,True,,,,
lre,prefix,CAM,EndTask,True,True,True,True,True,True,False,False,CAM,CAM,0,-,True,,,,
lre,prefix,CAM,ReqHCM,True,True,True,True,True,True,False,False,CAM,CAM,0,-,True,,,,
lre,prefix,CAM,tick,True,True,True,True,True,True,False,False,CAM,CAM,0,-,True,,,,
lre,prefix,CAM,ReqVel,True,True,True,True,True,True,False,True,OCM,OCM,1,CAMToOCM_1,True,,,,
lre,prefix,CAM,ReqHdng,True,True,True,True,True,True,False,True,OCM,OCM,1,CAMToOCM_1,True,,,,
lre,prefix,CAM,ReqMOM,True,True,True,True,True,True,False,True,OCM,OCM,1,CAMToOCM_1,True,,,,
lre,prefix,CAM,ReqOCM,True,True,True,True,True,True,False,True,OCM,OCM,2,CAMToOCM|CAMToOCM_1,True,,,,
lre,prefix,CAM,EndTask,True,True,True,True,True,True,False,True,OCM,OCM,1,CAMToOCM_1,True,,,,
lre,prefix,CAM,ReqHCM,True,True,True,True,True,True,False,True,OCM,OCM,1,CAMToOCM_1,True,,,,
lre,prefix,CAM,tick,True,True,True,True,True,True,False,True,OCM,OCM,1,CAMToOCM_1,True,,,,
lre,prefix,CAM,ReqVel,True,True,True,True,True,True,True,False,CAM,CAM,0,-,True,,,,
lre,prefix,CAM,ReqHdng,True,True,True,True,True,True,True,False,CAM,CAM,0,-,True,,,,
lre,prefix,CAM,ReqMOM,True,True,True,True,True,True,True,False,CAM,CAM,0,-,True,,,,
lre,prefix,CAM,ReqOCM,True,True,True,True,True,True,True,False,OCM,OCM,1,CAMToOCM,True,,,,
lre,prefix,CAM,EndTask,True,True,True,True,True,True,True,False,CAM,CAM,0,-,True,,,,
lre,prefix,CAM,ReqHCM,True,True,True,True,True,True,True,False,CAM,CAM,0,-,True,,,,
lre,prefix,CAM,tick,True,True,True,True,True,True,True,False,CAM,CAM,0,-,True,,,,
lre,prefix,CAM,ReqVel,True,True,True,True,True,True,True,True,OCM,OCM,1,CAMToOCM_1,True,,,,
lre,prefix,CAM,ReqHdng,True,True,True,True,True,True,True,True,OCM,OCM,1,CAMToOCM_1,True,,,,
lre,prefix,CAM,ReqMOM,True,True,True,True,True,True,True,True,OCM,OCM,1,CAMToOCM_1,True,,,,
lre,prefix,CAM,ReqOCM,True,True,True,True,True,True,True,True,OCM,OCM,2,CAMToOCM|CAMToOCM_1,True,,,,
lre,prefix,CAM,EndTask,True,True,True,True,True,True,True,True,OCM,OCM,1,CAMToOCM_1,True,,,,
lre,prefix,CAM,ReqHCM,True,True,True,True,True,True,True,True,OCM,OCM,1,CAMToOCM_1,True,,,,
lre,prefix,CAM,tick,True,True,True,True,True,True,True,True,OCM,OCM,1,CAMToOCM_1,True,,,,
sranger,prefix,Moving,endTask,,,,,,,,,Final,Final,1,MovingToFinal,True,False,False,,
sranger,prefix,Moving,move,,,,,,,,,Moving,Moving,0,-,True,False,False,,
sranger,prefix,Moving,obstacle,,,,,,,,,Moving,Moving,0,-,True,False,False,,
sranger,prefix,Moving,markReset,,,,,,,,,Moving,Moving,0,-,True,False,False,,
sranger,prefix,Moving,tick,,,,,,,,,Moving,Moving,1,MovingToMoving,True,False,False,,
sranger,prefix,Moving,endTask,,,,,,,,,Final,Final,1,MovingToFinal,True,False,True,,
sranger,prefix,Moving,move,,,,,,,,,Moving,Moving,0,-,True,False,True,,
sranger,prefix,Moving,obstacle,,,,,,,,,Moving,Moving,0,-,True,False,True,,
sranger,prefix,Moving,markReset,,,,,,,,,Moving,Moving,0,-,True,False,True,,
sranger,prefix,Moving,tick,,,,,,,,,Moving,Moving,1,MovingToMoving,True,False,True,,
sranger,prefix,Moving,endTask,,,,,,,,,Final,Final|Turning,2,MovingToFinal|MovingToTurning,False,True,False,,
sranger,prefix,Moving,move,,,,,,,,,Moving,Turning,1,MovingToTurning,False,True,False,,
sranger,prefix,Moving,obstacle,,,,,,,,,Turning,Turning,1,MovingToTurning,True,True,False,,
sranger,prefix,Moving,markReset,,,,,,,,,Moving,Turning,1,MovingToTurning,False,True,False,,
sranger,prefix,Moving,tick,,,,,,,,,Moving,Moving|Turning,2,MovingToTurning|MovingToMoving,False,True,False,,
sranger,prefix,Moving,endTask,,,,,,,,,Final,Final|Turning,2,MovingToFinal|MovingToTurning,False,True,True,,
sranger,prefix,Moving,move,,,,,,,,,Moving,Turning,1,MovingToTurning,False,True,True,,
sranger,prefix,Moving,obstacle,,,,,,,,,Turning,Turning,1,MovingToTurning,True,True,True,,
sranger,prefix,Moving,markReset,,,,,,,,,Moving,Turning,1,MovingToTurning,False,True,True,,
sranger,prefix,Moving,tick,,,,,,,,,Moving,Moving|Turning,2,MovingToTurning|MovingToMoving,False,True,True,,
sranger,prefix,Turning,endTask,,,,,,,,,Final,Final,1,TurningToFinal,True,False,False,,
sranger,prefix,Turning,move,,,,,,,,,Turning,Turning,0,-,True,False,False,,
sranger,prefix,Turning,obstacle,,,,,,,,,Turning,Turning,0,-,True,False,False,,
sranger,prefix,Turning,markReset,,,,,,,,,Turning,Turning,0,-,True,False,False,,
sranger,prefix,Turning,tick,,,,,,,,,Turning,Turning,1,TurningToTurning,True,False,False,,
sranger,prefix,Turning,endTask,,,,,,,,,Moving,Final|Moving,2,TurningToMoving|TurningToFinal,False,False,True,,
sranger,prefix,Turning,move,,,,,,,,,Moving,Moving,1,TurningToMoving,True,False,True,,
sranger,prefix,Turning,obstacle,,,,,,,,,Moving,Moving,1,TurningToMoving,True,False,True,,
sranger,prefix,Turning,markReset,,,,,,,,,Moving,Moving,1,TurningToMoving,True,False,True,,
sranger,prefix,Turning,tick,,,,,,,,,Moving,Moving|Turning,2,TurningToMoving|TurningToTurning,False,False,True,,
sranger,prefix,Turning,endTask,,,,,,,,,Final,Final,1,TurningToFinal,True,True,False,,
sranger,prefix,Turning,move,,,,,,,,,Turning,Turning,0,-,True,True,False,,
sranger,prefix,Turning,obstacle,,,,,,,,,Turning,Turning,0,-,True,True,False,,
sranger,prefix,Turning,markReset,,,,,,,,,Turning,Turning,0,-,True,True,False,,
sranger,prefix,Turning,tick,,,,,,,,,Turning,Turning,1,TurningToTurning,True,True,False,,
sranger,prefix,Turning,endTask,,,,,,,,,Moving,Final|Moving,2,TurningToMoving|TurningToFinal,False,True,True,,
sranger,prefix,Turning,move,,,,,,,,,Moving,Moving,1,TurningToMoving,True,True,True,,
sranger,prefix,Turning,obstacle,,,,,,,,,Moving,Moving,1,TurningToMoving,True,True,True,,
sranger,prefix,Turning,markReset,,,,,,,,,Moving,Moving,1,TurningToMoving,True,True,True,,
sranger,prefix,Turning,tick,,,,,,,,,Moving,Moving|Turning,2,TurningToMoving|TurningToTurning,False,True,True,,
sranger,prefix,Final,endTask,,,,,,,,,Final,Final,0,-,True,False,False,,
sranger,prefix,Final,move,,,,,,,,,Final,Final,0,-,True,False,False,,
sranger,prefix,Final,obstacle,,,,,,,,,Final,Final,0,-,True,False,False,,
sranger,prefix,Final,markReset,,,,,,,,,Final,Final,0,-,True,False,False,,
sranger,prefix,Final,tick,,,,,,,,,Final,Final,1,FinalToFinal,True,False,False,,
sranger,prefix,Final,endTask,,,,,,,,,Final,Final,0,-,True,False,True,,
sranger,prefix,Final,move,,,,,,,,,Final,Final,0,-,True,False,True,,
sranger,prefix,Final,obstacle,,,,,,,,,Final,Final,0,-,True,False,True,,
sranger,prefix,Final,markReset,,,,,,,,,Final,Final,0,-,True,False,True,,
sranger,prefix,Final,tick,,,,,,,,,Final,Final,1,FinalToFinal,True,False,True,,
sranger,prefix,Final,endTask,,,,,,,,,Final,Final,0,-,True,True,False,,
sranger,prefix,Final,move,,,,,,,,,Final,Final,0,-,True,True,False,,
sranger,prefix,Final,obstacle,,,,,,,,,Final,Final,0,-,True,True,False,,
sranger,prefix,Final,markReset,,,,,,,,,Final,Final,0,-,True,True,False,,
sranger,prefix,Final,tick,,,,,,,,,Final,Final,1,FinalToFinal,True,True,False,,
sranger,prefix,Final,endTask,,,,,,,,,Final,Final,0,-,True,True,True,,
sranger,prefix,Final,move,,,,,,,,,Final,Final,0,-,True,True,True,,
sranger,prefix,Final,obstacle,,,,,,,,,Final,Final,0,-,True,True,True,,
sranger,prefix,Final,markReset,,,,,,,,,Final,Final,0,-,True,True,True,,
sranger,prefix,Final,tick,,,,,,,,,Final,Final,1,FinalToFinal,True,True,True,,
chemical_detector,prefix,Reading,gas,,,,,,,,,Analysis,Analysis,1,ReadingToAnalysis,True,,,False,False
chemical_detector,prefix,Reading,tick,,,,,,,,,Reading,Reading,1,ReadingToReading,True,,,False,False
chemical_detector,prefix,Reading,resume,,,,,,,,,Reading,Reading,0,-,True,,,False,False
chemical_detector,prefix,Reading,stop,,,,,,,,,Reading,Reading,0,-,True,,,False,False
chemical_detector,prefix,Reading,turn,,,,,,,,,Reading,Reading,0,-,True,,,False,False
chemical_detector,prefix,Reading,gas,,,,,,,,,Analysis,Analysis,1,ReadingToAnalysis,True,,,False,True
chemical_detector,prefix,Reading,tick,,,,,,,,,Reading,Reading,1,ReadingToReading,True,,,False,True
chemical_detector,prefix,Reading,resume,,,,,,,,,Reading,Reading,0,-,True,,,False,True
chemical_detector,prefix,Reading,stop,,,,,,,,,Reading,Reading,0,-,True,,,False,True
chemical_detector,prefix,Reading,turn,,,,,,,,,Reading,Reading,0,-,True,,,False,True
chemical_detector,prefix,Reading,gas,,,,,,,,,Analysis,Analysis,1,ReadingToAnalysis,True,,,True,False
chemical_detector,prefix,Reading,tick,,,,,,,,,Reading,Reading,1,ReadingToReading,True,,,True,False
chemical_detector,prefix,Reading,resume,,,,,,,,,Reading,Reading,0,-,True,,,True,False
chemical_detector,prefix,Reading,stop,,,,,,,,,Reading,Reading,0,-,True,,,True,False
chemical_detector,prefix,Reading,turn,,,,,,,,,Reading,Reading,0,-,True,,,True,False
chemical_detector,prefix,Reading,gas,,,,,,,,,Analysis,Analysis,1,ReadingToAnalysis,True,,,True,True
chemical_detector,prefix,Reading,tick,,,,,,,,,Reading,Reading,1,ReadingToReading,True,,,True,True
chemical_detector,prefix,Reading,resume,,,,,,,,,Reading,Reading,0,-,True,,,True,True
chemical_detector,prefix,Reading,stop,,,,,,,,,Reading,Reading,0,-,True,,,True,True
chemical_detector,prefix,Reading,turn,,,,,,,,,Reading,Reading,0,-,True,,,True,True
chemical_detector,prefix,Analysis,gas,,,,,,,,,NoGas,NoGas,1,AnalysisToNoGas,True,,,False,False
chemical_detector,prefix,Analysis,tick,,,,,,,,,NoGas,Analysis|NoGas,2,AnalysisToNoGas|AnalysisToAnalysis,False,,,False,False
chemical_detector,prefix,Analysis,resume,,,,,,,,,NoGas,NoGas,1,AnalysisToNoGas,True,,,False,False
chemical_detector,prefix,Analysis,stop,,,,,,,,,NoGas,NoGas,1,AnalysisToNoGas,True,,,False,False
chemical_detector,prefix,Analysis,turn,,,,,,,,,NoGas,NoGas,1,AnalysisToNoGas,True,,,False,False
chemical_detector,prefix,Analysis,gas,,,,,,,,,NoGas,NoGas,1,AnalysisToNoGas,True,,,False,True
chemical_detector,prefix,Analysis,tick,,,,,,,,,NoGas,Analysis|NoGas,2,AnalysisToNoGas|AnalysisToAnalysis,False,,,False,True
chemical_detector,prefix,Analysis,resume,,,,,,,,,NoGas,NoGas,1,AnalysisToNoGas,True,,,False,True
chemical_detector,prefix,Analysis,stop,,,,,,,,,NoGas,NoGas,1,AnalysisToNoGas,True,,,False,True
chemical_detector,prefix,Analysis,turn,,,,,,,,,NoGas,NoGas,1,AnalysisToNoGas,True,,,False,True
chemical_detector,prefix,Analysis,gas,,,,,,,,,GasDetected,GasDetected,1,AnalysisToGasDetected,True,,,True,False
chemical_detector,prefix,Analysis,tick,,,,,,,,,GasDetected,Analysis|GasDetected,2,AnalysisToGasDetected|AnalysisToAnalysis,False,,,True,False
chemical_detector,prefix,Analysis,resume,,,,,,,,,GasDetected,GasDetected,1,AnalysisToGasDetected,True,,,True,False
chemical_detector,prefix,Analysis,stop,,,,,,,,,GasDetected,GasDetected,1,AnalysisToGasDetected,True,,,True,False
chemical_detector,prefix,Analysis,turn,,,,,,,,,GasDetected,GasDetected,1,AnalysisToGasDetected,True,,,True,False
chemical_detector,prefix,Analysis,gas,,,,,,,,,GasDetected,GasDetected,1,AnalysisToGasDetected,True,,,True,True
chemical_detector,prefix,Analysis,tick,,,,,,,,,GasDetected,Analysis|GasDetected,2,AnalysisToGasDetected|AnalysisToAnalysis,False,,,True,True
chemical_detector,prefix,Analysis,resume,,,,,,,,,GasDetected,GasDetected,1,AnalysisToGasDetected,True,,,True,True
chemical_detector,prefix,Analysis,stop,,,,,,,,,GasDetected,GasDetected,1,AnalysisToGasDetected,True,,,True,True
chemical_detector,prefix,Analysis,turn,,,,,,,,,GasDetected,GasDetected,1,AnalysisToGasDetected,True,,,True,True
chemical_detector,prefix,NoGas,gas,,,,,,,,,Reading,Reading,1,NoGasToReading,True,,,False,False
chemical_detector,prefix,NoGas,tick,,,,,,,,,Reading,Reading,1,NoGasToReading,True,,,False,False
chemical_detector,prefix,NoGas,resume,,,,,,,,,Reading,Reading,1,NoGasToReading,True,,,False,False
chemical_detector,prefix,NoGas,stop,,,,,,,,,Reading,Reading,1,NoGasToReading,True,,,False,False
chemical_detector,prefix,NoGas,turn,,,,,,,,,Reading,Reading,1,NoGasToReading,True,,,False,False
chemical_detector,prefix,NoGas,gas,,,,,,,,,Reading,Reading,1,NoGasToReading,True,,,False,True
chemical_detector,prefix,NoGas,tick,,,,,,,,,Reading,Reading,1,NoGasToReading,True,,,False,True
chemical_detector,prefix,NoGas,resume,,,,,,,,,Reading,Reading,1,NoGasToReading,True,,,False,True
chemical_detector,prefix,NoGas,stop,,,,,,,,,Reading,Reading,1,NoGasToReading,True,,,False,True
chemical_detector,prefix,NoGas,turn,,,,,,,,,Reading,Reading,1,NoGasToReading,True,,,False,True
chemical_detector,prefix,NoGas,gas,,,,,,,,,Reading,Reading,1,NoGasToReading,True,,,True,False
chemical_detector,prefix,NoGas,tick,,,,,,,,,Reading,Reading,1,NoGasToReading,True,,,True,False
chemical_detector,prefix,NoGas,resume,,,,,,,,,Reading,Reading,1,NoGasToReading,True,,,True,False
chemical_detector,prefix,NoGas,stop,,,,,,,,,Reading,Reading,1,NoGasToReading,True,,,True,False
chemical_detector,prefix,NoGas,turn,,,,,,,,,Reading,Reading,1,NoGasToReading,True,,,True,False
chemical_detector,prefix,NoGas,gas,,,,,,,,,Reading,Reading,1,NoGasToReading,True,,,True,True
chemical_detector,prefix,NoGas,tick,,,,,,,,,Reading,Reading,1,NoGasToReading,True,,,True,True
chemical_detector,prefix,NoGas,resume,,,,,,,,,Reading,Reading,1,NoGasToReading,True,,,True,True
chemical_detector,prefix,NoGas,stop,,,,,,,,,Reading,Reading,1,NoGasToReading,True,,,True,True
chemical_detector,prefix,NoGas,turn,,,,,,,,,Reading,Reading,1,NoGasToReading,True,,,True,True
chemical_detector,prefix,GasDetected,gas,,,,,,,,,Reading,Reading,1,GasDetectedToReading,True,,,False,False
chemical_detector,prefix,GasDetected,tick,,,,,,,,,Reading,GasDetected|Reading,2,GasDetectedToReading|GasDetectedToGasDetected,False,,,False,False
chemical_detector,prefix,GasDetected,resume,,,,,,,,,Reading,Reading,1,GasDetectedToReading,True,,,False,False
chemical_detector,prefix,GasDetected,stop,,,,,,,,,Reading,Reading,1,GasDetectedToReading,True,,,False,False
chemical_detector,prefix,GasDetected,turn,,,,,,,,,Reading,Reading,1,GasDetectedToReading,True,,,False,False
chemical_detector,prefix,GasDetected,gas,,,,,,,,,Final,Final,1,GasDetectedToFinal,True,,,False,True
chemical_detector,prefix,GasDetected,tick,,,,,,,,,Final,Final|GasDetected,2,GasDetectedToFinal|GasDetectedToGasDetected,False,,,False,True
chemical_detector,prefix,GasDetected,resume,,,,,,,,,Final,Final,1,GasDetectedToFinal,True,,,False,True
chemical_detector,prefix,GasDetected,stop,,,,,,,,,Final,Final,1,GasDetectedToFinal,True,,,False,True
chemical_detector,prefix,GasDetected,turn,,,,,,,,,Final,Final,1,GasDetectedToFinal,True,,,False,True
chemical_detector,prefix,GasDetected,gas,,,,,,,,,Reading,Reading,1,GasDetectedToReading,True,,,True,False
chemical_detector,prefix,GasDetected,tick,,,,,,,,,Reading,GasDetected|Reading,2,GasDetectedToReading|GasDetectedToGasDetected,False,,,True,False
chemical_detector,prefix,GasDetected,resume,,,,,,,,,Reading,Reading,1,GasDetectedToReading,True,,,True,False
chemical_detector,prefix,GasDetected,stop,,,,,,,,,Reading,Reading,1,GasDetectedToReading,True,,,True,False
chemical_detector,prefix,GasDetected,turn,,,,,,,,,Reading,Reading,1,GasDetectedToReading,True,,,True,False
chemical_detector,prefix,GasDetected,gas,,,,,,,,,Final,Final,1,GasDetectedToFinal,True,,,True,True
chemical_detector,prefix,GasDetected,tick,,,,,,,,,Final,Final|GasDetected,2,GasDetectedToFinal|GasDetectedToGasDetected,False,,,True,True
chemical_detector,prefix,GasDetected,resume,,,,,,,,,Final,Final,1,GasDetectedToFinal,True,,,True,True
chemical_detector,prefix,GasDetected,stop,,,,,,,,,Final,Final,1,GasDetectedToFinal,True,,,True,True
chemical_detector,prefix,GasDetected,turn,,,,,,,,,Final,Final,1,GasDetectedToFinal,True,,,True,True
chemical_detector,prefix,Final,gas,,,,,,,,,Final,Final,0,-,True,,,False,False
chemical_detector,prefix,Final,tick,,,,,,,,,Final,Final,1,FinalToFinal,True,,,False,False
chemical_detector,prefix,Final,resume,,,,,,,,,Final,Final,0,-,True,,,False,False
chemical_detector,prefix,Final,stop,,,,,,,,,Final,Final,0,-,True,,,False,False
chemical_detector,prefix,Final,turn,,,,,,,,,Final,Final,0,-,True,,,False,False
chemical_detector,prefix,Final,gas,,,,,,,,,Final,Final,0,-,True,,,False,True
chemical_detector,prefix,Final,tick,,,,,,,,,Final,Final,1,FinalToFinal,True,,,False,True
chemical_detector,prefix,Final,resume,,,,,,,,,Final,Final,0,-,True,,,False,True
chemical_detector,prefix,Final,stop,,,,,,,,,Final,Final,0,-,True,,,False,True
chemical_detector,prefix,Final,turn,,,,,,,,,Final,Final,0,-,True,,,False,True
chemical_detector,prefix,Final,gas,,,,,,,,,Final,Final,0,-,True,,,True,False
chemical_detector,prefix,Final,tick,,,,,,,,,Final,Final,1,FinalToFinal,True,,,True,False
chemical_detector,prefix,Final,resume,,,,,,,,,Final,Final,0,-,True,,,True,False
chemical_detector,prefix,Final,stop,,,,,,,,,Final,Final,0,-,True,,,True,False
chemical_detector,prefix,Final,turn,,,,,,,,,Final,Final,0,-,True,,,True,False
chemical_detector,prefix,Final,gas,,,,,,,,,Final,Final,0,-,True,,,True,True
chemical_detector,prefix,Final,tick,,,,,,,,,Final,Final,1,FinalToFinal,True,,,True,True
chemical_detector,prefix,Final,resume,,,,,,,,,Final,Final,0,-,True,,,True,True
chemical_detector,prefix,Final,stop,,,,,,,,,Final,Final,0,-,True,,,True,True
chemical_detector,prefix,Final,turn,,,,,,,,,Final,Final,0,-,True,,,True,True
