study,arm,mode,event,camActive,hcmActive,inOpez,momReturn,velBelowOrAtOne,odistCdynAboveOne,odistCstcAboveOne,cdaAboveOrAtMinSafe,java_next,model_admits,n_adm,model_ops,agree,obstacleDetected,turnDurationElapsed,stsIsGasD,insAboveThr
lre,fixed,OCM,ReqVel,False,False,False,False,False,False,False,False,OCM,OCM,1,OCMToOCM,True,,,,
lre,fixed,OCM,ReqHdng,False,False,False,False,False,False,False,False,OCM,OCM,1,OCMToOCM_1,True,,,,
lre,fixed,OCM,ReqMOM,False,False,False,False,False,False,False,False,OCM,OCM,0,-,True,,,,
lre,fixed,OCM,ReqOCM,False,False,False,False,False,False,False,False,OCM,OCM,0,-,True,,,,
lre,fixed,OCM,EndTask,False,False,False,False,False,False,False,False,OCM,OCM,0,-,True,,,,
lre,fixed,OCM,ReqHCM,False,False,False,False,False,False,False,False,OCM,OCM,0,-,True,,,,
lre,fixed,OCM,tick,False,False,False,False,False,False,False,False,OCM,OCM,0,-,True,,,,
lre,fixed,OCM,ReqVel,False,False,False,False,False,False,False,True,OCM,OCM,1,OCMToOCM,True,,,,
lre,fixed,OCM,ReqHdng,False,False,False,False,False,False,False,True,OCM,OCM,1,OCMToOCM_1,True,,,,
lre,fixed,OCM,ReqMOM,False,False,False,False,False,False,False,True,OCM,OCM,0,-,True,,,,
lre,fixed,OCM,ReqOCM,False,False,False,False,False,False,False,True,OCM,OCM,0,-,True,,,,
lre,fixed,OCM,EndTask,False,False,False,False,False,False,False,True,OCM,OCM,0,-,True,,,,
lre,fixed,OCM,ReqHCM,False,False,False,False,False,False,False,True,OCM,OCM,0,-,True,,,,
lre,fixed,OCM,tick,False,False,False,False,False,False,False,True,OCM,OCM,0,-,True,,,,
lre,fixed,OCM,ReqVel,False,False,False,False,False,False,True,False,OCM,OCM,1,OCMToOCM,True,,,,
lre,fixed,OCM,ReqHdng,False,False,False,False,False,False,True,False,OCM,OCM,1,OCMToOCM_1,True,,,,
lre,fixed,OCM,ReqMOM,False,False,False,False,False,False,True,False,OCM,OCM,0,-,True,,,,
lre,fixed,OCM,ReqOCM,False,False,False,False,False,False,True,False,OCM,OCM,0,-,True,,,,
lre,fixed,OCM,EndTask,False,False,False,False,False,False,True,False,OCM,OCM,0,-,True,,,,
lre,fixed,OCM,ReqHCM,False,False,False,False,False,False,True,False,OCM,OCM,0,-,True,,,,
lre,fixed,OCM,tick,False,False,False,False,False,False,True,False,OCM,OCM,0,-,True,,,,
lre,fixed,OCM,ReqVel,False,False,False,False,False,False,True,True,OCM,OCM,1,OCMToOCM,True,,,,
lre,fixed,OCM,ReqHdng,False,False,False,False,False,False,True,True,OCM,OCM,1,OCMToOCM_1,True,,,,
lre,fixed,OCM,ReqMOM,False,False,False,False,False,False,True,True,OCM,OCM,0,-,True,,,,
lre,fixed,OCM,ReqOCM,False,False,False,False,False,False,True,True,OCM,OCM,0,-,True,,,,
lre,fixed,OCM,EndTask,False,False,False,False,False,False,True,True,OCM,OCM,0,-,True,,,,
lre,fixed,OCM,ReqHCM,False,False,False,False,False,False,True,True,OCM,OCM,0,-,True,,,,
lre,fixed,OCM,tick,False,False,False,False,False,False,True,True,OCM,OCM,0,-,True,,,,
lre,fixed,OCM,ReqVel,False,False,False,False,False,True,False,False,OCM,OCM,1,OCMToOCM,True,,,,
lre,fixed,OCM,ReqHdng,False,False,False,False,False,True,False,False,OCM,OCM,1,OCMToOCM_1,True,,,,
lre,fixed,OCM,ReqMOM,False,False,False,False,False,True,False,False,OCM,OCM,0,-,True,,,,
lre,fixed,OCM,ReqOCM,False,False,False,False,False,True,False,False,OCM,OCM,0,-,True,,,,
lre,fixed,OCM,EndTask,False,False,False,False,False,True,False,False,OCM,OCM,0,-,True,,,,
lre,fixed,OCM,ReqHCM,False,False,False,False,False,True,False,False,OCM,OCM,0,-,True,,,,
lre,fixed,OCM,tick,False,False,False,False,False,True,False,False,OCM,OCM,0,-,True,,,,
lre,fixed,OCM,ReqVel,False,False,False,False,False,True,False,True,OCM,OCM,1,OCMToOCM,True,,,,
lre,fixed,OCM,ReqHdng,False,False,False,False,False,True,False,True,OCM,OCM,1,OCMToOCM_1,True,,,,
lre,fixed,OCM,ReqMOM,False,False,False,False,False,True,False,True,OCM,OCM,0,-,True,,,,
lre,fixed,OCM,ReqOCM,False,False,False,False,False,True,False,True,OCM,OCM,0,-,True,,,,
lre,fixed,OCM,EndTask,False,False,False,False,False,True,False,True,OCM,OCM,0,-,True,,,,
lre,fixed,OCM,ReqHCM,False,False,False,False,False,True,False,True,OCM,OCM,0,-,True,,,,
lre,fixed,OCM,tick,False,False,False,False,False,True,False,True,OCM,OCM,0,-,True,,,,
lre,fixed,OCM,ReqVel,False,False,False,False,False,True,True,False,OCM,OCM,1,OCMToOCM,True,,,,
lre,fixed,OCM,ReqHdng,False,False,False,False,False,True,True,False,OCM,OCM,1,OCMToOCM_1,True,,,,
lre,fixed,OCM,ReqMOM,False,False,False,False,False,True,True,False,OCM,OCM,0,-,True,,,,
lre,fixed,OCM,ReqOCM,False,False,False,False,False,True,True,False,OCM,OCM,0,-,True,,,,
lre,fixed,OCM,EndTask,False,False,False,False,False,True,True,False,OCM,OCM,0,-,True,,,,
lre,fixed,OCM,ReqHCM,False,False,False,False,False,True,True,False,OCM,OCM,0,-,True,,,,
lre,fixed,OCM,tick,False,False,False,False,False,True,True,False,OCM,OCM,0,-,True,,,,
lre,fixed,OCM,ReqVel,False,False,False,False,False,True,True,True,OCM,OCM,1,OCMToOCM,True,,,,
lre,fixed,OCM,ReqHdng,False,False,False,False,False,True,True,True,OCM,OCM,1,OCMToOCM_1,True,,,,
lre,fixed,OCM,ReqMOM,False,False,False,False,False,True,True,True,OCM,OCM,0,-,True,,,,
lre,fixed,OCM,ReqOCM,False,False,False,False,False,True,True,True,OCM,OCM,0,-,True,,,,
lre,fixed,OCM,EndTask,False,False,False,False,False,True,True,True,OCM,OCM,0,-,True,,,,
lre,fixed,OCM,ReqHCM,False,False,False,False,False,True,True,True,OCM,OCM,0,-,True,,,,
lre,fixed,OCM,tick,False,False,False,False,False,True,True,True,OCM,OCM,0,-,True,,,,
lre,fixed,OCM,ReqVel,False,False,False,False,True,False,False,False,OCM,OCM,1,OCMToOCM,True,,,,
lre,fixed,OCM,ReqHdng,False,False,False,False,True,False,False,False,OCM,OCM,1,OCMToOCM_1,True,,,,
lre,fixed,OCM,ReqMOM,False,False,False,False,True,False,False,False,OCM,OCM,0,-,True,,,,
lre,fixed,OCM,ReqOCM,False,False,False,False,True,False,False,False,OCM,OCM,0,-,True,,,,
lre,fixed,OCM,EndTask,False,False,False,False,True,False,False,False,OCM,OCM,0,-,True,,,,
lre,fixed,OCM,ReqHCM,False,False,False,False,True,False,False,False,OCM,OCM,0,-,True,,,,
lre,fixed,OCM,tick,False,False,False,False,True,False,False,False,OCM,OCM,0,-,True,,,,
lre,fixed,OCM,ReqVel,False,False,False,False,True,False,False,True,OCM,OCM,1,OCMToOCM,True,,,,
lre,fixed,OCM,ReqHdng,False,False,False,False,True,False,False,True,OCM,OCM,1,OCMToOCM_1,True,,,,
lre,fixed,OCM,ReqMOM,False,False,False,False,True,False,False,True,OCM,OCM,0,-,True,,,,
lre,fixed,OCM,ReqOCM,False,False,False,False,True,False,False,True,OCM,OCM,0,-,True,,,,
lre,fixed,OCM,EndTask,False,False,False,False,True,False,False,True,OCM,OCM,0,-,True,,,,
lre,fixed,OCM,ReqHCM,False,False,False,False,True,False,False,True,OCM,OCM,0,-,True,,,,
lre,fixed,OCM,tick,False,False,False,False,True,False,False,True,OCM,OCM,0,-,True,,,,
lre,fixed,OCM,ReqVel,False,False,False,False,True,False,True,False,OCM,OCM,1,OCMToOCM,True,,,,
lre,fixed,OCM,ReqHdng,False,False,False,False,True,False,True,False,OCM,OCM,1,OCMToOCM_1,True,,,,
lre,fixed,OCM,ReqMOM,False,False,False,False,True,False,True,False,OCM,OCM,0,-,True,,,,
lre,fixed,OCM,ReqOCM,False,False,False,False,True,False,True,False,OCM,OCM,0,-,True,,,,
lre,fixed,OCM,EndTask,False,False,False,False,True,False,True,False,OCM,OCM,0,-,True,,,,
lre,fixed,OCM,ReqHCM,False,False,False,False,True,False,True,False,OCM,OCM,0,-,True,,,,
lre,fixed,OCM,tick,False,False,False,False,True,False,True,False,OCM,OCM,0,-,True,,,,
lre,fixed,OCM,ReqVel,False,False,False,False,True,False,True,True,OCM,OCM,1,OCMToOCM,True,,,,
lre,fixed,OCM,ReqHdng,False,False,False,False,True,False,True,True,OCM,OCM,1,OCMToOCM_1,True,,,,
lre,fixed,OCM,ReqMOM,False,False,False,False,True,False,True,True,OCM,OCM,0,-,True,,,,
lre,fixed,OCM,ReqOCM,False,False,False,False,True,False,True,True,OCM,OCM,0,-,True,,,,
lre,fixed,OCM,EndTask,False,False,False,False,True,False,True,True,OCM,OCM,0,-,True,,,,
lre,fixed,OCM,ReqHCM,False,False,False,False,True,False,True,True,OCM,OCM,0,-,True,,,,
lre,fixed,OCM,tick,False,False,False,False,True,False,True,True,OCM,OCM,0,-,True,,,,
lre,fixed,OCM,ReqVel,False,False,False,False,True,True,False,False,OCM,OCM,1,OCMToOCM,True,,,,
lre,fixed,OCM,ReqHdng,False,False,False,False,True,True,False,False,OCM,OCM,1,OCMToOCM_1,True,,,,
lre,fixed,OCM,ReqMOM,False,False,False,False,True,True,False,False,OCM,OCM,0,-,True,,,,
lre,fixed,OCM,ReqOCM,False,False,False,False,True,True,False,False,OCM,OCM,0,-,True,,,,
lre,fixed,OCM,EndTask,False,False,False,False,True,True,False,False,OCM,OCM,0,-,True,,,,
lre,fixed,OCM,ReqHCM,False,False,False,False,True,True,False,False,OCM,OCM,0,-,True,,,,
lre,fixed,OCM,tick,False,False,False,False,True,True,False,False,OCM,OCM,0,-,True,,,,
lre,fixed,OCM,ReqVel,False,False,False,False,True,True,False,True,OCM,OCM,1,OCMToOCM,True,,,,
lre,fixed,OCM,ReqHdng,False,False,False,False,True,True,False,True,OCM,OCM,1,OCMToOCM_1,True,,,,
lre,fixed,OCM,ReqMOM,False,False,False,False,True,True,False,True,OCM,OCM,0,-,True,,,,
lre,fixed,OCM,ReqOCM,False,False,False,False,True,True,False,True,OCM,OCM,0,-,True,,,,
lre,fixed,OCM,EndTask,False,False,False,False,True,True,False,True,OCM,OCM,0,-,True,,,,
lre,fixed,OCM,ReqHCM,False,False,False,False,True,True,False,True,OCM,OCM,0,-,True,,,,
lre,fixed,OCM,tick,False,False,False,False,True,True,False,True,OCM,OCM,0,-,True,,,,
lre,fixed,OCM,ReqVel,False,False,False,False,True,True,True,False,OCM,OCM,1,OCMToOCM,True,,,,
lre,fixed,OCM,ReqHdng,False,False,False,False,True,True,True,False,OCM,OCM,1,OCMToOCM_1,True,,,,
lre,fixed,OCM,ReqMOM,False,False,False,False,True,True,True,False,MOM,MOM,1,OCMToMOM,True,,,,
lre,fixed,OCM,ReqOCM,False,False,False,False,True,True,True,False,OCM,OCM,0,-,True,,,,
lre,fixed,OCM,EndTask,False,False,False,False,True,True,True,False,OCM,OCM,0,-,True,,,,
lre,fixed,OCM,ReqHCM,False,False,False,False,True,True,True,False,OCM,OCM,0,-,True,,,,
lre,fixed,OCM,tick,False,False,False,False,True,True,True,False,OCM,OCM,0,-,True,,,,
lre,fixed,OCM,ReqVel,False,False,False,False,True,True,True,True,OCM,OCM,1,OCMToOCM,True,,,,
lre,fixed,OCM,ReqHdng,False,False,False,False,True,True,True,True,OCM,OCM,1,OCMToOCM_1,True,,,,
lre,fixed,OCM,ReqMOM,False,False,False,False,True,True,True,True,MOM,MOM,1,OCMToMOM,True,,,,
lre,fixed,OCM,ReqOCM,False,False,False,False,True,True,True,True,OCM,OCM,0,-,True,,,,
lre,fixed,OCM,EndTask,False,False,False,False,True,True,True,True,OCM,OCM,0,-,True,,,,
lre,fixed,OCM,ReqHCM,False,False,False,False,True,True,True,True,OCM,OCM,0,-,True,,,,
lre,fixed,OCM,tick,False,False,False,False,True,True,True,True,OCM,OCM,0,-,True,,,,
lre,fixed,OCM,ReqVel,False,False,False,True,False,False,False,False,OCM,OCM,1,OCMToOCM,True,,,,
lre,fixed,OCM,ReqHdng,False,False,False,True,False,False,False,False,OCM,OCM,1,OCMToOCM_1,True,,,,
lre,fixed,OCM,ReqMOM,False,False,False,True,False,False,False,False,OCM,OCM,0,-,True,,,,
lre,fixed,OCM,ReqOCM,False,False,False,True,False,False,False,False,OCM,OCM,0,-,True,,,,
lre,fixed,OCM,EndTask,False,False,False,True,False,False,False,False,OCM,OCM,0,-,True,,,,
lre,fixed,OCM,ReqHCM,False,False,False,True,False,False,False,False,OCM,OCM,0,-,True,,,,
lre,fixed,OCM,tick,False,False,False,True,False,False,False,False,OCM,OCM,0,-,True,,,,
lre,fixed,OCM,ReqVel,False,False,False,True,False,False,False,True,OCM,OCM,1,OCMToOCM,True,,,,
lre,fixed,OCM,ReqHdng,False,False,False,True,False,False,False,True,OCM,OCM,1,OCMToOCM_1,True,,,,
lre,fixed,OCM,ReqMOM,False,False,False,True,False,False,False,True,OCM,OCM,0,-,True,,,,
lre,fixed,OCM,ReqOCM,False,False,False,True,False,False,False,True,OCM,OCM,0,-,True,,,,
lre,fixed,OCM,EndTask,False,False,False,True,False,False,False,True,OCM,OCM,0,-,True,,,,
lre,fixed,OCM,ReqHCM,False,False,False,True,False,False,False,True,OCM,OCM,0,-,True,,,,
lre,fixed,OCM,tick,False,False,False,True,False,False,False,True,OCM,OCM,0,-,True,,,,
lre,fixed,OCM,ReqVel,False,False,False,True,False,False,True,False,OCM,OCM,1,OCMToOCM,True,,,,
lre,fixed,OCM,ReqHdng,False,False,False,True,False,False,True,False,OCM,OCM,1,OCMToOCM_1,True,,,,
lre,fixed,OCM,ReqMOM,False,False,False,True,False,False,True,False,OCM,OCM,0,-,True,,,,
lre,fixed,OCM,ReqOCM,False,False,False,True,False,False,True,False,OCM,OCM,0,-,True,,,,
lre,fixed,OCM,EndTask,False,False,False,True,False,False,True,False,OCM,OCM,0,-,True,,,,
lre,fixed,OCM,ReqHCM,False,False,False,True,False,False,True,False,OCM,OCM,0,-,True,,,,
lre,fixed,OCM,tick,False,False,False,True,False,False,True,False,OCM,OCM,0,-,True,,,,
lre,fixed,OCM,ReqVel,False,False,False,True,False,False,True,True,OCM,OCM,1,OCMToOCM,True,,,,
lre,fixed,OCM,ReqHdng,False,False,False,True,False,False,True,True,OCM,OCM,1,OCMToOCM_1,True,,,,
lre,fixed,OCM,ReqMOM,False,False,False,True,False,False,True,True,OCM,OCM,0,-,True,,,,
lre,fixed,OCM,ReqOCM,False,False,False,True,False,False,True,True,OCM,OCM,0,-,True,,,,
lre,fixed,OCM,EndTask,False,False,False,True,False,False,True,True,OCM,OCM,0,-,True,,,,
lre,fixed,OCM,ReqHCM,False,False,False,True,False,False,True,True,OCM,OCM,0,-,True,,,,
lre,fixed,OCM,tick,False,False,False,True,False,False,True,True,OCM,OCM,0,-,True,,,,
lre,fixed,OCM,ReqVel,False,False,False,True,False,True,False,False,OCM,OCM,1,OCMToOCM,True,,,,
lre,fixed,OCM,ReqHdng,False,False,False,True,False,True,False,False,OCM,OCM,1,OCMToOCM_1,True,,,,
lre,fixed,OCM,ReqMOM,False,False,False,True,False,True,False,False,OCM,OCM,0,-,True,,,,
lre,fixed,OCM,ReqOCM,False,False,False,True,False,True,False,False,OCM,OCM,0,-,True,,,,
lre,fixed,OCM,EndTask,False,False,False,True,False,True,False,False,OCM,OCM,0,-,True,,,,
lre,fixed,OCM,ReqHCM,False,False,False,True,False,True,False,False,OCM,OCM,0,-,True,,,,
lre,fixed,OCM,tick,False,False,False,True,False,True,False,False,OCM,OCM,0,-,True,,,,
lre,fixed,OCM,ReqVel,False,False,False,True,False,True,False,True,OCM,OCM,1,OCMToOCM,True,,,,
lre,fixed,OCM,ReqHdng,False,False,False,True,False,True,False,True,OCM,OCM,1,OCMToOCM_1,True,,,,
lre,fixed,OCM,ReqMOM,False,False,False,True,False,True,False,True,OCM,OCM,0,-,True,,,,
lre,fixed,OCM,ReqOCM,False,False,False,True,False,True,False,True,OCM,OCM,0,-,True,,,,
lre,fixed,OCM,EndTask,False,False,False,True,False,True,False,True,OCM,OCM,0,-,True,,,,
lre,fixed,OCM,ReqHCM,False,False,False,True,False,True,False,True,OCM,OCM,0,-,True,,,,
lre,fixed,OCM,tick,False,False,False,True,False,True,False,True,OCM,OCM,0,-,True,,,,
lre,fixed,OCM,ReqVel,False,False,False,True,False,True,True,False,OCM,OCM,1,OCMToOCM,True,,,,
lre,fixed,OCM,ReqHdng,False,False,False,True,False,True,True,False,OCM,OCM,1,OCMToOCM_1,True,,,,
lre,fixed,OCM,ReqMOM,False,False,False,True,False,True,True,False,OCM,OCM,0,-,True,,,,
lre,fixed,OCM,ReqOCM,False,False,False,True,False,True,True,False,OCM,OCM,0,-,True,,,,
lre,fixed,OCM,EndTask,False,False,False,True,False,True,True,False,OCM,OCM,0,-,True,,,,
lre,fixed,OCM,ReqHCM,False,False,False,True,False,True,True,False,OCM,OCM,0,-,True,,,,
lre,fixed,OCM,tick,False,False,False,True,False,True,True,False,OCM,OCM,0,-,True,,,,
lre,fixed,OCM,ReqVel,False,False,False,True,False,True,True,True,OCM,OCM,1,OCMToOCM,True,,,,
lre,fixed,OCM,ReqHdng,False,False,False,True,False,True,True,True,OCM,OCM,1,OCMToOCM_1,True,,,,
lre,fixed,OCM,ReqMOM,False,False,False,True,False,True,True,True,OCM,OCM,0,-,True,,,,
lre,fixed,OCM,ReqOCM,False,False,False,True,False,True,True,True,OCM,OCM,0,-,True,,,,
lre,fixed,OCM,EndTask,False,False,False,True,False,True,True,True,OCM,OCM,0,-,True,,,,
lre,fixed,OCM,ReqHCM,False,False,False,True,False,True,True,True,OCM,OCM,0,-,True,,,,
lre,fixed,OCM,tick,False,False,False,True,False,True,True,True,OCM,OCM,0,-,True,,,,
lre,fixed,OCM,ReqVel,False,False,False,True,True,False,False,False,OCM,OCM,1,OCMToOCM,True,,,,
lre,fixed,OCM,ReqHdng,False,False,False,True,True,False,False,False,OCM,OCM,1,OCMToOCM_1,True,,,,
lre,fixed,OCM,ReqMOM,False,False,False,True,True,False,False,False,OCM,OCM,0,-,True,,,,
lre,fixed,OCM,ReqOCM,False,False,False,True,True,False,False,False,OCM,OCM,0,-,True,,,,
lre,fixed,OCM,EndTask,False,False,False,True,True,False,False,False,OCM,OCM,0,-,True,,,,
lre,fixed,OCM,ReqHCM,False,False,False,True,True,False,False,False,OCM,OCM,0,-,True,,,,
lre,fixed,OCM,tick,False,False,False,True,True,False,False,False,OCM,OCM,0,-,True,,,,
lre,fixed,OCM,ReqVel,False,False,False,True,True,False,False,True,OCM,OCM,1,OCMToOCM,True,,,,
lre,fixed,OCM,ReqHdng,False,False,False,True,True,False,False,True,OCM,OCM,1,OCMToOCM_1,True,,,,
lre,fixed,OCM,ReqMOM,False,False,False,True,True,False,False,True,OCM,OCM,0,-,True,,,,
lre,fixed,OCM,ReqOCM,False,False,False,True,True,False,False,True,OCM,OCM,0,-,True,,,,
lre,fixed,OCM,EndTask,False,False,False,True,True,False,False,True,OCM,OCM,0,-,True,,,,
lre,fixed,OCM,ReqHCM,False,False,False,True,True,False,False,True,OCM,OCM,0,-,True,,,,
lre,fixed,OCM,tick,False,False,False,True,True,False,False,True,OCM,OCM,0,-,True,,,,
lre,fixed,OCM,ReqVel,False,False,False,True,True,False,True,False,OCM,OCM,1,OCMToOCM,True,,,,
lre,fixed,OCM,ReqHdng,False,False,False,True,True,False,True,False,OCM,OCM,1,OCMToOCM_1,True,,,,
lre,fixed,OCM,ReqMOM,False,False,False,True,True,False,True,False,OCM,OCM,0,-,True,,,,
lre,fixed,OCM,ReqOCM,False,False,False,True,True,False,True,False,OCM,OCM,0,-,True,,,,
lre,fixed,OCM,EndTask,False,False,False,True,True,False,True,False,OCM,OCM,0,-,True,,,,
lre,fixed,OCM,ReqHCM,False,False,False,True,True,False,True,False,OCM,OCM,0,-,True,,,,
lre,fixed,OCM,tick,False,False,False,True,True,False,True,False,OCM,OCM,0,-,True,,,,
lre,fixed,OCM,ReqVel,False,False,False,True,True,False,True,True,OCM,OCM,1,OCMToOCM,True,,,,
lre,fixed,OCM,ReqHdng,False,False,False,True,True,False,True,True,OCM,OCM,1,OCMToOCM_1,True,,,,
lre,fixed,OCM,ReqMOM,False,False,False,True,True,False,True,True,OCM,OCM,0,-,True,,,,
lre,fixed,OCM,ReqOCM,False,False,False,True,True,False,True,True,OCM,OCM,0,-,True,,,,
lre,fixed,OCM,EndTask,False,False,False,True,True,False,True,True,OCM,OCM,0,-,True,,,,
lre,fixed,OCM,ReqHCM,False,False,False,True,True,False,True,True,OCM,OCM,0,-,True,,,,
lre,fixed,OCM,tick,False,False,False,True,True,False,True,True,OCM,OCM,0,-,True,,,,
lre,fixed,OCM,ReqVel,False,False,False,True,True,True,False,False,OCM,OCM,1,OCMToOCM,True,,,,
lre,fixed,OCM,ReqHdng,False,False,False,True,True,True,False,False,OCM,OCM,1,OCMToOCM_1,True,,,,
lre,fixed,OCM,ReqMOM,False,False,False,True,True,True,False,False,OCM,OCM,0,-,True,,,,
lre,fixed,OCM,ReqOCM,False,False,False,True,True,True,False,False,OCM,OCM,0,-,True,,,,
lre,fixed,OCM,EndTask,False,False,False,True,True,True,False,False,OCM,OCM,0,-,True,,,,
lre,fixed,OCM,ReqHCM,False,False,False,True,True,True,False,False,OCM,OCM,0,-,True,,,,
lre,fixed,OCM,tick,False,False,False,True,True,True,False,False,OCM,OCM,0,-,True,,,,
lre,fixed,OCM,ReqVel,False,False,False,True,True,True,False,True,OCM,OCM,1,OCMToOCM,True,,,,
lre,fixed,OCM,ReqHdng,False,False,False,True,True,True,False,True,OCM,OCM,1,OCMToOCM_1,True,,,,
lre,fixed,OCM,ReqMOM,False,False,False,True,True,True,False,True,OCM,OCM,0,-,True,,,,
lre,fixed,OCM,ReqOCM,False,False,False,True,True,True,False,True,OCM,OCM,0,-,True,,,,
lre,fixed,OCM,EndTask,False,False,False,True,True,True,False,True,OCM,OCM,0,-,True,,,,
lre,fixed,OCM,ReqHCM,False,False,False,True,True,True,False,True,OCM,OCM,0,-,True,,,,
lre,fixed,OCM,tick,False,False,False,True,True,True,False,True,OCM,OCM,0,-,True,,,,
lre,fixed,OCM,ReqVel,False,False,False,True,True,True,True,False,OCM,OCM,1,OCMToOCM,True,,,,
lre,fixed,OCM,ReqHdng,False,False,False,True,True,True,True,False,OCM,OCM,1,OCMToOCM_1,True,,,,
lre,fixed,OCM,ReqMOM,False,False,False,True,True,True,True,False,MOM,MOM,1,OCMToMOM,True,,,,
lre,fixed,OCM,ReqOCM,False,False,False,True,True,True,True,False,OCM,OCM,0,-,True,,,,
lre,fixed,OCM,EndTask,False,False,False,True,True,True,True,False,OCM,OCM,0,-,True,,,,
lre,fixed,OCM,ReqHCM,False,False,False,True,True,True,True,False,OCM,OCM,0,-,True,,,,
lre,fixed,OCM,tick,False,False,False,True,True,True,True,False,OCM,OCM,0,-,True,,,,
lre,fixed,OCM,ReqVel,False,False,False,True,True,True,True,True,OCM,OCM,1,OCMToOCM,True,,,,
lre,fixed,OCM,ReqHdng,False,False,False,True,True,True,True,True,OCM,OCM,1,OCMToOCM_1,True,,,,
lre,fixed,OCM,ReqMOM,False,False,False,True,True,True,True,True,MOM,MOM,1,OCMToMOM,True,,,,
lre,fixed,OCM,ReqOCM,False,False,False,True,True,True,True,True,OCM,OCM,0,-,True,,,,
lre,fixed,OCM,EndTask,False,False,False,True,True,True,True,True,OCM,OCM,0,-,True,,,,
lre,fixed,OCM,ReqHCM,False,False,False,True,True,True,True,True,OCM,OCM,0,-,True,,,,
lre,fixed,OCM,tick,False,False,False,True,True,True,True,True,OCM,OCM,0,-,True,,,,
lre,fixed,OCM,ReqVel,False,False,True,False,False,False,False,False,OCM,OCM,1,OCMToOCM,True,,,,
lre,fixed,OCM,ReqHdng,False,False,True,False,False,False,False,False,OCM,OCM,1,OCMToOCM_1,True,,,,
lre,fixed,OCM,ReqMOM,False,False,True,False,False,False,False,False,OCM,OCM,0,-,True,,,,
lre,fixed,OCM,ReqOCM,False,False,True,False,False,False,False,False,OCM,OCM,0,-,True,,,,
lre,fixed,OCM,EndTask,False,False,True,False,False,False,False,False,OCM,OCM,0,-,True,,,,
lre,fixed,OCM,ReqHCM,False,False,True,False,False,False,False,False,OCM,OCM,0,-,True,,,,
lre,fixed,OCM,tick,False,False,True,False,False,False,False,False,OCM,OCM,0,-,True,,,,
lre,fixed,OCM,ReqVel,False,False,True,False,False,False,False,True,OCM,OCM,1,OCMToOCM,True,,,,
lre,fixed,OCM,ReqHdng,False,False,True,False,False,False,False,True,OCM,OCM,1,OCMToOCM_1,True,,,,
lre,fixed,OCM,ReqMOM,False,False,True,False,False,False,False,True,OCM,OCM,0,-,True,,,,
lre,fixed,OCM,ReqOCM,False,False,True,False,False,False,False,True,OCM,OCM,0,-,True,,,,
lre,fixed,OCM,EndTask,False,False,True,False,False,False,False,True,OCM,OCM,0,-,True,,,,
lre,fixed,OCM,ReqHCM,False,False,True,False,False,False,False,True,OCM,OCM,0,-,True,,,,
lre,fixed,OCM,tick,False,False,True,False,False,False,False,True,OCM,OCM,0,-,True,,,,
lre,fixed,OCM,ReqVel,False,False,True,False,False,False,True,False,OCM,OCM,1,OCMToOCM,True,,,,
lre,fixed,OCM,ReqHdng,False,False,True,False,False,False,True,False,OCM,OCM,1,OCMToOCM_1,True,,,,
lre,fixed,OCM,ReqMOM,False,False,True,False,False,False,True,False,OCM,OCM,0,-,True,,,,
lre,fixed,OCM,ReqOCM,False,False,True,False,False,False,True,False,OCM,OCM,0,-,True,,,,
lre,fixed,OCM,EndTask,False,False,True,False,False,False,True,False,OCM,OCM,0,-,True,,,,
lre,fixed,OCM,ReqHCM,False,False,True,False,False,False,True,False,OCM,OCM,0,-,True,,,,
lre,fixed,OCM,tick,False,False,True,False,False,False,True,False,OCM,OCM,0,-,True,,,,
lre,fixed,OCM,ReqVel,False,False,True,False,False,False,True,True,OCM,OCM,1,OCMToOCM,True,,,,
lre,fixed,OCM,ReqHdng,False,False,True,False,False,False,True,True,OCM,OCM,1,OCMToOCM_1,True,,,,
lre,fixed,OCM,ReqMOM,False,False,True,False,False,False,True,True,OCM,OCM,0,-,True,,,,
lre,fixed,OCM,ReqOCM,False,False,True,False,False,False,True,True,OCM,OCM,0,-,True,,,,
lre,fixed,OCM,EndTask,False,False,True,False,False,False,True,True,OCM,OCM,0,-,True,,,,
lre,fixed,OCM,ReqHCM,False,False,True,False,False,False,True,True,OCM,OCM,0,-,True,,,,
lre,fixed,OCM,tick,False,False,True,False,False,False,True,True,OCM,OCM,0,-,True,,,,
lre,fixed,OCM,ReqVel,False,False,True,False,False,True,False,False,OCM,OCM,1,OCMToOCM,True,,,,
lre,fixed,OCM,ReqHdng,False,False,True,False,False,True,False,False,OCM,OCM,1,OCMToOCM_1,True,,,,
lre,fixed,OCM,ReqMOM,False,False,True,False,False,True,False,False,OCM,OCM,0,-,True,,,,
lre,fixed,OCM,ReqOCM,False,False,True,False,False,True,False,False,OCM,OCM,0,-,True,,,,
lre,fixed,OCM,EndTask,False,False,True,False,False,True,False,False,OCM,OCM,0,-,True,,,,
lre,fixed,OCM,ReqHCM,False,False,True,False,False,True,False,False,OCM,OCM,0,-,True,,,,
lre,fixed,OCM,tick,False,False,True,False,False,True,False,False,OCM,OCM,0,-,True,,,,
lre,fixed,OCM,ReqVel,False,False,True,False,False,True,False,True,OCM,OCM,1,OCMToOCM,True,,,,
lre,fixed,OCM,ReqHdng,False,False,True,False,False,True,False,True,OCM,OCM,1,OCMToOCM_1,True,,,,
lre,fixed,OCM,ReqMOM,False,False,True,False,False,True,False,True,OCM,OCM,0,-,True,,,,
lre,fixed,OCM,ReqOCM,False,False,True,False,False,True,False,True,OCM,OCM,0,-,True,,,,
lre,fixed,OCM,EndTask,False,False,True,False,False,True,False,True,OCM,OCM,0,-,True,,,,
lre,fixed,OCM,ReqHCM,False,False,True,False,False,True,False,True,OCM,OCM,0,-,True,,,,
lre,fixed,OCM,tick,False,False,True,False,False,True,False,True,OCM,OCM,0,-,True,,,,
lre,fixed,OCM,ReqVel,False,False,True,False,False,True,True,False,OCM,OCM,1,OCMToOCM,True,,,,
lre,fixed,OCM,ReqHdng,False,False,True,False,False,True,True,False,OCM,OCM,1,OCMToOCM_1,True,,,,
lre,fixed,OCM,ReqMOM,False,False,True,False,False,True,True,False,OCM,OCM,0,-,True,,,,
lre,fixed,OCM,ReqOCM,False,False,True,False,False,True,True,False,OCM,OCM,0,-,True,,,,
lre,fixed,OCM,EndTask,False,False,True,False,False,True,True,False,OCM,OCM,0,-,True,,,,
lre,fixed,OCM,ReqHCM,False,False,True,False,False,True,True,False,OCM,OCM,0,-,True,,,,
lre,fixed,OCM,tick,False,False,True,False,False,True,True,False,OCM,OCM,0,-,True,,,,
lre,fixed,OCM,ReqVel,False,False,True,False,False,True,True,True,OCM,OCM,1,OCMToOCM,True,,,,
lre,fixed,OCM,ReqHdng,False,False,True,False,False,True,True,True,OCM,OCM,1,OCMToOCM_1,True,,,,
lre,fixed,OCM,ReqMOM,False,False,True,False,False,True,True,True,OCM,OCM,0,-,True,,,,
lre,fixed,OCM,ReqOCM,False,False,True,False,False,True,True,True,OCM,OCM,0,-,True,,,,
lre,fixed,OCM,EndTask,False,False,True,False,False,True,True,True,OCM,OCM,0,-,True,,,,
lre,fixed,OCM,ReqHCM,False,False,True,False,False,True,True,True,OCM,OCM,0,-,True,,,,
lre,fixed,OCM,tick,False,False,True,False,False,True,True,True,OCM,OCM,0,-,True,,,,
lre,fixed,OCM,ReqVel,False,False,True,False,True,False,False,False,OCM,OCM,1,OCMToOCM,True,,,,
lre,fixed,OCM,ReqHdng,False,False,True,False,True,False,False,False,OCM,OCM,1,OCMToOCM_1,True,,,,
lre,fixed,OCM,ReqMOM,False,False,True,False,True,False,False,False,OCM,OCM,0,-,True,,,,
lre,fixed,OCM,ReqOCM,False,False,True,False,True,False,False,False,OCM,OCM,0,-,True,,,,
lre,fixed,OCM,EndTask,False,False,True,False,True,False,False,False,OCM,OCM,0,-,True,,,,
lre,fixed,OCM,ReqHCM,False,False,True,False,True,False,False,False,OCM,OCM,0,-,True,,,,
lre,fixed,OCM,tick,False,False,True,False,True,False,False,False,OCM,OCM,0,-,True,,,,
lre,fixed,OCM,ReqVel,False,False,True,False,True,False,False,True,OCM,OCM,1,OCMToOCM,True,,,,
lre,fixed,OCM,ReqHdng,False,False,True,False,True,False,False,True,OCM,OCM,1,OCMToOCM_1,True,,,,
lre,fixed,OCM,ReqMOM,False,False,True,False,True,False,False,True,OCM,OCM,0,-,True,,,,
lre,fixed,OCM,ReqOCM,False,False,True,False,True,False,False,True,OCM,OCM,0,-,True,,,,
lre,fixed,OCM,EndTask,False,False,True,False,True,False,False,True,OCM,OCM,0,-,True,,,,
lre,fixed,OCM,ReqHCM,False,False,True,False,True,False,False,True,OCM,OCM,0,-,True,,,,
lre,fixed,OCM,tick,False,False,True,False,True,False,False,True,OCM,OCM,0,-,True,,,,
lre,fixed,OCM,ReqVel,False,False,True,False,True,False,True,False,OCM,OCM,1,OCMToOCM,True,,,,
lre,fixed,OCM,ReqHdng,False,False,True,False,True,False,True,False,OCM,OCM,1,OCMToOCM_1,True,,,,
lre,fixed,OCM,ReqMOM,False,False,True,False,True,False,True,False,OCM,OCM,0,-,True,,,,
lre,fixed,OCM,ReqOCM,False,False,True,False,True,False,True,False,OCM,OCM,0,-,True,,,,
lre,fixed,OCM,EndTask,False,False,True,False,True,False,True,False,OCM,OCM,0,-,True,,,,
lre,fixed,OCM,ReqHCM,False,False,True,False,True,False,True,False,OCM,OCM,0,-,True,,,,
lre,fixed,OCM,tick,False,False,True,False,True,False,True,False,OCM,OCM,0,-,True,,,,
lre,fixed,OCM,ReqVel,False,False,True,False,True,False,True,True,OCM,OCM,1,OCMToOCM,True,,,,
lre,fixed,OCM,ReqHdng,False,False,True,False,True,False,True,True,OCM,OCM,1,OCMToOCM_1,True,,,,
lre,fixed,OCM,ReqMOM,False,False,True,False,True,False,True,True,OCM,OCM,0,-,True,,,,
lre,fixed,OCM,ReqOCM,False,False,True,False,True,False,True,True,OCM,OCM,0,-,True,,,,
lre,fixed,OCM,EndTask,False,False,True,False,True,False,True,True,OCM,OCM,0,-,True,,,,
lre,fixed,OCM,ReqHCM,False,False,True,False,True,False,True,True,OCM,OCM,0,-,True,,,,
lre,fixed,OCM,tick,False,False,True,False,True,False,True,True,OCM,OCM,0,-,True,,,,
lre,fixed,OCM,ReqVel,False,False,True,False,True,True,False,False,OCM,OCM,1,OCMToOCM,True,,,,
lre,fixed,OCM,ReqHdng,False,False,True,False,True,True,False,False,OCM,OCM,1,OCMToOCM_1,True,,,,
lre,fixed,OCM,ReqMOM,False,False,True,False,True,True,False,False,OCM,OCM,0,-,True,,,,
lre,fixed,OCM,ReqOCM,False,False,True,False,True,True,False,False,OCM,OCM,0,-,True,,,,
lre,fixed,OCM,EndTask,False,False,True,False,True,True,False,False,OCM,OCM,0,-,True,,,,
lre,fixed,OCM,ReqHCM,False,False,True,False,True,True,False,False,OCM,OCM,0,-,True,,,,
lre,fixed,OCM,tick,False,False,True,False,True,True,False,False,OCM,OCM,0,-,True,,,,
lre,fixed,OCM,ReqVel,False,False,True,False,True,True,False,True,OCM,OCM,1,OCMToOCM,True,,,,
lre,fixed,OCM,ReqHdng,False,False,True,False,True,True,False,True,OCM,OCM,1,OCMToOCM_1,True,,,,
lre,fixed,OCM,ReqMOM,False,False,True,False,True,True,False,True,OCM,OCM,0,-,True,,,,
lre,fixed,OCM,ReqOCM,False,False,True,False,True,True,False,True,OCM,OCM,0,-,True,,,,
lre,fixed,OCM,EndTask,False,False,True,False,True,True,False,True,OCM,OCM,0,-,True,,,,
lre,fixed,OCM,ReqHCM,False,False,True,False,True,True,False,True,OCM,OCM,0,-,True,,,,
lre,fixed,OCM,tick,False,False,True,False,True,True,False,True,OCM,OCM,0,-,True,,,,
lre,fixed,OCM,ReqVel,False,False,True,False,True,True,True,False,OCM,OCM,1,OCMToOCM,True,,,,
lre,fixed,OCM,ReqHdng,False,False,True,False,True,True,True,False,OCM,OCM,1,OCMToOCM_1,True,,,,
lre,fixed,OCM,ReqMOM,False,False,True,False,True,True,True,False,OCM,OCM,0,-,True,,,,
lre,fixed,OCM,ReqOCM,False,False,True,False,True,True,True,False,OCM,OCM,0,-,True,,,,
lre,fixed,OCM,EndTask,False,False,True,False,True,True,True,False,OCM,OCM,0,-,True,,,,
lre,fixed,OCM,ReqHCM,False,False,True,False,True,True,True,False,OCM,OCM,0,-,True,,,,
lre,fixed,OCM,tick,False,False,True,False,True,True,True,False,OCM,OCM,0,-,True,,,,
lre,fixed,OCM,ReqVel,False,False,True,False,True,True,True,True,OCM,OCM,1,OCMToOCM,True,,,,
lre,fixed,OCM,ReqHdng,False,False,True,False,True,True,True,True,OCM,OCM,1,OCMToOCM_1,True,,,,
lre,fixed,OCM,ReqMOM,False,False,True,False,True,True,True,True,OCM,OCM,0,-,True,,,,
lre,fixed,OCM,ReqOCM,False,False,True,False,True,True,True,True,OCM,OCM,0,-,True,,,,
lre,fixed,OCM,EndTask,False,False,True,False,True,True,True,True,OCM,OCM,0,-,True,,,,
lre,fixed,OCM,ReqHCM,False,False,True,False,True,True,True,True,OCM,OCM,0,-,True,,,,
lre,fixed,OCM,tick,False,False,True,False,True,True,True,True,OCM,OCM,0,-,True,,,,
lre,fixed,OCM,ReqVel,False,False,True,True,False,False,False,False,OCM,OCM,1,OCMToOCM,True,,,,
lre,fixed,OCM,ReqHdng,False,False,True,True,False,False,False,False,OCM,OCM,1,OCMToOCM_1,True,,,,
lre,fixed,OCM,ReqMOM,False,False,True,True,False,False,False,False,OCM,OCM,0,-,True,,,,
lre,fixed,OCM,ReqOCM,False,False,True,True,False,False,False,False,OCM,OCM,0,-,True,,,,
lre,fixed,OCM,EndTask,False,False,True,True,False,False,False,False,OCM,OCM,0,-,True,,,,
lre,fixed,OCM,ReqHCM,False,False,True,True,False,False,False,False,OCM,OCM,0,-,True,,,,
lre,fixed,OCM,tick,False,False,True,True,False,False,False,False,OCM,OCM,0,-,True,,,,
lre,fixed,OCM,ReqVel,False,False,True,True,False,False,False,True,OCM,OCM,1,OCMToOCM,True,,,,
lre,fixed,OCM,ReqHdng,False,False,True,True,False,False,False,True,OCM,OCM,1,OCMToOCM_1,True,,,,
lre,fixed,OCM,ReqMOM,False,False,True,True,False,False,False,True,OCM,OCM,0,-,True,,,,
lre,fixed,OCM,ReqOCM,False,False,True,True,False,False,False,True,OCM,OCM,0,-,True,,,,
lre,fixed,OCM,EndTask,False,False,True,True,False,False,False,True,OCM,OCM,0,-,True,,,,
lre,fixed,OCM,ReqHCM,False,False,True,True,False,False,False,True,OCM,OCM,0,-,True,,,,
lre,fixed,OCM,tick,False,False,True,True,False,False,False,True,OCM,OCM,0,-,True,,,,
lre,fixed,OCM,ReqVel,False,False,True,True,False,False,True,False,OCM,OCM,1,OCMToOCM,True,,,,
lre,fixed,OCM,ReqHdng,False,False,True,True,False,False,True,False,OCM,OCM,1,OCMToOCM_1,True,,,,
lre,fixed,OCM,ReqMOM,False,False,True,True,False,False,True,False,OCM,OCM,0,-,True,,,,
lre,fixed,OCM,ReqOCM,False,False,True,True,False,False,True,False,OCM,OCM,0,-,True,,,,
lre,fixed,OCM,EndTask,False,False,True,True,False,False,True,False,OCM,OCM,0,-,True,,,,
lre,fixed,OCM,ReqHCM,False,False,True,True,False,False,True,False,OCM,OCM,0,-,True,,,,
lre,fixed,OCM,tick,False,False,True,True,False,False,True,False,OCM,OCM,0,-,True,,,,
lre,fixed,OCM,ReqVel,False,False,True,True,False,False,True,True,OCM,OCM,1,OCMToOCM,True,,,,
lre,fixed,OCM,ReqHdng,False,False,True,True,False,False,True,True,OCM,OCM,1,OCMToOCM_1,True,,,,
lre,fixed,OCM,ReqMOM,False,False,True,True,False,False,True,True,OCM,OCM,0,-,True,,,,
lre,fixed,OCM,ReqOCM,False,False,True,True,False,False,True,True,OCM,OCM,0,-,True,,,,
lre,fixed,OCM,EndTask,False,False,True,True,False,False,True,True,OCM,OCM,0,-,True,,,,
lre,fixed,OCM,ReqHCM,False,False,True,True,False,False,True,True,OCM,OCM,0,-,True,,,,
lre,fixed,OCM,tick,False,False,True,True,False,False,True,True,OCM,OCM,0,-,True,,,,
lre,fixed,OCM,ReqVel,False,False,True,True,False,True,False,False,OCM,OCM,1,OCMToOCM,True,,,,
lre,fixed,OCM,ReqHdng,False,False,True,True,False,True,False,False,OCM,OCM,1,OCMToOCM_1,True,,,,
lre,fixed,OCM,ReqMOM,False,False,True,True,False,True,False,False,OCM,OCM,0,-,True,,,,
lre,fixed,OCM,ReqOCM,False,False,True,True,False,True,False,False,OCM,OCM,0,-,True,,,,
lre,fixed,OCM,EndTask,False,False,True,True,False,True,False,False,OCM,OCM,0,-,True,,,,
lre,fixed,OCM,ReqHCM,False,False,True,True,False,True,False,False,OCM,OCM,0,-,True,,,,
lre,fixed,OCM,tick,False,False,True,True,False,True,False,False,OCM,OCM,0,-,True,,,,
lre,fixed,OCM,ReqVel,False,False,True,True,False,True,False,True,OCM,OCM,1,OCMToOCM,True,,,,
lre,fixed,OCM,ReqHdng,False,False,True,True,False,True,False,True,OCM,OCM,1,OCMToOCM_1,True,,,,
lre,fixed,OCM,ReqMOM,False,False,True,True,False,True,False,True,OCM,OCM,0,-,True,,,,
lre,fixed,OCM,ReqOCM,False,False,True,True,False,True,False,True,OCM,OCM,0,-,True,,,,
lre,fixed,OCM,EndTask,False,False,True,True,False,True,False,True,OCM,OCM,0,-,True,,,,
lre,fixed,OCM,ReqHCM,False,False,True,True,False,True,False,True,OCM,OCM,0,-,True,,,,
lre,fixed,OCM,tick,False,False,True,True,False,True,False,True,OCM,OCM,0,-,True,,,,
lre,fixed,OCM,ReqVel,False,False,True,True,False,True,True,False,OCM,OCM,1,OCMToOCM,True,,,,
lre,fixed,OCM,ReqHdng,False,False,True,True,False,True,True,False,OCM,OCM,1,OCMToOCM_1,True,,,,
lre,fixed,OCM,ReqMOM,False,False,True,True,False,True,True,False,OCM,OCM,0,-,True,,,,
lre,fixed,OCM,ReqOCM,False,False,True,True,False,True,True,False,OCM,OCM,0,-,True,,,,
lre,fixed,OCM,EndTask,False,False,True,True,False,True,True,False,OCM,OCM,0,-,True,,,,
lre,fixed,OCM,ReqHCM,False,False,True,True,False,True,True,False,OCM,OCM,0,-,True,,,,
lre,fixed,OCM,tick,False,False,True,True,False,True,True,False,OCM,OCM,0,-,True,,,,
lre,fixed,OCM,ReqVel,False,False,True,True,False,True,True,True,OCM,OCM,1,OCMToOCM,True,,,,
lre,fixed,OCM,ReqHdng,False,False,True,True,False,True,True,True,OCM,OCM,1,OCMToOCM_1,True,,,,
lre,fixed,OCM,ReqMOM,False,False,True,True,False,True,True,True,OCM,OCM,0,-,True,,,,
lre,fixed,OCM,ReqOCM,False,False,True,True,False,True,True,True,OCM,OCM,0,-,True,,,,
lre,fixed,OCM,EndTask,False,False,True,True,False,True,True,True,OCM,OCM,0,-,True,,,,
lre,fixed,OCM,ReqHCM,False,False,True,True,False,True,True,True,OCM,OCM,0,-,True,,,,
lre,fixed,OCM,tick,False,False,True,True,False,True,True,True,OCM,OCM,0,-,True,,,,
lre,fixed,OCM,ReqVel,False,False,True,True,True,False,False,False,OCM,OCM,1,OCMToOCM,True,,,,
lre,fixed,OCM,ReqHdng,False,False,True,True,True,False,False,False,OCM,OCM,1,OCMToOCM_1,True,,,,
lre,fixed,OCM,ReqMOM,False,False,True,True,True,False,False,False,OCM,OCM,0,-,True,,,,
lre,fixed,OCM,ReqOCM,False,False,True,True,True,False,False,False,OCM,OCM,0,-,True,,,,
lre,fixed,OCM,EndTask,False,False,True,True,True,False,False,False,OCM,OCM,0,-,True,,,,
lre,fixed,OCM,ReqHCM,False,False,True,True,True,False,False,False,OCM,OCM,0,-,True,,,,
lre,fixed,OCM,tick,False,False,True,True,True,False,False,False,OCM,OCM,0,-,True,,,,
lre,fixed,OCM,ReqVel,False,False,True,True,True,False,False,True,OCM,OCM,1,OCMToOCM,True,,,,
lre,fixed,OCM,ReqHdng,False,False,True,True,True,False,False,True,OCM,OCM,1,OCMToOCM_1,True,,,,
lre,fixed,OCM,ReqMOM,False,False,True,True,True,False,False,True,OCM,OCM,0,-,True,,,,
lre,fixed,OCM,ReqOCM,False,False,True,True,True,False,False,True,OCM,OCM,0,-,True,,,,
lre,fixed,OCM,EndTask,False,False,True,True,True,False,False,True,OCM,OCM,0,-,True,,,,
lre,fixed,OCM,ReqHCM,False,False,True,True,True,False,False,True,OCM,OCM,0,-,True,,,,
lre,fixed,OCM,tick,False,False,True,True,True,False,False,True,OCM,OCM,0,-,True,,,,
lre,fixed,OCM,ReqVel,False,False,True,True,True,False,True,False,OCM,OCM,1,OCMToOCM,True,,,,
lre,fixed,OCM,ReqHdng,False,False,True,True,True,False,True,False,OCM,OCM,1,OCMToOCM_1,True,,,,
lre,fixed,OCM,ReqMOM,False,False,True,True,True,False,True,False,OCM,OCM,0,-,True,,,,
lre,fixed,OCM,ReqOCM,False,False,True,True,True,False,True,False,OCM,OCM,0,-,True,,,,
lre,fixed,OCM,EndTask,False,False,True,True,True,False,True,False,OCM,OCM,0,-,True,,,,
lre,fixed,OCM,ReqHCM,False,False,True,True,True,False,True,False,OCM,OCM,0,-,True,,,,
lre,fixed,OCM,tick,False,False,True,True,True,False,True,False,OCM,OCM,0,-,True,,,,
lre,fixed,OCM,ReqVel,False,False,True,True,True,False,True,True,OCM,OCM,1,OCMToOCM,True,,,,
lre,fixed,OCM,ReqHdng,False,False,True,True,True,False,True,True,OCM,OCM,1,OCMToOCM_1,True,,,,
lre,fixed,OCM,ReqMOM,False,False,True,True,True,False,True,True,OCM,OCM,0,-,True,,,,
lre,fixed,OCM,ReqOCM,False,False,True,True,True,False,True,True,OCM,OCM,0,-,True,,,,
lre,fixed,OCM,EndTask,False,False,True,True,True,False,True,True,OCM,OCM,0,-,True,,,,
lre,fixed,OCM,ReqHCM,False,False,True,True,True,False,True,True,OCM,OCM,0,-,True,,,,
lre,fixed,OCM,tick,False,False,True,True,True,False,True,True,OCM,OCM,0,-,True,,,,
lre,fixed,OCM,ReqVel,False,False,True,True,True,True,False,False,OCM,OCM,1,OCMToOCM,True,,,,
lre,fixed,OCM,ReqHdng,False,False,True,True,True,True,False,False,OCM,OCM,1,OCMToOCM_1,True,,,,
lre,fixed,OCM,ReqMOM,False,False,True,True,True,True,False,False,OCM,OCM,0,-,True,,,,
lre,fixed,OCM,ReqOCM,False,False,True,True,True,True,False,False,OCM,OCM,0,-,True,,,,
lre,fixed,OCM,EndTask,False,False,True,True,True,True,False,False,OCM,OCM,0,-,True,,,,
lre,fixed,OCM,ReqHCM,False,False,True,True,True,True,False,False,OCM,OCM,0,-,True,,,,
lre,fixed,OCM,tick,False,False,True,True,True,True,False,False,OCM,OCM,0,-,True,,,,
lre,fixed,OCM,ReqVel,False,False,True,True,True,True,False,True,OCM,OCM,1,OCMToOCM,True,,,,
lre,fixed,OCM,ReqHdng,False,False,True,True,True,True,False,True,OCM,OCM,1,OCMToOCM_1,True,,,,
lre,fixed,OCM,ReqMOM,False,False,True,True,True,True,False,True,OCM,OCM,0,-,True,,,,
lre,fixed,OCM,ReqOCM,False,False,True,True,True,True,False,True,OCM,OCM,0,-,True,,,,
lre,fixed,OCM,EndTask,False,False,True,True,True,True,False,True,OCM,OCM,0,-,True,,,,
lre,fixed,OCM,ReqHCM,False,False,True,True,True,True,False,True,OCM,OCM,0,-,True,,,,
lre,fixed,OCM,tick,False,False,True,True,True,True,False,True,OCM,OCM,0,-,True,,,,
lre,fixed,OCM,ReqVel,False,False,True,True,True,True,True,False,OCM,OCM,1,OCMToOCM,True,,,,
lre,fixed,OCM,ReqHdng,False,False,True,True,True,True,True,False,OCM,OCM,1,OCMToOCM_1,True,,,,
lre,fixed,OCM,ReqMOM,False,False,True,True,True,True,True,False,OCM,OCM,0,-,True,,,,
lre,fixed,OCM,ReqOCM,False,False,True,True,True,True,True,False,OCM,OCM,0,-,True,,,,
lre,fixed,OCM,EndTask,False,False,True,True,True,True,True,False,OCM,OCM,0,-,True,,,,
lre,fixed,OCM,ReqHCM,False,False,True,True,True,True,True,False,OCM,OCM,0,-,True,,,,
lre,fixed,OCM,tick,False,False,True,True,True,True,True,False,OCM,OCM,0,-,True,,,,
lre,fixed,OCM,ReqVel,False,False,True,True,True,True,True,True,OCM,OCM,1,OCMToOCM,True,,,,
lre,fixed,OCM,ReqHdng,False,False,True,True,True,True,True,True,OCM,OCM,1,OCMToOCM_1,True,,,,
lre,fixed,OCM,ReqMOM,False,False,True,True,True,True,True,True,OCM,OCM,0,-,True,,,,
lre,fixed,OCM,ReqOCM,False,False,True,True,True,True,True,True,OCM,OCM,0,-,True,,,,
lre,fixed,OCM,EndTask,False,False,True,True,True,True,True,True,OCM,OCM,0,-,True,,,,
lre,fixed,OCM,ReqHCM,False,False,True,True,True,True,True,True,OCM,OCM,0,-,True,,,,
lre,fixed,OCM,tick,False,False,True,True,True,True,True,True,OCM,OCM,0,-,True,,,,
lre,fixed,OCM,ReqVel,False,True,False,False,False,False,False,False,OCM,OCM,1,OCMToOCM,True,,,,
lre,fixed,OCM,ReqHdng,False,True,False,False,False,False,False,False,OCM,OCM,1,OCMToOCM_1,True,,,,
lre,fixed,OCM,ReqMOM,False,True,False,False,False,False,False,False,OCM,OCM,0,-,True,,,,
lre,fixed,OCM,ReqOCM,False,True,False,False,False,False,False,False,OCM,OCM,0,-,True,,,,
lre,fixed,OCM,EndTask,False,True,False,False,False,False,False,False,OCM,OCM,0,-,True,,,,
lre,fixed,OCM,ReqHCM,False,True,False,False,False,False,False,False,OCM,OCM,0,-,True,,,,
lre,fixed,OCM,tick,False,True,False,False,False,False,False,False,OCM,OCM,0,-,True,,,,
lre,fixed,OCM,ReqVel,False,True,False,False,False,False,False,True,OCM,OCM,1,OCMToOCM,True,,,,
lre,fixed,OCM,ReqHdng,False,True,False,False,False,False,False,True,OCM,OCM,1,OCMToOCM_1,True,,,,
lre,fixed,OCM,ReqMOM,False,True,False,False,False,False,False,True,OCM,OCM,0,-,True,,,,
lre,fixed,OCM,ReqOCM,False,True,False,False,False,False,False,True,OCM,OCM,0,-,True,,,,
lre,fixed,OCM,EndTask,False,True,False,False,False,False,False,True,OCM,OCM,0,-,True,,,,
lre,fixed,OCM,ReqHCM,False,True,False,False,False,False,False,True,OCM,OCM,0,-,True,,,,
lre,fixed,OCM,tick,False,True,False,False,False,False,False,True,OCM,OCM,0,-,True,,,,
lre,fixed,OCM,ReqVel,False,True,False,False,False,False,True,False,OCM,OCM,1,OCMToOCM,True,,,,
lre,fixed,OCM,ReqHdng,False,True,False,False,False,False,True,False,OCM,OCM,1,OCMToOCM_1,True,,,,
lre,fixed,OCM,ReqMOM,False,True,False,False,False,False,True,False,OCM,OCM,0,-,True,,,,
lre,fixed,OCM,ReqOCM,False,True,False,False,False,False,True,False,OCM,OCM,0,-,True,,,,
lre,fixed,OCM,EndTask,False,True,False,False,False,False,True,False,OCM,OCM,0,-,True,,,,
lre,fixed,OCM,ReqHCM,False,True,False,False,False,False,True,False,OCM,OCM,0,-,True,,,,
lre,fixed,OCM,tick,False,True,False,False,False,False,True,False,OCM,OCM,0,-,True,,,,
lre,fixed,OCM,ReqVel,False,True,False,False,False,False,True,True,OCM,OCM,1,OCMToOCM,True,,,,
lre,fixed,OCM,ReqHdng,False,True,False,False,False,False,True,True,OCM,OCM,1,OCMToOCM_1,True,,,,
lre,fixed,OCM,ReqMOM,False,True,False,False,False,False,True,True,OCM,OCM,0,-,True,,,,
lre,fixed,OCM,ReqOCM,False,True,False,False,False,False,True,True,OCM,OCM,0,-,True,,,,
lre,fixed,OCM,EndTask,False,True,False,False,False,False,True,True,OCM,OCM,0,-,True,,,,
lre,fixed,OCM,ReqHCM,False,True,False,False,False,False,True,True,OCM,OCM,0,-,True,,,,
lre,fixed,OCM,tick,False,True,False,False,False,False,True,True,OCM,OCM,0,-,True,,,,
lre,fixed,OCM,ReqVel,False,True,False,False,False,True,False,False,OCM,OCM,1,OCMToOCM,True,,,,
lre,fixed,OCM,ReqHdng,False,True,False,False,False,True,False,False,OCM,OCM,1,OCMToOCM_1,True,,,,
lre,fixed,OCM,ReqMOM,False,True,False,False,False,True,False,False,OCM,OCM,0,-,True,,,,
lre,fixed,OCM,ReqOCM,False,True,False,False,False,True,False,False,OCM,OCM,0,-,True,,,,
lre,fixed,OCM,EndTask,False,True,False,False,False,True,False,False,OCM,OCM,0,-,True,,,,
lre,fixed,OCM,ReqHCM,False,True,False,False,False,True,False,False,OCM,OCM,0,-,True,,,,
lre,fixed,OCM,tick,False,True,False,False,False,True,False,False,OCM,OCM,0,-,True,,,,
lre,fixed,OCM,ReqVel,False,True,False,False,False,True,False,True,OCM,OCM,1,OCMToOCM,True,,,,
lre,fixed,OCM,ReqHdng,False,True,False,False,False,True,False,True,OCM,OCM,1,OCMToOCM_1,True,,,,
lre,fixed,OCM,ReqMOM,False,True,False,False,False,True,False,True,OCM,OCM,0,-,True,,,,
lre,fixed,OCM,ReqOCM,False,True,False,False,False,True,False,True,OCM,OCM,0,-,True,,,,
lre,fixed,OCM,EndTask,False,True,False,False,False,True,False,True,OCM,OCM,0,-,True,,,,
lre,fixed,OCM,ReqHCM,False,True,False,False,False,True,False,True,OCM,OCM,0,-,True,,,,
lre,fixed,OCM,tick,False,True,False,False,False,True,False,True,OCM,OCM,0,-,True,,,,
lre,fixed,OCM,ReqVel,False,True,False,False,False,True,True,False,OCM,OCM,1,OCMToOCM,True,,,,
lre,fixed,OCM,ReqHdng,False,True,False,False,False,True,True,False,OCM,OCM,1,OCMToOCM_1,True,,,,
lre,fixed,OCM,ReqMOM,False,True,False,False,False,True,True,False,OCM,OCM,0,-,True,,,,
lre,fixed,OCM,ReqOCM,False,True,False,False,False,True,True,False,OCM,OCM,0,-,True,,,,
lre,fixed,OCM,EndTask,False,True,False,False,False,True,True,False,OCM,OCM,0,-,True,,,,
lre,fixed,OCM,ReqHCM,False,True,False,False,False,True,True,False,OCM,OCM,0,-,True,,,,
lre,fixed,OCM,tick,False,True,False,False,False,True,True,False,OCM,OCM,0,-,True,,,,
lre,fixed,OCM,ReqVel,False,True,False,False,False,True,True,True,OCM,OCM,1,OCMToOCM,True,,,,
lre,fixed,OCM,ReqHdng,False,True,False,False,False,True,True,True,OCM,OCM,1,OCMToOCM_1,True,,,,
lre,fixed,OCM,ReqMOM,False,True,False,False,False,True,True,True,OCM,OCM,0,-,True,,,,
lre,fixed,OCM,ReqOCM,False,True,False,False,False,True,True,True,OCM,OCM,0,-,True,,,,
lre,fixed,OCM,EndTask,False,True,False,False,False,True,True,True,OCM,OCM,0,-,True,,,,
lre,fixed,OCM,ReqHCM,False,True,False,False,False,True,True,True,OCM,OCM,0,-,True,,,,
lre,fixed,OCM,tick,False,True,False,False,False,True,True,True,OCM,OCM,0,-,True,,,,
lre,fixed,OCM,ReqVel,False,True,False,False,True,False,False,False,OCM,OCM,1,OCMToOCM,True,,,,
lre,fixed,OCM,ReqHdng,False,True,False,False,True,False,False,False,OCM,OCM,1,OCMToOCM_1,True,,,,
lre,fixed,OCM,ReqMOM,False,True,False,False,True,False,False,False,OCM,OCM,0,-,True,,,,
lre,fixed,OCM,ReqOCM,False,True,False,False,True,False,False,False,OCM,OCM,0,-,True,,,,
lre,fixed,OCM,EndTask,False,True,False,False,True,False,False,False,OCM,OCM,0,-,True,,,,
lre,fixed,OCM,ReqHCM,False,True,False,False,True,False,False,False,OCM,OCM,0,-,True,,,,
lre,fixed,OCM,tick,False,True,False,False,True,False,False,False,OCM,OCM,0,-,True,,,,
lre,fixed,OCM,ReqVel,False,True,False,False,True,False,False,True,OCM,OCM,1,OCMToOCM,True,,,,
lre,fixed,OCM,ReqHdng,False,True,False,False,True,False,False,True,OCM,OCM,1,OCMToOCM_1,True,,,,
lre,fixed,OCM,ReqMOM,False,True,False,False,True,False,False,True,OCM,OCM,0,-,True,,,,
lre,fixed,OCM,ReqOCM,False,True,False,False,True,False,False,True,OCM,OCM,0,-,True,,,,
lre,fixed,OCM,EndTask,False,True,False,False,True,False,False,True,OCM,OCM,0,-,True,,,,
lre,fixed,OCM,ReqHCM,False,True,False,False,True,False,False,True,OCM,OCM,0,-,True,,,,
lre,fixed,OCM,tick,False,True,False,False,True,False,False,True,OCM,OCM,0,-,True,,,,
lre,fixed,OCM,ReqVel,False,True,False,False,True,False,True,False,OCM,OCM,1,OCMToOCM,True,,,,
lre,fixed,OCM,ReqHdng,False,True,False,False,True,False,True,False,OCM,OCM,1,OCMToOCM_1,True,,,,
lre,fixed,OCM,ReqMOM,False,True,False,False,True,False,True,False,OCM,OCM,0,-,True,,,,
lre,fixed,OCM,ReqOCM,False,True,False,False,True,False,True,False,OCM,OCM,0,-,True,,,,
lre,fixed,OCM,EndTask,False,True,False,False,True,False,True,False,OCM,OCM,0,-,True,,,,
lre,fixed,OCM,ReqHCM,False,True,False,False,True,False,True,False,OCM,OCM,0,-,True,,,,
lre,fixed,OCM,tick,False,True,False,False,True,False,True,False,OCM,OCM,0,-,True,,,,
lre,fixed,OCM,ReqVel,False,True,False,False,True,False,True,True,OCM,OCM,1,OCMToOCM,True,,,,
lre,fixed,OCM,ReqHdng,False,True,False,False,True,False,True,True,OCM,OCM,1,OCMToOCM_1,True,,,,
lre,fixed,OCM,ReqMOM,False,True,False,False,True,False,True,True,OCM,OCM,0,-,True,,,,
lre,fixed,OCM,ReqOCM,False,True,False,False,True,False,True,True,OCM,OCM,0,-,True,,,,
lre,fixed,OCM,EndTask,False,True,False,False,True,False,True,True,OCM,OCM,0,-,True,,,,
lre,fixed,OCM,ReqHCM,False,True,False,False,True,False,True,True,OCM,OCM,0,-,True,,,,
lre,fixed,OCM,tick,False,True,False,False,True,False,True,True,OCM,OCM,0,-,True,,,,
lre,fixed,OCM,ReqVel,False,True,False,False,True,True,False,False,OCM,OCM,1,OCMToOCM,True,,,,
lre,fixed,OCM,ReqHdng,False,True,False,False,True,True,False,False,OCM,OCM,1,OCMToOCM_1,True,,,,
lre,fixed,OCM,ReqMOM,False,True,False,False,True,True,False,False,OCM,OCM,0,-,True,,,,
lre,fixed,OCM,ReqOCM,False,True,False,False,True,True,False,False,OCM,OCM,0,-,True,,,,
lre,fixed,OCM,EndTask,False,True,False,False,True,True,False,False,OCM,OCM,0,-,True,,,,
lre,fixed,OCM,ReqHCM,False,True,False,False,True,True,False,False,OCM,OCM,0,-,True,,,,
lre,fixed,OCM,tick,False,True,False,False,True,True,False,False,OCM,OCM,0,-,True,,,,
lre,fixed,OCM,ReqVel,False,True,False,False,True,True,False,True,OCM,OCM,1,OCMToOCM,True,,,,
lre,fixed,OCM,ReqHdng,False,True,False,False,True,True,False,True,OCM,OCM,1,OCMToOCM_1,True,,,,
lre,fixed,OCM,ReqMOM,False,True,False,False,True,True,False,True,OCM,OCM,0,-,True,,,,
lre,fixed,OCM,ReqOCM,False,True,False,False,True,True,False,True,OCM,OCM,0,-,True,,,,
lre,fixed,OCM,EndTask,False,True,False,False,True,True,False,True,OCM,OCM,0,-,True,,,,
lre,fixed,OCM,ReqHCM,False,True,False,False,True,True,False,True,OCM,OCM,0,-,True,,,,
lre,fixed,OCM,tick,False,True,False,False,True,True,False,True,OCM,OCM,0,-,True,,,,
lre,fixed,OCM,ReqVel,False,True,False,False,True,True,True,False,OCM,OCM,1,OCMToOCM,True,,,,
lre,fixed,OCM,ReqHdng,False,True,False,False,True,True,True,False,OCM,OCM,1,OCMToOCM_1,True,,,,
lre,fixed,OCM,ReqMOM,False,True,False,False,True,True,True,False,MOM,MOM,1,OCMToMOM,True,,,,
lre,fixed,OCM,ReqOCM,False,True,False,False,True,True,True,False,OCM,OCM,0,-,True,,,,
lre,fixed,OCM,EndTask,False,True,False,False,True,True,True,False,OCM,OCM,0,-,True,,,,
lre,fixed,OCM,ReqHCM,False,True,False,False,True,True,True,False,OCM,OCM,0,-,True,,,,
lre,fixed,OCM,tick,False,True,False,False,True,True,True,False,OCM,OCM,0,-,True,,,,
lre,fixed,OCM,ReqVel,False,True,False,False,True,True,True,True,OCM,OCM,1,OCMToOCM,True,,,,
lre,fixed,OCM,ReqHdng,False,True,False,False,True,True,True,True,OCM,OCM,1,OCMToOCM_1,True,,,,
lre,fixed,OCM,ReqMOM,False,True,False,False,True,True,True,True,MOM,MOM,1,OCMToMOM,True,,,,
lre,fixed,OCM,ReqOCM,False,True,False,False,True,True,True,True,OCM,OCM,0,-,True,,,,
lre,fixed,OCM,EndTask,False,True,False,False,True,True,True,True,OCM,OCM,0,-,True,,,,
lre,fixed,OCM,ReqHCM,False,True,False,False,True,True,True,True,OCM,OCM,0,-,True,,,,
lre,fixed,OCM,tick,False,True,False,False,True,True,True,True,OCM,OCM,0,-,True,,,,
lre,fixed,OCM,ReqVel,False,True,False,True,False,False,False,False,OCM,OCM,1,OCMToOCM,True,,,,
lre,fixed,OCM,ReqHdng,False,True,False,True,False,False,False,False,OCM,OCM,1,OCMToOCM_1,True,,,,
lre,fixed,OCM,ReqMOM,False,True,False,True,False,False,False,False,OCM,OCM,0,-,True,,,,
lre,fixed,OCM,ReqOCM,False,True,False,True,False,False,False,False,OCM,OCM,0,-,True,,,,
lre,fixed,OCM,EndTask,False,True,False,True,False,False,False,False,OCM,OCM,0,-,True,,,,
lre,fixed,OCM,ReqHCM,False,True,False,True,False,False,False,False,OCM,OCM,0,-,True,,,,
lre,fixed,OCM,tick,False,True,False,True,False,False,False,False,OCM,OCM,0,-,True,,,,
lre,fixed,OCM,ReqVel,False,True,False,True,False,False,False,True,OCM,OCM,1,OCMToOCM,True,,,,
lre,fixed,OCM,ReqHdng,False,True,False,True,False,False,False,True,OCM,OCM,1,OCMToOCM_1,True,,,,
lre,fixed,OCM,ReqMOM,False,True,False,True,False,False,False,True,OCM,OCM,0,-,True,,,,
lre,fixed,OCM,ReqOCM,False,True,False,True,False,False,False,True,OCM,OCM,0,-,True,,,,
lre,fixed,OCM,EndTask,False,True,False,True,False,False,False,True,OCM,OCM,0,-,True,,,,
lre,fixed,OCM,ReqHCM,False,True,False,True,False,False,False,True,OCM,OCM,0,-,True,,,,
lre,fixed,OCM,tick,False,True,False,True,False,False,False,True,OCM,OCM,0,-,True,,,,
lre,fixed,OCM,ReqVel,False,True,False,True,False,False,True,False,OCM,OCM,1,OCMToOCM,True,,,,
lre,fixed,OCM,ReqHdng,False,True,False,True,False,False,True,False,OCM,OCM,1,OCMToOCM_1,True,,,,
lre,fixed,OCM,ReqMOM,False,True,False,True,False,False,True,False,OCM,OCM,0,-,True,,,,
lre,fixed,OCM,ReqOCM,False,True,False,True,False,False,True,False,OCM,OCM,0,-,True,,,,
lre,fixed,OCM,EndTask,False,True,False,True,False,False,True,False,OCM,OCM,0,-,True,,,,
lre,fixed,OCM,ReqHCM,False,True,False,True,False,False,True,False,OCM,OCM,0,-,True,,,,
lre,fixed,OCM,tick,False,True,False,True,False,False,True,False,OCM,OCM,0,-,True,,,,
lre,fixed,OCM,ReqVel,False,True,False,True,False,False,True,True,OCM,OCM,1,OCMToOCM,True,,,,
lre,fixed,OCM,ReqHdng,False,True,False,True,False,False,True,True,OCM,OCM,1,OCMToOCM_1,True,,,,
lre,fixed,OCM,ReqMOM,False,True,False,True,False,False,True,True,OCM,OCM,0,-,True,,,,
lre,fixed,OCM,ReqOCM,False,True,False,True,False,False,True,True,OCM,OCM,0,-,True,,,,
lre,fixed,OCM,EndTask,False,True,False,True,False,False,True,True,OCM,OCM,0,-,True,,,,
lre,fixed,OCM,ReqHCM,False,True,False,True,False,False,True,True,OCM,OCM,0,-,True,,,,
lre,fixed,OCM,tick,False,True,False,True,False,False,True,True,OCM,OCM,0,-,True,,,,
lre,fixed,OCM,ReqVel,False,True,False,True,False,True,False,False,OCM,OCM,1,OCMToOCM,True,,,,
lre,fixed,OCM,ReqHdng,False,True,False,True,False,True,False,False,OCM,OCM,1,OCMToOCM_1,True,,,,
lre,fixed,OCM,ReqMOM,False,True,False,True,False,True,False,False,OCM,OCM,0,-,True,,,,
lre,fixed,OCM,ReqOCM,False,True,False,True,False,True,False,False,OCM,OCM,0,-,True,,,,
lre,fixed,OCM,EndTask,False,True,False,True,False,True,False,False,OCM,OCM,0,-,True,,,,
lre,fixed,OCM,ReqHCM,False,True,False,True,False,True,False,False,OCM,OCM,0,-,True,,,,
lre,fixed,OCM,tick,False,True,False,True,False,True,False,False,OCM,OCM,0,-,True,,,,
lre,fixed,OCM,ReqVel,False,True,False,True,False,True,False,True,OCM,OCM,1,OCMToOCM,True,,,,
lre,fixed,OCM,ReqHdng,False,True,False,True,False,True,False,True,OCM,OCM,1,OCMToOCM_1,True,,,,
lre,fixed,OCM,ReqMOM,False,True,False,True,False,True,False,True,OCM,OCM,0,-,True,,,,
lre,fixed,OCM,ReqOCM,False,True,False,True,False,True,False,True,OCM,OCM,0,-,True,,,,
lre,fixed,OCM,EndTask,False,True,False,True,False,True,False,True,OCM,OCM,0,-,True,,,,
lre,fixed,OCM,ReqHCM,False,True,False,True,False,True,False,True,OCM,OCM,0,-,True,,,,
lre,fixed,OCM,tick,False,True,False,True,False,True,False,True,OCM,OCM,0,-,True,,,,
lre,fixed,OCM,ReqVel,False,True,False,True,False,True,True,False,OCM,OCM,1,OCMToOCM,True,,,,
lre,fixed,OCM,ReqHdng,False,True,False,True,False,True,True,False,OCM,OCM,1,OCMToOCM_1,True,,,,
lre,fixed,OCM,ReqMOM,False,True,False,True,False,True,True,False,OCM,OCM,0,-,True,,,,
lre,fixed,OCM,ReqOCM,False,True,False,True,False,True,True,False,OCM,OCM,0,-,True,,,,
lre,fixed,OCM,EndTask,False,True,False,True,False,True,True,False,OCM,OCM,0,-,True,,,,
lre,fixed,OCM,ReqHCM,False,True,False,True,False,True,True,False,OCM,OCM,0,-,True,,,,
lre,fixed,OCM,tick,False,True,False,True,False,True,True,False,OCM,OCM,0,-,True,,,,
lre,fixed,OCM,ReqVel,False,True,False,True,False,True,True,True,OCM,OCM,1,OCMToOCM,True,,,,
lre,fixed,OCM,ReqHdng,False,True,False,True,False,True,True,True,OCM,OCM,1,OCMToOCM_1,True,,,,
lre,fixed,OCM,ReqMOM,False,True,False,True,False,True,True,True,OCM,OCM,0,-,True,,,,
lre,fixed,OCM,ReqOCM,False,True,False,True,False,True,True,True,OCM,OCM,0,-,True,,,,
lre,fixed,OCM,EndTask,False,True,False,True,False,True,True,True,OCM,OCM,0,-,True,,,,
lre,fixed,OCM,ReqHCM,False,True,False,True,False,True,True,True,OCM,OCM,0,-,True,,,,
lre,fixed,OCM,tick,False,True,False,True,False,True,True,True,OCM,OCM,0,-,True,,,,
lre,fixed,OCM,ReqVel,False,True,False,True,True,False,False,False,OCM,OCM,1,OCMToOCM,True,,,,
lre,fixed,OCM,ReqHdng,False,True,False,True,True,False,False,False,OCM,OCM,1,OCMToOCM_1,True,,,,
lre,fixed,OCM,ReqMOM,False,True,False,True,True,False,False,False,OCM,OCM,0,-,True,,,,
lre,fixed,OCM,ReqOCM,False,True,False,True,True,False,False,False,OCM,OCM,0,-,True,,,,
lre,fixed,OCM,EndTask,False,True,False,True,True,False,False,False,OCM,OCM,0,-,True,,,,
lre,fixed,OCM,ReqHCM,False,True,False,True,True,False,False,False,OCM,OCM,0,-,True,,,,
lre,fixed,OCM,tick,False,True,False,True,True,False,False,False,OCM,OCM,0,-,True,,,,
lre,fixed,OCM,ReqVel,False,True,False,True,True,False,False,True,OCM,OCM,1,OCMToOCM,True,,,,
lre,fixed,OCM,ReqHdng,False,True,False,True,True,False,False,True,OCM,OCM,1,OCMToOCM_1,True,,,,
lre,fixed,OCM,ReqMOM,False,True,False,True,True,False,False,True,OCM,OCM,0,-,True,,,,
lre,fixed,OCM,ReqOCM,False,True,False,True,True,False,False,True,OCM,OCM,0,-,True,,,,
lre,fixed,OCM,EndTask,False,True,False,True,True,False,False,True,OCM,OCM,0,-,True,,,,
lre,fixed,OCM,ReqHCM,False,True,False,True,True,False,False,True,OCM,OCM,0,-,True,,,,
lre,fixed,OCM,tick,False,True,False,True,True,False,False,True,OCM,OCM,0,-,True,,,,
lre,fixed,OCM,ReqVel,False,True,False,True,True,False,True,False,OCM,OCM,1,OCMToOCM,True,,,,
lre,fixed,OCM,ReqHdng,False,True,False,True,True,False,True,False,OCM,OCM,1,OCMToOCM_1,True,,,,
lre,fixed,OCM,ReqMOM,False,True,False,True,True,False,True,False,OCM,OCM,0,-,True,,,,
lre,fixed,OCM,ReqOCM,False,True,False,True,True,False,True,False,OCM,OCM,0,-,True,,,,
lre,fixed,OCM,EndTask,False,True,False,True,True,False,True,False,OCM,OCM,0,-,True,,,,
lre,fixed,OCM,ReqHCM,False,True,False,True,True,False,True,False,OCM,OCM,0,-,True,,,,
lre,fixed,OCM,tick,False,True,False,True,True,False,True,False,OCM,OCM,0,-,True,,,,
lre,fixed,OCM,ReqVel,False,True,False,True,True,False,True,True,OCM,OCM,1,OCMToOCM,True,,,,
lre,fixed,OCM,ReqHdng,False,True,False,True,True,False,True,True,OCM,OCM,1,OCMToOCM_1,True,,,,
lre,fixed,OCM,ReqMOM,False,True,False,True,True,False,True,True,OCM,OCM,0,-,True,,,,
lre,fixed,OCM,ReqOCM,False,True,False,True,True,False,True,True,OCM,OCM,0,-,True,,,,
lre,fixed,OCM,EndTask,False,True,False,True,True,False,True,True,OCM,OCM,0,-,True,,,,
lre,fixed,OCM,ReqHCM,False,True,False,True,True,False,True,True,OCM,OCM,0,-,True,,,,
lre,fixed,OCM,tick,False,True,False,True,True,False,True,True,OCM,OCM,0,-,True,,,,
lre,fixed,OCM,ReqVel,False,True,False,True,True,True,False,False,OCM,OCM,1,OCMToOCM,True,,,,
lre,fixed,OCM,ReqHdng,False,True,False,True,True,True,False,False,OCM,OCM,1,OCMToOCM_1,True,,,,
lre,fixed,OCM,ReqMOM,False,True,False,True,True,True,False,False,OCM,OCM,0,-,True,,,,
lre,fixed,OCM,ReqOCM,False,True,False,True,True,True,False,False,OCM,OCM,0,-,True,,,,
lre,fixed,OCM,EndTask,False,True,False,True,True,True,False,False,OCM,OCM,0,-,True,,,,
lre,fixed,OCM,ReqHCM,False,True,False,True,True,True,False,False,OCM,OCM,0,-,True,,,,
lre,fixed,OCM,tick,False,True,False,True,True,True,False,False,OCM,OCM,0,-,True,,,,
lre,fixed,OCM,ReqVel,False,True,False,True,True,True,False,True,OCM,OCM,1,OCMToOCM,True,,,,
lre,fixed,OCM,ReqHdng,False,True,False,True,True,True,False,True,OCM,OCM,1,OCMToOCM_1,True,,,,
lre,fixed,OCM,ReqMOM,False,True,False,True,True,True,False,True,OCM,OCM,0,-,True,,,,
lre,fixed,OCM,ReqOCM,False,True,False,True,True,True,False,True,OCM,OCM,0,-,True,,,,
lre,fixed,OCM,EndTask,False,True,False,True,True,True,False,True,OCM,OCM,0,-,True,,,,
lre,fixed,OCM,ReqHCM,False,True,False,True,True,True,False,True,OCM,OCM,0,-,True,,,,
lre,fixed,OCM,tick,False,True,False,True,True,True,False,True,OCM,OCM,0,-,True,,,,
lre,fixed,OCM,ReqVel,False,True,False,True,True,True,True,False,OCM,OCM,1,OCMToOCM,True,,,,
lre,fixed,OCM,ReqHdng,False,True,False,True,True,True,True,False,OCM,OCM,1,OCMToOCM_1,True,,,,
lre,fixed,OCM,ReqMOM,False,True,False,True,True,True,True,False,MOM,MOM,1,OCMToMOM,True,,,,
lre,fixed,OCM,ReqOCM,False,True,False,True,True,True,True,False,OCM,OCM,0,-,True,,,,
lre,fixed,OCM,EndTask,False,True,False,True,True,True,True,False,OCM,OCM,0,-,True,,,,
lre,fixed,OCM,ReqHCM,False,True,False,True,True,True,True,False,OCM,OCM,0,-,True,,,,
lre,fixed,OCM,tick,False,True,False,True,True,True,True,False,OCM,OCM,0,-,True,,,,
lre,fixed,OCM,ReqVel,False,True,False,True,True,True,True,True,OCM,OCM,1,OCMToOCM,True,,,,
lre,fixed,OCM,ReqHdng,False,True,False,True,True,True,True,True,OCM,OCM,1,OCMToOCM_1,True,,,,
lre,fixed,OCM,ReqMOM,False,True,False,True,True,True,True,True,MOM,MOM,1,OCMToMOM,True,,,,
lre,fixed,OCM,ReqOCM,False,True,False,True,True,True,True,True,OCM,OCM,0,-,True,,,,
lre,fixed,OCM,EndTask,False,True,False,True,True,True,True,True,OCM,OCM,0,-,True,,,,
lre,fixed,OCM,ReqHCM,False,True,False,True,True,True,True,True,OCM,OCM,0,-,True,,,,
lre,fixed,OCM,tick,False,True,False,True,True,True,True,True,OCM,OCM,0,-,True,,,,
lre,fixed,OCM,ReqVel,False,True,True,False,False,False,False,False,OCM,OCM,1,OCMToOCM,True,,,,
lre,fixed,OCM,ReqHdng,False,True,True,False,False,False,False,False,OCM,OCM,1,OCMToOCM_1,True,,,,
lre,fixed,OCM,ReqMOM,False,True,True,False,False,False,False,False,OCM,OCM,0,-,True,,,,
lre,fixed,OCM,ReqOCM,False,True,True,False,False,False,False,False,OCM,OCM,0,-,True,,,,
lre,fixed,OCM,EndTask,False,True,True,False,False,False,False,False,OCM,OCM,0,-,True,,,,
lre,fixed,OCM,ReqHCM,False,True,True,False,False,False,False,False,OCM,OCM,0,-,True,,,,
lre,fixed,OCM,tick,False,True,True,False,False,False,False,False,OCM,OCM,0,-,True,,,,
lre,fixed,OCM,ReqVel,False,True,True,False,False,False,False,True,OCM,OCM,1,OCMToOCM,True,,,,
lre,fixed,OCM,ReqHdng,False,True,True,False,False,False,False,True,OCM,OCM,1,OCMToOCM_1,True,,,,
lre,fixed,OCM,ReqMOM,False,True,True,False,False,False,False,True,OCM,OCM,0,-,True,,,,
lre,fixed,OCM,ReqOCM,False,True,True,False,False,False,False,True,OCM,OCM,0,-,True,,,,
lre,fixed,OCM,EndTask,False,True,True,False,False,False,False,True,OCM,OCM,0,-,True,,,,
lre,fixed,OCM,ReqHCM,False,True,True,False,False,False,False,True,OCM,OCM,0,-,True,,,,
lre,fixed,OCM,tick,False,True,True,False,False,False,False,True,OCM,OCM,0,-,True,,,,
lre,fixed,OCM,ReqVel,False,True,True,False,False,False,True,False,OCM,OCM,1,OCMToOCM,True,,,,
lre,fixed,OCM,ReqHdng,False,True,True,False,False,False,True,False,OCM,OCM,1,OCMToOCM_1,True,,,,
lre,fixed,OCM,ReqMOM,False,True,True,False,False,False,True,False,OCM,OCM,0,-,True,,,,
lre,fixed,OCM,ReqOCM,False,True,True,False,False,False,True,False,OCM,OCM,0,-,True,,,,
lre,fixed,OCM,EndTask,False,True,True,False,False,False,True,False,OCM,OCM,0,-,True,,,,
lre,fixed,OCM,ReqHCM,False,True,True,False,False,False,True,False,OCM,OCM,0,-,True,,,,
lre,fixed,OCM,tick,False,True,True,False,False,False,True,False,OCM,OCM,0,-,True,,,,
lre,fixed,OCM,ReqVel,False,True,True,False,False,False,True,True,OCM,OCM,1,OCMToOCM,True,,,,
lre,fixed,OCM,ReqHdng,False,True,True,False,False,False,True,True,OCM,OCM,1,OCMToOCM_1,True,,,,
lre,fixed,OCM,ReqMOM,False,True,True,False,False,False,True,True,OCM,OCM,0,-,True,,,,
lre,fixed,OCM,ReqOCM,False,True,True,False,False,False,True,True,OCM,OCM,0,-,True,,,,
lre,fixed,OCM,EndTask,False,True,True,False,False,False,True,True,OCM,OCM,0,-,True,,,,
lre,fixed,OCM,ReqHCM,False,True,True,False,False,False,True,True,OCM,OCM,0,-,True,,,,
lre,fixed,OCM,tick,False,True,True,False,False,False,True,True,OCM,OCM,0,-,True,,,,
lre,fixed,OCM,ReqVel,False,True,True,False,False,True,False,False,OCM,OCM,1,OCMToOCM,True,,,,
lre,fixed,OCM,ReqHdng,False,True,True,False,False,True,False,False,OCM,OCM,1,OCMToOCM_1,True,,,,
lre,fixed,OCM,ReqMOM,False,True,True,False,False,True,False,False,OCM,OCM,0,-,True,,,,
lre,fixed,OCM,ReqOCM,False,True,True,False,False,True,False,False,OCM,OCM,0,-,True,,,,
lre,fixed,OCM,EndTask,False,True,True,False,False,True,False,False,OCM,OCM,0,-,True,,,,
lre,fixed,OCM,ReqHCM,False,True,True,False,False,True,False,False,OCM,OCM,0,-,True,,,,
lre,fixed,OCM,tick,False,True,True,False,False,True,False,False,OCM,OCM,0,-,True,,,,
lre,fixed,OCM,ReqVel,False,True,True,False,False,True,False,True,OCM,OCM,1,OCMToOCM,True,,,,
lre,fixed,OCM,ReqHdng,False,True,True,False,False,True,False,True,OCM,OCM,1,OCMToOCM_1,True,,,,
lre,fixed,OCM,ReqMOM,False,True,True,False,False,True,False,True,OCM,OCM,0,-,True,,,,
lre,fixed,OCM,ReqOCM,False,True,True,False,False,True,False,True,OCM,OCM,0,-,True,,,,
lre,fixed,OCM,EndTask,False,True,True,False,False,True,False,True,OCM,OCM,0,-,True,,,,
lre,fixed,OCM,ReqHCM,False,True,True,False,False,True,False,True,OCM,OCM,0,-,True,,,,
lre,fixed,OCM,tick,False,True,True,False,False,True,False,True,OCM,OCM,0,-,True,,,,
lre,fixed,OCM,ReqVel,False,True,True,False,False,True,True,False,OCM,OCM,1,OCMToOCM,True,,,,
lre,fixed,OCM,ReqHdng,False,True,True,False,False,True,True,False,OCM,OCM,1,OCMToOCM_1,True,,,,
lre,fixed,OCM,ReqMOM,False,True,True,False,False,True,True,False,OCM,OCM,0,-,True,,,,
lre,fixed,OCM,ReqOCM,False,True,True,False,False,True,True,False,OCM,OCM,0,-,True,,,,
lre,fixed,OCM,EndTask,False,True,True,False,False,True,True,False,OCM,OCM,0,-,True,,,,
lre,fixed,OCM,ReqHCM,False,True,True,False,False,True,True,False,OCM,OCM,0,-,True,,,,
lre,fixed,OCM,tick,False,True,True,False,False,True,True,False,OCM,OCM,0,-,True,,,,
lre,fixed,OCM,ReqVel,False,True,True,False,False,True,True,True,OCM,OCM,1,OCMToOCM,True,,,,
lre,fixed,OCM,ReqHdng,False,True,True,False,False,True,True,True,OCM,OCM,1,OCMToOCM_1,True,,,,
lre,fixed,OCM,ReqMOM,False,True,True,False,False,True,True,True,OCM,OCM,0,-,True,,,,
lre,fixed,OCM,ReqOCM,False,True,True,False,False,True,True,True,OCM,OCM,0,-,True,,,,
lre,fixed,OCM,EndTask,False,True,True,False,False,True,True,True,OCM,OCM,0,-,True,,,,
lre,fixed,OCM,ReqHCM,False,True,True,False,False,True,True,True,OCM,OCM,0,-,True,,,,
lre,fixed,OCM,tick,False,True,True,False,False,True,True,True,OCM,OCM,0,-,True,,,,
lre,fixed,OCM,ReqVel,False,True,True,False,True,False,False,False,OCM,OCM,1,OCMToOCM,True,,,,
lre,fixed,OCM,ReqHdng,False,True,True,False,True,False,False,False,OCM,OCM,1,OCMToOCM_1,True,,,,
lre,fixed,OCM,ReqMOM,False,True,True,False,True,False,False,False,OCM,OCM,0,-,True,,,,
lre,fixed,OCM,ReqOCM,False,True,True,False,True,False,False,False,OCM,OCM,0,-,True,,,,
lre,fixed,OCM,EndTask,False,True,True,False,True,False,False,False,OCM,OCM,0,-,True,,,,
lre,fixed,OCM,ReqHCM,False,True,True,False,True,False,False,False,OCM,OCM,0,-,True,,,,
lre,fixed,OCM,tick,False,True,True,False,True,False,False,False,OCM,OCM,0,-,True,,,,
lre,fixed,OCM,ReqVel,False,True,True,False,True,False,False,True,OCM,OCM,1,OCMToOCM,True,,,,
lre,fixed,OCM,ReqHdng,False,True,True,False,True,False,False,True,OCM,OCM,1,OCMToOCM_1,True,,,,
lre,fixed,OCM,ReqMOM,False,True,True,False,True,False,False,True,OCM,OCM,0,-,True,,,,
lre,fixed,OCM,ReqOCM,False,True,True,False,True,False,False,True,OCM,OCM,0,-,True,,,,
lre,fixed,OCM,EndTask,False,True,True,False,True,False,False,True,OCM,OCM,0,-,True,,,,
lre,fixed,OCM,ReqHCM,False,True,True,False,True,False,False,True,OCM,OCM,0,-,True,,,,
lre,fixed,OCM,tick,False,True,True,False,True,False,False,True,OCM,OCM,0,-,True,,,,
lre,fixed,OCM,ReqVel,False,True,True,False,True,False,True,False,OCM,OCM,1,OCMToOCM,True,,,,
lre,fixed,OCM,ReqHdng,False,True,True,False,True,False,True,False,OCM,OCM,1,OCMToOCM_1,True,,,,
lre,fixed,OCM,ReqMOM,False,True,True,False,True,False,True,False,OCM,OCM,0,-,True,,,,
lre,fixed,OCM,ReqOCM,False,True,True,False,True,False,True,False,OCM,OCM,0,-,True,,,,
lre,fixed,OCM,EndTask,False,True,True,False,True,False,True,False,OCM,OCM,0,-,True,,,,
lre,fixed,OCM,ReqHCM,False,True,True,False,True,False,True,False,OCM,OCM,0,-,True,,,,
lre,fixed,OCM,tick,False,True,True,False,True,False,True,False,OCM,OCM,0,-,True,,,,
lre,fixed,OCM,ReqVel,False,True,True,False,True,False,True,True,OCM,OCM,1,OCMToOCM,True,,,,
lre,fixed,OCM,ReqHdng,False,True,True,False,True,False,True,True,OCM,OCM,1,OCMToOCM_1,True,,,,
lre,fixed,OCM,ReqMOM,False,True,True,False,True,False,True,True,OCM,OCM,0,-,True,,,,
lre,fixed,OCM,ReqOCM,False,True,True,False,True,False,True,True,OCM,OCM,0,-,True,,,,
lre,fixed,OCM,EndTask,False,True,True,False,True,False,True,True,OCM,OCM,0,-,True,,,,
lre,fixed,OCM,ReqHCM,False,True,True,False,True,False,True,True,OCM,OCM,0,-,True,,,,
lre,fixed,OCM,tick,False,True,True,False,True,False,True,True,OCM,OCM,0,-,True,,,,
lre,fixed,OCM,ReqVel,False,True,True,False,True,True,False,False,OCM,OCM,1,OCMToOCM,True,,,,
lre,fixed,OCM,ReqHdng,False,True,True,False,True,True,False,False,OCM,OCM,1,OCMToOCM_1,True,,,,
lre,fixed,OCM,ReqMOM,False,True,True,False,True,True,False,False,OCM,OCM,0,-,True,,,,
lre,fixed,OCM,ReqOCM,False,True,True,False,True,True,False,False,OCM,OCM,0,-,True,,,,
lre,fixed,OCM,EndTask,False,True,True,False,True,True,False,False,OCM,OCM,0,-,True,,,,
lre,fixed,OCM,ReqHCM,False,True,True,False,True,True,False,False,OCM,OCM,0,-,True,,,,
lre,fixed,OCM,tick,False,True,True,False,True,True,False,False,OCM,OCM,0,-,True,,,,
lre,fixed,OCM,ReqVel,False,True,True,False,True,True,False,True,OCM,OCM,1,OCMToOCM,True,,,,
lre,fixed,OCM,ReqHdng,False,True,True,False,True,True,False,True,OCM,OCM,1,OCMToOCM_1,True,,,,
lre,fixed,OCM,ReqMOM,False,True,True,False,True,True,False,True,OCM,OCM,0,-,True,,,,
lre,fixed,OCM,ReqOCM,False,True,True,False,True,True,False,True,OCM,OCM,0,-,True,,,,
lre,fixed,OCM,EndTask,False,True,True,False,True,True,False,True,OCM,OCM,0,-,True,,,,
lre,fixed,OCM,ReqHCM,False,True,True,False,True,True,False,True,OCM,OCM,0,-,True,,,,
lre,fixed,OCM,tick,False,True,True,False,True,True,False,True,OCM,OCM,0,-,True,,,,
lre,fixed,OCM,ReqVel,False,True,True,False,True,True,True,False,OCM,OCM,1,OCMToOCM,True,,,,
lre,fixed,OCM,ReqHdng,False,True,True,False,True,True,True,False,OCM,OCM,1,OCMToOCM_1,True,,,,
lre,fixed,OCM,ReqMOM,False,True,True,False,True,True,True,False,OCM,OCM,0,-,True,,,,
lre,fixed,OCM,ReqOCM,False,True,True,False,True,True,True,False,OCM,OCM,0,-,True,,,,
lre,fixed,OCM,EndTask,False,True,True,False,True,True,True,False,OCM,OCM,0,-,True,,,,
lre,fixed,OCM,ReqHCM,False,True,True,False,True,True,True,False,OCM,OCM,0,-,True,,,,
lre,fixed,OCM,tick,False,True,True,False,True,True,True,False,OCM,OCM,0,-,True,,,,
lre,fixed,OCM,ReqVel,False,True,True,False,True,True,True,True,OCM,OCM,1,OCMToOCM,True,,,,
lre,fixed,OCM,ReqHdng,False,True,True,False,True,True,True,True,OCM,OCM,1,OCMToOCM_1,True,,,,
lre,fixed,OCM,ReqMOM,False,True,True,False,True,True,True,True,OCM,OCM,0,-,True,,,,
lre,fixed,OCM,ReqOCM,False,True,True,False,True,True,True,True,OCM,OCM,0,-,True,,,,
lre,fixed,OCM,EndTask,False,True,True,False,True,True,True,True,OCM,OCM,0,-,True,,,,
lre,fixed,OCM,ReqHCM,False,True,True,False,True,True,True,True,OCM,OCM,0,-,True,,,,
lre,fixed,OCM,tick,False,True,True,False,True,True,True,True,OCM,OCM,0,-,True,,,,
lre,fixed,OCM,ReqVel,False,True,True,True,False,False,False,False,OCM,OCM,1,OCMToOCM,True,,,,
lre,fixed,OCM,ReqHdng,False,True,True,True,False,False,False,False,OCM,OCM,1,OCMToOCM_1,True,,,,
lre,fixed,OCM,ReqMOM,False,True,True,True,False,False,False,False,OCM,OCM,0,-,True,,,,
lre,fixed,OCM,ReqOCM,False,True,True,True,False,False,False,False,OCM,OCM,0,-,True,,,,
lre,fixed,OCM,EndTask,False,True,True,True,False,False,False,False,OCM,OCM,0,-,True,,,,
lre,fixed,OCM,ReqHCM,False,True,True,True,False,False,False,False,OCM,OCM,0,-,True,,,,
lre,fixed,OCM,tick,False,True,True,True,False,False,False,False,OCM,OCM,0,-,True,,,,
lre,fixed,OCM,ReqVel,False,True,True,True,False,False,False,True,OCM,OCM,1,OCMToOCM,True,,,,
lre,fixed,OCM,ReqHdng,False,True,True,True,False,False,False,True,OCM,OCM,1,OCMToOCM_1,True,,,,
lre,fixed,OCM,ReqMOM,False,True,True,True,False,False,False,True,OCM,OCM,0,-,True,,,,
lre,fixed,OCM,ReqOCM,False,True,True,True,False,False,False,True,OCM,OCM,0,-,True,,,,
lre,fixed,OCM,EndTask,False,True,True,True,False,False,False,True,OCM,OCM,0,-,True,,,,
lre,fixed,OCM,ReqHCM,False,True,True,True,False,False,False,True,OCM,OCM,0,-,True,,,,
lre,fixed,OCM,tick,False,True,True,True,False,False,False,True,OCM,OCM,0,-,True,,,,
lre,fixed,OCM,ReqVel,False,True,True,True,False,False,True,False,OCM,OCM,1,OCMToOCM,True,,,,
lre,fixed,OCM,ReqHdng,False,True,True,True,False,False,True,False,OCM,OCM,1,OCMToOCM_1,True,,,,
lre,fixed,OCM,ReqMOM,False,True,True,True,False,False,True,False,OCM,OCM,0,-,True,,,,
lre,fixed,OCM,ReqOCM,False,True,True,True,False,False,True,False,OCM,OCM,0,-,True,,,,
lre,fixed,OCM,EndTask,False,True,True,True,False,False,True,False,OCM,OCM,0,-,True,,,,
lre,fixed,OCM,ReqHCM,False,True,True,True,False,False,True,False,OCM,OCM,0,-,True,,,,
lre,fixed,OCM,tick,False,True,True,True,False,False,True,False,OCM,OCM,0,-,True,,,,
lre,fixed,OCM,ReqVel,False,True,True,True,False,False,True,True,OCM,OCM,1,OCMToOCM,True,,,,
lre,fixed,OCM,ReqHdng,False,True,True,True,False,False,True,True,OCM,OCM,1,OCMToOCM_1,True,,,,
lre,fixed,OCM,ReqMOM,False,True,True,True,False,False,True,True,OCM,OCM,0,-,True,,,,
lre,fixed,OCM,ReqOCM,False,True,True,True,False,False,True,True,OCM,OCM,0,-,True,,,,
lre,fixed,OCM,EndTask,False,True,True,True,False,False,True,True,OCM,OCM,0,-,True,,,,
lre,fixed,OCM,ReqHCM,False,True,True,True,False,False,True,True,OCM,OCM,0,-,True,,,,
lre,fixed,OCM,tick,False,True,True,True,False,False,True,True,OCM,OCM,0,-,True,,,,
lre,fixed,OCM,ReqVel,False,True,True,True,False,True,False,False,OCM,OCM,1,OCMToOCM,True,,,,
lre,fixed,OCM,ReqHdng,False,True,True,True,False,True,False,False,OCM,OCM,1,OCMToOCM_1,True,,,,
lre,fixed,OCM,ReqMOM,False,True,True,True,False,True,False,False,OCM,OCM,0,-,True,,,,
lre,fixed,OCM,ReqOCM,False,True,True,True,False,True,False,False,OCM,OCM,0,-,True,,,,
lre,fixed,OCM,EndTask,False,True,True,True,False,True,False,False,OCM,OCM,0,-,True,,,,
lre,fixed,OCM,ReqHCM,False,True,True,True,False,True,False,False,OCM,OCM,0,-,True,,,,
lre,fixed,OCM,tick,False,True,True,True,False,True,False,False,OCM,OCM,0,-,True,,,,
lre,fixed,OCM,ReqVel,False,True,True,True,False,True,False,True,OCM,OCM,1,OCMToOCM,True,,,,
lre,fixed,OCM,ReqHdng,False,True,True,True,False,True,False,True,OCM,OCM,1,OCMToOCM_1,True,,,,
lre,fixed,OCM,ReqMOM,False,True,True,True,False,True,False,True,OCM,OCM,0,-,True,,,,
lre,fixed,OCM,ReqOCM,False,True,True,True,False,True,False,True,OCM,OCM,0,-,True,,,,
lre,fixed,OCM,EndTask,False,True,True,True,False,True,False,True,OCM,OCM,0,-,True,,,,
lre,fixed,OCM,ReqHCM,False,True,True,True,False,True,False,True,OCM,OCM,0,-,True,,,,
lre,fixed,OCM,tick,False,True,True,True,False,True,False,True,OCM,OCM,0,-,True,,,,
lre,fixed,OCM,ReqVel,False,True,True,True,False,True,True,False,OCM,OCM,1,OCMToOCM,True,,,,
lre,fixed,OCM,ReqHdng,False,True,True,True,False,True,True,False,OCM,OCM,1,OCMToOCM_1,True,,,,
lre,fixed,OCM,ReqMOM,False,True,True,True,False,True,True,False,OCM,OCM,0,-,True,,,,
lre,fixed,OCM,ReqOCM,False,True,True,True,False,True,True,False,OCM,OCM,0,-,True,,,,
lre,fixed,OCM,EndTask,False,True,True,True,False,True,True,False,OCM,OCM,0,-,True,,,,
lre,fixed,OCM,ReqHCM,False,True,True,True,False,True,True,False,OCM,OCM,0,-,True,,,,
lre,fixed,OCM,tick,False,True,True,True,False,True,True,False,OCM,OCM,0,-,True,,,,
lre,fixed,OCM,ReqVel,False,True,True,True,False,True,True,True,OCM,OCM,1,OCMToOCM,True,,,,
lre,fixed,OCM,ReqHdng,False,True,True,True,False,True,True,True,OCM,OCM,1,OCMToOCM_1,True,,,,
lre,fixed,OCM,ReqMOM,False,True,True,True,False,True,True,True,OCM,OCM,0,-,True,,,,
lre,fixed,OCM,ReqOCM,False,True,True,True,False,True,True,True,OCM,OCM,0,-,True,,,,
lre,fixed,OCM,EndTask,False,True,True,True,False,True,True,True,OCM,OCM,0,-,True,,,,
lre,fixed,OCM,ReqHCM,False,True,True,True,False,True,True,True,OCM,OCM,0,-,True,,,,
lre,fixed,OCM,tick,False,True,True,True,False,True,True,True,OCM,OCM,0,-,True,,,,
lre,fixed,OCM,ReqVel,False,True,True,True,True,False,False,False,OCM,OCM,1,OCMToOCM,True,,,,
lre,fixed,OCM,ReqHdng,False,True,True,True,True,False,False,False,OCM,OCM,1,OCMToOCM_1,True,,,,
lre,fixed,OCM,ReqMOM,False,True,True,True,True,False,False,False,OCM,OCM,0,-,True,,,,
lre,fixed,OCM,ReqOCM,False,True,True,True,True,False,False,False,OCM,OCM,0,-,True,,,,
lre,fixed,OCM,EndTask,False,True,True,True,True,False,False,False,OCM,OCM,0,-,True,,,,
lre,fixed,OCM,ReqHCM,False,True,True,True,True,False,False,False,OCM,OCM,0,-,True,,,,
lre,fixed,OCM,tick,False,True,True,True,True,False,False,False,OCM,OCM,0,-,True,,,,
lre,fixed,OCM,ReqVel,False,True,True,True,True,False,False,True,OCM,OCM,1,OCMToOCM,True,,,,
lre,fixed,OCM,ReqHdng,False,True,True,True,True,False,False,True,OCM,OCM,1,OCMToOCM_1,True,,,,
lre,fixed,OCM,ReqMOM,False,True,True,True,True,False,False,True,OCM,OCM,0,-,True,,,,
lre,fixed,OCM,ReqOCM,False,True,True,True,True,False,False,True,OCM,OCM,0,-,True,,,,
lre,fixed,OCM,EndTask,False,True,True,True,True,False,False,True,OCM,OCM,0,-,True,,,,
lre,fixed,OCM,ReqHCM,False,True,True,True,True,False,False,True,OCM,OCM,0,-,True,,,,
lre,fixed,OCM,tick,False,True,True,True,True,False,False,True,OCM,OCM,0,-,True,,,,
lre,fixed,OCM,ReqVel,False,True,True,True,True,False,True,False,OCM,OCM,1,OCMToOCM,True,,,,
lre,fixed,OCM,ReqHdng,False,True,True,True,True,False,True,False,OCM,OCM,1,OCMToOCM_1,True,,,,
lre,fixed,OCM,ReqMOM,False,True,True,True,True,False,True,False,OCM,OCM,0,-,True,,,,
lre,fixed,OCM,ReqOCM,False,True,True,True,True,False,True,False,OCM,OCM,0,-,True,,,,
lre,fixed,OCM,EndTask,False,True,True,True,True,False,True,False,OCM,OCM,0,-,True,,,,
lre,fixed,OCM,ReqHCM,False,True,True,True,True,False,True,False,OCM,OCM,0,-,True,,,,
lre,fixed,OCM,tick,False,True,True,True,True,False,True,False,OCM,OCM,0,-,True,,,,
lre,fixed,OCM,ReqVel,False,True,True,True,True,False,True,True,OCM,OCM,1,OCMToOCM,True,,,,
lre,fixed,OCM,ReqHdng,False,True,True,True,True,False,True,True,OCM,OCM,1,OCMToOCM_1,True,,,,
lre,fixed,OCM,ReqMOM,False,True,True,True,True,False,True,True,OCM,OCM,0,-,True,,,,
lre,fixed,OCM,ReqOCM,False,True,True,True,True,False,True,True,OCM,OCM,0,-,True,,,,
lre,fixed,OCM,EndTask,False,True,True,True,True,False,True,True,OCM,OCM,0,-,True,,,,
lre,fixed,OCM,ReqHCM,False,True,True,True,True,False,True,True,OCM,OCM,0,-,True,,,,
lre,fixed,OCM,tick,False,True,True,True,True,False,True,True,OCM,OCM,0,-,True,,,,
lre,fixed,OCM,ReqVel,False,True,True,True,True,True,False,False,OCM,OCM,1,OCMToOCM,True,,,,
lre,fixed,OCM,ReqHdng,False,True,True,True,True,True,False,False,OCM,OCM,1,OCMToOCM_1,True,,,,
lre,fixed,OCM,ReqMOM,False,True,True,True,True,True,False,False,OCM,OCM,0,-,True,,,,
lre,fixed,OCM,ReqOCM,False,True,True,True,True,True,False,False,OCM,OCM,0,-,True,,,,
lre,fixed,OCM,EndTask,False,True,True,True,True,True,False,False,OCM,OCM,0,-,True,,,,
lre,fixed,OCM,ReqHCM,False,True,True,True,True,True,False,False,OCM,OCM,0,-,True,,,,
lre,fixed,OCM,tick,False,True,True,True,True,True,False,False,OCM,OCM,0,-,True,,,,
lre,fixed,OCM,ReqVel,False,True,True,True,True,True,False,True,OCM,OCM,1,OCMToOCM,True,,,,
lre,fixed,OCM,ReqHdng,False,True,True,True,True,True,False,True,OCM,OCM,1,OCMToOCM_1,True,,,,
lre,fixed,OCM,ReqMOM,False,True,True,True,True,True,False,True,OCM,OCM,0,-,True,,,,
lre,fixed,OCM,ReqOCM,False,True,True,True,True,True,False,True,OCM,OCM,0,-,True,,,,
lre,fixed,OCM,EndTask,False,True,True,True,True,True,False,True,OCM,OCM,0,-,True,,,,
lre,fixed,OCM,ReqHCM,False,True,True,True,True,True,False,True,OCM,OCM,0,-,True,,,,
lre,fixed,OCM,tick,False,True,True,True,True,True,False,True,OCM,OCM,0,-,True,,,,
lre,fixed,OCM,ReqVel,False,True,True,True,True,True,True,False,OCM,OCM,1,OCMToOCM,True,,,,
lre,fixed,OCM,ReqHdng,False,True,True,True,True,True,True,False,OCM,OCM,1,OCMToOCM_1,True,,,,
lre,fixed,OCM,ReqMOM,False,True,True,True,True,True,True,False,OCM,OCM,0,-,True,,,,
lre,fixed,OCM,ReqOCM,False,True,True,True,True,True,True,False,OCM,OCM,0,-,True,,,,
lre,fixed,OCM,EndTask,False,True,True,True,True,True,True,False,OCM,OCM,0,-,True,,,,
lre,fixed,OCM,ReqHCM,False,True,True,True,True,True,True,False,OCM,OCM,0,-,True,,,,
lre,fixed,OCM,tick,False,True,True,True,True,True,True,False,OCM,OCM,0,-,True,,,,
lre,fixed,OCM,ReqVel,False,True,True,True,True,True,True,True,OCM,OCM,1,OCMToOCM,True,,,,
lre,fixed,OCM,ReqHdng,False,True,True,True,True,True,True,True,OCM,OCM,1,OCMToOCM_1,True,,,,
lre,fixed,OCM,ReqMOM,False,True,True,True,True,True,True,True,OCM,OCM,0,-,True,,,,
lre,fixed,OCM,ReqOCM,False,True,True,True,True,True,True,True,OCM,OCM,0,-,True,,,,
lre,fixed,OCM,EndTask,False,True,True,True,True,True,True,True,OCM,OCM,0,-,True,,,,
lre,fixed,OCM,ReqHCM,False,True,True,True,True,True,True,True,OCM,OCM,0,-,True,,,,
lre,fixed,OCM,tick,False,True,True,True,True,True,True,True,OCM,OCM,0,-,True,,,,
lre,fixed,OCM,ReqVel,True,False,False,False,False,False,False,False,OCM,OCM,1,OCMToOCM,True,,,,
lre,fixed,OCM,ReqHdng,True,False,False,False,False,False,False,False,OCM,OCM,1,OCMToOCM_1,True,,,,
lre,fixed,OCM,ReqMOM,True,False,False,False,False,False,False,False,OCM,OCM,0,-,True,,,,
lre,fixed,OCM,ReqOCM,True,False,False,False,False,False,False,False,OCM,OCM,0,-,True,,,,
lre,fixed,OCM,EndTask,True,False,False,False,False,False,False,False,OCM,OCM,0,-,True,,,,
lre,fixed,OCM,ReqHCM,True,False,False,False,False,False,False,False,OCM,OCM,0,-,True,,,,
lre,fixed,OCM,tick,True,False,False,False,False,False,False,False,OCM,OCM,0,-,True,,,,
lre,fixed,OCM,ReqVel,True,False,False,False,False,False,False,True,OCM,OCM,1,OCMToOCM,True,,,,
lre,fixed,OCM,ReqHdng,True,False,False,False,False,False,False,True,OCM,OCM,1,OCMToOCM_1,True,,,,
lre,fixed,OCM,ReqMOM,True,False,False,False,False,False,False,True,OCM,OCM,0,-,True,,,,
lre,fixed,OCM,ReqOCM,True,False,False,False,False,False,False,True,OCM,OCM,0,-,True,,,,
lre,fixed,OCM,EndTask,True,False,False,False,False,False,False,True,OCM,OCM,0,-,True,,,,
lre,fixed,OCM,ReqHCM,True,False,False,False,False,False,False,True,OCM,OCM,0,-,True,,,,
lre,fixed,OCM,tick,True,False,False,False,False,False,False,True,OCM,OCM,0,-,True,,,,
lre,fixed,OCM,ReqVel,True,False,False,False,False,False,True,False,OCM,OCM,1,OCMToOCM,True,,,,
lre,fixed,OCM,ReqHdng,True,False,False,False,False,False,True,False,OCM,OCM,1,OCMToOCM_1,True,,,,
lre,fixed,OCM,ReqMOM,True,False,False,False,False,False,True,False,OCM,OCM,0,-,True,,,,
lre,fixed,OCM,ReqOCM,True,False,False,False,False,False,True,False,OCM,OCM,0,-,True,,,,
lre,fixed,OCM,EndTask,True,False,False,False,False,False,True,False,OCM,OCM,0,-,True,,,,
lre,fixed,OCM,ReqHCM,True,False,False,False,False,False,True,False,OCM,OCM,0,-,True,,,,
lre,fixed,OCM,tick,True,False,False,False,False,False,True,False,OCM,OCM,0,-,True,,,,
lre,fixed,OCM,ReqVel,True,False,False,False,False,False,True,True,OCM,OCM,1,OCMToOCM,True,,,,
lre,fixed,OCM,ReqHdng,True,False,False,False,False,False,True,True,OCM,OCM,1,OCMToOCM_1,True,,,,
lre,fixed,OCM,ReqMOM,True,False,False,False,False,False,True,True,OCM,OCM,0,-,True,,,,
lre,fixed,OCM,ReqOCM,True,False,False,False,False,False,True,True,OCM,OCM,0,-,True,,,,
lre,fixed,OCM,EndTask,True,False,False,False,False,False,True,True,OCM,OCM,0,-,True,,,,
lre,fixed,OCM,ReqHCM,True,False,False,False,False,False,True,True,OCM,OCM,0,-,True,,,,
lre,fixed,OCM,tick,True,False,False,False,False,False,True,True,OCM,OCM,0,-,True,,,,
lre,fixed,OCM,ReqVel,True,False,False,False,False,True,False,False,OCM,OCM,1,OCMToOCM,True,,,,
lre,fixed,OCM,ReqHdng,True,False,False,False,False,True,False,False,OCM,OCM,1,OCMToOCM_1,True,,,,
lre,fixed,OCM,ReqMOM,True,False,False,False,False,True,False,False,OCM,OCM,0,-,True,,,,
lre,fixed,OCM,ReqOCM,True,False,False,False,False,True,False,False,OCM,OCM,0,-,True,,,,
lre,fixed,OCM,EndTask,True,False,False,False,False,True,False,False,OCM,OCM,0,-,True,,,,
lre,fixed,OCM,ReqHCM,True,False,False,False,False,True,False,False,OCM,OCM,0,-,True,,,,
lre,fixed,OCM,tick,True,False,False,False,False,True,False,False,OCM,OCM,0,-,True,,,,
lre,fixed,OCM,ReqVel,True,False,False,False,False,True,False,True,OCM,OCM,1,OCMToOCM,True,,,,
lre,fixed,OCM,ReqHdng,True,False,False,False,False,True,False,True,OCM,OCM,1,OCMToOCM_1,True,,,,
lre,fixed,OCM,ReqMOM,True,False,False,False,False,True,False,True,OCM,OCM,0,-,True,,,,
lre,fixed,OCM,ReqOCM,True,False,False,False,False,True,False,True,OCM,OCM,0,-,True,,,,
lre,fixed,OCM,EndTask,True,False,False,False,False,True,False,True,OCM,OCM,0,-,True,,,,
lre,fixed,OCM,ReqHCM,True,False,False,False,False,True,False,True,OCM,OCM,0,-,True,,,,
lre,fixed,OCM,tick,True,False,False,False,False,True,False,True,OCM,OCM,0,-,True,,,,
lre,fixed,OCM,ReqVel,True,False,False,False,False,True,True,False,OCM,OCM,1,OCMToOCM,True,,,,
lre,fixed,OCM,ReqHdng,True,False,False,False,False,True,True,False,OCM,OCM,1,OCMToOCM_1,True,,,,
lre,fixed,OCM,ReqMOM,True,False,False,False,False,True,True,False,OCM,OCM,0,-,True,,,,
lre,fixed,OCM,ReqOCM,True,False,False,False,False,True,True,False,OCM,OCM,0,-,True,,,,
lre,fixed,OCM,EndTask,True,False,False,False,False,True,True,False,OCM,OCM,0,-,True,,,,
lre,fixed,OCM,ReqHCM,True,False,False,False,False,True,True,False,OCM,OCM,0,-,True,,,,
lre,fixed,OCM,tick,True,False,False,False,False,True,True,False,OCM,OCM,0,-,True,,,,
lre,fixed,OCM,ReqVel,True,False,False,False,False,True,True,True,OCM,OCM,1,OCMToOCM,True,,,,
lre,fixed,OCM,ReqHdng,True,False,False,False,False,True,True,True,OCM,OCM,1,OCMToOCM_1,True,,,,
lre,fixed,OCM,ReqMOM,True,False,False,False,False,True,True,True,OCM,OCM,0,-,True,,,,
lre,fixed,OCM,ReqOCM,True,False,False,False,False,True,True,True,OCM,OCM,0,-,True,,,,
lre,fixed,OCM,EndTask,True,False,False,False,False,True,True,True,OCM,OCM,0,-,True,,,,
lre,fixed,OCM,ReqHCM,True,False,False,False,False,True,True,True,OCM,OCM,0,-,True,,,,
lre,fixed,OCM,tick,True,False,False,False,False,True,True,True,OCM,OCM,0,-,True,,,,
lre,fixed,OCM,ReqVel,True,False,False,False,True,False,False,False,OCM,OCM,1,OCMToOCM,True,,,,
lre,fixed,OCM,ReqHdng,True,False,False,False,True,False,False,False,OCM,OCM,1,OCMToOCM_1,True,,,,
lre,fixed,OCM,ReqMOM,True,False,False,False,True,False,False,False,OCM,OCM,0,-,True,,,,
lre,fixed,OCM,ReqOCM,True,False,False,False,True,False,False,False,OCM,OCM,0,-,True,,,,
lre,fixed,OCM,EndTask,True,False,False,False,True,False,False,False,OCM,OCM,0,-,True,,,,
lre,fixed,OCM,ReqHCM,True,False,False,False,True,False,False,False,OCM,OCM,0,-,True,,,,
lre,fixed,OCM,tick,True,False,False,False,True,False,False,False,OCM,OCM,0,-,True,,,,
lre,fixed,OCM,ReqVel,True,False,False,False,True,False,False,True,OCM,OCM,1,OCMToOCM,True,,,,
lre,fixed,OCM,ReqHdng,True,False,False,False,True,False,False,True,OCM,OCM,1,OCMToOCM_1,True,,,,
lre,fixed,OCM,ReqMOM,True,False,False,False,True,False,False,True,OCM,OCM,0,-,True,,,,
lre,fixed,OCM,ReqOCM,True,False,False,False,True,False,False,True,OCM,OCM,0,-,True,,,,
lre,fixed,OCM,EndTask,True,False,False,False,True,False,False,True,OCM,OCM,0,-,True,,,,
lre,fixed,OCM,ReqHCM,True,False,False,False,True,False,False,True,OCM,OCM,0,-,True,,,,
lre,fixed,OCM,tick,True,False,False,False,True,False,False,True,OCM,OCM,0,-,True,,,,
lre,fixed,OCM,ReqVel,True,False,False,False,True,False,True,False,OCM,OCM,1,OCMToOCM,True,,,,
lre,fixed,OCM,ReqHdng,True,False,False,False,True,False,True,False,OCM,OCM,1,OCMToOCM_1,True,,,,
lre,fixed,OCM,ReqMOM,True,False,False,False,True,False,True,False,OCM,OCM,0,-,True,,,,
lre,fixed,OCM,ReqOCM,True,False,False,False,True,False,True,False,OCM,OCM,0,-,True,,,,
lre,fixed,OCM,EndTask,True,False,False,False,True,False,True,False,OCM,OCM,0,-,True,,,,
lre,fixed,OCM,ReqHCM,True,False,False,False,True,False,True,False,OCM,OCM,0,-,True,,,,
lre,fixed,OCM,tick,True,False,False,False,True,False,True,False,OCM,OCM,0,-,True,,,,
lre,fixed,OCM,ReqVel,True,False,False,False,True,False,True,True,OCM,OCM,1,OCMToOCM,True,,,,
lre,fixed,OCM,ReqHdng,True,False,False,False,True,False,True,True,OCM,OCM,1,OCMToOCM_1,True,,,,
lre,fixed,OCM,ReqMOM,True,False,False,False,True,False,True,True,OCM,OCM,0,-,True,,,,
lre,fixed,OCM,ReqOCM,True,False,False,False,True,False,True,True,OCM,OCM,0,-,True,,,,
lre,fixed,OCM,EndTask,True,False,False,False,True,False,True,True,OCM,OCM,0,-,True,,,,
lre,fixed,OCM,ReqHCM,True,False,False,False,True,False,True,True,OCM,OCM,0,-,True,,,,
lre,fixed,OCM,tick,True,False,False,False,True,False,True,True,OCM,OCM,0,-,True,,,,
lre,fixed,OCM,ReqVel,True,False,False,False,True,True,False,False,OCM,OCM,1,OCMToOCM,True,,,,
lre,fixed,OCM,ReqHdng,True,False,False,False,True,True,False,False,OCM,OCM,1,OCMToOCM_1,True,,,,
lre,fixed,OCM,ReqMOM,True,False,False,False,True,True,False,False,OCM,OCM,0,-,True,,,,
lre,fixed,OCM,ReqOCM,True,False,False,False,True,True,False,False,OCM,OCM,0,-,True,,,,
lre,fixed,OCM,EndTask,True,False,False,False,True,True,False,False,OCM,OCM,0,-,True,,,,
lre,fixed,OCM,ReqHCM,True,False,False,False,True,True,False,False,OCM,OCM,0,-,True,,,,
lre,fixed,OCM,tick,True,False,False,False,True,True,False,False,OCM,OCM,0,-,True,,,,
lre,fixed,OCM,ReqVel,True,False,False,False,True,True,False,True,OCM,OCM,1,OCMToOCM,True,,,,
lre,fixed,OCM,ReqHdng,True,False,False,False,True,True,False,True,OCM,OCM,1,OCMToOCM_1,True,,,,
lre,fixed,OCM,ReqMOM,True,False,False,False,True,True,False,True,OCM,OCM,0,-,True,,,,
lre,fixed,OCM,ReqOCM,True,False,False,False,True,True,False,True,OCM,OCM,0,-,True,,,,
lre,fixed,OCM,EndTask,True,False,False,False,True,True,False,True,OCM,OCM,0,-,True,,,,
lre,fixed,OCM,ReqHCM,True,False,False,False,True,True,False,True,OCM,OCM,0,-,True,,,,
lre,fixed,OCM,tick,True,False,False,False,True,True,False,True,OCM,OCM,0,-,True,,,,
lre,fixed,OCM,ReqVel,True,False,False,False,True,True,True,False,OCM,OCM,1,OCMToOCM,True,,,,
lre,fixed,OCM,ReqHdng,True,False,False,False,True,True,True,False,OCM,OCM,1,OCMToOCM_1,True,,,,
lre,fixed,OCM,ReqMOM,True,False,False,False,True,True,True,False,MOM,MOM,1,OCMToMOM,True,,,,
lre,fixed,OCM,ReqOCM,True,False,False,False,True,True,True,False,OCM,OCM,0,-,True,,,,
lre,fixed,OCM,EndTask,True,False,False,False,True,True,True,False,OCM,OCM,0,-,True,,,,
lre,fixed,OCM,ReqHCM,True,False,False,False,True,True,True,False,OCM,OCM,0,-,True,,,,
lre,fixed,OCM,tick,True,False,False,False,True,True,True,False,OCM,OCM,0,-,True,,,,
lre,fixed,OCM,ReqVel,True,False,False,False,True,True,True,True,OCM,OCM,1,OCMToOCM,True,,,,
lre,fixed,OCM,ReqHdng,True,False,False,False,True,True,True,True,OCM,OCM,1,OCMToOCM_1,True,,,,
lre,fixed,OCM,ReqMOM,True,False,False,False,True,True,True,True,MOM,MOM,1,OCMToMOM,True,,,,
lre,fixed,OCM,ReqOCM,True,False,False,False,True,True,True,True,OCM,OCM,0,-,True,,,,
lre,fixed,OCM,EndTask,True,False,False,False,True,True,True,True,OCM,OCM,0,-,True,,,,
lre,fixed,OCM,ReqHCM,True,False,False,False,True,True,True,True,OCM,OCM,0,-,True,,,,
lre,fixed,OCM,tick,True,False,False,False,True,True,True,True,OCM,OCM,0,-,True,,,,
lre,fixed,OCM,ReqVel,True,False,False,True,False,False,False,False,OCM,OCM,1,OCMToOCM,True,,,,
lre,fixed,OCM,ReqHdng,True,False,False,True,False,False,False,False,OCM,OCM,1,OCMToOCM_1,True,,,,
lre,fixed,OCM,ReqMOM,True,False,False,True,False,False,False,False,OCM,OCM,0,-,True,,,,
lre,fixed,OCM,ReqOCM,True,False,False,True,False,False,False,False,OCM,OCM,0,-,True,,,,
lre,fixed,OCM,EndTask,True,False,False,True,False,False,False,False,OCM,OCM,0,-,True,,,,
lre,fixed,OCM,ReqHCM,True,False,False,True,False,False,False,False,OCM,OCM,0,-,True,,,,
lre,fixed,OCM,tick,True,False,False,True,False,False,False,False,OCM,OCM,0,-,True,,,,
lre,fixed,OCM,ReqVel,True,False,False,True,False,False,False,True,OCM,OCM,1,OCMToOCM,True,,,,
lre,fixed,OCM,ReqHdng,True,False,False,True,False,False,False,True,OCM,OCM,1,OCMToOCM_1,True,,,,
lre,fixed,OCM,ReqMOM,True,False,False,True,False,False,False,True,OCM,OCM,0,-,True,,,,
lre,fixed,OCM,ReqOCM,True,False,False,True,False,False,False,True,OCM,OCM,0,-,True,,,,
lre,fixed,OCM,EndTask,True,False,False,True,False,False,False,True,OCM,OCM,0,-,True,,,,
lre,fixed,OCM,ReqHCM,True,False,False,True,False,False,False,True,OCM,OCM,0,-,True,,,,
lre,fixed,OCM,tick,True,False,False,True,False,False,False,True,OCM,OCM,0,-,True,,,,
lre,fixed,OCM,ReqVel,True,False,False,True,False,False,True,False,OCM,OCM,1,OCMToOCM,True,,,,
lre,fixed,OCM,ReqHdng,True,False,False,True,False,False,True,False,OCM,OCM,1,OCMToOCM_1,True,,,,
lre,fixed,OCM,ReqMOM,True,False,False,True,False,False,True,False,OCM,OCM,0,-,True,,,,
lre,fixed,OCM,ReqOCM,True,False,False,True,False,False,True,False,OCM,OCM,0,-,True,,,,
lre,fixed,OCM,EndTask,True,False,False,True,False,False,True,False,OCM,OCM,0,-,True,,,,
lre,fixed,OCM,ReqHCM,True,False,False,True,False,False,True,False,OCM,OCM,0,-,True,,,,
lre,fixed,OCM,tick,True,False,False,True,False,False,True,False,OCM,OCM,0,-,True,,,,
lre,fixed,OCM,ReqVel,True,False,False,True,False,False,True,True,OCM,OCM,1,OCMToOCM,True,,,,
lre,fixed,OCM,ReqHdng,True,False,False,True,False,False,True,True,OCM,OCM,1,OCMToOCM_1,True,,,,
lre,fixed,OCM,ReqMOM,True,False,False,True,False,False,True,True,OCM,OCM,0,-,True,,,,
lre,fixed,OCM,ReqOCM,True,False,False,True,False,False,True,True,OCM,OCM,0,-,True,,,,
lre,fixed,OCM,EndTask,True,False,False,True,False,False,True,True,OCM,OCM,0,-,True,,,,
lre,fixed,OCM,ReqHCM,True,False,False,True,False,False,True,True,OCM,OCM,0,-,True,,,,
lre,fixed,OCM,tick,True,False,False,True,False,False,True,True,OCM,OCM,0,-,True,,,,
lre,fixed,OCM,ReqVel,True,False,False,True,False,True,False,False,OCM,OCM,1,OCMToOCM,True,,,,
lre,fixed,OCM,ReqHdng,True,False,False,True,False,True,False,False,OCM,OCM,1,OCMToOCM_1,True,,,,
lre,fixed,OCM,ReqMOM,True,False,False,True,False,True,False,False,OCM,OCM,0,-,True,,,,
lre,fixed,OCM,ReqOCM,True,False,False,True,False,True,False,False,OCM,OCM,0,-,True,,,,
lre,fixed,OCM,EndTask,True,False,False,True,False,True,False,False,OCM,OCM,0,-,True,,,,
lre,fixed,OCM,ReqHCM,True,False,False,True,False,True,False,False,OCM,OCM,0,-,True,,,,
lre,fixed,OCM,tick,True,False,False,True,False,True,False,False,OCM,OCM,0,-,True,,,,
lre,fixed,OCM,ReqVel,True,False,False,True,False,True,False,True,OCM,OCM,1,OCMToOCM,True,,,,
lre,fixed,OCM,ReqHdng,True,False,False,True,False,True,False,True,OCM,OCM,1,OCMToOCM_1,True,,,,
lre,fixed,OCM,ReqMOM,True,False,False,True,False,True,False,True,OCM,OCM,0,-,True,,,,
lre,fixed,OCM,ReqOCM,True,False,False,True,False,True,False,True,OCM,OCM,0,-,True,,,,
lre,fixed,OCM,EndTask,True,False,False,True,False,True,False,True,OCM,OCM,0,-,True,,,,
lre,fixed,OCM,ReqHCM,True,False,False,True,False,True,False,True,OCM,OCM,0,-,True,,,,
lre,fixed,OCM,tick,True,False,False,True,False,True,False,True,OCM,OCM,0,-,True,,,,
lre,fixed,OCM,ReqVel,True,False,False,True,False,True,True,False,OCM,OCM,1,OCMToOCM,True,,,,
lre,fixed,OCM,ReqHdng,True,False,False,True,False,True,True,False,OCM,OCM,1,OCMToOCM_1,True,,,,
lre,fixed,OCM,ReqMOM,True,False,False,True,False,True,True,False,OCM,OCM,0,-,True,,,,
lre,fixed,OCM,ReqOCM,True,False,False,True,False,True,True,False,OCM,OCM,0,-,True,,,,
lre,fixed,OCM,EndTask,True,False,False,True,False,True,True,False,OCM,OCM,0,-,True,,,,
lre,fixed,OCM,ReqHCM,True,False,False,True,False,True,True,False,OCM,OCM,0,-,True,,,,
lre,fixed,OCM,tick,True,False,False,True,False,True,True,False,OCM,OCM,0,-,True,,,,
lre,fixed,OCM,ReqVel,True,False,False,True,False,True,True,True,OCM,OCM,1,OCMToOCM,True,,,,
lre,fixed,OCM,ReqHdng,True,False,False,True,False,True,True,True,OCM,OCM,1,OCMToOCM_1,True,,,,
lre,fixed,OCM,ReqMOM,True,False,False,True,False,True,True,True,OCM,OCM,0,-,True,,,,
lre,fixed,OCM,ReqOCM,True,False,False,True,False,True,True,True,OCM,OCM,0,-,True,,,,
lre,fixed,OCM,EndTask,True,False,False,True,False,True,True,True,OCM,OCM,0,-,True,,,,
lre,fixed,OCM,ReqHCM,True,False,False,True,False,True,True,True,OCM,OCM,0,-,True,,,,
lre,fixed,OCM,tick,True,False,False,True,False,True,True,True,OCM,OCM,0,-,True,,,,
lre,fixed,OCM,ReqVel,True,False,False,True,True,False,False,False,OCM,OCM,1,OCMToOCM,True,,,,
lre,fixed,OCM,ReqHdng,True,False,False,True,True,False,False,False,OCM,OCM,1,OCMToOCM_1,True,,,,
lre,fixed,OCM,ReqMOM,True,False,False,True,True,False,False,False,OCM,OCM,0,-,True,,,,
lre,fixed,OCM,ReqOCM,True,False,False,True,True,False,False,False,OCM,OCM,0,-,True,,,,
lre,fixed,OCM,EndTask,True,False,False,True,True,False,False,False,OCM,OCM,0,-,True,,,,
lre,fixed,OCM,ReqHCM,True,False,False,True,True,False,False,False,OCM,OCM,0,-,True,,,,
lre,fixed,OCM,tick,True,False,False,True,True,False,False,False,OCM,OCM,0,-,True,,,,
lre,fixed,OCM,ReqVel,True,False,False,True,True,False,False,True,OCM,OCM,1,OCMToOCM,True,,,,
lre,fixed,OCM,ReqHdng,True,False,False,True,True,False,False,True,OCM,OCM,1,OCMToOCM_1,True,,,,
lre,fixed,OCM,ReqMOM,True,False,False,True,True,False,False,True,OCM,OCM,0,-,True,,,,
lre,fixed,OCM,ReqOCM,True,False,False,True,True,False,False,True,OCM,OCM,0,-,True,,,,
lre,fixed,OCM,EndTask,True,False,False,True,True,False,False,True,OCM,OCM,0,-,True,,,,
lre,fixed,OCM,ReqHCM,True,False,False,True,True,False,False,True,OCM,OCM,0,-,True,,,,
lre,fixed,OCM,tick,True,False,False,True,True,False,False,True,OCM,OCM,0,-,True,,,,
lre,fixed,OCM,ReqVel,True,False,False,True,True,False,True,False,OCM,OCM,1,OCMToOCM,True,,,,
lre,fixed,OCM,ReqHdng,True,False,False,True,True,False,True,False,OCM,OCM,1,OCMToOCM_1,True,,,,
lre,fixed,OCM,ReqMOM,True,False,False,True,True,False,True,False,OCM,OCM,0,-,True,,,,
lre,fixed,OCM,ReqOCM,True,False,False,True,True,False,True,False,OCM,OCM,0,-,True,,,,
lre,fixed,OCM,EndTask,True,False,False,True,True,False,True,False,OCM,OCM,0,-,True,,,,
lre,fixed,OCM,ReqHCM,True,False,False,True,True,False,True,False,OCM,OCM,0,-,True,,,,
lre,fixed,OCM,tick,True,False,False,True,True,False,True,False,OCM,OCM,0,-,True,,,,
lre,fixed,OCM,ReqVel,True,False,False,True,True,False,True,True,OCM,OCM,1,OCMToOCM,True,,,,
lre,fixed,OCM,ReqHdng,True,False,False,True,True,False,True,True,OCM,OCM,1,OCMToOCM_1,True,,,,
lre,fixed,OCM,ReqMOM,True,False,False,True,True,False,True,True,OCM,OCM,0,-,True,,,,
lre,fixed,OCM,ReqOCM,True,False,False,True,True,False,True,True,OCM,OCM,0,-,True,,,,
lre,fixed,OCM,EndTask,True,False,False,True,True,False,True,True,OCM,OCM,0,-,True,,,,
lre,fixed,OCM,ReqHCM,True,False,False,True,True,False,True,True,OCM,OCM,0,-,True,,,,
lre,fixed,OCM,tick,True,False,False,True,True,False,True,True,OCM,OCM,0,-,True,,,,
lre,fixed,OCM,ReqVel,True,False,False,True,True,True,False,False,OCM,OCM,1,OCMToOCM,True,,,,
lre,fixed,OCM,ReqHdng,True,False,False,True,True,True,False,False,OCM,OCM,1,OCMToOCM_1,True,,,,
lre,fixed,OCM,ReqMOM,True,False,False,True,True,True,False,False,OCM,OCM,0,-,True,,,,
lre,fixed,OCM,ReqOCM,True,False,False,True,True,True,False,False,OCM,OCM,0,-,True,,,,
lre,fixed,OCM,EndTask,True,False,False,True,True,True,False,False,OCM,OCM,0,-,True,,,,
lre,fixed,OCM,ReqHCM,True,False,False,True,True,True,False,False,OCM,OCM,0,-,True,,,,
lre,fixed,OCM,tick,True,False,False,True,True,True,False,False,OCM,OCM,0,-,True,,,,
lre,fixed,OCM,ReqVel,True,False,False,True,True,True,False,True,OCM,OCM,1,OCMToOCM,True,,,,
lre,fixed,OCM,ReqHdng,True,False,False,True,True,True,False,True,OCM,OCM,1,OCMToOCM_1,True,,,,
lre,fixed,OCM,ReqMOM,True,False,False,True,True,True,False,True,OCM,OCM,0,-,True,,,,
lre,fixed,OCM,ReqOCM,True,False,False,True,True,True,False,True,OCM,OCM,0,-,True,,,,
lre,fixed,OCM,EndTask,True,False,False,True,True,True,False,True,OCM,OCM,0,-,True,,,,
lre,fixed,OCM,ReqHCM,True,False,False,True,True,True,False,True,OCM,OCM,0,-,True,,,,
lre,fixed,OCM,tick,True,False,False,True,True,True,False,True,OCM,OCM,0,-,True,,,,
lre,fixed,OCM,ReqVel,True,False,False,True,True,True,True,False,OCM,OCM,1,OCMToOCM,True,,,,
lre,fixed,OCM,ReqHdng,True,False,False,True,True,True,True,False,OCM,OCM,1,OCMToOCM_1,True,,,,
lre,fixed,OCM,ReqMOM,True,False,False,True,True,True,True,False,MOM,MOM,1,OCMToMOM,True,,,,
lre,fixed,OCM,ReqOCM,True,False,False,True,True,True,True,False,OCM,OCM,0,-,True,,,,
lre,fixed,OCM,EndTask,True,False,False,True,True,True,True,False,OCM,OCM,0,-,True,,,,
lre,fixed,OCM,ReqHCM,True,False,False,True,True,True,True,False,OCM,OCM,0,-,True,,,,
lre,fixed,OCM,tick,True,False,False,True,True,True,True,False,OCM,OCM,0,-,True,,,,
lre,fixed,OCM,ReqVel,True,False,False,True,True,True,True,True,OCM,OCM,1,OCMToOCM,True,,,,
lre,fixed,OCM,ReqHdng,True,False,False,True,True,True,True,True,OCM,OCM,1,OCMToOCM_1,True,,,,
lre,fixed,OCM,ReqMOM,True,False,False,True,True,True,True,True,MOM,MOM,1,OCMToMOM,True,,,,
lre,fixed,OCM,ReqOCM,True,False,False,True,True,True,True,True,OCM,OCM,0,-,True,,,,
lre,fixed,OCM,EndTask,True,False,False,True,True,True,True,True,OCM,OCM,0,-,True,,,,
lre,fixed,OCM,ReqHCM,True,False,False,True,True,True,True,True,OCM,OCM,0,-,True,,,,
lre,fixed,OCM,tick,True,False,False,True,True,True,True,True,OCM,OCM,0,-,True,,,,
lre,fixed,OCM,ReqVel,True,False,True,False,False,False,False,False,OCM,OCM,1,OCMToOCM,True,,,,
lre,fixed,OCM,ReqHdng,True,False,True,False,False,False,False,False,OCM,OCM,1,OCMToOCM_1,True,,,,
lre,fixed,OCM,ReqMOM,True,False,True,False,False,False,False,False,OCM,OCM,0,-,True,,,,
lre,fixed,OCM,ReqOCM,True,False,True,False,False,False,False,False,OCM,OCM,0,-,True,,,,
lre,fixed,OCM,EndTask,True,False,True,False,False,False,False,False,OCM,OCM,0,-,True,,,,
lre,fixed,OCM,ReqHCM,True,False,True,False,False,False,False,False,OCM,OCM,0,-,True,,,,
lre,fixed,OCM,tick,True,False,True,False,False,False,False,False,OCM,OCM,0,-,True,,,,
lre,fixed,OCM,ReqVel,True,False,True,False,False,False,False,True,OCM,OCM,1,OCMToOCM,True,,,,
lre,fixed,OCM,ReqHdng,True,False,True,False,False,False,False,True,OCM,OCM,1,OCMToOCM_1,True,,,,
lre,fixed,OCM,ReqMOM,True,False,True,False,False,False,False,True,OCM,OCM,0,-,True,,,,
lre,fixed,OCM,ReqOCM,True,False,True,False,False,False,False,True,OCM,OCM,0,-,True,,,,
lre,fixed,OCM,EndTask,True,False,True,False,False,False,False,True,OCM,OCM,0,-,True,,,,
lre,fixed,OCM,ReqHCM,True,False,True,False,False,False,False,True,OCM,OCM,0,-,True,,,,
lre,fixed,OCM,tick,True,False,True,False,False,False,False,True,OCM,OCM,0,-,True,,,,
lre,fixed,OCM,ReqVel,True,False,True,False,False,False,True,False,OCM,OCM,1,OCMToOCM,True,,,,
lre,fixed,OCM,ReqHdng,True,False,True,False,False,False,True,False,OCM,OCM,1,OCMToOCM_1,True,,,,
lre,fixed,OCM,ReqMOM,True,False,True,False,False,False,True,False,OCM,OCM,0,-,True,,,,
lre,fixed,OCM,ReqOCM,True,False,True,False,False,False,True,False,OCM,OCM,0,-,True,,,,
lre,fixed,OCM,EndTask,True,False,True,False,False,False,True,False,OCM,OCM,0,-,True,,,,
lre,fixed,OCM,ReqHCM,True,False,True,False,False,False,True,False,OCM,OCM,0,-,True,,,,
lre,fixed,OCM,tick,True,False,True,False,False,False,True,False,OCM,OCM,0,-,True,,,,
lre,fixed,OCM,ReqVel,True,False,True,False,False,False,True,True,OCM,OCM,1,OCMToOCM,True,,,,
lre,fixed,OCM,ReqHdng,True,False,True,False,False,False,True,True,OCM,OCM,1,OCMToOCM_1,True,,,,
lre,fixed,OCM,ReqMOM,True,False,True,False,False,False,True,True,OCM,OCM,0,-,True,,,,
lre,fixed,OCM,ReqOCM,True,False,True,False,False,False,True,True,OCM,OCM,0,-,True,,,,
lre,fixed,OCM,EndTask,True,False,True,False,False,False,True,True,OCM,OCM,0,-,True,,,,
lre,fixed,OCM,ReqHCM,True,False,True,False,False,False,True,True,OCM,OCM,0,-,True,,,,
lre,fixed,OCM,tick,True,False,True,False,False,False,True,True,OCM,OCM,0,-,True,,,,
lre,fixed,OCM,ReqVel,True,False,True,False,False,True,False,False,OCM,OCM,1,OCMToOCM,True,,,,
lre,fixed,OCM,ReqHdng,True,False,True,False,False,True,False,False,OCM,OCM,1,OCMToOCM_1,True,,,,
lre,fixed,OCM,ReqMOM,True,False,True,False,False,True,False,False,OCM,OCM,0,-,True,,,,
lre,fixed,OCM,ReqOCM,True,False,True,False,False,True,False,False,OCM,OCM,0,-,True,,,,
lre,fixed,OCM,EndTask,True,False,True,False,False,True,False,False,OCM,OCM,0,-,True,,,,
lre,fixed,OCM,ReqHCM,True,False,True,False,False,True,False,False,OCM,OCM,0,-,True,,,,
lre,fixed,OCM,tick,True,False,True,False,False,True,False,False,OCM,OCM,0,-,True,,,,
lre,fixed,OCM,ReqVel,True,False,True,False,False,True,False,True,OCM,OCM,1,OCMToOCM,True,,,,
lre,fixed,OCM,ReqHdng,True,False,True,False,False,True,False,True,OCM,OCM,1,OCMToOCM_1,True,,,,
lre,fixed,OCM,ReqMOM,True,False,True,False,False,True,False,True,OCM,OCM,0,-,True,,,,
lre,fixed,OCM,ReqOCM,True,False,True,False,False,True,False,True,OCM,OCM,0,-,True,,,,
lre,fixed,OCM,EndTask,True,False,True,False,False,True,False,True,OCM,OCM,0,-,True,,,,
lre,fixed,OCM,ReqHCM,True,False,True,False,False,True,False,True,OCM,OCM,0,-,True,,,,
lre,fixed,OCM,tick,True,False,True,False,False,True,False,True,OCM,OCM,0,-,True,,,,
lre,fixed,OCM,ReqVel,True,False,True,False,False,True,True,False,OCM,OCM,1,OCMToOCM,True,,,,
lre,fixed,OCM,ReqHdng,True,False,True,False,False,True,True,False,OCM,OCM,1,OCMToOCM_1,True,,,,
lre,fixed,OCM,ReqMOM,True,False,True,False,False,True,True,False,OCM,OCM,0,-,True,,,,
lre,fixed,OCM,ReqOCM,True,False,True,False,False,True,True,False,OCM,OCM,0,-,True,,,,
lre,fixed,OCM,EndTask,True,False,True,False,False,True,True,False,OCM,OCM,0,-,True,,,,
lre,fixed,OCM,ReqHCM,True,False,True,False,False,True,True,False,OCM,OCM,0,-,True,,,,
lre,fixed,OCM,tick,True,False,True,False,False,True,True,False,OCM,OCM,0,-,True,,,,
lre,fixed,OCM,ReqVel,True,False,True,False,False,True,True,True,OCM,OCM,1,OCMToOCM,True,,,,
lre,fixed,OCM,ReqHdng,True,False,True,False,False,True,True,True,OCM,OCM,1,OCMToOCM_1,True,,,,
lre,fixed,OCM,ReqMOM,True,False,True,False,False,True,True,True,OCM,OCM,0,-,True,,,,
lre,fixed,OCM,ReqOCM,True,False,True,False,False,True,True,True,OCM,OCM,0,-,True,,,,
lre,fixed,OCM,EndTask,True,False,True,False,False,True,True,True,OCM,OCM,0,-,True,,,,
lre,fixed,OCM,ReqHCM,True,False,True,False,False,True,True,True,OCM,OCM,0,-,True,,,,
lre,fixed,OCM,tick,True,False,True,False,False,True,True,True,OCM,OCM,0,-,True,,,,
lre,fixed,OCM,ReqVel,True,False,True,False,True,False,False,False,OCM,OCM,1,OCMToOCM,True,,,,
lre,fixed,OCM,ReqHdng,True,False,True,False,True,False,False,False,OCM,OCM,1,OCMToOCM_1,True,,,,
lre,fixed,OCM,ReqMOM,True,False,True,False,True,False,False,False,OCM,OCM,0,-,True,,,,
lre,fixed,OCM,ReqOCM,True,False,True,False,True,False,False,False,OCM,OCM,0,-,True,,,,
lre,fixed,OCM,EndTask,True,False,True,False,True,False,False,False,OCM,OCM,0,-,True,,,,
lre,fixed,OCM,ReqHCM,True,False,True,False,True,False,False,False,OCM,OCM,0,-,True,,,,
lre,fixed,OCM,tick,True,False,True,False,True,False,False,False,OCM,OCM,0,-,True,,,,
lre,fixed,OCM,ReqVel,True,False,True,False,True,False,False,True,OCM,OCM,1,OCMToOCM,True,,,,
lre,fixed,OCM,ReqHdng,True,False,True,False,True,False,False,True,OCM,OCM,1,OCMToOCM_1,True,,,,
lre,fixed,OCM,ReqMOM,True,False,True,False,True,False,False,True,OCM,OCM,0,-,True,,,,
lre,fixed,OCM,ReqOCM,True,False,True,False,True,False,False,True,OCM,OCM,0,-,True,,,,
lre,fixed,OCM,EndTask,True,False,True,False,True,False,False,True,OCM,OCM,0,-,True,,,,
lre,fixed,OCM,ReqHCM,True,False,True,False,True,False,False,True,OCM,OCM,0,-,True,,,,
lre,fixed,OCM,tick,True,False,True,False,True,False,False,True,OCM,OCM,0,-,True,,,,
lre,fixed,OCM,ReqVel,True,False,True,False,True,False,True,False,OCM,OCM,1,OCMToOCM,True,,,,
lre,fixed,OCM,ReqHdng,True,False,True,False,True,False,True,False,OCM,OCM,1,OCMToOCM_1,True,,,,
lre,fixed,OCM,ReqMOM,True,False,True,False,True,False,True,False,OCM,OCM,0,-,True,,,,
lre,fixed,OCM,ReqOCM,True,False,True,False,True,False,True,False,OCM,OCM,0,-,True,,,,
lre,fixed,OCM,EndTask,True,False,True,False,True,False,True,False,OCM,OCM,0,-,True,,,,
lre,fixed,OCM,ReqHCM,True,False,True,False,True,False,True,False,OCM,OCM,0,-,True,,,,
lre,fixed,OCM,tick,True,False,True,False,True,False,True,False,OCM,OCM,0,-,True,,,,
lre,fixed,OCM,ReqVel,True,False,True,False,True,False,True,True,OCM,OCM,1,OCMToOCM,True,,,,
lre,fixed,OCM,ReqHdng,True,False,True,False,True,False,True,True,OCM,OCM,1,OCMToOCM_1,True,,,,
lre,fixed,OCM,ReqMOM,True,False,True,False,True,False,True,True,OCM,OCM,0,-,True,,,,
lre,fixed,OCM,ReqOCM,True,False,True,False,True,False,True,True,OCM,OCM,0,-,True,,,,
lre,fixed,OCM,EndTask,True,False,True,False,True,False,True,True,OCM,OCM,0,-,True,,,,
lre,fixed,OCM,ReqHCM,True,False,True,False,True,False,True,True,OCM,OCM,0,-,True,,,,
lre,fixed,OCM,tick,True,False,True,False,True,False,True,True,OCM,OCM,0,-,True,,,,
lre,fixed,OCM,ReqVel,True,False,True,False,True,True,False,False,OCM,OCM,1,OCMToOCM,True,,,,
lre,fixed,OCM,ReqHdng,True,False,True,False,True,True,False,False,OCM,OCM,1,OCMToOCM_1,True,,,,
lre,fixed,OCM,ReqMOM,True,False,True,False,True,True,False,False,OCM,OCM,0,-,True,,,,
lre,fixed,OCM,ReqOCM,True,False,True,False,True,True,False,False,OCM,OCM,0,-,True,,,,
lre,fixed,OCM,EndTask,True,False,True,False,True,True,False,False,OCM,OCM,0,-,True,,,,
lre,fixed,OCM,ReqHCM,True,False,True,False,True,True,False,False,OCM,OCM,0,-,True,,,,
lre,fixed,OCM,tick,True,False,True,False,True,True,False,False,OCM,OCM,0,-,True,,,,
lre,fixed,OCM,ReqVel,True,False,True,False,True,True,False,True,OCM,OCM,1,OCMToOCM,True,,,,
lre,fixed,OCM,ReqHdng,True,False,True,False,True,True,False,True,OCM,OCM,1,OCMToOCM_1,True,,,,
lre,fixed,OCM,ReqMOM,True,False,True,False,True,True,False,True,OCM,OCM,0,-,True,,,,
lre,fixed,OCM,ReqOCM,True,False,True,False,True,True,False,True,OCM,OCM,0,-,True,,,,
lre,fixed,OCM,EndTask,True,False,True,False,True,True,False,True,OCM,OCM,0,-,True,,,,
lre,fixed,OCM,ReqHCM,True,False,True,False,True,True,False,True,OCM,OCM,0,-,True,,,,
lre,fixed,OCM,tick,True,False,True,False,True,True,False,True,OCM,OCM,0,-,True,,,,
lre,fixed,OCM,ReqVel,True,False,True,False,True,True,True,False,OCM,OCM,1,OCMToOCM,True,,,,
lre,fixed,OCM,ReqHdng,True,False,True,False,True,True,True,False,OCM,OCM,1,OCMToOCM_1,True,,,,
lre,fixed,OCM,ReqMOM,True,False,True,False,True,True,True,False,OCM,OCM,0,-,True,,,,
lre,fixed,OCM,ReqOCM,True,False,True,False,True,True,True,False,OCM,OCM,0,-,True,,,,
lre,fixed,OCM,EndTask,True,False,True,False,True,True,True,False,OCM,OCM,0,-,True,,,,
lre,fixed,OCM,ReqHCM,True,False,True,False,True,True,True,False,OCM,OCM,0,-,True,,,,
lre,fixed,OCM,tick,True,False,True,False,True,True,True,False,OCM,OCM,0,-,True,,,,
lre,fixed,OCM,ReqVel,True,False,True,False,True,True,True,True,OCM,OCM,1,OCMToOCM,True,,,,
lre,fixed,OCM,ReqHdng,True,False,True,False,True,True,True,True,OCM,OCM,1,OCMToOCM_1,True,,,,
lre,fixed,OCM,ReqMOM,True,False,True,False,True,True,True,True,OCM,OCM,0,-,True,,,,
lre,fixed,OCM,ReqOCM,True,False,True,False,True,True,True,True,OCM,OCM,0,-,True,,,,
lre,fixed,OCM,EndTask,True,False,True,False,True,True,True,True,OCM,OCM,0,-,True,,,,
lre,fixed,OCM,ReqHCM,True,False,True,False,True,True,True,True,OCM,OCM,0,-,True,,,,
lre,fixed,OCM,tick,True,False,True,False,True,True,True,True,OCM,OCM,0,-,True,,,,
lre,fixed,OCM,ReqVel,True,False,True,True,False,False,False,False,OCM,OCM,1,OCMToOCM,True,,,,
lre,fixed,OCM,ReqHdng,True,False,True,True,False,False,False,False,OCM,OCM,1,OCMToOCM_1,True,,,,
lre,fixed,OCM,ReqMOM,True,False,True,True,False,False,False,False,OCM,OCM,0,-,True,,,,
lre,fixed,OCM,ReqOCM,True,False,True,True,False,False,False,False,OCM,OCM,0,-,True,,,,
lre,fixed,OCM,EndTask,True,False,True,True,False,False,False,False,OCM,OCM,0,-,True,,,,
lre,fixed,OCM,ReqHCM,True,False,True,True,False,False,False,False,OCM,OCM,0,-,True,,,,
lre,fixed,OCM,tick,True,False,True,True,False,False,False,False,OCM,OCM,0,-,True,,,,
lre,fixed,OCM,ReqVel,True,False,True,True,False,False,False,True,OCM,OCM,1,OCMToOCM,True,,,,
lre,fixed,OCM,ReqHdng,True,False,True,True,False,False,False,True,OCM,OCM,1,OCMToOCM_1,True,,,,
lre,fixed,OCM,ReqMOM,True,False,True,True,False,False,False,True,OCM,OCM,0,-,True,,,,
lre,fixed,OCM,ReqOCM,True,False,True,True,False,False,False,True,OCM,OCM,0,-,True,,,,
lre,fixed,OCM,EndTask,True,False,True,True,False,False,False,True,OCM,OCM,0,-,True,,,,
lre,fixed,OCM,ReqHCM,True,False,True,True,False,False,False,True,OCM,OCM,0,-,True,,,,
lre,fixed,OCM,tick,True,False,True,True,False,False,False,True,OCM,OCM,0,-,True,,,,
lre,fixed,OCM,ReqVel,True,False,True,True,False,False,True,False,OCM,OCM,1,OCMToOCM,True,,,,
lre,fixed,OCM,ReqHdng,True,False,True,True,False,False,True,False,OCM,OCM,1,OCMToOCM_1,True,,,,
lre,fixed,OCM,ReqMOM,True,False,True,True,False,False,True,False,OCM,OCM,0,-,True,,,,
lre,fixed,OCM,ReqOCM,True,False,True,True,False,False,True,False,OCM,OCM,0,-,True,,,,
lre,fixed,OCM,EndTask,True,False,True,True,False,False,True,False,OCM,OCM,0,-,True,,,,
lre,fixed,OCM,ReqHCM,True,False,True,True,False,False,True,False,OCM,OCM,0,-,True,,,,
lre,fixed,OCM,tick,True,False,True,True,False,False,True,False,OCM,OCM,0,-,True,,,,
lre,fixed,OCM,ReqVel,True,False,True,True,False,False,True,True,OCM,OCM,1,OCMToOCM,True,,,,
lre,fixed,OCM,ReqHdng,True,False,True,True,False,False,True,True,OCM,OCM,1,OCMToOCM_1,True,,,,
lre,fixed,OCM,ReqMOM,True,False,True,True,False,False,True,True,OCM,OCM,0,-,True,,,,
lre,fixed,OCM,ReqOCM,True,False,True,True,False,False,True,True,OCM,OCM,0,-,True,,,,
lre,fixed,OCM,EndTask,True,False,True,True,False,False,True,True,OCM,OCM,0,-,True,,,,
lre,fixed,OCM,ReqHCM,True,False,True,True,False,False,True,True,OCM,OCM,0,-,True,,,,
lre,fixed,OCM,tick,True,False,True,True,False,False,True,True,OCM,OCM,0,-,True,,,,
lre,fixed,OCM,ReqVel,True,False,True,True,False,True,False,False,OCM,OCM,1,OCMToOCM,True,,,,
lre,fixed,OCM,ReqHdng,True,False,True,True,False,True,False,False,OCM,OCM,1,OCMToOCM_1,True,,,,
lre,fixed,OCM,ReqMOM,True,False,True,True,False,True,False,False,OCM,OCM,0,-,True,,,,
lre,fixed,OCM,ReqOCM,True,False,True,True,False,True,False,False,OCM,OCM,0,-,True,,,,
lre,fixed,OCM,EndTask,True,False,True,True,False,True,False,False,OCM,OCM,0,-,True,,,,
lre,fixed,OCM,ReqHCM,True,False,True,True,False,True,False,False,OCM,OCM,0,-,True,,,,
lre,fixed,OCM,tick,True,False,True,True,False,True,False,False,OCM,OCM,0,-,True,,,,
lre,fixed,OCM,ReqVel,True,False,True,True,False,True,False,True,OCM,OCM,1,OCMToOCM,True,,,,
lre,fixed,OCM,ReqHdng,True,False,True,True,False,True,False,True,OCM,OCM,1,OCMToOCM_1,True,,,,
lre,fixed,OCM,ReqMOM,True,False,True,True,False,True,False,True,OCM,OCM,0,-,True,,,,
lre,fixed,OCM,ReqOCM,True,False,True,True,False,True,False,True,OCM,OCM,0,-,True,,,,
lre,fixed,OCM,EndTask,True,False,True,True,False,True,False,True,OCM,OCM,0,-,True,,,,
lre,fixed,OCM,ReqHCM,True,False,True,True,False,True,False,True,OCM,OCM,0,-,True,,,,
lre,fixed,OCM,tick,True,False,True,True,False,True,False,True,OCM,OCM,0,-,True,,,,
lre,fixed,OCM,ReqVel,True,False,True,True,False,True,True,False,OCM,OCM,1,OCMToOCM,True,,,,
lre,fixed,OCM,ReqHdng,True,False,True,True,False,True,True,False,OCM,OCM,1,OCMToOCM_1,True,,,,
lre,fixed,OCM,ReqMOM,True,False,True,True,False,True,True,False,OCM,OCM,0,-,True,,,,
lre,fixed,OCM,ReqOCM,True,False,True,True,False,True,True,False,OCM,OCM,0,-,True,,,,
lre,fixed,OCM,EndTask,True,False,True,True,False,True,True,False,OCM,OCM,0,-,True,,,,
lre,fixed,OCM,ReqHCM,True,False,True,True,False,True,True,False,OCM,OCM,0,-,True,,,,
lre,fixed,OCM,tick,True,False,True,True,False,True,True,False,OCM,OCM,0,-,True,,,,
lre,fixed,OCM,ReqVel,True,False,True,True,False,True,True,True,OCM,OCM,1,OCMToOCM,True,,,,
lre,fixed,OCM,ReqHdng,True,False,True,True,False,True,True,True,OCM,OCM,1,OCMToOCM_1,True,,,,
lre,fixed,OCM,ReqMOM,True,False,True,True,False,True,True,True,OCM,OCM,0,-,True,,,,
lre,fixed,OCM,ReqOCM,True,False,True,True,False,True,True,True,OCM,OCM,0,-,True,,,,
lre,fixed,OCM,EndTask,True,False,True,True,False,True,True,True,OCM,OCM,0,-,True,,,,
lre,fixed,OCM,ReqHCM,True,False,True,True,False,True,True,True,OCM,OCM,0,-,True,,,,
lre,fixed,OCM,tick,True,False,True,True,False,True,True,True,OCM,OCM,0,-,True,,,,
lre,fixed,OCM,ReqVel,True,False,True,True,True,False,False,False,OCM,OCM,1,OCMToOCM,True,,,,
lre,fixed,OCM,ReqHdng,True,False,True,True,True,False,False,False,OCM,OCM,1,OCMToOCM_1,True,,,,
lre,fixed,OCM,ReqMOM,True,False,True,True,True,False,False,False,OCM,OCM,0,-,True,,,,
lre,fixed,OCM,ReqOCM,True,False,True,True,True,False,False,False,OCM,OCM,0,-,True,,,,
lre,fixed,OCM,EndTask,True,False,True,True,True,False,False,False,OCM,OCM,0,-,True,,,,
lre,fixed,OCM,ReqHCM,True,False,True,True,True,False,False,False,OCM,OCM,0,-,True,,,,
lre,fixed,OCM,tick,True,False,True,True,True,False,False,False,OCM,OCM,0,-,True,,,,
lre,fixed,OCM,ReqVel,True,False,True,True,True,False,False,True,OCM,OCM,1,OCMToOCM,True,,,,
lre,fixed,OCM,ReqHdng,True,False,True,True,True,False,False,True,OCM,OCM,1,OCMToOCM_1,True,,,,
lre,fixed,OCM,ReqMOM,True,False,True,True,True,False,False,True,OCM,OCM,0,-,True,,,,
lre,fixed,OCM,ReqOCM,True,False,True,True,True,False,False,True,OCM,OCM,0,-,True,,,,
lre,fixed,OCM,EndTask,True,False,True,True,True,False,False,True,OCM,OCM,0,-,True,,,,
lre,fixed,OCM,ReqHCM,True,False,True,True,True,False,False,True,OCM,OCM,0,-,True,,,,
lre,fixed,OCM,tick,True,False,True,True,True,False,False,True,OCM,OCM,0,-,True,,,,
lre,fixed,OCM,ReqVel,True,False,True,True,True,False,True,False,OCM,OCM,1,OCMToOCM,True,,,,
lre,fixed,OCM,ReqHdng,True,False,True,True,True,False,True,False,OCM,OCM,1,OCMToOCM_1,True,,,,
lre,fixed,OCM,ReqMOM,True,False,True,True,True,False,True,False,OCM,OCM,0,-,True,,,,
lre,fixed,OCM,ReqOCM,True,False,True,True,True,False,True,False,OCM,OCM,0,-,True,,,,
lre,fixed,OCM,EndTask,True,False,True,True,True,False,True,False,OCM,OCM,0,-,True,,,,
lre,fixed,OCM,ReqHCM,True,False,True,True,True,False,True,False,OCM,OCM,0,-,True,,,,
lre,fixed,OCM,tick,True,False,True,True,True,False,True,False,OCM,OCM,0,-,True,,,,
lre,fixed,OCM,ReqVel,True,False,True,True,True,False,True,True,OCM,OCM,1,OCMToOCM,True,,,,
lre,fixed,OCM,ReqHdng,True,False,True,True,True,False,True,True,OCM,OCM,1,OCMToOCM_1,True,,,,
lre,fixed,OCM,ReqMOM,True,False,True,True,True,False,True,True,OCM,OCM,0,-,True,,,,
lre,fixed,OCM,ReqOCM,True,False,True,True,True,False,True,True,OCM,OCM,0,-,True,,,,
lre,fixed,OCM,EndTask,True,False,True,True,True,False,True,True,OCM,OCM,0,-,True,,,,
lre,fixed,OCM,ReqHCM,True,False,True,True,True,False,True,True,OCM,OCM,0,-,True,,,,
lre,fixed,OCM,tick,True,False,True,True,True,False,True,True,OCM,OCM,0,-,True,,,,
lre,fixed,OCM,ReqVel,True,False,True,True,True,True,False,False,OCM,OCM,1,OCMToOCM,True,,,,
lre,fixed,OCM,ReqHdng,True,False,True,True,True,True,False,False,OCM,OCM,1,OCMToOCM_1,True,,,,
lre,fixed,OCM,ReqMOM,True,False,True,True,True,True,False,False,OCM,OCM,0,-,True,,,,
lre,fixed,OCM,ReqOCM,True,False,True,True,True,True,False,False,OCM,OCM,0,-,True,,,,
lre,fixed,OCM,EndTask,True,False,True,True,True,True,False,False,OCM,OCM,0,-,True,,,,
lre,fixed,OCM,ReqHCM,True,False,True,True,True,True,False,False,OCM,OCM,0,-,True,,,,
lre,fixed,OCM,tick,True,False,True,True,True,True,False,False,OCM,OCM,0,-,True,,,,
lre,fixed,OCM,ReqVel,True,False,True,True,True,True,False,True,OCM,OCM,1,OCMToOCM,True,,,,
lre,fixed,OCM,ReqHdng,True,False,True,True,True,True,False,True,OCM,OCM,1,OCMToOCM_1,True,,,,
lre,fixed,OCM,ReqMOM,True,False,True,True,True,True,False,True,OCM,OCM,0,-,True,,,,
lre,fixed,OCM,ReqOCM,True,False,True,True,True,True,False,True,OCM,OCM,0,-,True,,,,
lre,fixed,OCM,EndTask,True,False,True,True,True,True,False,True,OCM,OCM,0,-,True,,,,
lre,fixed,OCM,ReqHCM,True,False,True,True,True,True,False,True,OCM,OCM,0,-,True,,,,
lre,fixed,OCM,tick,True,False,True,True,True,True,False,True,OCM,OCM,0,-,True,,,,
lre,fixed,OCM,ReqVel,True,False,True,True,True,True,True,False,OCM,OCM,1,OCMToOCM,True,,,,
lre,fixed,OCM,ReqHdng,True,False,True,True,True,True,True,False,OCM,OCM,1,OCMToOCM_1,True,,,,
lre,fixed,OCM,ReqMOM,True,False,True,True,True,True,True,False,OCM,OCM,0,-,True,,,,
lre,fixed,OCM,ReqOCM,True,False,True,True,True,True,True,False,OCM,OCM,0,-,True,,,,
lre,fixed,OCM,EndTask,True,False,True,True,True,True,True,False,OCM,OCM,0,-,True,,,,
lre,fixed,OCM,ReqHCM,True,False,True,True,True,True,True,False,OCM,OCM,0,-,True,,,,
lre,fixed,OCM,tick,True,False,True,True,True,True,True,False,OCM,OCM,0,-,True,,,,
lre,fixed,OCM,ReqVel,True,False,True,True,True,True,True,True,OCM,OCM,1,OCMToOCM,True,,,,
lre,fixed,OCM,ReqHdng,True,False,True,True,True,True,True,True,OCM,OCM,1,OCMToOCM_1,True,,,,
lre,fixed,OCM,ReqMOM,True,False,True,True,True,True,True,True,OCM,OCM,0,-,True,,,,
lre,fixed,OCM,ReqOCM,True,False,True,True,True,True,True,True,OCM,OCM,0,-,True,,,,
lre,fixed,OCM,EndTask,True,False,True,True,True,True,True,True,OCM,OCM,0,-,True,,,,
lre,fixed,OCM,ReqHCM,True,False,True,True,True,True,True,True,OCM,OCM,0,-,True,,,,
lre,fixed,OCM,tick,True,False,True,True,True,True,True,True,OCM,OCM,0,-,True,,,,
lre,fixed,OCM,ReqVel,True,True,False,False,False,False,False,False,OCM,OCM,1,OCMToOCM,True,,,,
lre,fixed,OCM,ReqHdng,True,True,False,False,False,False,False,False,OCM,OCM,1,OCMToOCM_1,True,,,,
lre,fixed,OCM,ReqMOM,True,True,False,False,False,False,False,False,OCM,OCM,0,-,True,,,,
lre,fixed,OCM,ReqOCM,True,True,False,False,False,False,False,False,OCM,OCM,0,-,True,,,,
lre,fixed,OCM,EndTask,True,True,False,False,False,False,False,False,OCM,OCM,0,-,True,,,,
lre,fixed,OCM,ReqHCM,True,True,False,False,False,False,False,False,OCM,OCM,0,-,True,,,,
lre,fixed,OCM,tick,True,True,False,False,False,False,False,False,OCM,OCM,0,-,True,,,,
lre,fixed,OCM,ReqVel,True,True,False,False,False,False,False,True,OCM,OCM,1,OCMToOCM,True,,,,
lre,fixed,OCM,ReqHdng,True,True,False,False,False,False,False,True,OCM,OCM,1,OCMToOCM_1,True,,,,
lre,fixed,OCM,ReqMOM,True,True,False,False,False,False,False,True,OCM,OCM,0,-,True,,,,
lre,fixed,OCM,ReqOCM,True,True,False,False,False,False,False,True,OCM,OCM,0,-,True,,,,
lre,fixed,OCM,EndTask,True,True,False,False,False,False,False,True,OCM,OCM,0,-,True,,,,
lre,fixed,OCM,ReqHCM,True,True,False,False,False,False,False,True,OCM,OCM,0,-,True,,,,
lre,fixed,OCM,tick,True,True,False,False,False,False,False,True,OCM,OCM,0,-,True,,,,
lre,fixed,OCM,ReqVel,True,True,False,False,False,False,True,False,OCM,OCM,1,OCMToOCM,True,,,,
lre,fixed,OCM,ReqHdng,True,True,False,False,False,False,True,False,OCM,OCM,1,OCMToOCM_1,True,,,,
lre,fixed,OCM,ReqMOM,True,True,False,False,False,False,True,False,OCM,OCM,0,-,True,,,,
lre,fixed,OCM,ReqOCM,True,True,False,False,False,False,True,False,OCM,OCM,0,-,True,,,,
lre,fixed,OCM,EndTask,True,True,False,False,False,False,True,False,OCM,OCM,0,-,True,,,,
lre,fixed,OCM,ReqHCM,True,True,False,False,False,False,True,False,OCM,OCM,0,-,True,,,,
lre,fixed,OCM,tick,True,True,False,False,False,False,True,False,OCM,OCM,0,-,True,,,,
lre,fixed,OCM,ReqVel,True,True,False,False,False,False,True,True,OCM,OCM,1,OCMToOCM,True,,,,
lre,fixed,OCM,ReqHdng,True,True,False,False,False,False,True,True,OCM,OCM,1,OCMToOCM_1,True,,,,
lre,fixed,OCM,ReqMOM,True,True,False,False,False,False,True,True,OCM,OCM,0,-,True,,,,
lre,fixed,OCM,ReqOCM,True,True,False,False,False,False,True,True,OCM,OCM,0,-,True,,,,
lre,fixed,OCM,EndTask,True,True,False,False,False,False,True,True,OCM,OCM,0,-,True,,,,
lre,fixed,OCM,ReqHCM,True,True,False,False,False,False,True,True,OCM,OCM,0,-,True,,,,
lre,fixed,OCM,tick,True,True,False,False,False,False,True,True,OCM,OCM,0,-,True,,,,
lre,fixed,OCM,ReqVel,True,True,False,False,False,True,False,False,OCM,OCM,1,OCMToOCM,True,,,,
lre,fixed,OCM,ReqHdng,True,True,False,False,False,True,False,False,OCM,OCM,1,OCMToOCM_1,True,,,,
lre,fixed,OCM,ReqMOM,True,True,False,False,False,True,False,False,OCM,OCM,0,-,True,,,,
lre,fixed,OCM,ReqOCM,True,True,False,False,False,True,False,False,OCM,OCM,0,-,True,,,,
lre,fixed,OCM,EndTask,True,True,False,False,False,True,False,False,OCM,OCM,0,-,True,,,,
lre,fixed,OCM,ReqHCM,True,True,False,False,False,True,False,False,OCM,OCM,0,-,True,,,,
lre,fixed,OCM,tick,True,True,False,False,False,True,False,False,OCM,OCM,0,-,True,,,,
lre,fixed,OCM,ReqVel,True,True,False,False,False,True,False,True,OCM,OCM,1,OCMToOCM,True,,,,
lre,fixed,OCM,ReqHdng,True,True,False,False,False,True,False,True,OCM,OCM,1,OCMToOCM_1,True,,,,
lre,fixed,OCM,ReqMOM,True,True,False,False,False,True,False,True,OCM,OCM,0,-,True,,,,
lre,fixed,OCM,ReqOCM,True,True,False,False,False,True,False,True,OCM,OCM,0,-,True,,,,
lre,fixed,OCM,EndTask,True,True,False,False,False,True,False,True,OCM,OCM,0,-,True,,,,
lre,fixed,OCM,ReqHCM,True,True,False,False,False,True,False,True,OCM,OCM,0,-,True,,,,
lre,fixed,OCM,tick,True,True,False,False,False,True,False,True,OCM,OCM,0,-,True,,,,
lre,fixed,OCM,ReqVel,True,True,False,False,False,True,True,False,OCM,OCM,1,OCMToOCM,True,,,,
lre,fixed,OCM,ReqHdng,True,True,False,False,False,True,True,False,OCM,OCM,1,OCMToOCM_1,True,,,,
lre,fixed,OCM,ReqMOM,True,True,False,False,False,True,True,False,OCM,OCM,0,-,True,,,,
lre,fixed,OCM,ReqOCM,True,True,False,False,False,True,True,False,OCM,OCM,0,-,True,,,,
lre,fixed,OCM,EndTask,True,True,False,False,False,True,True,False,OCM,OCM,0,-,True,,,,
lre,fixed,OCM,ReqHCM,True,True,False,False,False,True,True,False,OCM,OCM,0,-,True,,,,
lre,fixed,OCM,tick,True,True,False,False,False,True,True,False,OCM,OCM,0,-,True,,,,
lre,fixed,OCM,ReqVel,True,True,False,False,False,True,True,True,OCM,OCM,1,OCMToOCM,True,,,,
lre,fixed,OCM,ReqHdng,True,True,False,False,False,True,True,True,OCM,OCM,1,OCMToOCM_1,True,,,,
lre,fixed,OCM,ReqMOM,True,True,False,False,False,True,True,True,OCM,OCM,0,-,True,,,,
lre,fixed,OCM,ReqOCM,True,True,False,False,False,True,True,True,OCM,OCM,0,-,True,,,,
lre,fixed,OCM,EndTask,True,True,False,False,False,True,True,True,OCM,OCM,0,-,True,,,,
lre,fixed,OCM,ReqHCM,True,True,False,False,False,True,True,True,OCM,OCM,0,-,True,,,,
lre,fixed,OCM,tick,True,True,False,False,False,True,True,True,OCM,OCM,0,-,True,,,,
lre,fixed,OCM,ReqVel,True,True,False,False,True,False,False,False,OCM,OCM,1,OCMToOCM,True,,,,
lre,fixed,OCM,ReqHdng,True,True,False,False,True,False,False,False,OCM,OCM,1,OCMToOCM_1,True,,,,
lre,fixed,OCM,ReqMOM,True,True,False,False,True,False,False,False,OCM,OCM,0,-,True,,,,
lre,fixed,OCM,ReqOCM,True,True,False,False,True,False,False,False,OCM,OCM,0,-,True,,,,
lre,fixed,OCM,EndTask,True,True,False,False,True,False,False,False,OCM,OCM,0,-,True,,,,
lre,fixed,OCM,ReqHCM,True,True,False,False,True,False,False,False,OCM,OCM,0,-,True,,,,
lre,fixed,OCM,tick,True,True,False,False,True,False,False,False,OCM,OCM,0,-,True,,,,
lre,fixed,OCM,ReqVel,True,True,False,False,True,False,False,True,OCM,OCM,1,OCMToOCM,True,,,,
lre,fixed,OCM,ReqHdng,True,True,False,False,True,False,False,True,OCM,OCM,1,OCMToOCM_1,True,,,,
lre,fixed,OCM,ReqMOM,True,True,False,False,True,False,False,True,OCM,OCM,0,-,True,,,,
lre,fixed,OCM,ReqOCM,True,True,False,False,True,False,False,True,OCM,OCM,0,-,True,,,,
lre,fixed,OCM,EndTask,True,True,False,False,True,False,False,True,OCM,OCM,0,-,True,,,,
lre,fixed,OCM,ReqHCM,True,True,False,False,True,False,False,True,OCM,OCM,0,-,True,,,,
lre,fixed,OCM,tick,True,True,False,False,True,False,False,True,OCM,OCM,0,-,True,,,,
lre,fixed,OCM,ReqVel,True,True,False,False,True,False,True,False,OCM,OCM,1,OCMToOCM,True,,,,
lre,fixed,OCM,ReqHdng,True,True,False,False,True,False,True,False,OCM,OCM,1,OCMToOCM_1,True,,,,
lre,fixed,OCM,ReqMOM,True,True,False,False,True,False,True,False,OCM,OCM,0,-,True,,,,
lre,fixed,OCM,ReqOCM,True,True,False,False,True,False,True,False,OCM,OCM,0,-,True,,,,
lre,fixed,OCM,EndTask,True,True,False,False,True,False,True,False,OCM,OCM,0,-,True,,,,
lre,fixed,OCM,ReqHCM,True,True,False,False,True,False,True,False,OCM,OCM,0,-,True,,,,
lre,fixed,OCM,tick,True,True,False,False,True,False,True,False,OCM,OCM,0,-,True,,,,
lre,fixed,OCM,ReqVel,True,True,False,False,True,False,True,True,OCM,OCM,1,OCMToOCM,True,,,,
lre,fixed,OCM,ReqHdng,True,True,False,False,True,False,True,True,OCM,OCM,1,OCMToOCM_1,True,,,,
lre,fixed,OCM,ReqMOM,True,True,False,False,True,False,True,True,OCM,OCM,0,-,True,,,,
lre,fixed,OCM,ReqOCM,True,True,False,False,True,False,True,True,OCM,OCM,0,-,True,,,,
lre,fixed,OCM,EndTask,True,True,False,False,True,False,True,True,OCM,OCM,0,-,True,,,,
lre,fixed,OCM,ReqHCM,True,True,False,False,True,False,True,True,OCM,OCM,0,-,True,,,,
lre,fixed,OCM,tick,True,True,False,False,True,False,True,True,OCM,OCM,0,-,True,,,,
lre,fixed,OCM,ReqVel,True,True,False,False,True,True,False,False,OCM,OCM,1,OCMToOCM,True,,,,
lre,fixed,OCM,ReqHdng,True,True,False,False,True,True,False,False,OCM,OCM,1,OCMToOCM_1,True,,,,
lre,fixed,OCM,ReqMOM,True,True,False,False,True,True,False,False,OCM,OCM,0,-,True,,,,
lre,fixed,OCM,ReqOCM,True,True,False,False,True,True,False,False,OCM,OCM,0,-,True,,,,
lre,fixed,OCM,EndTask,True,True,False,False,True,True,False,False,OCM,OCM,0,-,True,,,,
lre,fixed,OCM,ReqHCM,True,True,False,False,True,True,False,False,OCM,OCM,0,-,True,,,,
lre,fixed,OCM,tick,True,True,False,False,True,True,False,False,OCM,OCM,0,-,True,,,,
lre,fixed,OCM,ReqVel,True,True,False,False,True,True,False,True,OCM,OCM,1,OCMToOCM,True,,,,
lre,fixed,OCM,ReqHdng,True,True,False,False,True,True,False,True,OCM,OCM,1,OCMToOCM_1,True,,,,
lre,fixed,OCM,ReqMOM,True,True,False,False,True,True,False,True,OCM,OCM,0,-,True,,,,
lre,fixed,OCM,ReqOCM,True,True,False,False,True,True,False,True,OCM,OCM,0,-,True,,,,
lre,fixed,OCM,EndTask,True,True,False,False,True,True,False,True,OCM,OCM,0,-,True,,,,
lre,fixed,OCM,ReqHCM,True,True,False,False,True,True,False,True,OCM,OCM,0,-,True,,,,
lre,fixed,OCM,tick,True,True,False,False,True,True,False,True,OCM,OCM,0,-,True,,,,
lre,fixed,OCM,ReqVel,True,True,False,False,True,True,True,False,OCM,OCM,1,OCMToOCM,True,,,,
lre,fixed,OCM,ReqHdng,True,True,False,False,True,True,True,False,OCM,OCM,1,OCMToOCM_1,True,,,,
lre,fixed,OCM,ReqMOM,True,True,False,False,True,True,True,False,MOM,MOM,1,OCMToMOM,True,,,,
lre,fixed,OCM,ReqOCM,True,True,False,False,True,True,True,False,OCM,OCM,0,-,True,,,,
lre,fixed,OCM,EndTask,True,True,False,False,True,True,True,False,OCM,OCM,0,-,True,,,,
lre,fixed,OCM,ReqHCM,True,True,False,False,True,True,True,False,OCM,OCM,0,-,True,,,,
lre,fixed,OCM,tick,True,True,False,False,True,True,True,False,OCM,OCM,0,-,True,,,,
lre,fixed,OCM,ReqVel,True,True,False,False,True,True,True,True,OCM,OCM,1,OCMToOCM,True,,,,
lre,fixed,OCM,ReqHdng,True,True,False,False,True,True,True,True,OCM,OCM,1,OCMToOCM_1,True,,,,
lre,fixed,OCM,ReqMOM,True,True,False,False,True,True,True,True,MOM,MOM,1,OCMToMOM,True,,,,
lre,fixed,OCM,ReqOCM,True,True,False,False,True,True,True,True,OCM,OCM,0,-,True,,,,
lre,fixed,OCM,EndTask,True,True,False,False,True,True,True,True,OCM,OCM,0,-,True,,,,
lre,fixed,OCM,ReqHCM,True,True,False,False,True,True,True,True,OCM,OCM,0,-,True,,,,
lre,fixed,OCM,tick,True,True,False,False,True,True,True,True,OCM,OCM,0,-,True,,,,
lre,fixed,OCM,ReqVel,True,True,False,True,False,False,False,False,OCM,OCM,1,OCMToOCM,True,,,,
lre,fixed,OCM,ReqHdng,True,True,False,True,False,False,False,False,OCM,OCM,1,OCMToOCM_1,True,,,,
lre,fixed,OCM,ReqMOM,True,True,False,True,False,False,False,False,OCM,OCM,0,-,True,,,,
lre,fixed,OCM,ReqOCM,True,True,False,True,False,False,False,False,OCM,OCM,0,-,True,,,,
lre,fixed,OCM,EndTask,True,True,False,True,False,False,False,False,OCM,OCM,0,-,True,,,,
lre,fixed,OCM,ReqHCM,True,True,False,True,False,False,False,False,OCM,OCM,0,-,True,,,,
lre,fixed,OCM,tick,True,True,False,True,False,False,False,False,OCM,OCM,0,-,True,,,,
lre,fixed,OCM,ReqVel,True,True,False,True,False,False,False,True,OCM,OCM,1,OCMToOCM,True,,,,
lre,fixed,OCM,ReqHdng,True,True,False,True,False,False,False,True,OCM,OCM,1,OCMToOCM_1,True,,,,
lre,fixed,OCM,ReqMOM,True,True,False,True,False,False,False,True,OCM,OCM,0,-,True,,,,
lre,fixed,OCM,ReqOCM,True,True,False,True,False,False,False,True,OCM,OCM,0,-,True,,,,
lre,fixed,OCM,EndTask,True,True,False,True,False,False,False,True,OCM,OCM,0,-,True,,,,
lre,fixed,OCM,ReqHCM,True,True,False,True,False,False,False,True,OCM,OCM,0,-,True,,,,
lre,fixed,OCM,tick,True,True,False,True,False,False,False,True,OCM,OCM,0,-,True,,,,
lre,fixed,OCM,ReqVel,True,True,False,True,False,False,True,False,OCM,OCM,1,OCMToOCM,True,,,,
lre,fixed,OCM,ReqHdng,True,True,False,True,False,False,True,False,OCM,OCM,1,OCMToOCM_1,True,,,,
lre,fixed,OCM,ReqMOM,True,True,False,True,False,False,True,False,OCM,OCM,0,-,True,,,,
lre,fixed,OCM,ReqOCM,True,True,False,True,False,False,True,False,OCM,OCM,0,-,True,,,,
lre,fixed,OCM,EndTask,True,True,False,True,False,False,True,False,OCM,OCM,0,-,True,,,,
lre,fixed,OCM,ReqHCM,True,True,False,True,False,False,True,False,OCM,OCM,0,-,True,,,,
lre,fixed,OCM,tick,True,True,False,True,False,False,True,False,OCM,OCM,0,-,True,,,,
lre,fixed,OCM,ReqVel,True,True,False,True,False,False,True,True,OCM,OCM,1,OCMToOCM,True,,,,
lre,fixed,OCM,ReqHdng,True,True,False,True,False,False,True,True,OCM,OCM,1,OCMToOCM_1,True,,,,
lre,fixed,OCM,ReqMOM,True,True,False,True,False,False,True,True,OCM,OCM,0,-,True,,,,
lre,fixed,OCM,ReqOCM,True,True,False,True,False,False,True,True,OCM,OCM,0,-,True,,,,
lre,fixed,OCM,EndTask,True,True,False,True,False,False,True,True,OCM,OCM,0,-,True,,,,
lre,fixed,OCM,ReqHCM,True,True,False,True,False,False,True,True,OCM,OCM,0,-,True,,,,
lre,fixed,OCM,tick,True,True,False,True,False,False,True,True,OCM,OCM,0,-,True,,,,
lre,fixed,OCM,ReqVel,True,True,False,True,False,True,False,False,OCM,OCM,1,OCMToOCM,True,,,,
lre,fixed,OCM,ReqHdng,True,True,False,True,False,True,False,False,OCM,OCM,1,OCMToOCM_1,True,,,,
lre,fixed,OCM,ReqMOM,True,True,False,True,False,True,False,False,OCM,OCM,0,-,True,,,,
lre,fixed,OCM,ReqOCM,True,True,False,True,False,True,False,False,OCM,OCM,0,-,True,,,,
lre,fixed,OCM,EndTask,True,True,False,True,False,True,False,False,OCM,OCM,0,-,True,,,,
lre,fixed,OCM,ReqHCM,True,True,False,True,False,True,False,False,OCM,OCM,0,-,True,,,,
lre,fixed,OCM,tick,True,True,False,True,False,True,False,False,OCM,OCM,0,-,True,,,,
lre,fixed,OCM,ReqVel,True,True,False,True,False,True,False,True,OCM,OCM,1,OCMToOCM,True,,,,
lre,fixed,OCM,ReqHdng,True,True,False,True,False,True,False,True,OCM,OCM,1,OCMToOCM_1,True,,,,
lre,fixed,OCM,ReqMOM,True,True,False,True,False,True,False,True,OCM,OCM,0,-,True,,,,
lre,fixed,OCM,ReqOCM,True,True,False,True,False,True,False,True,OCM,OCM,0,-,True,,,,
lre,fixed,OCM,EndTask,True,True,False,True,False,True,False,True,OCM,OCM,0,-,True,,,,
lre,fixed,OCM,ReqHCM,True,True,False,True,False,True,False,True,OCM,OCM,0,-,True,,,,
lre,fixed,OCM,tick,True,True,False,True,False,True,False,True,OCM,OCM,0,-,True,,,,
lre,fixed,OCM,ReqVel,True,True,False,True,False,True,True,False,OCM,OCM,1,OCMToOCM,True,,,,
lre,fixed,OCM,ReqHdng,True,True,False,True,False,True,True,False,OCM,OCM,1,OCMToOCM_1,True,,,,
lre,fixed,OCM,ReqMOM,True,True,False,True,False,True,True,False,OCM,OCM,0,-,True,,,,
lre,fixed,OCM,ReqOCM,True,True,False,True,False,True,True,False,OCM,OCM,0,-,True,,,,
lre,fixed,OCM,EndTask,True,True,False,True,False,True,True,False,OCM,OCM,0,-,True,,,,
lre,fixed,OCM,ReqHCM,True,True,False,True,False,True,True,False,OCM,OCM,0,-,True,,,,
lre,fixed,OCM,tick,True,True,False,True,False,True,True,False,OCM,OCM,0,-,True,,,,
lre,fixed,OCM,ReqVel,True,True,False,True,False,True,True,True,OCM,OCM,1,OCMToOCM,True,,,,
lre,fixed,OCM,ReqHdng,True,True,False,True,False,True,True,True,OCM,OCM,1,OCMToOCM_1,True,,,,
lre,fixed,OCM,ReqMOM,True,True,False,True,False,True,True,True,OCM,OCM,0,-,True,,,,
lre,fixed,OCM,ReqOCM,True,True,False,True,False,True,True,True,OCM,OCM,0,-,True,,,,
lre,fixed,OCM,EndTask,True,True,False,True,False,True,True,True,OCM,OCM,0,-,True,,,,
lre,fixed,OCM,ReqHCM,True,True,False,True,False,True,True,True,OCM,OCM,0,-,True,,,,
lre,fixed,OCM,tick,True,True,False,True,False,True,True,True,OCM,OCM,0,-,True,,,,
lre,fixed,OCM,ReqVel,True,True,False,True,True,False,False,False,OCM,OCM,1,OCMToOCM,True,,,,
lre,fixed,OCM,ReqHdng,True,True,False,True,True,False,False,False,OCM,OCM,1,OCMToOCM_1,True,,,,
lre,fixed,OCM,ReqMOM,True,True,False,True,True,False,False,False,OCM,OCM,0,-,True,,,,
lre,fixed,OCM,ReqOCM,True,True,False,True,True,False,False,False,OCM,OCM,0,-,True,,,,
lre,fixed,OCM,EndTask,True,True,False,True,True,False,False,False,OCM,OCM,0,-,True,,,,
lre,fixed,OCM,ReqHCM,True,True,False,True,True,False,False,False,OCM,OCM,0,-,True,,,,
lre,fixed,OCM,tick,True,True,False,True,True,False,False,False,OCM,OCM,0,-,True,,,,
lre,fixed,OCM,ReqVel,True,True,False,True,True,False,False,True,OCM,OCM,1,OCMToOCM,True,,,,
lre,fixed,OCM,ReqHdng,True,True,False,True,True,False,False,True,OCM,OCM,1,OCMToOCM_1,True,,,,
lre,fixed,OCM,ReqMOM,True,True,False,True,True,False,False,True,OCM,OCM,0,-,True,,,,
lre,fixed,OCM,ReqOCM,True,True,False,True,True,False,False,True,OCM,OCM,0,-,True,,,,
lre,fixed,OCM,EndTask,True,True,False,True,True,False,False,True,OCM,OCM,0,-,True,,,,
lre,fixed,OCM,ReqHCM,True,True,False,True,True,False,False,True,OCM,OCM,0,-,True,,,,
lre,fixed,OCM,tick,True,True,False,True,True,False,False,True,OCM,OCM,0,-,True,,,,
lre,fixed,OCM,ReqVel,True,True,False,True,True,False,True,False,OCM,OCM,1,OCMToOCM,True,,,,
lre,fixed,OCM,ReqHdng,True,True,False,True,True,False,True,False,OCM,OCM,1,OCMToOCM_1,True,,,,
lre,fixed,OCM,ReqMOM,True,True,False,True,True,False,True,False,OCM,OCM,0,-,True,,,,
lre,fixed,OCM,ReqOCM,True,True,False,True,True,False,True,False,OCM,OCM,0,-,True,,,,
lre,fixed,OCM,EndTask,True,True,False,True,True,False,True,False,OCM,OCM,0,-,True,,,,
lre,fixed,OCM,ReqHCM,True,True,False,True,True,False,True,False,OCM,OCM,0,-,True,,,,
lre,fixed,OCM,tick,True,True,False,True,True,False,True,False,OCM,OCM,0,-,True,,,,
lre,fixed,OCM,ReqVel,True,True,False,True,True,False,True,True,OCM,OCM,1,OCMToOCM,True,,,,
lre,fixed,OCM,ReqHdng,True,True,False,True,True,False,True,True,OCM,OCM,1,OCMToOCM_1,True,,,,
lre,fixed,OCM,ReqMOM,True,True,False,True,True,False,True,True,OCM,OCM,0,-,True,,,,
lre,fixed,OCM,ReqOCM,True,True,False,True,True,False,True,True,OCM,OCM,0,-,True,,,,
lre,fixed,OCM,EndTask,True,True,False,True,True,False,True,True,OCM,OCM,0,-,True,,,,
lre,fixed,OCM,ReqHCM,True,True,False,True,True,False,True,True,OCM,OCM,0,-,True,,,,
lre,fixed,OCM,tick,True,True,False,True,True,False,True,True,OCM,OCM,0,-,True,,,,
lre,fixed,OCM,ReqVel,True,True,False,True,True,True,False,False,OCM,OCM,1,OCMToOCM,True,,,,
lre,fixed,OCM,ReqHdng,True,True,False,True,True,True,False,False,OCM,OCM,1,OCMToOCM_1,True,,,,
lre,fixed,OCM,ReqMOM,True,True,False,True,True,True,False,False,OCM,OCM,0,-,True,,,,
lre,fixed,OCM,ReqOCM,True,True,False,True,True,True,False,False,OCM,OCM,0,-,True,,,,
lre,fixed,OCM,EndTask,True,True,False,True,True,True,False,False,OCM,OCM,0,-,True,,,,
lre,fixed,OCM,ReqHCM,True,True,False,True,True,True,False,False,OCM,OCM,0,-,True,,,,
lre,fixed,OCM,tick,True,True,False,True,True,True,False,False,OCM,OCM,0,-,True,,,,
lre,fixed,OCM,ReqVel,True,True,False,True,True,True,False,True,OCM,OCM,1,OCMToOCM,True,,,,
lre,fixed,OCM,ReqHdng,True,True,False,True,True,True,False,True,OCM,OCM,1,OCMToOCM_1,True,,,,
lre,fixed,OCM,ReqMOM,True,True,False,True,True,True,False,True,OCM,OCM,0,-,True,,,,
lre,fixed,OCM,ReqOCM,True,True,False,True,True,True,False,True,OCM,OCM,0,-,True,,,,
lre,fixed,OCM,EndTask,True,True,False,True,True,True,False,True,OCM,OCM,0,-,True,,,,
lre,fixed,OCM,ReqHCM,True,True,False,True,True,True,False,True,OCM,OCM,0,-,True,,,,
lre,fixed,OCM,tick,True,True,False,True,True,True,False,True,OCM,OCM,0,-,True,,,,
lre,fixed,OCM,ReqVel,True,True,False,True,True,True,True,False,OCM,OCM,1,OCMToOCM,True,,,,
lre,fixed,OCM,ReqHdng,True,True,False,True,True,True,True,False,OCM,OCM,1,OCMToOCM_1,True,,,,
lre,fixed,OCM,ReqMOM,True,True,False,True,True,True,True,False,MOM,MOM,1,OCMToMOM,True,,,,
lre,fixed,OCM,ReqOCM,True,True,False,True,True,True,True,False,OCM,OCM,0,-,True,,,,
lre,fixed,OCM,EndTask,True,True,False,True,True,True,True,False,OCM,OCM,0,-,True,,,,
lre,fixed,OCM,ReqHCM,True,True,False,True,True,True,True,False,OCM,OCM,0,-,True,,,,
lre,fixed,OCM,tick,True,True,False,True,True,True,True,False,OCM,OCM,0,-,True,,,,
lre,fixed,OCM,ReqVel,True,True,False,True,True,True,True,True,OCM,OCM,1,OCMToOCM,True,,,,
lre,fixed,OCM,ReqHdng,True,True,False,True,True,True,True,True,OCM,OCM,1,OCMToOCM_1,True,,,,
lre,fixed,OCM,ReqMOM,True,True,False,True,True,True,True,True,MOM,MOM,1,OCMToMOM,True,,,,
lre,fixed,OCM,ReqOCM,True,True,False,True,True,True,True,True,OCM,OCM,0,-,True,,,,
lre,fixed,OCM,EndTask,True,True,False,True,True,True,True,True,OCM,OCM,0,-,True,,,,
lre,fixed,OCM,ReqHCM,True,True,False,True,True,True,True,True,OCM,OCM,0,-,True,,,,
lre,fixed,OCM,tick,True,True,False,True,True,True,True,True,OCM,OCM,0,-,True,,,,
lre,fixed,OCM,ReqVel,True,True,True,False,False,False,False,False,OCM,OCM,1,OCMToOCM,True,,,,
lre,fixed,OCM,ReqHdng,True,True,True,False,False,False,False,False,OCM,OCM,1,OCMToOCM_1,True,,,,
lre,fixed,OCM,ReqMOM,True,True,True,False,False,False,False,False,OCM,OCM,0,-,True,,,,
lre,fixed,OCM,ReqOCM,True,True,True,False,False,False,False,False,OCM,OCM,0,-,True,,,,
lre,fixed,OCM,EndTask,True,True,True,False,False,False,False,False,OCM,OCM,0,-,True,,,,
lre,fixed,OCM,ReqHCM,True,True,True,False,False,False,False,False,OCM,OCM,0,-,True,,,,
lre,fixed,OCM,tick,True,True,True,False,False,False,False,False,OCM,OCM,0,-,True,,,,
lre,fixed,OCM,ReqVel,True,True,True,False,False,False,False,True,OCM,OCM,1,OCMToOCM,True,,,,
lre,fixed,OCM,ReqHdng,True,True,True,False,False,False,False,True,OCM,OCM,1,OCMToOCM_1,True,,,,
lre,fixed,OCM,ReqMOM,True,True,True,False,False,False,False,True,OCM,OCM,0,-,True,,,,
lre,fixed,OCM,ReqOCM,True,True,True,False,False,False,False,True,OCM,OCM,0,-,True,,,,
lre,fixed,OCM,EndTask,True,True,True,False,False,False,False,True,OCM,OCM,0,-,True,,,,
lre,fixed,OCM,ReqHCM,True,True,True,False,False,False,False,True,OCM,OCM,0,-,True,,,,
lre,fixed,OCM,tick,True,True,True,False,False,False,False,True,OCM,OCM,0,-,True,,,,
lre,fixed,OCM,ReqVel,True,True,True,False,False,False,True,False,OCM,OCM,1,OCMToOCM,True,,,,
lre,fixed,OCM,ReqHdng,True,True,True,False,False,False,True,False,OCM,OCM,1,OCMToOCM_1,True,,,,
lre,fixed,OCM,ReqMOM,True,True,True,False,False,False,True,False,OCM,OCM,0,-,True,,,,
lre,fixed,OCM,ReqOCM,True,True,True,False,False,False,True,False,OCM,OCM,0,-,True,,,,
lre,fixed,OCM,EndTask,True,True,True,False,False,False,True,False,OCM,OCM,0,-,True,,,,
lre,fixed,OCM,ReqHCM,True,True,True,False,False,False,True,False,OCM,OCM,0,-,True,,,,
lre,fixed,OCM,tick,True,True,True,False,False,False,True,False,OCM,OCM,0,-,True,,,,
lre,fixed,OCM,ReqVel,True,True,True,False,False,False,True,True,OCM,OCM,1,OCMToOCM,True,,,,
lre,fixed,OCM,ReqHdng,True,True,True,False,False,False,True,True,OCM,OCM,1,OCMToOCM_1,True,,,,
lre,fixed,OCM,ReqMOM,True,True,True,False,False,False,True,True,OCM,OCM,0,-,True,,,,
lre,fixed,OCM,ReqOCM,True,True,True,False,False,False,True,True,OCM,OCM,0,-,True,,,,
lre,fixed,OCM,EndTask,True,True,True,False,False,False,True,True,OCM,OCM,0,-,True,,,,
lre,fixed,OCM,ReqHCM,True,True,True,False,False,False,True,True,OCM,OCM,0,-,True,,,,
lre,fixed,OCM,tick,True,True,True,False,False,False,True,True,OCM,OCM,0,-,True,,,,
lre,fixed,OCM,ReqVel,True,True,True,False,False,True,False,False,OCM,OCM,1,OCMToOCM,True,,,,
lre,fixed,OCM,ReqHdng,True,True,True,False,False,True,False,False,OCM,OCM,1,OCMToOCM_1,True,,,,
lre,fixed,OCM,ReqMOM,True,True,True,False,False,True,False,False,OCM,OCM,0,-,True,,,,
lre,fixed,OCM,ReqOCM,True,True,True,False,False,True,False,False,OCM,OCM,0,-,True,,,,
lre,fixed,OCM,EndTask,True,True,True,False,False,True,False,False,OCM,OCM,0,-,True,,,,
lre,fixed,OCM,ReqHCM,True,True,True,False,False,True,False,False,OCM,OCM,0,-,True,,,,
lre,fixed,OCM,tick,True,True,True,False,False,True,False,False,OCM,OCM,0,-,True,,,,
lre,fixed,OCM,ReqVel,True,True,True,False,False,True,False,True,OCM,OCM,1,OCMToOCM,True,,,,
lre,fixed,OCM,ReqHdng,True,True,True,False,False,True,False,True,OCM,OCM,1,OCMToOCM_1,True,,,,
lre,fixed,OCM,ReqMOM,True,True,True,False,False,True,False,True,OCM,OCM,0,-,True,,,,
lre,fixed,OCM,ReqOCM,True,True,True,False,False,True,False,True,OCM,OCM,0,-,True,,,,
lre,fixed,OCM,EndTask,True,True,True,False,False,True,False,True,OCM,OCM,0,-,True,,,,
lre,fixed,OCM,ReqHCM,True,True,True,False,False,True,False,True,OCM,OCM,0,-,True,,,,
lre,fixed,OCM,tick,True,True,True,False,False,True,False,True,OCM,OCM,0,-,True,,,,
lre,fixed,OCM,ReqVel,True,True,True,False,False,True,True,False,OCM,OCM,1,OCMToOCM,True,,,,
lre,fixed,OCM,ReqHdng,True,True,True,False,False,True,True,False,OCM,OCM,1,OCMToOCM_1,True,,,,
lre,fixed,OCM,ReqMOM,True,True,True,False,False,True,True,False,OCM,OCM,0,-,True,,,,
lre,fixed,OCM,ReqOCM,True,True,True,False,False,True,True,False,OCM,OCM,0,-,True,,,,
lre,fixed,OCM,EndTask,True,True,True,False,False,True,True,False,OCM,OCM,0,-,True,,,,
lre,fixed,OCM,ReqHCM,True,True,True,False,False,True,True,False,OCM,OCM,0,-,True,,,,
lre,fixed,OCM,tick,True,True,True,False,False,True,True,False,OCM,OCM,0,-,True,,,,
lre,fixed,OCM,ReqVel,True,True,True,False,False,True,True,True,OCM,OCM,1,OCMToOCM,True,,,,
lre,fixed,OCM,ReqHdng,True,True,True,False,False,True,True,True,OCM,OCM,1,OCMToOCM_1,True,,,,
lre,fixed,OCM,ReqMOM,True,True,True,False,False,True,True,True,OCM,OCM,0,-,True,,,,
lre,fixed,OCM,ReqOCM,True,True,True,False,False,True,True,True,OCM,OCM,0,-,True,,,,
lre,fixed,OCM,EndTask,True,True,True,False,False,True,True,True,OCM,OCM,0,-,True,,,,
lre,fixed,OCM,ReqHCM,True,True,True,False,False,True,True,True,OCM,OCM,0,-,True,,,,
lre,fixed,OCM,tick,True,True,True,False,False,True,True,True,OCM,OCM,0,-,True,,,,
lre,fixed,OCM,ReqVel,True,True,True,False,True,False,False,False,OCM,OCM,1,OCMToOCM,True,,,,
lre,fixed,OCM,ReqHdng,True,True,True,False,True,False,False,False,OCM,OCM,1,OCMToOCM_1,True,,,,
lre,fixed,OCM,ReqMOM,True,True,True,False,True,False,False,False,OCM,OCM,0,-,True,,,,
lre,fixed,OCM,ReqOCM,True,True,True,False,True,False,False,False,OCM,OCM,0,-,True,,,,
lre,fixed,OCM,EndTask,True,True,True,False,True,False,False,False,OCM,OCM,0,-,True,,,,
lre,fixed,OCM,ReqHCM,True,True,True,False,True,False,False,False,OCM,OCM,0,-,True,,,,
lre,fixed,OCM,tick,True,True,True,False,True,False,False,False,OCM,OCM,0,-,True,,,,
lre,fixed,OCM,ReqVel,True,True,True,False,True,False,False,True,OCM,OCM,1,OCMToOCM,True,,,,
lre,fixed,OCM,ReqHdng,True,True,True,False,True,False,False,True,OCM,OCM,1,OCMToOCM_1,True,,,,
lre,fixed,OCM,ReqMOM,True,True,True,False,True,False,False,True,OCM,OCM,0,-,True,,,,
lre,fixed,OCM,ReqOCM,True,True,True,False,True,False,False,True,OCM,OCM,0,-,True,,,,
lre,fixed,OCM,EndTask,True,True,True,False,True,False,False,True,OCM,OCM,0,-,True,,,,
lre,fixed,OCM,ReqHCM,True,True,True,False,True,False,False,True,OCM,OCM,0,-,True,,,,
lre,fixed,OCM,tick,True,True,True,False,True,False,False,True,OCM,OCM,0,-,True,,,,
lre,fixed,OCM,ReqVel,True,True,True,False,True,False,True,False,OCM,OCM,1,OCMToOCM,True,,,,
lre,fixed,OCM,ReqHdng,True,True,True,False,True,False,True,False,OCM,OCM,1,OCMToOCM_1,True,,,,
lre,fixed,OCM,ReqMOM,True,True,True,False,True,False,True,False,OCM,OCM,0,-,True,,,,
lre,fixed,OCM,ReqOCM,True,True,True,False,True,False,True,False,OCM,OCM,0,-,True,,,,
lre,fixed,OCM,EndTask,True,True,True,False,True,False,True,False,OCM,OCM,0,-,True,,,,
lre,fixed,OCM,ReqHCM,True,True,True,False,True,False,True,False,OCM,OCM,0,-,True,,,,
lre,fixed,OCM,tick,True,True,True,False,True,False,True,False,OCM,OCM,0,-,True,,,,
lre,fixed,OCM,ReqVel,True,True,True,False,True,False,True,True,OCM,OCM,1,OCMToOCM,True,,,,
lre,fixed,OCM,ReqHdng,True,True,True,False,True,False,True,True,OCM,OCM,1,OCMToOCM_1,True,,,,
lre,fixed,OCM,ReqMOM,True,True,True,False,True,False,True,True,OCM,OCM,0,-,True,,,,
lre,fixed,OCM,ReqOCM,True,True,True,False,True,False,True,True,OCM,OCM,0,-,True,,,,
lre,fixed,OCM,EndTask,True,True,True,False,True,False,True,True,OCM,OCM,0,-,True,,,,
lre,fixed,OCM,ReqHCM,True,True,True,False,True,False,True,True,OCM,OCM,0,-,True,,,,
lre,fixed,OCM,tick,True,True,True,False,True,False,True,True,OCM,OCM,0,-,True,,,,
lre,fixed,OCM,ReqVel,True,True,True,False,True,True,False,False,OCM,OCM,1,OCMToOCM,True,,,,
lre,fixed,OCM,ReqHdng,True,True,True,False,True,True,False,False,OCM,OCM,1,OCMToOCM_1,True,,,,
lre,fixed,OCM,ReqMOM,True,True,True,False,True,True,False,False,OCM,OCM,0,-,True,,,,
lre,fixed,OCM,ReqOCM,True,True,True,False,True,True,False,False,OCM,OCM,0,-,True,,,,
lre,fixed,OCM,EndTask,True,True,True,False,True,True,False,False,OCM,OCM,0,-,True,,,,
lre,fixed,OCM,ReqHCM,True,True,True,False,True,True,False,False,OCM,OCM,0,-,True,,,,
lre,fixed,OCM,tick,True,True,True,False,True,True,False,False,OCM,OCM,0,-,True,,,,
lre,fixed,OCM,ReqVel,True,True,True,False,True,True,False,True,OCM,OCM,1,OCMToOCM,True,,,,
lre,fixed,OCM,ReqHdng,True,True,True,False,True,True,False,True,OCM,OCM,1,OCMToOCM_1,True,,,,
lre,fixed,OCM,ReqMOM,True,True,True,False,True,True,False,True,OCM,OCM,0,-,True,,,,
lre,fixed,OCM,ReqOCM,True,True,True,False,True,True,False,True,OCM,OCM,0,-,True,,,,
lre,fixed,OCM,EndTask,True,True,True,False,True,True,False,True,OCM,OCM,0,-,True,,,,
lre,fixed,OCM,ReqHCM,True,True,True,False,True,True,False,True,OCM,OCM,0,-,True,,,,
lre,fixed,OCM,tick,True,True,True,False,True,True,False,True,OCM,OCM,0,-,True,,,,
lre,fixed,OCM,ReqVel,True,True,True,False,True,True,True,False,OCM,OCM,1,OCMToOCM,True,,,,
lre,fixed,OCM,ReqHdng,True,True,True,False,True,True,True,False,OCM,OCM,1,OCMToOCM_1,True,,,,
lre,fixed,OCM,ReqMOM,True,True,True,False,True,True,True,False,OCM,OCM,0,-,True,,,,
lre,fixed,OCM,ReqOCM,True,True,True,False,True,True,True,False,OCM,OCM,0,-,True,,,,
lre,fixed,OCM,EndTask,True,True,True,False,True,True,True,False,OCM,OCM,0,-,True,,,,
lre,fixed,OCM,ReqHCM,True,True,True,False,True,True,True,False,OCM,OCM,0,-,True,,,,
lre,fixed,OCM,tick,True,True,True,False,True,True,True,False,OCM,OCM,0,-,True,,,,
lre,fixed,OCM,ReqVel,True,True,True,False,True,True,True,True,OCM,OCM,1,OCMToOCM,True,,,,
lre,fixed,OCM,ReqHdng,True,True,True,False,True,True,True,True,OCM,OCM,1,OCMToOCM_1,True,,,,
lre,fixed,OCM,ReqMOM,True,True,True,False,True,True,True,True,OCM,OCM,0,-,True,,,,
lre,fixed,OCM,ReqOCM,True,True,True,False,True,True,True,True,OCM,OCM,0,-,True,,,,
lre,fixed,OCM,EndTask,True,True,True,False,True,True,True,True,OCM,OCM,0,-,True,,,,
lre,fixed,OCM,ReqHCM,True,True,True,False,True,True,True,True,OCM,OCM,0,-,True,,,,
lre,fixed,OCM,tick,True,True,True,False,True,True,True,True,OCM,OCM,0,-,True,,,,
lre,fixed,OCM,ReqVel,True,True,True,True,False,False,False,False,OCM,OCM,1,OCMToOCM,True,,,,
lre,fixed,OCM,ReqHdng,True,True,True,True,False,False,False,False,OCM,OCM,1,OCMToOCM_1,True,,,,
lre,fixed,OCM,ReqMOM,True,True,True,True,False,False,False,False,OCM,OCM,0,-,True,,,,
lre,fixed,OCM,ReqOCM,True,True,True,True,False,False,False,False,OCM,OCM,0,-,True,,,,
lre,fixed,OCM,EndTask,True,True,True,True,False,False,False,False,OCM,OCM,0,-,True,,,,
lre,fixed,OCM,ReqHCM,True,True,True,True,False,False,False,False,OCM,OCM,0,-,True,,,,
lre,fixed,OCM,tick,True,True,True,True,False,False,False,False,OCM,OCM,0,-,True,,,,
lre,fixed,OCM,ReqVel,True,True,True,True,False,False,False,True,OCM,OCM,1,OCMToOCM,True,,,,
lre,fixed,OCM,ReqHdng,True,True,True,True,False,False,False,True,OCM,OCM,1,OCMToOCM_1,True,,,,
lre,fixed,OCM,ReqMOM,True,True,True,True,False,False,False,True,OCM,OCM,0,-,True,,,,
lre,fixed,OCM,ReqOCM,True,True,True,True,False,False,False,True,OCM,OCM,0,-,True,,,,
lre,fixed,OCM,EndTask,True,True,True,True,False,False,False,True,OCM,OCM,0,-,True,,,,
lre,fixed,OCM,ReqHCM,True,True,True,True,False,False,False,True,OCM,OCM,0,-,True,,,,
lre,fixed,OCM,tick,True,True,True,True,False,False,False,True,OCM,OCM,0,-,True,,,,
lre,fixed,OCM,ReqVel,True,True,True,True,False,False,True,False,OCM,OCM,1,OCMToOCM,True,,,,
lre,fixed,OCM,ReqHdng,True,True,True,True,False,False,True,False,OCM,OCM,1,OCMToOCM_1,True,,,,
lre,fixed,OCM,ReqMOM,True,True,True,True,False,False,True,False,OCM,OCM,0,-,True,,,,
lre,fixed,OCM,ReqOCM,True,True,True,True,False,False,True,False,OCM,OCM,0,-,True,,,,
lre,fixed,OCM,EndTask,True,True,True,True,False,False,True,False,OCM,OCM,0,-,True,,,,
lre,fixed,OCM,ReqHCM,True,True,True,True,False,False,True,False,OCM,OCM,0,-,True,,,,
lre,fixed,OCM,tick,True,True,True,True,False,False,True,False,OCM,OCM,0,-,True,,,,
lre,fixed,OCM,ReqVel,True,True,True,True,False,False,True,True,OCM,OCM,1,OCMToOCM,True,,,,
lre,fixed,OCM,ReqHdng,True,True,True,True,False,False,True,True,OCM,OCM,1,OCMToOCM_1,True,,,,
lre,fixed,OCM,ReqMOM,True,True,True,True,False,False,True,True,OCM,OCM,0,-,True,,,,
lre,fixed,OCM,ReqOCM,True,True,True,True,False,False,True,True,OCM,OCM,0,-,True,,,,
lre,fixed,OCM,EndTask,True,True,True,True,False,False,True,True,OCM,OCM,0,-,True,,,,
lre,fixed,OCM,ReqHCM,True,True,True,True,False,False,True,True,OCM,OCM,0,-,True,,,,
lre,fixed,OCM,tick,True,True,True,True,False,False,True,True,OCM,OCM,0,-,True,,,,
lre,fixed,OCM,ReqVel,True,True,True,True,False,True,False,False,OCM,OCM,1,OCMToOCM,True,,,,
lre,fixed,OCM,ReqHdng,True,True,True,True,False,True,False,False,OCM,OCM,1,OCMToOCM_1,True,,,,
lre,fixed,OCM,ReqMOM,True,True,True,True,False,True,False,False,OCM,OCM,0,-,True,,,,
lre,fixed,OCM,ReqOCM,True,True,True,True,False,True,False,False,OCM,OCM,0,-,True,,,,
lre,fixed,OCM,EndTask,True,True,True,True,False,True,False,False,OCM,OCM,0,-,True,,,,
lre,fixed,OCM,ReqHCM,True,True,True,True,False,True,False,False,OCM,OCM,0,-,True,,,,
lre,fixed,OCM,tick,True,True,True,True,False,True,False,False,OCM,OCM,0,-,True,,,,
lre,fixed,OCM,ReqVel,True,True,True,True,False,True,False,True,OCM,OCM,1,OCMToOCM,True,,,,
lre,fixed,OCM,ReqHdng,True,True,True,True,False,True,False,True,OCM,OCM,1,OCMToOCM_1,True,,,,
lre,fixed,OCM,ReqMOM,True,True,True,True,False,True,False,True,OCM,OCM,0,-,True,,,,
lre,fixed,OCM,ReqOCM,True,True,True,True,False,True,False,True,OCM,OCM,0,-,True,,,,
lre,fixed,OCM,EndTask,True,True,True,True,False,True,False,True,OCM,OCM,0,-,True,,,,
lre,fixed,OCM,ReqHCM,True,True,True,True,False,True,False,True,OCM,OCM,0,-,True,,,,
lre,fixed,OCM,tick,True,True,True,True,False,True,False,True,OCM,OCM,0,-,True,,,,
lre,fixed,OCM,ReqVel,True,True,True,True,False,True,True,False,OCM,OCM,1,OCMToOCM,True,,,,
lre,fixed,OCM,ReqHdng,True,True,True,True,False,True,True,False,OCM,OCM,1,OCMToOCM_1,True,,,,
lre,fixed,OCM,ReqMOM,True,True,True,True,False,True,True,False,OCM,OCM,0,-,True,,,,
lre,fixed,OCM,ReqOCM,True,True,True,True,False,True,True,False,OCM,OCM,0,-,True,,,,
lre,fixed,OCM,EndTask,True,True,True,True,False,True,True,False,OCM,OCM,0,-,True,,,,
lre,fixed,OCM,ReqHCM,True,True,True,True,False,True,True,False,OCM,OCM,0,-,True,,,,
lre,fixed,OCM,tick,True,True,True,True,False,True,True,False,OCM,OCM,0,-,True,,,,
lre,fixed,OCM,ReqVel,True,True,True,True,False,True,True,True,OCM,OCM,1,OCMToOCM,True,,,,
lre,fixed,OCM,ReqHdng,True,True,True,True,False,True,True,True,OCM,OCM,1,OCMToOCM_1,True,,,,
lre,fixed,OCM,ReqMOM,True,True,True,True,False,True,True,True,OCM,OCM,0,-,True,,,,
lre,fixed,OCM,ReqOCM,True,True,True,True,False,True,True,True,OCM,OCM,0,-,True,,,,
lre,fixed,OCM,EndTask,True,True,True,True,False,True,True,True,OCM,OCM,0,-,True,,,,
lre,fixed,OCM,ReqHCM,True,True,True,True,False,True,True,True,OCM,OCM,0,-,True,,,,
lre,fixed,OCM,tick,True,True,True,True,False,True,True,True,OCM,OCM,0,-,True,,,,
lre,fixed,OCM,ReqVel,True,True,True,True,True,False,False,False,OCM,OCM,1,OCMToOCM,True,,,,
lre,fixed,OCM,ReqHdng,True,True,True,True,True,False,False,False,OCM,OCM,1,OCMToOCM_1,True,,,,
lre,fixed,OCM,ReqMOM,True,True,True,True,True,False,False,False,OCM,OCM,0,-,True,,,,
lre,fixed,OCM,ReqOCM,True,True,True,True,True,False,False,False,OCM,OCM,0,-,True,,,,
lre,fixed,OCM,EndTask,True,True,True,True,True,False,False,False,OCM,OCM,0,-,True,,,,
lre,fixed,OCM,ReqHCM,True,True,True,True,True,False,False,False,OCM,OCM,0,-,True,,,,
lre,fixed,OCM,tick,True,True,True,True,True,False,False,False,OCM,OCM,0,-,True,,,,
lre,fixed,OCM,ReqVel,True,True,True,True,True,False,False,True,OCM,OCM,1,OCMToOCM,True,,,,
lre,fixed,OCM,ReqHdng,True,True,True,True,True,False,False,True,OCM,OCM,1,OCMToOCM_1,True,,,,
lre,fixed,OCM,ReqMOM,True,True,True,True,True,False,False,True,OCM,OCM,0,-,True,,,,
lre,fixed,OCM,ReqOCM,True,True,True,True,True,False,False,True,OCM,OCM,0,-,True,,,,
lre,fixed,OCM,EndTask,True,True,True,True,True,False,False,True,OCM,OCM,0,-,True,,,,
lre,fixed,OCM,ReqHCM,True,True,True,True,True,False,False,True,OCM,OCM,0,-,True,,,,
lre,fixed,OCM,tick,True,True,True,True,True,False,False,True,OCM,OCM,0,-,True,,,,
lre,fixed,OCM,ReqVel,True,True,True,True,True,False,True,False,OCM,OCM,1,OCMToOCM,True,,,,
lre,fixed,OCM,ReqHdng,True,True,True,True,True,False,True,False,OCM,OCM,1,OCMToOCM_1,True,,,,
lre,fixed,OCM,ReqMOM,True,True,True,True,True,False,True,False,OCM,OCM,0,-,True,,,,
lre,fixed,OCM,ReqOCM,True,True,True,True,True,False,True,False,OCM,OCM,0,-,True,,,,
lre,fixed,OCM,EndTask,True,True,True,True,True,False,True,False,OCM,OCM,0,-,True,,,,
lre,fixed,OCM,ReqHCM,True,True,True,True,True,False,True,False,OCM,OCM,0,-,True,,,,
lre,fixed,OCM,tick,True,True,True,True,True,False,True,False,OCM,OCM,0,-,True,,,,
lre,fixed,OCM,ReqVel,True,True,True,True,True,False,True,True,OCM,OCM,1,OCMToOCM,True,,,,
lre,fixed,OCM,ReqHdng,True,True,True,True,True,False,True,True,OCM,OCM,1,OCMToOCM_1,True,,,,
lre,fixed,OCM,ReqMOM,True,True,True,True,True,False,True,True,OCM,OCM,0,-,True,,,,
lre,fixed,OCM,ReqOCM,True,True,True,True,True,False,True,True,OCM,OCM,0,-,True,,,,
lre,fixed,OCM,EndTask,True,True,True,True,True,False,True,True,OCM,OCM,0,-,True,,,,
lre,fixed,OCM,ReqHCM,True,True,True,True,True,False,True,True,OCM,OCM,0,-,True,,,,
lre,fixed,OCM,tick,True,True,True,True,True,False,True,True,OCM,OCM,0,-,True,,,,
lre,fixed,OCM,ReqVel,True,True,True,True,True,True,False,False,OCM,OCM,1,OCMToOCM,True,,,,
lre,fixed,OCM,ReqHdng,True,True,True,True,True,True,False,False,OCM,OCM,1,OCMToOCM_1,True,,,,
lre,fixed,OCM,ReqMOM,True,True,True,True,True,True,False,False,OCM,OCM,0,-,True,,,,
lre,fixed,OCM,ReqOCM,True,True,True,True,True,True,False,False,OCM,OCM,0,-,True,,,,
lre,fixed,OCM,EndTask,True,True,True,True,True,True,False,False,OCM,OCM,0,-,True,,,,
lre,fixed,OCM,ReqHCM,True,True,True,True,True,True,False,False,OCM,OCM,0,-,True,,,,
lre,fixed,OCM,tick,True,True,True,True,True,True,False,False,OCM,OCM,0,-,True,,,,
lre,fixed,OCM,ReqVel,True,True,True,True,True,True,False,True,OCM,OCM,1,OCMToOCM,True,,,,
lre,fixed,OCM,ReqHdng,True,True,True,True,True,True,False,True,OCM,OCM,1,OCMToOCM_1,True,,,,
lre,fixed,OCM,ReqMOM,True,True,True,True,True,True,False,True,OCM,OCM,0,-,True,,,,
lre,fixed,OCM,ReqOCM,True,True,True,True,True,True,False,True,OCM,OCM,0,-,True,,,,
lre,fixed,OCM,EndTask,True,True,True,True,True,True,False,True,OCM,OCM,0,-,True,,,,
lre,fixed,OCM,ReqHCM,True,True,True,True,True,True,False,True,OCM,OCM,0,-,True,,,,
lre,fixed,OCM,tick,True,True,True,True,True,True,False,True,OCM,OCM,0,-,True,,,,
lre,fixed,OCM,ReqVel,True,True,True,True,True,True,True,False,OCM,OCM,1,OCMToOCM,True,,,,
lre,fixed,OCM,ReqHdng,True,True,True,True,True,True,True,False,OCM,OCM,1,OCMToOCM_1,True,,,,
lre,fixed,OCM,ReqMOM,True,True,True,True,True,True,True,False,OCM,OCM,0,-,True,,,,
lre,fixed,OCM,ReqOCM,True,True,True,True,True,True,True,False,OCM,OCM,0,-,True,,,,
lre,fixed,OCM,EndTask,True,True,True,True,True,True,True,False,OCM,OCM,0,-,True,,,,
lre,fixed,OCM,ReqHCM,True,True,True,True,True,True,True,False,OCM,OCM,0,-,True,,,,
lre,fixed,OCM,tick,True,True,True,True,True,True,True,False,OCM,OCM,0,-,True,,,,
lre,fixed,OCM,ReqVel,True,True,True,True,True,True,True,True,OCM,OCM,1,OCMToOCM,True,,,,
lre,fixed,OCM,ReqHdng,True,True,True,True,True,True,True,True,OCM,OCM,1,OCMToOCM_1,True,,,,
lre,fixed,OCM,ReqMOM,True,True,True,True,True,True,True,True,OCM,OCM,0,-,True,,,,
lre,fixed,OCM,ReqOCM,True,True,True,True,True,True,True,True,OCM,OCM,0,-,True,,,,
lre,fixed,OCM,EndTask,True,True,True,True,True,True,True,True,OCM,OCM,0,-,True,,,,
lre,fixed,OCM,ReqHCM,True,True,True,True,True,True,True,True,OCM,OCM,0,-,True,,,,
lre,fixed,OCM,tick,True,True,True,True,True,True,True,True,OCM,OCM,0,-,True,,,,
lre,fixed,MOM,ReqVel,False,False,False,False,False,False,False,False,MOM,MOM,0,-,True,,,,
lre,fixed,MOM,ReqHdng,False,False,False,False,False,False,False,False,MOM,MOM,0,-,True,,,,
lre,fixed,MOM,ReqMOM,False,False,False,False,False,False,False,False,MOM,MOM,0,-,True,,,,
lre,fixed,MOM,ReqOCM,False,False,False,False,False,False,False,False,OCM,OCM,1,MOMToOCM_1,True,,,,
lre,fixed,MOM,EndTask,False,False,False,False,False,False,False,False,OCM,OCM,1,MOMToOCM_2,True,,,,
lre,fixed,MOM,ReqHCM,False,False,False,False,False,False,False,False,HCM,HCM,1,MOMToHCM_1,True,,,,
lre,fixed,MOM,tick,False,False,False,False,False,False,False,False,MOM,MOM,0,-,True,,,,
lre,fixed,MOM,ReqVel,False,False,False,False,False,False,False,True,MOM,MOM,0,-,True,,,,
lre,fixed,MOM,ReqHdng,False,False,False,False,False,False,False,True,MOM,MOM,0,-,True,,,,
lre,fixed,MOM,ReqMOM,False,False,False,False,False,False,False,True,MOM,MOM,0,-,True,,,,
lre,fixed,MOM,ReqOCM,False,False,False,False,False,False,False,True,OCM,OCM,1,MOMToOCM_1,True,,,,
lre,fixed,MOM,EndTask,False,False,False,False,False,False,False,True,OCM,OCM,1,MOMToOCM_2,True,,,,
lre,fixed,MOM,ReqHCM,False,False,False,False,False,False,False,True,HCM,HCM,1,MOMToHCM_1,True,,,,
lre,fixed,MOM,tick,False,False,False,False,False,False,False,True,MOM,MOM,0,-,True,,,,
lre,fixed,MOM,ReqVel,False,False,False,False,False,False,True,False,MOM,MOM,0,-,True,,,,
lre,fixed,MOM,ReqHdng,False,False,False,False,False,False,True,False,MOM,MOM,0,-,True,,,,
lre,fixed,MOM,ReqMOM,False,False,False,False,False,False,True,False,MOM,MOM,0,-,True,,,,
lre,fixed,MOM,ReqOCM,False,False,False,False,False,False,True,False,OCM,OCM,1,MOMToOCM_1,True,,,,
lre,fixed,MOM,EndTask,False,False,False,False,False,False,True,False,OCM,OCM,1,MOMToOCM_2,True,,,,
lre,fixed,MOM,ReqHCM,False,False,False,False,False,False,True,False,HCM,HCM,1,MOMToHCM_1,True,,,,
lre,fixed,MOM,tick,False,False,False,False,False,False,True,False,MOM,MOM,0,-,True,,,,
lre,fixed,MOM,ReqVel,False,False,False,False,False,False,True,True,MOM,MOM,0,-,True,,,,
lre,fixed,MOM,ReqHdng,False,False,False,False,False,False,True,True,MOM,MOM,0,-,True,,,,
lre,fixed,MOM,ReqMOM,False,False,False,False,False,False,True,True,MOM,MOM,0,-,True,,,,
lre,fixed,MOM,ReqOCM,False,False,False,False,False,False,True,True,OCM,OCM,1,MOMToOCM_1,True,,,,
lre,fixed,MOM,EndTask,False,False,False,False,False,False,True,True,OCM,OCM,1,MOMToOCM_2,True,,,,
lre,fixed,MOM,ReqHCM,False,False,False,False,False,False,True,True,HCM,HCM,1,MOMToHCM_1,True,,,,
lre,fixed,MOM,tick,False,False,False,False,False,False,True,True,MOM,MOM,0,-,True,,,,
lre,fixed,MOM,ReqVel,False,False,False,False,False,True,False,False,MOM,MOM,0,-,True,,,,
lre,fixed,MOM,ReqHdng,False,False,False,False,False,True,False,False,MOM,MOM,0,-,True,,,,
lre,fixed,MOM,ReqMOM,False,False,False,False,False,True,False,False,MOM,MOM,0,-,True,,,,
lre,fixed,MOM,ReqOCM,False,False,False,False,False,True,False,False,OCM,OCM,1,MOMToOCM_1,True,,,,
lre,fixed,MOM,EndTask,False,False,False,False,False,True,False,False,OCM,OCM,1,MOMToOCM_2,True,,,,
lre,fixed,MOM,ReqHCM,False,False,False,False,False,True,False,False,HCM,HCM,1,MOMToHCM_1,True,,,,
lre,fixed,MOM,tick,False,False,False,False,False,True,False,False,MOM,MOM,0,-,True,,,,
lre,fixed,MOM,ReqVel,False,False,False,False,False,True,False,True,MOM,MOM,0,-,True,,,,
lre,fixed,MOM,ReqHdng,False,False,False,False,False,True,False,True,MOM,MOM,0,-,True,,,,
lre,fixed,MOM,ReqMOM,False,False,False,False,False,True,False,True,MOM,MOM,0,-,True,,,,
lre,fixed,MOM,ReqOCM,False,False,False,False,False,True,False,True,OCM,OCM,1,MOMToOCM_1,True,,,,
lre,fixed,MOM,EndTask,False,False,False,False,False,True,False,True,OCM,OCM,1,MOMToOCM_2,True,,,,
lre,fixed,MOM,ReqHCM,False,False,False,False,False,True,False,True,HCM,HCM,1,MOMToHCM_1,True,,,,
lre,fixed,MOM,tick,False,False,False,False,False,True,False,True,MOM,MOM,0,-,True,,,,
lre,fixed,MOM,ReqVel,False,False,False,False,False,True,True,False,MOM,MOM,0,-,True,,,,
lre,fixed,MOM,ReqHdng,False,False,False,False,False,True,True,False,MOM,MOM,0,-,True,,,,
lre,fixed,MOM,ReqMOM,False,False,False,False,False,True,True,False,MOM,MOM,0,-,True,,,,
lre,fixed,MOM,ReqOCM,False,False,False,False,False,True,True,False,OCM,OCM,1,MOMToOCM_1,True,,,,
lre,fixed,MOM,EndTask,False,False,False,False,False,True,True,False,OCM,OCM,1,MOMToOCM_2,True,,,,
lre,fixed,MOM,ReqHCM,False,False,False,False,False,True,True,False,HCM,HCM,1,MOMToHCM_1,True,,,,
lre,fixed,MOM,tick,False,False,False,False,False,True,True,False,MOM,MOM,0,-,True,,,,
lre,fixed,MOM,ReqVel,False,False,False,False,False,True,True,True,MOM,MOM,0,-,True,,,,
lre,fixed,MOM,ReqHdng,False,False,False,False,False,True,True,True,MOM,MOM,0,-,True,,,,
lre,fixed,MOM,ReqMOM,False,False,False,False,False,True,True,True,MOM,MOM,0,-,True,,,,
lre,fixed,MOM,ReqOCM,False,False,False,False,False,True,True,True,OCM,OCM,1,MOMToOCM_1,True,,,,
lre,fixed,MOM,EndTask,False,False,False,False,False,True,True,True,OCM,OCM,1,MOMToOCM_2,True,,,,
lre,fixed,MOM,ReqHCM,False,False,False,False,False,True,True,True,HCM,HCM,1,MOMToHCM_1,True,,,,
lre,fixed,MOM,tick,False,False,False,False,False,True,True,True,MOM,MOM,0,-,True,,,,
lre,fixed,MOM,ReqVel,False,False,False,False,True,False,False,False,MOM,MOM,0,-,True,,,,
lre,fixed,MOM,ReqHdng,False,False,False,False,True,False,False,False,MOM,MOM,0,-,True,,,,
lre,fixed,MOM,ReqMOM,False,False,False,False,True,False,False,False,MOM,MOM,0,-,True,,,,
lre,fixed,MOM,ReqOCM,False,False,False,False,True,False,False,False,OCM,OCM,1,MOMToOCM_1,True,,,,
lre,fixed,MOM,EndTask,False,False,False,False,True,False,False,False,OCM,OCM,1,MOMToOCM_2,True,,,,
lre,fixed,MOM,ReqHCM,False,False,False,False,True,False,False,False,HCM,HCM,1,MOMToHCM_1,True,,,,
lre,fixed,MOM,tick,False,False,False,False,True,False,False,False,MOM,MOM,0,-,True,,,,
lre,fixed,MOM,ReqVel,False,False,False,False,True,False,False,True,MOM,MOM,0,-,True,,,,
lre,fixed,MOM,ReqHdng,False,False,False,False,True,False,False,True,MOM,MOM,0,-,True,,,,
lre,fixed,MOM,ReqMOM,False,False,False,False,True,False,False,True,MOM,MOM,0,-,True,,,,
lre,fixed,MOM,ReqOCM,False,False,False,False,True,False,False,True,OCM,OCM,1,MOMToOCM_1,True,,,,
lre,fixed,MOM,EndTask,False,False,False,False,True,False,False,True,OCM,OCM,1,MOMToOCM_2,True,,,,
lre,fixed,MOM,ReqHCM,False,False,False,False,True,False,False,True,HCM,HCM,1,MOMToHCM_1,True,,,,
lre,fixed,MOM,tick,False,False,False,False,True,False,False,True,MOM,MOM,0,-,True,,,,
lre,fixed,MOM,ReqVel,False,False,False,False,True,False,True,False,MOM,MOM,0,-,True,,,,
lre,fixed,MOM,ReqHdng,False,False,False,False,True,False,True,False,MOM,MOM,0,-,True,,,,
lre,fixed,MOM,ReqMOM,False,False,False,False,True,False,True,False,MOM,MOM,0,-,True,,,,
lre,fixed,MOM,ReqOCM,False,False,False,False,True,False,True,False,OCM,OCM,1,MOMToOCM_1,True,,,,
lre,fixed,MOM,EndTask,False,False,False,False,True,False,True,False,OCM,OCM,1,MOMToOCM_2,True,,,,
lre,fixed,MOM,ReqHCM,False,False,False,False,True,False,True,False,HCM,HCM,1,MOMToHCM_1,True,,,,
lre,fixed,MOM,tick,False,False,False,False,True,False,True,False,MOM,MOM,0,-,True,,,,
lre,fixed,MOM,ReqVel,False,False,False,False,True,False,True,True,MOM,MOM,0,-,True,,,,
lre,fixed,MOM,ReqHdng,False,False,False,False,True,False,True,True,MOM,MOM,0,-,True,,,,
lre,fixed,MOM,ReqMOM,False,False,False,False,True,False,True,True,MOM,MOM,0,-,True,,,,
lre,fixed,MOM,ReqOCM,False,False,False,False,True,False,True,True,OCM,OCM,1,MOMToOCM_1,True,,,,
lre,fixed,MOM,EndTask,False,False,False,False,True,False,True,True,OCM,OCM,1,MOMToOCM_2,True,,,,
lre,fixed,MOM,ReqHCM,False,False,False,False,True,False,True,True,HCM,HCM,1,MOMToHCM_1,True,,,,
lre,fixed,MOM,tick,False,False,False,False,True,False,True,True,MOM,MOM,0,-,True,,,,
lre,fixed,MOM,ReqVel,False,False,False,False,True,True,False,False,MOM,MOM,0,-,True,,,,
lre,fixed,MOM,ReqHdng,False,False,False,False,True,True,False,False,MOM,MOM,0,-,True,,,,
lre,fixed,MOM,ReqMOM,False,False,False,False,True,True,False,False,MOM,MOM,0,-,True,,,,
lre,fixed,MOM,ReqOCM,False,False,False,False,True,True,False,False,OCM,OCM,1,MOMToOCM_1,True,,,,
lre,fixed,MOM,EndTask,False,False,False,False,True,True,False,False,OCM,OCM,1,MOMToOCM_2,True,,,,
lre,fixed,MOM,ReqHCM,False,False,False,False,True,True,False,False,HCM,HCM,1,MOMToHCM_1,True,,,,
lre,fixed,MOM,tick,False,False,False,False,True,True,False,False,MOM,MOM,0,-,True,,,,
lre,fixed,MOM,ReqVel,False,False,False,False,True,True,False,True,MOM,MOM,0,-,True,,,,
lre,fixed,MOM,ReqHdng,False,False,False,False,True,True,False,True,MOM,MOM,0,-,True,,,,
lre,fixed,MOM,ReqMOM,False,False,False,False,True,True,False,True,MOM,MOM,0,-,True,,,,
lre,fixed,MOM,ReqOCM,False,False,False,False,True,True,False,True,OCM,OCM,1,MOMToOCM_1,True,,,,
lre,fixed,MOM,EndTask,False,False,False,False,True,True,False,True,OCM,OCM,1,MOMToOCM_2,True,,,,
lre,fixed,MOM,ReqHCM,False,False,False,False,True,True,False,True,HCM,HCM,1,MOMToHCM_1,True,,,,
lre,fixed,MOM,tick,False,False,False,False,True,True,False,True,MOM,MOM,0,-,True,,,,
lre,fixed,MOM,ReqVel,False,False,False,False,True,True,True,False,MOM,MOM,0,-,True,,,,
lre,fixed,MOM,ReqHdng,False,False,False,False,True,True,True,False,MOM,MOM,0,-,True,,,,
lre,fixed,MOM,ReqMOM,False,False,False,False,True,True,True,False,MOM,MOM,0,-,True,,,,
lre,fixed,MOM,ReqOCM,False,False,False,False,True,True,True,False,OCM,OCM,1,MOMToOCM_1,True,,,,
lre,fixed,MOM,EndTask,False,False,False,False,True,True,True,False,OCM,OCM,1,MOMToOCM_2,True,,,,
lre,fixed,MOM,ReqHCM,False,False,False,False,True,True,True,False,HCM,HCM,1,MOMToHCM_1,True,,,,
lre,fixed,MOM,tick,False,False,False,False,True,True,True,False,MOM,MOM,0,-,True,,,,
lre,fixed,MOM,ReqVel,False,False,False,False,True,True,True,True,MOM,MOM,0,-,True,,,,
lre,fixed,MOM,ReqHdng,False,False,False,False,True,True,True,True,MOM,MOM,0,-,True,,,,
lre,fixed,MOM,ReqMOM,False,False,False,False,True,True,True,True,MOM,MOM,0,-,True,,,,
lre,fixed,MOM,ReqOCM,False,False,False,False,True,True,True,True,OCM,OCM,1,MOMToOCM_1,True,,,,
lre,fixed,MOM,EndTask,False,False,False,False,True,True,True,True,OCM,OCM,1,MOMToOCM_2,True,,,,
lre,fixed,MOM,ReqHCM,False,False,False,False,True,True,True,True,HCM,HCM,1,MOMToHCM_1,True,,,,
lre,fixed,MOM,tick,False,False,False,False,True,True,True,True,MOM,MOM,0,-,True,,,,
lre,fixed,MOM,ReqVel,False,False,False,True,False,False,False,False,MOM,MOM,0,-,True,,,,
lre,fixed,MOM,ReqHdng,False,False,False,True,False,False,False,False,MOM,MOM,0,-,True,,,,
lre,fixed,MOM,ReqMOM,False,False,False,True,False,False,False,False,MOM,MOM,0,-,True,,,,
lre,fixed,MOM,ReqOCM,False,False,False,True,False,False,False,False,OCM,OCM,1,MOMToOCM_1,True,,,,
lre,fixed,MOM,EndTask,False,False,False,True,False,False,False,False,OCM,OCM,1,MOMToOCM_2,True,,,,
lre,fixed,MOM,ReqHCM,False,False,False,True,False,False,False,False,HCM,HCM,1,MOMToHCM_1,True,,,,
lre,fixed,MOM,tick,False,False,False,True,False,False,False,False,MOM,MOM,0,-,True,,,,
lre,fixed,MOM,ReqVel,False,False,False,True,False,False,False,True,MOM,MOM,0,-,True,,,,
lre,fixed,MOM,ReqHdng,False,False,False,True,False,False,False,True,MOM,MOM,0,-,True,,,,
lre,fixed,MOM,ReqMOM,False,False,False,True,False,False,False,True,MOM,MOM,0,-,True,,,,
lre,fixed,MOM,ReqOCM,False,False,False,True,False,False,False,True,OCM,OCM,1,MOMToOCM_1,True,,,,
lre,fixed,MOM,EndTask,False,False,False,True,False,False,False,True,OCM,OCM,1,MOMToOCM_2,True,,,,
lre,fixed,MOM,ReqHCM,False,False,False,True,False,False,False,True,HCM,HCM,1,MOMToHCM_1,True,,,,
lre,fixed,MOM,tick,False,False,False,True,False,False,False,True,MOM,MOM,0,-,True,,,,
lre,fixed,MOM,ReqVel,False,False,False,True,False,False,True,False,MOM,MOM,0,-,True,,,,
lre,fixed,MOM,ReqHdng,False,False,False,True,False,False,True,False,MOM,MOM,0,-,True,,,,
lre,fixed,MOM,ReqMOM,False,False,False,True,False,False,True,False,MOM,MOM,0,-,True,,,,
lre,fixed,MOM,ReqOCM,False,False,False,True,False,False,True,False,OCM,OCM,1,MOMToOCM_1,True,,,,
lre,fixed,MOM,EndTask,False,False,False,True,False,False,True,False,OCM,OCM,1,MOMToOCM_2,True,,,,
lre,fixed,MOM,ReqHCM,False,False,False,True,False,False,True,False,HCM,HCM,1,MOMToHCM_1,True,,,,
lre,fixed,MOM,tick,False,False,False,True,False,False,True,False,MOM,MOM,0,-,True,,,,
lre,fixed,MOM,ReqVel,False,False,False,True,False,False,True,True,MOM,MOM,0,-,True,,,,
lre,fixed,MOM,ReqHdng,False,False,False,True,False,False,True,True,MOM,MOM,0,-,True,,,,
lre,fixed,MOM,ReqMOM,False,False,False,True,False,False,True,True,MOM,MOM,0,-,True,,,,
lre,fixed,MOM,ReqOCM,False,False,False,True,False,False,True,True,OCM,OCM,1,MOMToOCM_1,True,,,,
lre,fixed,MOM,EndTask,False,False,False,True,False,False,True,True,OCM,OCM,1,MOMToOCM_2,True,,,,
lre,fixed,MOM,ReqHCM,False,False,False,True,False,False,True,True,HCM,HCM,1,MOMToHCM_1,True,,,,
lre,fixed,MOM,tick,False,False,False,True,False,False,True,True,MOM,MOM,0,-,True,,,,
lre,fixed,MOM,ReqVel,False,False,False,True,False,True,False,False,MOM,MOM,0,-,True,,,,
lre,fixed,MOM,ReqHdng,False,False,False,True,False,True,False,False,MOM,MOM,0,-,True,,,,
lre,fixed,MOM,ReqMOM,False,False,False,True,False,True,False,False,MOM,MOM,0,-,True,,,,
lre,fixed,MOM,ReqOCM,False,False,False,True,False,True,False,False,OCM,OCM,1,MOMToOCM_1,True,,,,
lre,fixed,MOM,EndTask,False,False,False,True,False,True,False,False,OCM,OCM,1,MOMToOCM_2,True,,,,
lre,fixed,MOM,ReqHCM,False,False,False,True,False,True,False,False,HCM,HCM,1,MOMToHCM_1,True,,,,
lre,fixed,MOM,tick,False,False,False,True,False,True,False,False,MOM,MOM,0,-,True,,,,
lre,fixed,MOM,ReqVel,False,False,False,True,False,True,False,True,MOM,MOM,0,-,True,,,,
lre,fixed,MOM,ReqHdng,False,False,False,True,False,True,False,True,MOM,MOM,0,-,True,,,,
lre,fixed,MOM,ReqMOM,False,False,False,True,False,True,False,True,MOM,MOM,0,-,True,,,,
lre,fixed,MOM,ReqOCM,False,False,False,True,False,True,False,True,OCM,OCM,1,MOMToOCM_1,True,,,,
lre,fixed,MOM,EndTask,False,False,False,True,False,True,False,True,OCM,OCM,1,MOMToOCM_2,True,,,,
lre,fixed,MOM,ReqHCM,False,False,False,True,False,True,False,True,HCM,HCM,1,MOMToHCM_1,True,,,,
lre,fixed,MOM,tick,False,False,False,True,False,True,False,True,MOM,MOM,0,-,True,,,,
lre,fixed,MOM,ReqVel,False,False,False,True,False,True,True,False,MOM,MOM,0,-,True,,,,
lre,fixed,MOM,ReqHdng,False,False,False,True,False,True,True,False,MOM,MOM,0,-,True,,,,
lre,fixed,MOM,ReqMOM,False,False,False,True,False,True,True,False,MOM,MOM,0,-,True,,,,
lre,fixed,MOM,ReqOCM,False,False,False,True,False,True,True,False,OCM,OCM,1,MOMToOCM_1,True,,,,
lre,fixed,MOM,EndTask,False,False,False,True,False,True,True,False,OCM,OCM,1,MOMToOCM_2,True,,,,
lre,fixed,MOM,ReqHCM,False,False,False,True,False,True,True,False,HCM,HCM,1,MOMToHCM_1,True,,,,
lre,fixed,MOM,tick,False,False,False,True,False,True,True,False,MOM,MOM,0,-,True,,,,
lre,fixed,MOM,ReqVel,False,False,False,True,False,True,True,True,MOM,MOM,0,-,True,,,,
lre,fixed,MOM,ReqHdng,False,False,False,True,False,True,True,True,MOM,MOM,0,-,True,,,,
lre,fixed,MOM,ReqMOM,False,False,False,True,False,True,True,True,MOM,MOM,0,-,True,,,,
lre,fixed,MOM,ReqOCM,False,False,False,True,False,True,True,True,OCM,OCM,1,MOMToOCM_1,True,,,,
lre,fixed,MOM,EndTask,False,False,False,True,False,True,True,True,OCM,OCM,1,MOMToOCM_2,True,,,,
lre,fixed,MOM,ReqHCM,False,False,False,True,False,True,True,True,HCM,HCM,1,MOMToHCM_1,True,,,,
lre,fixed,MOM,tick,False,False,False,True,False,True,True,True,MOM,MOM,0,-,True,,,,
lre,fixed,MOM,ReqVel,False,False,False,True,True,False,False,False,MOM,MOM,0,-,True,,,,
lre,fixed,MOM,ReqHdng,False,False,False,True,True,False,False,False,MOM,MOM,0,-,True,,,,
lre,fixed,MOM,ReqMOM,False,False,False,True,True,False,False,False,MOM,MOM,0,-,True,,,,
lre,fixed,MOM,ReqOCM,False,False,False,True,True,False,False,False,OCM,OCM,1,MOMToOCM_1,True,,,,
lre,fixed,MOM,EndTask,False,False,False,True,True,False,False,False,OCM,OCM,1,MOMToOCM_2,True,,,,
lre,fixed,MOM,ReqHCM,False,False,False,True,True,False,False,False,HCM,HCM,1,MOMToHCM_1,True,,,,
lre,fixed,MOM,tick,False,False,False,True,True,False,False,False,MOM,MOM,0,-,True,,,,
lre,fixed,MOM,ReqVel,False,False,False,True,True,False,False,True,MOM,MOM,0,-,True,,,,
lre,fixed,MOM,ReqHdng,False,False,False,True,True,False,False,True,MOM,MOM,0,-,True,,,,
lre,fixed,MOM,ReqMOM,False,False,False,True,True,False,False,True,MOM,MOM,0,-,True,,,,
lre,fixed,MOM,ReqOCM,False,False,False,True,True,False,False,True,OCM,OCM,1,MOMToOCM_1,True,,,,
lre,fixed,MOM,EndTask,False,False,False,True,True,False,False,True,OCM,OCM,1,MOMToOCM_2,True,,,,
lre,fixed,MOM,ReqHCM,False,False,False,True,True,False,False,True,HCM,HCM,1,MOMToHCM_1,True,,,,
lre,fixed,MOM,tick,False,False,False,True,True,False,False,True,MOM,MOM,0,-,True,,,,
lre,fixed,MOM,ReqVel,False,False,False,True,True,False,True,False,MOM,MOM,0,-,True,,,,
lre,fixed,MOM,ReqHdng,False,False,False,True,True,False,True,False,MOM,MOM,0,-,True,,,,
lre,fixed,MOM,ReqMOM,False,False,False,True,True,False,True,False,MOM,MOM,0,-,True,,,,
lre,fixed,MOM,ReqOCM,False,False,False,True,True,False,True,False,OCM,OCM,1,MOMToOCM_1,True,,,,
lre,fixed,MOM,EndTask,False,False,False,True,True,False,True,False,OCM,OCM,1,MOMToOCM_2,True,,,,
lre,fixed,MOM,ReqHCM,False,False,False,True,True,False,True,False,HCM,HCM,1,MOMToHCM_1,True,,,,
lre,fixed,MOM,tick,False,False,False,True,True,False,True,False,MOM,MOM,0,-,True,,,,
lre,fixed,MOM,ReqVel,False,False,False,True,True,False,True,True,MOM,MOM,0,-,True,,,,
lre,fixed,MOM,ReqHdng,False,False,False,True,True,False,True,True,MOM,MOM,0,-,True,,,,
lre,fixed,MOM,ReqMOM,False,False,False,True,True,False,True,True,MOM,MOM,0,-,True,,,,
lre,fixed,MOM,ReqOCM,False,False,False,True,True,False,True,True,OCM,OCM,1,MOMToOCM_1,True,,,,
lre,fixed,MOM,EndTask,False,False,False,True,True,False,True,True,OCM,OCM,1,MOMToOCM_2,True,,,,
lre,fixed,MOM,ReqHCM,False,False,False,True,True,False,True,True,HCM,HCM,1,MOMToHCM_1,True,,,,
lre,fixed,MOM,tick,False,False,False,True,True,False,True,True,MOM,MOM,0,-,True,,,,
lre,fixed,MOM,ReqVel,False,False,False,True,True,True,False,False,MOM,MOM,0,-,True,,,,
lre,fixed,MOM,ReqHdng,False,False,False,True,True,True,False,False,MOM,MOM,0,-,True,,,,
lre,fixed,MOM,ReqMOM,False,False,False,True,True,True,False,False,MOM,MOM,0,-,True,,,,
lre,fixed,MOM,ReqOCM,False,False,False,True,True,True,False,False,OCM,OCM,1,MOMToOCM_1,True,,,,
lre,fixed,MOM,EndTask,False,False,False,True,True,True,False,False,OCM,OCM,1,MOMToOCM_2,True,,,,
lre,fixed,MOM,ReqHCM,False,False,False,True,True,True,False,False,HCM,HCM,1,MOMToHCM_1,True,,,,
lre,fixed,MOM,tick,False,False,False,True,True,True,False,False,MOM,MOM,0,-,True,,,,
lre,fixed,MOM,ReqVel,False,False,False,True,True,True,False,True,MOM,MOM,0,-,True,,,,
lre,fixed,MOM,ReqHdng,False,False,False,True,True,True,False,True,MOM,MOM,0,-,True,,,,
lre,fixed,MOM,ReqMOM,False,False,False,True,True,True,False,True,MOM,MOM,0,-,True,,,,
lre,fixed,MOM,ReqOCM,False,False,False,True,True,True,False,True,OCM,OCM,1,MOMToOCM_1,True,,,,
lre,fixed,MOM,EndTask,False,False,False,True,True,True,False,True,OCM,OCM,1,MOMToOCM_2,True,,,,
lre,fixed,MOM,ReqHCM,False,False,False,True,True,True,False,True,HCM,HCM,1,MOMToHCM_1,True,,,,
lre,fixed,MOM,tick,False,False,False,True,True,True,False,True,MOM,MOM,0,-,True,,,,
lre,fixed,MOM,ReqVel,False,False,False,True,True,True,True,False,MOM,MOM,0,-,True,,,,
lre,fixed,MOM,ReqHdng,False,False,False,True,True,True,True,False,MOM,MOM,0,-,True,,,,
lre,fixed,MOM,ReqMOM,False,False,False,True,True,True,True,False,MOM,MOM,0,-,True,,,,
lre,fixed,MOM,ReqOCM,False,False,False,True,True,True,True,False,OCM,OCM,1,MOMToOCM_1,True,,,,
lre,fixed,MOM,EndTask,False,False,False,True,True,True,True,False,OCM,OCM,1,MOMToOCM_2,True,,,,
lre,fixed,MOM,ReqHCM,False,False,False,True,True,True,True,False,HCM,HCM,1,MOMToHCM_1,True,,,,
lre,fixed,MOM,tick,False,False,False,True,True,True,True,False,MOM,MOM,0,-,True,,,,
lre,fixed,MOM,ReqVel,False,False,False,True,True,True,True,True,MOM,MOM,0,-,True,,,,
lre,fixed,MOM,ReqHdng,False,False,False,True,True,True,True,True,MOM,MOM,0,-,True,,,,
lre,fixed,MOM,ReqMOM,False,False,False,True,True,True,True,True,MOM,MOM,0,-,True,,,,
lre,fixed,MOM,ReqOCM,False,False,False,True,True,True,True,True,OCM,OCM,1,MOMToOCM_1,True,,,,
lre,fixed,MOM,EndTask,False,False,False,True,True,True,True,True,OCM,OCM,1,MOMToOCM_2,True,,,,
lre,fixed,MOM,ReqHCM,False,False,False,True,True,True,True,True,HCM,HCM,1,MOMToHCM_1,True,,,,
lre,fixed,MOM,tick,False,False,False,True,True,True,True,True,MOM,MOM,0,-,True,,,,
lre,fixed,MOM,ReqVel,False,False,True,False,False,False,False,False,OCM,OCM,1,MOMToOCM,True,,,,
lre,fixed,MOM,ReqHdng,False,False,True,False,False,False,False,False,OCM,OCM,1,MOMToOCM,True,,,,
lre,fixed,MOM,ReqMOM,False,False,True,False,False,False,False,False,OCM,OCM,1,MOMToOCM,True,,,,
lre,fixed,MOM,ReqOCM,False,False,True,False,False,False,False,False,OCM,OCM,1,MOMToOCM,True,,,,
lre,fixed,MOM,EndTask,False,False,True,False,False,False,False,False,OCM,OCM,1,MOMToOCM,True,,,,
lre,fixed,MOM,ReqHCM,False,False,True,False,False,False,False,False,OCM,OCM,1,MOMToOCM,True,,,,
lre,fixed,MOM,tick,False,False,True,False,False,False,False,False,OCM,OCM,1,MOMToOCM,True,,,,
lre,fixed,MOM,ReqVel,False,False,True,False,False,False,False,True,OCM,OCM,1,MOMToOCM,True,,,,
lre,fixed,MOM,ReqHdng,False,False,True,False,False,False,False,True,OCM,OCM,1,MOMToOCM,True,,,,
lre,fixed,MOM,ReqMOM,False,False,True,False,False,False,False,True,OCM,OCM,1,MOMToOCM,True,,,,
lre,fixed,MOM,ReqOCM,False,False,True,False,False,False,False,True,OCM,OCM,1,MOMToOCM,True,,,,
lre,fixed,MOM,EndTask,False,False,True,False,False,False,False,True,OCM,OCM,1,MOMToOCM,True,,,,
lre,fixed,MOM,ReqHCM,False,False,True,False,False,False,False,True,OCM,OCM,1,MOMToOCM,True,,,,
lre,fixed,MOM,tick,False,False,True,False,False,False,False,True,OCM,OCM,1,MOMToOCM,True,,,,
lre,fixed,MOM,ReqVel,False,False,True,False,False,False,True,False,OCM,OCM,1,MOMToOCM,True,,,,
lre,fixed,MOM,ReqHdng,False,False,True,False,False,False,True,False,OCM,OCM,1,MOMToOCM,True,,,,
lre,fixed,MOM,ReqMOM,False,False,True,False,False,False,True,False,OCM,OCM,1,MOMToOCM,True,,,,
lre,fixed,MOM,ReqOCM,False,False,True,False,False,False,True,False,OCM,OCM,1,MOMToOCM,True,,,,
lre,fixed,MOM,EndTask,False,False,True,False,False,False,True,False,OCM,OCM,1,MOMToOCM,True,,,,
lre,fixed,MOM,ReqHCM,False,False,True,False,False,False,True,False,OCM,OCM,1,MOMToOCM,True,,,,
lre,fixed,MOM,tick,False,False,True,False,False,False,True,False,OCM,OCM,1,MOMToOCM,True,,,,
lre,fixed,MOM,ReqVel,False,False,True,False,False,False,True,True,OCM,OCM,1,MOMToOCM,True,,,,
lre,fixed,MOM,ReqHdng,False,False,True,False,False,False,True,True,OCM,OCM,1,MOMToOCM,True,,,,
lre,fixed,MOM,ReqMOM,False,False,True,False,False,False,True,True,OCM,OCM,1,MOMToOCM,True,,,,
lre,fixed,MOM,ReqOCM,False,False,True,False,False,False,True,True,OCM,OCM,1,MOMToOCM,True,,,,
lre,fixed,MOM,EndTask,False,False,True,False,False,False,True,True,OCM,OCM,1,MOMToOCM,True,,,,
lre,fixed,MOM,ReqHCM,False,False,True,False,False,False,True,True,OCM,OCM,1,MOMToOCM,True,,,,
lre,fixed,MOM,tick,False,False,True,False,False,False,True,True,OCM,OCM,1,MOMToOCM,True,,,,
lre,fixed,MOM,ReqVel,False,False,True,False,False,True,False,False,OCM,OCM,1,MOMToOCM,True,,,,
lre,fixed,MOM,ReqHdng,False,False,True,False,False,True,False,False,OCM,OCM,1,MOMToOCM,True,,,,
lre,fixed,MOM,ReqMOM,False,False,True,False,False,True,False,False,OCM,OCM,1,MOMToOCM,True,,,,
lre,fixed,MOM,ReqOCM,False,False,True,False,False,True,False,False,OCM,OCM,1,MOMToOCM,True,,,,
lre,fixed,MOM,EndTask,False,False,True,False,False,True,False,False,OCM,OCM,1,MOMToOCM,True,,,,
lre,fixed,MOM,ReqHCM,False,False,True,False,False,True,False,False,OCM,OCM,1,MOMToOCM,True,,,,
lre,fixed,MOM,tick,False,False,True,False,False,True,False,False,OCM,OCM,1,MOMToOCM,True,,,,
lre,fixed,MOM,ReqVel,False,False,True,False,False,True,False,True,OCM,OCM,1,MOMToOCM,True,,,,
lre,fixed,MOM,ReqHdng,False,False,True,False,False,True,False,True,OCM,OCM,1,MOMToOCM,True,,,,
lre,fixed,MOM,ReqMOM,False,False,True,False,False,True,False,True,OCM,OCM,1,MOMToOCM,True,,,,
lre,fixed,MOM,ReqOCM,False,False,True,False,False,True,False,True,OCM,OCM,1,MOMToOCM,True,,,,
lre,fixed,MOM,EndTask,False,False,True,False,False,True,False,True,OCM,OCM,1,MOMToOCM,True,,,,
lre,fixed,MOM,ReqHCM,False,False,True,False,False,True,False,True,OCM,OCM,1,MOMToOCM,True,,,,
lre,fixed,MOM,tick,False,False,True,False,False,True,False,True,OCM,OCM,1,MOMToOCM,True,,,,
lre,fixed,MOM,ReqVel,False,False,True,False,False,True,True,False,OCM,OCM,1,MOMToOCM,True,,,,
lre,fixed,MOM,ReqHdng,False,False,True,False,False,True,True,False,OCM,OCM,1,MOMToOCM,True,,,,
lre,fixed,MOM,ReqMOM,False,False,True,False,False,True,True,False,OCM,OCM,1,MOMToOCM,True,,,,
lre,fixed,MOM,ReqOCM,False,False,True,False,False,True,True,False,OCM,OCM,1,MOMToOCM,True,,,,
lre,fixed,MOM,EndTask,False,False,True,False,False,True,True,False,OCM,OCM,1,MOMToOCM,True,,,,
lre,fixed,MOM,ReqHCM,False,False,True,False,False,True,True,False,OCM,OCM,1,MOMToOCM,True,,,,
lre,fixed,MOM,tick,False,False,True,False,False,True,True,False,OCM,OCM,1,MOMToOCM,True,,,,
lre,fixed,MOM,ReqVel,False,False,True,False,False,True,True,True,OCM,OCM,1,MOMToOCM,True,,,,
lre,fixed,MOM,ReqHdng,False,False,True,False,False,True,True,True,OCM,OCM,1,MOMToOCM,True,,,,
lre,fixed,MOM,ReqMOM,False,False,True,False,False,True,True,True,OCM,OCM,1,MOMToOCM,True,,,,
lre,fixed,MOM,ReqOCM,False,False,True,False,False,True,True,True,OCM,OCM,1,MOMToOCM,True,,,,
lre,fixed,MOM,EndTask,False,False,True,False,False,True,True,True,OCM,OCM,1,MOMToOCM,True,,,,
lre,fixed,MOM,ReqHCM,False,False,True,False,False,True,True,True,OCM,OCM,1,MOMToOCM,True,,,,
lre,fixed,MOM,tick,False,False,True,False,False,True,True,True,OCM,OCM,1,MOMToOCM,True,,,,
lre,fixed,MOM,ReqVel,False,False,True,False,True,False,False,False,OCM,OCM,1,MOMToOCM,True,,,,
lre,fixed,MOM,ReqHdng,False,False,True,False,True,False,False,False,OCM,OCM,1,MOMToOCM,True,,,,
lre,fixed,MOM,ReqMOM,False,False,True,False,True,False,False,False,OCM,OCM,1,MOMToOCM,True,,,,
lre,fixed,MOM,ReqOCM,False,False,True,False,True,False,False,False,OCM,OCM,1,MOMToOCM,True,,,,
lre,fixed,MOM,EndTask,False,False,True,False,True,False,False,False,OCM,OCM,1,MOMToOCM,True,,,,
lre,fixed,MOM,ReqHCM,False,False,True,False,True,False,False,False,OCM,OCM,1,MOMToOCM,True,,,,
lre,fixed,MOM,tick,False,False,True,False,True,False,False,False,OCM,OCM,1,MOMToOCM,True,,,,
lre,fixed,MOM,ReqVel,False,False,True,False,True,False,False,True,OCM,OCM,1,MOMToOCM,True,,,,
lre,fixed,MOM,ReqHdng,False,False,True,False,True,False,False,True,OCM,OCM,1,MOMToOCM,True,,,,
lre,fixed,MOM,ReqMOM,False,False,True,False,True,False,False,True,OCM,OCM,1,MOMToOCM,True,,,,
lre,fixed,MOM,ReqOCM,False,False,True,False,True,False,False,True,OCM,OCM,1,MOMToOCM,True,,,,
lre,fixed,MOM,EndTask,False,False,True,False,True,False,False,True,OCM,OCM,1,MOMToOCM,True,,,,
lre,fixed,MOM,ReqHCM,False,False,True,False,True,False,False,True,OCM,OCM,1,MOMToOCM,True,,,,
lre,fixed,MOM,tick,False,False,True,False,True,False,False,True,OCM,OCM,1,MOMToOCM,True,,,,
lre,fixed,MOM,ReqVel,False,False,True,False,True,False,True,False,OCM,OCM,1,MOMToOCM,True,,,,
lre,fixed,MOM,ReqHdng,False,False,True,False,True,False,True,False,OCM,OCM,1,MOMToOCM,True,,,,
lre,fixed,MOM,ReqMOM,False,False,True,False,True,False,True,False,OCM,OCM,1,MOMToOCM,True,,,,
lre,fixed,MOM,ReqOCM,False,False,True,False,True,False,True,False,OCM,OCM,1,MOMToOCM,True,,,,
lre,fixed,MOM,EndTask,False,False,True,False,True,False,True,False,OCM,OCM,1,MOMToOCM,True,,,,
lre,fixed,MOM,ReqHCM,False,False,True,False,True,False,True,False,OCM,OCM,1,MOMToOCM,True,,,,
lre,fixed,MOM,tick,False,False,True,False,True,False,True,False,OCM,OCM,1,MOMToOCM,True,,,,
lre,fixed,MOM,ReqVel,False,False,True,False,True,False,True,True,OCM,OCM,1,MOMToOCM,True,,,,
lre,fixed,MOM,ReqHdng,False,False,True,False,True,False,True,True,OCM,OCM,1,MOMToOCM,True,,,,
lre,fixed,MOM,ReqMOM,False,False,True,False,True,False,True,True,OCM,OCM,1,MOMToOCM,True,,,,
lre,fixed,MOM,ReqOCM,False,False,True,False,True,False,True,True,OCM,OCM,1,MOMToOCM,True,,,,
lre,fixed,MOM,EndTask,False,False,True,False,True,False,True,True,OCM,OCM,1,MOMToOCM,True,,,,
lre,fixed,MOM,ReqHCM,False,False,True,False,True,False,True,True,OCM,OCM,1,MOMToOCM,True,,,,
lre,fixed,MOM,tick,False,False,True,False,True,False,True,True,OCM,OCM,1,MOMToOCM,True,,,,
lre,fixed,MOM,ReqVel,False,False,True,False,True,True,False,False,OCM,OCM,1,MOMToOCM,True,,,,
lre,fixed,MOM,ReqHdng,False,False,True,False,True,True,False,False,OCM,OCM,1,MOMToOCM,True,,,,
lre,fixed,MOM,ReqMOM,False,False,True,False,True,True,False,False,OCM,OCM,1,MOMToOCM,True,,,,
lre,fixed,MOM,ReqOCM,False,False,True,False,True,True,False,False,OCM,OCM,1,MOMToOCM,True,,,,
lre,fixed,MOM,EndTask,False,False,True,False,True,True,False,False,OCM,OCM,1,MOMToOCM,True,,,,
lre,fixed,MOM,ReqHCM,False,False,True,False,True,True,False,False,OCM,OCM,1,MOMToOCM,True,,,,
lre,fixed,MOM,tick,False,False,True,False,True,True,False,False,OCM,OCM,1,MOMToOCM,True,,,,
lre,fixed,MOM,ReqVel,False,False,True,False,True,True,False,True,OCM,OCM,1,MOMToOCM,True,,,,
lre,fixed,MOM,ReqHdng,False,False,True,False,True,True,False,True,OCM,OCM,1,MOMToOCM,True,,,,
lre,fixed,MOM,ReqMOM,False,False,True,False,True,True,False,True,OCM,OCM,1,MOMToOCM,True,,,,
lre,fixed,MOM,ReqOCM,False,False,True,False,True,True,False,True,OCM,OCM,1,MOMToOCM,True,,,,
lre,fixed,MOM,EndTask,False,False,True,False,True,True,False,True,OCM,OCM,1,MOMToOCM,True,,,,
lre,fixed,MOM,ReqHCM,False,False,True,False,True,True,False,True,OCM,OCM,1,MOMToOCM,True,,,,
lre,fixed,MOM,tick,False,False,True,False,True,True,False,True,OCM,OCM,1,MOMToOCM,True,,,,
lre,fixed,MOM,ReqVel,False,False,True,False,True,True,True,False,OCM,OCM,1,MOMToOCM,True,,,,
lre,fixed,MOM,ReqHdng,False,False,True,False,True,True,True,False,OCM,OCM,1,MOMToOCM,True,,,,
lre,fixed,MOM,ReqMOM,False,False,True,False,True,True,True,False,OCM,OCM,1,MOMToOCM,True,,,,
lre,fixed,MOM,ReqOCM,False,False,True,False,True,True,True,False,OCM,OCM,1,MOMToOCM,True,,,,
lre,fixed,MOM,EndTask,False,False,True,False,True,True,True,False,OCM,OCM,1,MOMToOCM,True,,,,
lre,fixed,MOM,ReqHCM,False,False,True,False,True,True,True,False,OCM,OCM,1,MOMToOCM,True,,,,
lre,fixed,MOM,tick,False,False,True,False,True,True,True,False,OCM,OCM,1,MOMToOCM,True,,,,
lre,fixed,MOM,ReqVel,False,False,True,False,True,True,True,True,OCM,OCM,1,MOMToOCM,True,,,,
lre,fixed,MOM,ReqHdng,False,False,True,False,True,True,True,True,OCM,OCM,1,MOMToOCM,True,,,,
lre,fixed,MOM,ReqMOM,False,False,True,False,True,True,True,True,OCM,OCM,1,MOMToOCM,True,,,,
lre,fixed,MOM,ReqOCM,False,False,True,False,True,True,True,True,OCM,OCM,1,MOMToOCM,True,,,,
lre,fixed,MOM,EndTask,False,False,True,False,True,True,True,True,OCM,OCM,1,MOMToOCM,True,,,,
lre,fixed,MOM,ReqHCM,False,False,True,False,True,True,True,True,OCM,OCM,1,MOMToOCM,True,,,,
lre,fixed,MOM,tick,False,False,True,False,True,True,True,True,OCM,OCM,1,MOMToOCM,True,,,,
lre,fixed,MOM,ReqVel,False,False,True,True,False,False,False,False,OCM,OCM,1,MOMToOCM,True,,,,
lre,fixed,MOM,ReqHdng,False,False,True,True,False,False,False,False,OCM,OCM,1,MOMToOCM,True,,,,
lre,fixed,MOM,ReqMOM,False,False,True,True,False,False,False,False,OCM,OCM,1,MOMToOCM,True,,,,
lre,fixed,MOM,ReqOCM,False,False,True,True,False,False,False,False,OCM,OCM,1,MOMToOCM,True,,,,
lre,fixed,MOM,EndTask,False,False,True,True,False,False,False,False,OCM,OCM,1,MOMToOCM,True,,,,
lre,fixed,MOM,ReqHCM,False,False,True,True,False,False,False,False,OCM,OCM,1,MOMToOCM,True,,,,
lre,fixed,MOM,tick,False,False,True,True,False,False,False,False,OCM,OCM,1,MOMToOCM,True,,,,
lre,fixed,MOM,ReqVel,False,False,True,True,False,False,False,True,OCM,OCM,1,MOMToOCM,True,,,,
lre,fixed,MOM,ReqHdng,False,False,True,True,False,False,False,True,OCM,OCM,1,MOMToOCM,True,,,,
lre,fixed,MOM,ReqMOM,False,False,True,True,False,False,False,True,OCM,OCM,1,MOMToOCM,True,,,,
lre,fixed,MOM,ReqOCM,False,False,True,True,False,False,False,True,OCM,OCM,1,MOMToOCM,True,,,,
lre,fixed,MOM,EndTask,False,False,True,True,False,False,False,True,OCM,OCM,1,MOMToOCM,True,,,,
lre,fixed,MOM,ReqHCM,False,False,True,True,False,False,False,True,OCM,OCM,1,MOMToOCM,True,,,,
lre,fixed,MOM,tick,False,False,True,True,False,False,False,True,OCM,OCM,1,MOMToOCM,True,,,,
lre,fixed,MOM,ReqVel,False,False,True,True,False,False,True,False,OCM,OCM,1,MOMToOCM,True,,,,
lre,fixed,MOM,ReqHdng,False,False,True,True,False,False,True,False,OCM,OCM,1,MOMToOCM,True,,,,
lre,fixed,MOM,ReqMOM,False,False,True,True,False,False,True,False,OCM,OCM,1,MOMToOCM,True,,,,
lre,fixed,MOM,ReqOCM,False,False,True,True,False,False,True,False,OCM,OCM,1,MOMToOCM,True,,,,
lre,fixed,MOM,EndTask,False,False,True,True,False,False,True,False,OCM,OCM,1,MOMToOCM,True,,,,
lre,fixed,MOM,ReqHCM,False,False,True,True,False,False,True,False,OCM,OCM,1,MOMToOCM,True,,,,
lre,fixed,MOM,tick,False,False,True,True,False,False,True,False,OCM,OCM,1,MOMToOCM,True,,,,
lre,fixed,MOM,ReqVel,False,False,True,True,False,False,True,True,OCM,OCM,1,MOMToOCM,True,,,,
lre,fixed,MOM,ReqHdng,False,False,True,True,False,False,True,True,OCM,OCM,1,MOMToOCM,True,,,,
lre,fixed,MOM,ReqMOM,False,False,True,True,False,False,True,True,OCM,OCM,1,MOMToOCM,True,,,,
lre,fixed,MOM,ReqOCM,False,False,True,True,False,False,True,True,OCM,OCM,1,MOMToOCM,True,,,,
lre,fixed,MOM,EndTask,False,False,True,True,False,False,True,True,OCM,OCM,1,MOMToOCM,True,,,,
lre,fixed,MOM,ReqHCM,False,False,True,True,False,False,True,True,OCM,OCM,1,MOMToOCM,True,,,,
lre,fixed,MOM,tick,False,False,True,True,False,False,True,True,OCM,OCM,1,MOMToOCM,True,,,,
lre,fixed,MOM,ReqVel,False,False,True,True,False,True,False,False,OCM,OCM,1,MOMToOCM,True,,,,
lre,fixed,MOM,ReqHdng,False,False,True,True,False,True,False,False,OCM,OCM,1,MOMToOCM,True,,,,
lre,fixed,MOM,ReqMOM,False,False,True,True,False,True,False,False,OCM,OCM,1,MOMToOCM,True,,,,
lre,fixed,MOM,ReqOCM,False,False,True,True,False,True,False,False,OCM,OCM,1,MOMToOCM,True,,,,
lre,fixed,MOM,EndTask,False,False,True,True,False,True,False,False,OCM,OCM,1,MOMToOCM,True,,,,
lre,fixed,MOM,ReqHCM,False,False,True,True,False,True,False,False,OCM,OCM,1,MOMToOCM,True,,,,
lre,fixed,MOM,tick,False,False,True,True,False,True,False,False,OCM,OCM,1,MOMToOCM,True,,,,
lre,fixed,MOM,ReqVel,False,False,True,True,False,True,False,True,OCM,OCM,1,MOMToOCM,True,,,,
lre,fixed,MOM,ReqHdng,False,False,True,True,False,True,False,True,OCM,OCM,1,MOMToOCM,True,,,,
lre,fixed,MOM,ReqMOM,False,False,True,True,False,True,False,True,OCM,OCM,1,MOMToOCM,True,,,,
lre,fixed,MOM,ReqOCM,False,False,True,True,False,True,False,True,OCM,OCM,1,MOMToOCM,True,,,,
lre,fixed,MOM,EndTask,False,False,True,True,False,True,False,True,OCM,OCM,1,MOMToOCM,True,,,,
lre,fixed,MOM,ReqHCM,False,False,True,True,False,True,False,True,OCM,OCM,1,MOMToOCM,True,,,,
lre,fixed,MOM,tick,False,False,True,True,False,True,False,True,OCM,OCM,1,MOMToOCM,True,,,,
lre,fixed,MOM,ReqVel,False,False,True,True,False,True,True,False,OCM,OCM,1,MOMToOCM,True,,,,
lre,fixed,MOM,ReqHdng,False,False,True,True,False,True,True,False,OCM,OCM,1,MOMToOCM,True,,,,
lre,fixed,MOM,ReqMOM,False,False,True,True,False,True,True,False,OCM,OCM,1,MOMToOCM,True,,,,
lre,fixed,MOM,ReqOCM,False,False,True,True,False,True,True,False,OCM,OCM,1,MOMToOCM,True,,,,
lre,fixed,MOM,EndTask,False,False,True,True,False,True,True,False,OCM,OCM,1,MOMToOCM,True,,,,
lre,fixed,MOM,ReqHCM,False,False,True,True,False,True,True,False,OCM,OCM,1,MOMToOCM,True,,,,
lre,fixed,MOM,tick,False,False,True,True,False,True,True,False,OCM,OCM,1,MOMToOCM,True,,,,
lre,fixed,MOM,ReqVel,False,False,True,True,False,True,True,True,OCM,OCM,1,MOMToOCM,True,,,,
lre,fixed,MOM,ReqHdng,False,False,True,True,False,True,True,True,OCM,OCM,1,MOMToOCM,True,,,,
lre,fixed,MOM,ReqMOM,False,False,True,True,False,True,True,True,OCM,OCM,1,MOMToOCM,True,,,,
lre,fixed,MOM,ReqOCM,False,False,True,True,False,True,True,True,OCM,OCM,1,MOMToOCM,True,,,,
lre,fixed,MOM,EndTask,False,False,True,True,False,True,True,True,OCM,OCM,1,MOMToOCM,True,,,,
lre,fixed,MOM,ReqHCM,False,False,True,True,False,True,True,True,OCM,OCM,1,MOMToOCM,True,,,,
lre,fixed,MOM,tick,False,False,True,True,False,True,True,True,OCM,OCM,1,MOMToOCM,True,,,,
lre,fixed,MOM,ReqVel,False,False,True,True,True,False,False,False,OCM,OCM,1,MOMToOCM,True,,,,
lre,fixed,MOM,ReqHdng,False,False,True,True,True,False,False,False,OCM,OCM,1,MOMToOCM,True,,,,
lre,fixed,MOM,ReqMOM,False,False,True,True,True,False,False,False,OCM,OCM,1,MOMToOCM,True,,,,
lre,fixed,MOM,ReqOCM,False,False,True,True,True,False,False,False,OCM,OCM,1,MOMToOCM,True,,,,
lre,fixed,MOM,EndTask,False,False,True,True,True,False,False,False,OCM,OCM,1,MOMToOCM,True,,,,
lre,fixed,MOM,ReqHCM,False,False,True,True,True,False,False,False,OCM,OCM,1,MOMToOCM,True,,,,
lre,fixed,MOM,tick,False,False,True,True,True,False,False,False,OCM,OCM,1,MOMToOCM,True,,,,
lre,fixed,MOM,ReqVel,False,False,True,True,True,False,False,True,OCM,OCM,1,MOMToOCM,True,,,,
lre,fixed,MOM,ReqHdng,False,False,True,True,True,False,False,True,OCM,OCM,1,MOMToOCM,True,,,,
lre,fixed,MOM,ReqMOM,False,False,True,True,True,False,False,True,OCM,OCM,1,MOMToOCM,True,,,,
lre,fixed,MOM,ReqOCM,False,False,True,True,True,False,False,True,OCM,OCM,1,MOMToOCM,True,,,,
lre,fixed,MOM,EndTask,False,False,True,True,True,False,False,True,OCM,OCM,1,MOMToOCM,True,,,,
lre,fixed,MOM,ReqHCM,False,False,True,True,True,False,False,True,OCM,OCM,1,MOMToOCM,True,,,,
lre,fixed,MOM,tick,False,False,True,True,True,False,False,True,OCM,OCM,1,MOMToOCM,True,,,,
lre,fixed,MOM,ReqVel,False,False,True,True,True,False,True,False,OCM,OCM,1,MOMToOCM,True,,,,
lre,fixed,MOM,ReqHdng,False,False,True,True,True,False,True,False,OCM,OCM,1,MOMToOCM,True,,,,
lre,fixed,MOM,ReqMOM,False,False,True,True,True,False,True,False,OCM,OCM,1,MOMToOCM,True,,,,
lre,fixed,MOM,ReqOCM,False,False,True,True,True,False,True,False,OCM,OCM,1,MOMToOCM,True,,,,
lre,fixed,MOM,EndTask,False,False,True,True,True,False,True,False,OCM,OCM,1,MOMToOCM,True,,,,
lre,fixed,MOM,ReqHCM,False,False,True,True,True,False,True,False,OCM,OCM,1,MOMToOCM,True,,,,
lre,fixed,MOM,tick,False,False,True,True,True,False,True,False,OCM,OCM,1,MOMToOCM,True,,,,
lre,fixed,MOM,ReqVel,False,False,True,True,True,False,True,True,OCM,OCM,1,MOMToOCM,True,,,,
lre,fixed,MOM,ReqHdng,False,False,True,True,True,False,True,True,OCM,OCM,1,MOMToOCM,True,,,,
lre,fixed,MOM,ReqMOM,False,False,True,True,True,False,True,True,OCM,OCM,1,MOMToOCM,True,,,,
lre,fixed,MOM,ReqOCM,False,False,True,True,True,False,True,True,OCM,OCM,1,MOMToOCM,True,,,,
lre,fixed,MOM,EndTask,False,False,True,True,True,False,True,True,OCM,OCM,1,MOMToOCM,True,,,,
lre,fixed,MOM,ReqHCM,False,False,True,True,True,False,True,True,OCM,OCM,1,MOMToOCM,True,,,,
lre,fixed,MOM,tick,False,False,True,True,True,False,True,True,OCM,OCM,1,MOMToOCM,True,,,,
lre,fixed,MOM,ReqVel,False,False,True,True,True,True,False,False,OCM,OCM,1,MOMToOCM,True,,,,
lre,fixed,MOM,ReqHdng,False,False,True,True,True,True,False,False,OCM,OCM,1,MOMToOCM,True,,,,
lre,fixed,MOM,ReqMOM,False,False,True,True,True,True,False,False,OCM,OCM,1,MOMToOCM,True,,,,
lre,fixed,MOM,ReqOCM,False,False,True,True,True,True,False,False,OCM,OCM,1,MOMToOCM,True,,,,
lre,fixed,MOM,EndTask,False,False,True,True,True,True,False,False,OCM,OCM,1,MOMToOCM,True,,,,
lre,fixed,MOM,ReqHCM,False,False,True,True,True,True,False,False,OCM,OCM,1,MOMToOCM,True,,,,
lre,fixed,MOM,tick,False,False,True,True,True,True,False,False,OCM,OCM,1,MOMToOCM,True,,,,
lre,fixed,MOM,ReqVel,False,False,True,True,True,True,False,True,OCM,OCM,1,MOMToOCM,True,,,,
lre,fixed,MOM,ReqHdng,False,False,True,True,True,True,False,True,OCM,OCM,1,MOMToOCM,True,,,,
lre,fixed,MOM,ReqMOM,False,False,True,True,True,True,False,True,OCM,OCM,1,MOMToOCM,True,,,,
lre,fixed,MOM,ReqOCM,False,False,True,True,True,True,False,True,OCM,OCM,1,MOMToOCM,True,,,,
lre,fixed,MOM,EndTask,False,False,True,True,True,True,False,True,OCM,OCM,1,MOMToOCM,True,,,,
lre,fixed,MOM,ReqHCM,False,False,True,True,True,True,False,True,OCM,OCM,1,MOMToOCM,True,,,,
lre,fixed,MOM,tick,False,False,True,True,True,True,False,True,OCM,OCM,1,MOMToOCM,True,,,,
lre,fixed,MOM,ReqVel,False,False,True,True,True,True,True,False,OCM,OCM,1,MOMToOCM,True,,,,
lre,fixed,MOM,ReqHdng,False,False,True,True,True,True,True,False,OCM,OCM,1,MOMToOCM,True,,,,
lre,fixed,MOM,ReqMOM,False,False,True,True,True,True,True,False,OCM,OCM,1,MOMToOCM,True,,,,
lre,fixed,MOM,ReqOCM,False,False,True,True,True,True,True,False,OCM,OCM,1,MOMToOCM,True,,,,
lre,fixed,MOM,EndTask,False,False,True,True,True,True,True,False,OCM,OCM,1,MOMToOCM,True,,,,
lre,fixed,MOM,ReqHCM,False,False,True,True,True,True,True,False,OCM,OCM,1,MOMToOCM,True,,,,
lre,fixed,MOM,tick,False,False,True,True,True,True,True,False,OCM,OCM,1,MOMToOCM,True,,,,
lre,fixed,MOM,ReqVel,False,False,True,True,True,True,True,True,OCM,OCM,1,MOMToOCM,True,,,,
lre,fixed,MOM,ReqHdng,False,False,True,True,True,True,True,True,OCM,OCM,1,MOMToOCM,True,,,,
lre,fixed,MOM,ReqMOM,False,False,True,True,True,True,True,True,OCM,OCM,1,MOMToOCM,True,,,,
lre,fixed,MOM,ReqOCM,False,False,True,True,True,True,True,True,OCM,OCM,1,MOMToOCM,True,,,,
lre,fixed,MOM,EndTask,False,False,True,True,True,True,True,True,OCM,OCM,1,MOMToOCM,True,,,,
lre,fixed,MOM,ReqHCM,False,False,True,True,True,True,True,True,OCM,OCM,1,MOMToOCM,True,,,,
lre,fixed,MOM,tick,False,False,True,True,True,True,True,True,OCM,OCM,1,MOMToOCM,True,,,,
lre,fixed,MOM,ReqVel,False,True,False,False,False,False,False,False,HCM,HCM,1,MOMToHCM,True,,,,
lre,fixed,MOM,ReqHdng,False,True,False,False,False,False,False,False,HCM,HCM,1,MOMToHCM,True,,,,
lre,fixed,MOM,ReqMOM,False,True,False,False,False,False,False,False,HCM,HCM,1,MOMToHCM,True,,,,
lre,fixed,MOM,ReqOCM,False,True,False,False,False,False,False,False,HCM,HCM,1,MOMToHCM,True,,,,
lre,fixed,MOM,EndTask,False,True,False,False,False,False,False,False,HCM,HCM,1,MOMToHCM,True,,,,
lre,fixed,MOM,ReqHCM,False,True,False,False,False,False,False,False,HCM,HCM,1,MOMToHCM,True,,,,
lre,fixed,MOM,tick,False,True,False,False,False,False,False,False,HCM,HCM,1,MOMToHCM,True,,,,
lre,fixed,MOM,ReqVel,False,True,False,False,False,False,False,True,HCM,HCM,1,MOMToHCM,True,,,,
lre,fixed,MOM,ReqHdng,False,True,False,False,False,False,False,True,HCM,HCM,1,MOMToHCM,True,,,,
lre,fixed,MOM,ReqMOM,False,True,False,False,False,False,False,True,HCM,HCM,1,MOMToHCM,True,,,,
lre,fixed,MOM,ReqOCM,False,True,False,False,False,False,False,True,HCM,HCM,1,MOMToHCM,True,,,,
lre,fixed,MOM,EndTask,False,True,False,False,False,False,False,True,HCM,HCM,1,MOMToHCM,True,,,,
lre,fixed,MOM,ReqHCM,False,True,False,False,False,False,False,True,HCM,HCM,1,MOMToHCM,True,,,,
lre,fixed,MOM,tick,False,True,False,False,False,False,False,True,HCM,HCM,1,MOMToHCM,True,,,,
lre,fixed,MOM,ReqVel,False,True,False,False,False,False,True,False,HCM,HCM,1,MOMToHCM,True,,,,
lre,fixed,MOM,ReqHdng,False,True,False,False,False,False,True,False,HCM,HCM,1,MOMToHCM,True,,,,
lre,fixed,MOM,ReqMOM,False,True,False,False,False,False,True,False,HCM,HCM,1,MOMToHCM,True,,,,
lre,fixed,MOM,ReqOCM,False,True,False,False,False,False,True,False,HCM,HCM,1,MOMToHCM,True,,,,
lre,fixed,MOM,EndTask,False,True,False,False,False,False,True,False,HCM,HCM,1,MOMToHCM,True,,,,
lre,fixed,MOM,ReqHCM,False,True,False,False,False,False,True,False,HCM,HCM,1,MOMToHCM,True,,,,
lre,fixed,MOM,tick,False,True,False,False,False,False,True,False,HCM,HCM,1,MOMToHCM,True,,,,
lre,fixed,MOM,ReqVel,False,True,False,False,False,False,True,True,HCM,HCM,1,MOMToHCM,True,,,,
lre,fixed,MOM,ReqHdng,False,True,False,False,False,False,True,True,HCM,HCM,1,MOMToHCM,True,,,,
lre,fixed,MOM,ReqMOM,False,True,False,False,False,False,True,True,HCM,HCM,1,MOMToHCM,True,,,,
lre,fixed,MOM,ReqOCM,False,True,False,False,False,False,True,True,HCM,HCM,1,MOMToHCM,True,,,,
lre,fixed,MOM,EndTask,False,True,False,False,False,False,True,True,HCM,HCM,1,MOMToHCM,True,,,,
lre,fixed,MOM,ReqHCM,False,True,False,False,False,False,True,True,HCM,HCM,1,MOMToHCM,True,,,,
lre,fixed,MOM,tick,False,True,False,False,False,False,True,True,HCM,HCM,1,MOMToHCM,True,,,,
lre,fixed,MOM,ReqVel,False,True,False,False,False,True,False,False,HCM,HCM,1,MOMToHCM,True,,,,
lre,fixed,MOM,ReqHdng,False,True,False,False,False,True,False,False,HCM,HCM,1,MOMToHCM,True,,,,
lre,fixed,MOM,ReqMOM,False,True,False,False,False,True,False,False,HCM,HCM,1,MOMToHCM,True,,,,
lre,fixed,MOM,ReqOCM,False,True,False,False,False,True,False,False,HCM,HCM,1,MOMToHCM,True,,,,
lre,fixed,MOM,EndTask,False,True,False,False,False,True,False,False,HCM,HCM,1,MOMToHCM,True,,,,
lre,fixed,MOM,ReqHCM,False,True,False,False,False,True,False,False,HCM,HCM,1,MOMToHCM,True,,,,
lre,fixed,MOM,tick,False,True,False,False,False,True,False,False,HCM,HCM,1,MOMToHCM,True,,,,
lre,fixed,MOM,ReqVel,False,True,False,False,False,True,False,True,HCM,HCM,1,MOMToHCM,True,,,,
lre,fixed,MOM,ReqHdng,False,True,False,False,False,True,False,True,HCM,HCM,1,MOMToHCM,True,,,,
lre,fixed,MOM,ReqMOM,False,True,False,False,False,True,False,True,HCM,HCM,1,MOMToHCM,True,,,,
lre,fixed,MOM,ReqOCM,False,True,False,False,False,True,False,True,HCM,HCM,1,MOMToHCM,True,,,,
lre,fixed,MOM,EndTask,False,True,False,False,False,True,False,True,HCM,HCM,1,MOMToHCM,True,,,,
lre,fixed,MOM,ReqHCM,False,True,False,False,False,True,False,True,HCM,HCM,1,MOMToHCM,True,,,,
lre,fixed,MOM,tick,False,True,False,False,False,True,False,True,HCM,HCM,1,MOMToHCM,True,,,,
lre,fixed,MOM,ReqVel,False,True,False,False,False,True,True,False,HCM,HCM,1,MOMToHCM,True,,,,
lre,fixed,MOM,ReqHdng,False,True,False,False,False,True,True,False,HCM,HCM,1,MOMToHCM,True,,,,
lre,fixed,MOM,ReqMOM,False,True,False,False,False,True,True,False,HCM,HCM,1,MOMToHCM,True,,,,
lre,fixed,MOM,ReqOCM,False,True,False,False,False,True,True,False,HCM,HCM,1,MOMToHCM,True,,,,
lre,fixed,MOM,EndTask,False,True,False,False,False,True,True,False,HCM,HCM,1,MOMToHCM,True,,,,
lre,fixed,MOM,ReqHCM,False,True,False,False,False,True,True,False,HCM,HCM,1,MOMToHCM,True,,,,
lre,fixed,MOM,tick,False,True,False,False,False,True,True,False,HCM,HCM,1,MOMToHCM,True,,,,
lre,fixed,MOM,ReqVel,False,True,False,False,False,True,True,True,HCM,HCM,1,MOMToHCM,True,,,,
lre,fixed,MOM,ReqHdng,False,True,False,False,False,True,True,True,HCM,HCM,1,MOMToHCM,True,,,,
lre,fixed,MOM,ReqMOM,False,True,False,False,False,True,True,True,HCM,HCM,1,MOMToHCM,True,,,,
lre,fixed,MOM,ReqOCM,False,True,False,False,False,True,True,True,HCM,HCM,1,MOMToHCM,True,,,,
lre,fixed,MOM,EndTask,False,True,False,False,False,True,True,True,HCM,HCM,1,MOMToHCM,True,,,,
lre,fixed,MOM,ReqHCM,False,True,False,False,False,True,True,True,HCM,HCM,1,MOMToHCM,True,,,,
lre,fixed,MOM,tick,False,True,False,False,False,True,True,True,HCM,HCM,1,MOMToHCM,True,,,,
lre,fixed,MOM,ReqVel,False,True,False,False,True,False,False,False,HCM,HCM,1,MOMToHCM,True,,,,
lre,fixed,MOM,ReqHdng,False,True,False,False,True,False,False,False,HCM,HCM,1,MOMToHCM,True,,,,
lre,fixed,MOM,ReqMOM,False,True,False,False,True,False,False,False,HCM,HCM,1,MOMToHCM,True,,,,
lre,fixed,MOM,ReqOCM,False,True,False,False,True,False,False,False,HCM,HCM,1,MOMToHCM,True,,,,
lre,fixed,MOM,EndTask,False,True,False,False,True,False,False,False,HCM,HCM,1,MOMToHCM,True,,,,
lre,fixed,MOM,ReqHCM,False,True,False,False,True,False,False,False,HCM,HCM,1,MOMToHCM,True,,,,
lre,fixed,MOM,tick,False,True,False,False,True,False,False,False,HCM,HCM,1,MOMToHCM,True,,,,
lre,fixed,MOM,ReqVel,False,True,False,False,True,False,False,True,HCM,HCM,1,MOMToHCM,True,,,,
lre,fixed,MOM,ReqHdng,False,True,False,False,True,False,False,True,HCM,HCM,1,MOMToHCM,True,,,,
lre,fixed,MOM,ReqMOM,False,True,False,False,True,False,False,True,HCM,HCM,1,MOMToHCM,True,,,,
lre,fixed,MOM,ReqOCM,False,True,False,False,True,False,False,True,HCM,HCM,1,MOMToHCM,True,,,,
lre,fixed,MOM,EndTask,False,True,False,False,True,False,False,True,HCM,HCM,1,MOMToHCM,True,,,,
lre,fixed,MOM,ReqHCM,False,True,False,False,True,False,False,True,HCM,HCM,1,MOMToHCM,True,,,,
lre,fixed,MOM,tick,False,True,False,False,True,False,False,True,HCM,HCM,1,MOMToHCM,True,,,,
lre,fixed,MOM,ReqVel,False,True,False,False,True,False,True,False,HCM,HCM,1,MOMToHCM,True,,,,
lre,fixed,MOM,ReqHdng,False,True,False,False,True,False,True,False,HCM,HCM,1,MOMToHCM,True,,,,
lre,fixed,MOM,ReqMOM,False,True,False,False,True,False,True,False,HCM,HCM,1,MOMToHCM,True,,,,
lre,fixed,MOM,ReqOCM,False,True,False,False,True,False,True,False,HCM,HCM,1,MOMToHCM,True,,,,
lre,fixed,MOM,EndTask,False,True,False,False,True,False,True,False,HCM,HCM,1,MOMToHCM,True,,,,
lre,fixed,MOM,ReqHCM,False,True,False,False,True,False,True,False,HCM,HCM,1,MOMToHCM,True,,,,
lre,fixed,MOM,tick,False,True,False,False,True,False,True,False,HCM,HCM,1,MOMToHCM,True,,,,
lre,fixed,MOM,ReqVel,False,True,False,False,True,False,True,True,HCM,HCM,1,MOMToHCM,True,,,,
lre,fixed,MOM,ReqHdng,False,True,False,False,True,False,True,True,HCM,HCM,1,MOMToHCM,True,,,,
lre,fixed,MOM,ReqMOM,False,True,False,False,True,False,True,True,HCM,HCM,1,MOMToHCM,True,,,,
lre,fixed,MOM,ReqOCM,False,True,False,False,True,False,True,True,HCM,HCM,1,MOMToHCM,True,,,,
lre,fixed,MOM,EndTask,False,True,False,False,True,False,True,True,HCM,HCM,1,MOMToHCM,True,,,,
lre,fixed,MOM,ReqHCM,False,True,False,False,True,False,True,True,HCM,HCM,1,MOMToHCM,True,,,,
lre,fixed,MOM,tick,False,True,False,False,True,False,True,True,HCM,HCM,1,MOMToHCM,True,,,,
lre,fixed,MOM,ReqVel,False,True,False,False,True,True,False,False,HCM,HCM,1,MOMToHCM,True,,,,
lre,fixed,MOM,ReqHdng,False,True,False,False,True,True,False,False,HCM,HCM,1,MOMToHCM,True,,,,
lre,fixed,MOM,ReqMOM,False,True,False,False,True,True,False,False,HCM,HCM,1,MOMToHCM,True,,,,
lre,fixed,MOM,ReqOCM,False,True,False,False,True,True,False,False,HCM,HCM,1,MOMToHCM,True,,,,
lre,fixed,MOM,EndTask,False,True,False,False,True,True,False,False,HCM,HCM,1,MOMToHCM,True,,,,
lre,fixed,MOM,ReqHCM,False,True,False,False,True,True,False,False,HCM,HCM,1,MOMToHCM,True,,,,
lre,fixed,MOM,tick,False,True,False,False,True,True,False,False,HCM,HCM,1,MOMToHCM,True,,,,
lre,fixed,MOM,ReqVel,False,True,False,False,True,True,False,True,HCM,HCM,1,MOMToHCM,True,,,,
lre,fixed,MOM,ReqHdng,False,True,False,False,True,True,False,True,HCM,HCM,1,MOMToHCM,True,,,,
lre,fixed,MOM,ReqMOM,False,True,False,False,True,True,False,True,HCM,HCM,1,MOMToHCM,True,,,,
lre,fixed,MOM,ReqOCM,False,True,False,False,True,True,False,True,HCM,HCM,1,MOMToHCM,True,,,,
lre,fixed,MOM,EndTask,False,True,False,False,True,True,False,True,HCM,HCM,1,MOMToHCM,True,,,,
lre,fixed,MOM,ReqHCM,False,True,False,False,True,True,False,True,HCM,HCM,1,MOMToHCM,True,,,,
lre,fixed,MOM,tick,False,True,False,False,True,True,False,True,HCM,HCM,1,MOMToHCM,True,,,,
lre,fixed,MOM,ReqVel,False,True,False,False,True,True,True,False,HCM,HCM,1,MOMToHCM,True,,,,
lre,fixed,MOM,ReqHdng,False,True,False,False,True,True,True,False,HCM,HCM,1,MOMToHCM,True,,,,
lre,fixed,MOM,ReqMOM,False,True,False,False,True,True,True,False,HCM,HCM,1,MOMToHCM,True,,,,
lre,fixed,MOM,ReqOCM,False,True,False,False,True,True,True,False,HCM,HCM,1,MOMToHCM,True,,,,
lre,fixed,MOM,EndTask,False,True,False,False,True,True,True,False,HCM,HCM,1,MOMToHCM,True,,,,
lre,fixed,MOM,ReqHCM,False,True,False,False,True,True,True,False,HCM,HCM,1,MOMToHCM,True,,,,
lre,fixed,MOM,tick,False,True,False,False,True,True,True,False,HCM,HCM,1,MOMToHCM,True,,,,
lre,fixed,MOM,ReqVel,False,True,False,False,True,True,True,True,HCM,HCM,1,MOMToHCM,True,,,,
lre,fixed,MOM,ReqHdng,False,True,False,False,True,True,True,True,HCM,HCM,1,MOMToHCM,True,,,,
lre,fixed,MOM,ReqMOM,False,True,False,False,True,True,True,True,HCM,HCM,1,MOMToHCM,True,,,,
lre,fixed,MOM,ReqOCM,False,True,False,False,True,True,True,True,HCM,HCM,1,MOMToHCM,True,,,,
lre,fixed,MOM,EndTask,False,True,False,False,True,True,True,True,HCM,HCM,1,MOMToHCM,True,,,,
lre,fixed,MOM,ReqHCM,False,True,False,False,True,True,True,True,HCM,HCM,1,MOMToHCM,True,,,,
lre,fixed,MOM,tick,False,True,False,False,True,True,True,True,HCM,HCM,1,MOMToHCM,True,,,,
lre,fixed,MOM,ReqVel,False,True,False,True,False,False,False,False,HCM,HCM,1,MOMToHCM,True,,,,
lre,fixed,MOM,ReqHdng,False,True,False,True,False,False,False,False,HCM,HCM,1,MOMToHCM,True,,,,
lre,fixed,MOM,ReqMOM,False,True,False,True,False,False,False,False,HCM,HCM,1,MOMToHCM,True,,,,
lre,fixed,MOM,ReqOCM,False,True,False,True,False,False,False,False,HCM,HCM,1,MOMToHCM,True,,,,
lre,fixed,MOM,EndTask,False,True,False,True,False,False,False,False,HCM,HCM,1,MOMToHCM,True,,,,
lre,fixed,MOM,ReqHCM,False,True,False,True,False,False,False,False,HCM,HCM,1,MOMToHCM,True,,,,
lre,fixed,MOM,tick,False,True,False,True,False,False,False,False,HCM,HCM,1,MOMToHCM,True,,,,
lre,fixed,MOM,ReqVel,False,True,False,True,False,False,False,True,HCM,HCM,1,MOMToHCM,True,,,,
lre,fixed,MOM,ReqHdng,False,True,False,True,False,False,False,True,HCM,HCM,1,MOMToHCM,True,,,,
lre,fixed,MOM,ReqMOM,False,True,False,True,False,False,False,True,HCM,HCM,1,MOMToHCM,True,,,,
lre,fixed,MOM,ReqOCM,False,True,False,True,False,False,False,True,HCM,HCM,1,MOMToHCM,True,,,,
lre,fixed,MOM,EndTask,False,True,False,True,False,False,False,True,HCM,HCM,1,MOMToHCM,True,,,,
lre,fixed,MOM,ReqHCM,False,True,False,True,False,False,False,True,HCM,HCM,1,MOMToHCM,True,,,,
lre,fixed,MOM,tick,False,True,False,True,False,False,False,True,HCM,HCM,1,MOMToHCM,True,,,,
lre,fixed,MOM,ReqVel,False,True,False,True,False,False,True,False,HCM,HCM,1,MOMToHCM,True,,,,
lre,fixed,MOM,ReqHdng,False,True,False,True,False,False,True,False,HCM,HCM,1,MOMToHCM,True,,,,
lre,fixed,MOM,ReqMOM,False,True,False,True,False,False,True,False,HCM,HCM,1,MOMToHCM,True,,,,
lre,fixed,MOM,ReqOCM,False,True,False,True,False,False,True,False,HCM,HCM,1,MOMToHCM,True,,,,
lre,fixed,MOM,EndTask,False,True,False,True,False,False,True,False,HCM,HCM,1,MOMToHCM,True,,,,
lre,fixed,MOM,ReqHCM,False,True,False,True,False,False,True,False,HCM,HCM,1,MOMToHCM,True,,,,
lre,fixed,MOM,tick,False,True,False,True,False,False,True,False,HCM,HCM,1,MOMToHCM,True,,,,
lre,fixed,MOM,ReqVel,False,True,False,True,False,False,True,True,HCM,HCM,1,MOMToHCM,True,,,,
lre,fixed,MOM,ReqHdng,False,True,False,True,False,False,True,True,HCM,HCM,1,MOMToHCM,True,,,,
lre,fixed,MOM,ReqMOM,False,True,False,True,False,False,True,True,HCM,HCM,1,MOMToHCM,True,,,,
lre,fixed,MOM,ReqOCM,False,True,False,True,False,False,True,True,HCM,HCM,1,MOMToHCM,True,,,,
lre,fixed,MOM,EndTask,False,True,False,True,False,False,True,True,HCM,HCM,1,MOMToHCM,True,,,,
lre,fixed,MOM,ReqHCM,False,True,False,True,False,False,True,True,HCM,HCM,1,MOMToHCM,True,,,,
lre,fixed,MOM,tick,False,True,False,True,False,False,True,True,HCM,HCM,1,MOMToHCM,True,,,,
lre,fixed,MOM,ReqVel,False,True,False,True,False,True,False,False,HCM,HCM,1,MOMToHCM,True,,,,
lre,fixed,MOM,ReqHdng,False,True,False,True,False,True,False,False,HCM,HCM,1,MOMToHCM,True,,,,
lre,fixed,MOM,ReqMOM,False,True,False,True,False,True,False,False,HCM,HCM,1,MOMToHCM,True,,,,
lre,fixed,MOM,ReqOCM,False,True,False,True,False,True,False,False,HCM,HCM,1,MOMToHCM,True,,,,
lre,fixed,MOM,EndTask,False,True,False,True,False,True,False,False,HCM,HCM,1,MOMToHCM,True,,,,
lre,fixed,MOM,ReqHCM,False,True,False,True,False,True,False,False,HCM,HCM,1,MOMToHCM,True,,,,
lre,fixed,MOM,tick,False,True,False,True,False,True,False,False,HCM,HCM,1,MOMToHCM,True,,,,
lre,fixed,MOM,ReqVel,False,True,False,True,False,True,False,True,HCM,HCM,1,MOMToHCM,True,,,,
lre,fixed,MOM,ReqHdng,False,True,False,True,False,True,False,True,HCM,HCM,1,MOMToHCM,True,,,,
lre,fixed,MOM,ReqMOM,False,True,False,True,False,True,False,True,HCM,HCM,1,MOMToHCM,True,,,,
lre,fixed,MOM,ReqOCM,False,True,False,True,False,True,False,True,HCM,HCM,1,MOMToHCM,True,,,,
lre,fixed,MOM,EndTask,False,True,False,True,False,True,False,True,HCM,HCM,1,MOMToHCM,True,,,,
lre,fixed,MOM,ReqHCM,False,True,False,True,False,True,False,True,HCM,HCM,1,MOMToHCM,True,,,,
lre,fixed,MOM,tick,False,True,False,True,False,True,False,True,HCM,HCM,1,MOMToHCM,True,,,,
lre,fixed,MOM,ReqVel,False,True,False,True,False,True,True,False,HCM,HCM,1,MOMToHCM,True,,,,
lre,fixed,MOM,ReqHdng,False,True,False,True,False,True,True,False,HCM,HCM,1,MOMToHCM,True,,,,
lre,fixed,MOM,ReqMOM,False,True,False,True,False,True,True,False,HCM,HCM,1,MOMToHCM,True,,,,
lre,fixed,MOM,ReqOCM,False,True,False,True,False,True,True,False,HCM,HCM,1,MOMToHCM,True,,,,
lre,fixed,MOM,EndTask,False,True,False,True,False,True,True,False,HCM,HCM,1,MOMToHCM,True,,,,
lre,fixed,MOM,ReqHCM,False,True,False,True,False,True,True,False,HCM,HCM,1,MOMToHCM,True,,,,
lre,fixed,MOM,tick,False,True,False,True,False,True,True,False,HCM,HCM,1,MOMToHCM,True,,,,
lre,fixed,MOM,ReqVel,False,True,False,True,False,True,True,True,HCM,HCM,1,MOMToHCM,True,,,,
lre,fixed,MOM,ReqHdng,False,True,False,True,False,True,True,True,HCM,HCM,1,MOMToHCM,True,,,,
lre,fixed,MOM,ReqMOM,False,True,False,True,False,True,True,True,HCM,HCM,1,MOMToHCM,True,,,,
lre,fixed,MOM,ReqOCM,False,True,False,True,False,True,True,True,HCM,HCM,1,MOMToHCM,True,,,,
lre,fixed,MOM,EndTask,False,True,False,True,False,True,True,True,HCM,HCM,1,MOMToHCM,True,,,,
lre,fixed,MOM,ReqHCM,False,True,False,True,False,True,True,True,HCM,HCM,1,MOMToHCM,True,,,,
lre,fixed,MOM,tick,False,True,False,True,False,True,True,True,HCM,HCM,1,MOMToHCM,True,,,,
lre,fixed,MOM,ReqVel,False,True,False,True,True,False,False,False,HCM,HCM,1,MOMToHCM,True,,,,
lre,fixed,MOM,ReqHdng,False,True,False,True,True,False,False,False,HCM,HCM,1,MOMToHCM,True,,,,
lre,fixed,MOM,ReqMOM,False,True,False,True,True,False,False,False,HCM,HCM,1,MOMToHCM,True,,,,
lre,fixed,MOM,ReqOCM,False,True,False,True,True,False,False,False,HCM,HCM,1,MOMToHCM,True,,,,
lre,fixed,MOM,EndTask,False,True,False,True,True,False,False,False,HCM,HCM,1,MOMToHCM,True,,,,
lre,fixed,MOM,ReqHCM,False,True,False,True,True,False,False,False,HCM,HCM,1,MOMToHCM,True,,,,
lre,fixed,MOM,tick,False,True,False,True,True,False,False,False,HCM,HCM,1,MOMToHCM,True,,,,
lre,fixed,MOM,ReqVel,False,True,False,True,True,False,False,True,HCM,HCM,1,MOMToHCM,True,,,,
lre,fixed,MOM,ReqHdng,False,True,False,True,True,False,False,True,HCM,HCM,1,MOMToHCM,True,,,,
lre,fixed,MOM,ReqMOM,False,True,False,True,True,False,False,True,HCM,HCM,1,MOMToHCM,True,,,,
lre,fixed,MOM,ReqOCM,False,True,False,True,True,False,False,True,HCM,HCM,1,MOMToHCM,True,,,,
lre,fixed,MOM,EndTask,False,True,False,True,True,False,False,True,HCM,HCM,1,MOMToHCM,True,,,,
lre,fixed,MOM,ReqHCM,False,True,False,True,True,False,False,True,HCM,HCM,1,MOMToHCM,True,,,,
lre,fixed,MOM,tick,False,True,False,True,True,False,False,True,HCM,HCM,1,MOMToHCM,True,,,,
lre,fixed,MOM,ReqVel,False,True,False,True,True,False,True,False,HCM,HCM,1,MOMToHCM,True,,,,
lre,fixed,MOM,ReqHdng,False,True,False,True,True,False,True,False,HCM,HCM,1,MOMToHCM,True,,,,
lre,fixed,MOM,ReqMOM,False,True,False,True,True,False,True,False,HCM,HCM,1,MOMToHCM,True,,,,
lre,fixed,MOM,ReqOCM,False,True,False,True,True,False,True,False,HCM,HCM,1,MOMToHCM,True,,,,
lre,fixed,MOM,EndTask,False,True,False,True,True,False,True,False,HCM,HCM,1,MOMToHCM,True,,,,
lre,fixed,MOM,ReqHCM,False,True,False,True,True,False,True,False,HCM,HCM,1,MOMToHCM,True,,,,
lre,fixed,MOM,tick,False,True,False,True,True,False,True,False,HCM,HCM,1,MOMToHCM,True,,,,
lre,fixed,MOM,ReqVel,False,True,False,True,True,False,True,True,HCM,HCM,1,MOMToHCM,True,,,,
lre,fixed,MOM,ReqHdng,False,True,False,True,True,False,True,True,HCM,HCM,1,MOMToHCM,True,,,,
lre,fixed,MOM,ReqMOM,False,True,False,True,True,False,True,True,HCM,HCM,1,MOMToHCM,True,,,,
lre,fixed,MOM,ReqOCM,False,True,False,True,True,False,True,True,HCM,HCM,1,MOMToHCM,True,,,,
lre,fixed,MOM,EndTask,False,True,False,True,True,False,True,True,HCM,HCM,1,MOMToHCM,True,,,,
lre,fixed,MOM,ReqHCM,False,True,False,True,True,False,True,True,HCM,HCM,1,MOMToHCM,True,,,,
lre,fixed,MOM,tick,False,True,False,True,True,False,True,True,HCM,HCM,1,MOMToHCM,True,,,,
lre,fixed,MOM,ReqVel,False,True,False,True,True,True,False,False,HCM,HCM,1,MOMToHCM,True,,,,
lre,fixed,MOM,ReqHdng,False,True,False,True,True,True,False,False,HCM,HCM,1,MOMToHCM,True,,,,
lre,fixed,MOM,ReqMOM,False,True,False,True,True,True,False,False,HCM,HCM,1,MOMToHCM,True,,,,
lre,fixed,MOM,ReqOCM,False,True,False,True,True,True,False,False,HCM,HCM,1,MOMToHCM,True,,,,
lre,fixed,MOM,EndTask,False,True,False,True,True,True,False,False,HCM,HCM,1,MOMToHCM,True,,,,
lre,fixed,MOM,ReqHCM,False,True,False,True,True,True,False,False,HCM,HCM,1,MOMToHCM,True,,,,
lre,fixed,MOM,tick,False,True,False,True,True,True,False,False,HCM,HCM,1,MOMToHCM,True,,,,
lre,fixed,MOM,ReqVel,False,True,False,True,True,True,False,True,HCM,HCM,1,MOMToHCM,True,,,,
lre,fixed,MOM,ReqHdng,False,True,False,True,True,True,False,True,HCM,HCM,1,MOMToHCM,True,,,,
lre,fixed,MOM,ReqMOM,False,True,False,True,True,True,False,True,HCM,HCM,1,MOMToHCM,True,,,,
lre,fixed,MOM,ReqOCM,False,True,False,True,True,True,False,True,HCM,HCM,1,MOMToHCM,True,,,,
lre,fixed,MOM,EndTask,False,True,False,True,True,True,False,True,HCM,HCM,1,MOMToHCM,True,,,,
lre,fixed,MOM,ReqHCM,False,True,False,True,True,True,False,True,HCM,HCM,1,MOMToHCM,True,,,,
lre,fixed,MOM,tick,False,True,False,True,True,True,False,True,HCM,HCM,1,MOMToHCM,True,,,,
lre,fixed,MOM,ReqVel,False,True,False,True,True,True,True,False,HCM,HCM,1,MOMToHCM,True,,,,
lre,fixed,MOM,ReqHdng,False,True,False,True,True,True,True,False,HCM,HCM,1,MOMToHCM,True,,,,
lre,fixed,MOM,ReqMOM,False,True,False,True,True,True,True,False,HCM,HCM,1,MOMToHCM,True,,,,
lre,fixed,MOM,ReqOCM,False,True,False,True,True,True,True,False,HCM,HCM,1,MOMToHCM,True,,,,
lre,fixed,MOM,EndTask,False,True,False,True,True,True,True,False,HCM,HCM,1,MOMToHCM,True,,,,
lre,fixed,MOM,ReqHCM,False,True,False,True,True,True,True,False,HCM,HCM,1,MOMToHCM,True,,,,
lre,fixed,MOM,tick,False,True,False,True,True,True,True,False,HCM,HCM,1,MOMToHCM,True,,,,
lre,fixed,MOM,ReqVel,False,True,False,True,True,True,True,True,HCM,HCM,1,MOMToHCM,True,,,,
lre,fixed,MOM,ReqHdng,False,True,False,True,True,True,True,True,HCM,HCM,1,MOMToHCM,True,,,,
lre,fixed,MOM,ReqMOM,False,True,False,True,True,True,True,True,HCM,HCM,1,MOMToHCM,True,,,,
lre,fixed,MOM,ReqOCM,False,True,False,True,True,True,True,True,HCM,HCM,1,MOMToHCM,True,,,,
lre,fixed,MOM,EndTask,False,True,False,True,True,True,True,True,HCM,HCM,1,MOMToHCM,True,,,,
lre,fixed,MOM,ReqHCM,False,True,False,True,True,True,True,True,HCM,HCM,1,MOMToHCM,True,,,,
lre,fixed,MOM,tick,False,True,False,True,True,True,True,True,HCM,HCM,1,MOMToHCM,True,,,,
lre,fixed,MOM,ReqVel,False,True,True,False,False,False,False,False,HCM,HCM,1,MOMToHCM,True,,,,
lre,fixed,MOM,ReqHdng,False,True,True,False,False,False,False,False,HCM,HCM,1,MOMToHCM,True,,,,
lre,fixed,MOM,ReqMOM,False,True,True,False,False,False,False,False,HCM,HCM,1,MOMToHCM,True,,,,
lre,fixed,MOM,ReqOCM,False,True,True,False,False,False,False,False,HCM,HCM,1,MOMToHCM,True,,,,
lre,fixed,MOM,EndTask,False,True,True,False,False,False,False,False,HCM,HCM,1,MOMToHCM,True,,,,
lre,fixed,MOM,ReqHCM,False,True,True,False,False,False,False,False,HCM,HCM,1,MOMToHCM,True,,,,
lre,fixed,MOM,tick,False,True,True,False,False,False,False,False,HCM,HCM,1,MOMToHCM,True,,,,
lre,fixed,MOM,ReqVel,False,True,True,False,False,False,False,True,HCM,HCM,1,MOMToHCM,True,,,,
lre,fixed,MOM,ReqHdng,False,True,True,False,False,False,False,True,HCM,HCM,1,MOMToHCM,True,,,,
lre,fixed,MOM,ReqMOM,False,True,True,False,False,False,False,True,HCM,HCM,1,MOMToHCM,True,,,,
lre,fixed,MOM,ReqOCM,False,True,True,False,False,False,False,True,HCM,HCM,1,MOMToHCM,True,,,,
lre,fixed,MOM,EndTask,False,True,True,False,False,False,False,True,HCM,HCM,1,MOMToHCM,True,,,,
lre,fixed,MOM,ReqHCM,False,True,True,False,False,False,False,True,HCM,HCM,1,MOMToHCM,True,,,,
lre,fixed,MOM,tick,False,True,True,False,False,False,False,True,HCM,HCM,1,MOMToHCM,True,,,,
lre,fixed,MOM,ReqVel,False,True,True,False,False,False,True,False,HCM,HCM,1,MOMToHCM,True,,,,
lre,fixed,MOM,ReqHdng,False,True,True,False,False,False,True,False,HCM,HCM,1,MOMToHCM,True,,,,
lre,fixed,MOM,ReqMOM,False,True,True,False,False,False,True,False,HCM,HCM,1,MOMToHCM,True,,,,
lre,fixed,MOM,ReqOCM,False,True,True,False,False,False,True,False,HCM,HCM,1,MOMToHCM,True,,,,
lre,fixed,MOM,EndTask,False,True,True,False,False,False,True,False,HCM,HCM,1,MOMToHCM,True,,,,
lre,fixed,MOM,ReqHCM,False,True,True,False,False,False,True,False,HCM,HCM,1,MOMToHCM,True,,,,
lre,fixed,MOM,tick,False,True,True,False,False,False,True,False,HCM,HCM,1,MOMToHCM,True,,,,
lre,fixed,MOM,ReqVel,False,True,True,False,False,False,True,True,HCM,HCM,1,MOMToHCM,True,,,,
lre,fixed,MOM,ReqHdng,False,True,True,False,False,False,True,True,HCM,HCM,1,MOMToHCM,True,,,,
lre,fixed,MOM,ReqMOM,False,True,True,False,False,False,True,True,HCM,HCM,1,MOMToHCM,True,,,,
lre,fixed,MOM,ReqOCM,False,True,True,False,False,False,True,True,HCM,HCM,1,MOMToHCM,True,,,,
lre,fixed,MOM,EndTask,False,True,True,False,False,False,True,True,HCM,HCM,1,MOMToHCM,True,,,,
lre,fixed,MOM,ReqHCM,False,True,True,False,False,False,True,True,HCM,HCM,1,MOMToHCM,True,,,,
lre,fixed,MOM,tick,False,True,True,False,False,False,True,True,HCM,HCM,1,MOMToHCM,True,,,,
lre,fixed,MOM,ReqVel,False,True,True,False,False,True,False,False,HCM,HCM,1,MOMToHCM,True,,,,
lre,fixed,MOM,ReqHdng,False,True,True,False,False,True,False,False,HCM,HCM,1,MOMToHCM,True,,,,
lre,fixed,MOM,ReqMOM,False,True,True,False,False,True,False,False,HCM,HCM,1,MOMToHCM,True,,,,
lre,fixed,MOM,ReqOCM,False,True,True,False,False,True,False,False,HCM,HCM,1,MOMToHCM,True,,,,
lre,fixed,MOM,EndTask,False,True,True,False,False,True,False,False,HCM,HCM,1,MOMToHCM,True,,,,
lre,fixed,MOM,ReqHCM,False,True,True,False,False,True,False,False,HCM,HCM,1,MOMToHCM,True,,,,
lre,fixed,MOM,tick,False,True,True,False,False,True,False,False,HCM,HCM,1,MOMToHCM,True,,,,
lre,fixed,MOM,ReqVel,False,True,True,False,False,True,False,True,HCM,HCM,1,MOMToHCM,True,,,,
lre,fixed,MOM,ReqHdng,False,True,True,False,False,True,False,True,HCM,HCM,1,MOMToHCM,True,,,,
lre,fixed,MOM,ReqMOM,False,True,True,False,False,True,False,True,HCM,HCM,1,MOMToHCM,True,,,,
lre,fixed,MOM,ReqOCM,False,True,True,False,False,True,False,True,HCM,HCM,1,MOMToHCM,True,,,,
lre,fixed,MOM,EndTask,False,True,True,False,False,True,False,True,HCM,HCM,1,MOMToHCM,True,,,,
lre,fixed,MOM,ReqHCM,False,True,True,False,False,True,False,True,HCM,HCM,1,MOMToHCM,True,,,,
lre,fixed,MOM,tick,False,True,True,False,False,True,False,True,HCM,HCM,1,MOMToHCM,True,,,,
lre,fixed,MOM,ReqVel,False,True,True,False,False,True,True,False,HCM,HCM,1,MOMToHCM,True,,,,
lre,fixed,MOM,ReqHdng,False,True,True,False,False,True,True,False,HCM,HCM,1,MOMToHCM,True,,,,
lre,fixed,MOM,ReqMOM,False,True,True,False,False,True,True,False,HCM,HCM,1,MOMToHCM,True,,,,
lre,fixed,MOM,ReqOCM,False,True,True,False,False,True,True,False,HCM,HCM,1,MOMToHCM,True,,,,
lre,fixed,MOM,EndTask,False,True,True,False,False,True,True,False,HCM,HCM,1,MOMToHCM,True,,,,
lre,fixed,MOM,ReqHCM,False,True,True,False,False,True,True,False,HCM,HCM,1,MOMToHCM,True,,,,
lre,fixed,MOM,tick,False,True,True,False,False,True,True,False,HCM,HCM,1,MOMToHCM,True,,,,
lre,fixed,MOM,ReqVel,False,True,True,False,False,True,True,True,HCM,HCM,1,MOMToHCM,True,,,,
lre,fixed,MOM,ReqHdng,False,True,True,False,False,True,True,True,HCM,HCM,1,MOMToHCM,True,,,,
lre,fixed,MOM,ReqMOM,False,True,True,False,False,True,True,True,HCM,HCM,1,MOMToHCM,True,,,,
lre,fixed,MOM,ReqOCM,False,True,True,False,False,True,True,True,HCM,HCM,1,MOMToHCM,True,,,,
lre,fixed,MOM,EndTask,False,True,True,False,False,True,True,True,HCM,HCM,1,MOMToHCM,True,,,,
lre,fixed,MOM,ReqHCM,False,True,True,False,False,True,True,True,HCM,HCM,1,MOMToHCM,True,,,,
lre,fixed,MOM,tick,False,True,True,False,False,True,True,True,HCM,HCM,1,MOMToHCM,True,,,,
lre,fixed,MOM,ReqVel,False,True,True,False,True,False,False,False,HCM,HCM,1,MOMToHCM,True,,,,
lre,fixed,MOM,ReqHdng,False,True,True,False,True,False,False,False,HCM,HCM,1,MOMToHCM,True,,,,
lre,fixed,MOM,ReqMOM,False,True,True,False,True,False,False,False,HCM,HCM,1,MOMToHCM,True,,,,
lre,fixed,MOM,ReqOCM,False,True,True,False,True,False,False,False,HCM,HCM,1,MOMToHCM,True,,,,
lre,fixed,MOM,EndTask,False,True,True,False,True,False,False,False,HCM,HCM,1,MOMToHCM,True,,,,
lre,fixed,MOM,ReqHCM,False,True,True,False,True,False,False,False,HCM,HCM,1,MOMToHCM,True,,,,
lre,fixed,MOM,tick,False,True,True,False,True,False,False,False,HCM,HCM,1,MOMToHCM,True,,,,
lre,fixed,MOM,ReqVel,False,True,True,False,True,False,False,True,HCM,HCM,1,MOMToHCM,True,,,,
lre,fixed,MOM,ReqHdng,False,True,True,False,True,False,False,True,HCM,HCM,1,MOMToHCM,True,,,,
lre,fixed,MOM,ReqMOM,False,True,True,False,True,False,False,True,HCM,HCM,1,MOMToHCM,True,,,,
lre,fixed,MOM,ReqOCM,False,True,True,False,True,False,False,True,HCM,HCM,1,MOMToHCM,True,,,,
lre,fixed,MOM,EndTask,False,True,True,False,True,False,False,True,HCM,HCM,1,MOMToHCM,True,,,,
lre,fixed,MOM,ReqHCM,False,True,True,False,True,False,False,True,HCM,HCM,1,MOMToHCM,True,,,,
lre,fixed,MOM,tick,False,True,True,False,True,False,False,True,HCM,HCM,1,MOMToHCM,True,,,,
lre,fixed,MOM,ReqVel,False,True,True,False,True,False,True,False,HCM,HCM,1,MOMToHCM,True,,,,
lre,fixed,MOM,ReqHdng,False,True,True,False,True,False,True,False,HCM,HCM,1,MOMToHCM,True,,,,
lre,fixed,MOM,ReqMOM,False,True,True,False,True,False,True,False,HCM,HCM,1,MOMToHCM,True,,,,
lre,fixed,MOM,ReqOCM,False,True,True,False,True,False,True,False,HCM,HCM,1,MOMToHCM,True,,,,
lre,fixed,MOM,EndTask,False,True,True,False,True,False,True,False,HCM,HCM,1,MOMToHCM,True,,,,
lre,fixed,MOM,ReqHCM,False,True,True,False,True,False,True,False,HCM,HCM,1,MOMToHCM,True,,,,
lre,fixed,MOM,tick,False,True,True,False,True,False,True,False,HCM,HCM,1,MOMToHCM,True,,,,
lre,fixed,MOM,ReqVel,False,True,True,False,True,False,True,True,HCM,HCM,1,MOMToHCM,True,,,,
lre,fixed,MOM,ReqHdng,False,True,True,False,True,False,True,True,HCM,HCM,1,MOMToHCM,True,,,,
lre,fixed,MOM,ReqMOM,False,True,True,False,True,False,True,True,HCM,HCM,1,MOMToHCM,True,,,,
lre,fixed,MOM,ReqOCM,False,True,True,False,True,False,True,True,HCM,HCM,1,MOMToHCM,True,,,,
lre,fixed,MOM,EndTask,False,True,True,False,True,False,True,True,HCM,HCM,1,MOMToHCM,True,,,,
lre,fixed,MOM,ReqHCM,False,True,True,False,True,False,True,True,HCM,HCM,1,MOMToHCM,True,,,,
lre,fixed,MOM,tick,False,True,True,False,True,False,True,True,HCM,HCM,1,MOMToHCM,True,,,,
lre,fixed,MOM,ReqVel,False,True,True,False,True,True,False,False,HCM,HCM,1,MOMToHCM,True,,,,
lre,fixed,MOM,ReqHdng,False,True,True,False,True,True,False,False,HCM,HCM,1,MOMToHCM,True,,,,
lre,fixed,MOM,ReqMOM,False,True,True,False,True,True,False,False,HCM,HCM,1,MOMToHCM,True,,,,
lre,fixed,MOM,ReqOCM,False,True,True,False,True,True,False,False,HCM,HCM,1,MOMToHCM,True,,,,
lre,fixed,MOM,EndTask,False,True,True,False,True,True,False,False,HCM,HCM,1,MOMToHCM,True,,,,
lre,fixed,MOM,ReqHCM,False,True,True,False,True,True,False,False,HCM,HCM,1,MOMToHCM,True,,,,
lre,fixed,MOM,tick,False,True,True,False,True,True,False,False,HCM,HCM,1,MOMToHCM,True,,,,
lre,fixed,MOM,ReqVel,False,True,True,False,True,True,False,True,HCM,HCM,1,MOMToHCM,True,,,,
lre,fixed,MOM,ReqHdng,False,True,True,False,True,True,False,True,HCM,HCM,1,MOMToHCM,True,,,,
lre,fixed,MOM,ReqMOM,False,True,True,False,True,True,False,True,HCM,HCM,1,MOMToHCM,True,,,,
lre,fixed,MOM,ReqOCM,False,True,True,False,True,True,False,True,HCM,HCM,1,MOMToHCM,True,,,,
lre,fixed,MOM,EndTask,False,True,True,False,True,True,False,True,HCM,HCM,1,MOMToHCM,True,,,,
lre,fixed,MOM,ReqHCM,False,True,True,False,True,True,False,True,HCM,HCM,1,MOMToHCM,True,,,,
lre,fixed,MOM,tick,False,True,True,False,True,True,False,True,HCM,HCM,1,MOMToHCM,True,,,,
lre,fixed,MOM,ReqVel,False,True,True,False,True,True,True,False,HCM,HCM,1,MOMToHCM,True,,,,
lre,fixed,MOM,ReqHdng,False,True,True,False,True,True,True,False,HCM,HCM,1,MOMToHCM,True,,,,
lre,fixed,MOM,ReqMOM,False,True,True,False,True,True,True,False,HCM,HCM,1,MOMToHCM,True,,,,
lre,fixed,MOM,ReqOCM,False,True,True,False,True,True,True,False,HCM,HCM,1,MOMToHCM,True,,,,
lre,fixed,MOM,EndTask,False,True,True,False,True,True,True,False,HCM,HCM,1,MOMToHCM,True,,,,
lre,fixed,MOM,ReqHCM,False,True,True,False,True,True,True,False,HCM,HCM,1,MOMToHCM,True,,,,
lre,fixed,MOM,tick,False,True,True,False,True,True,True,False,HCM,HCM,1,MOMToHCM,True,,,,
lre,fixed,MOM,ReqVel,False,True,True,False,True,True,True,True,HCM,HCM,1,MOMToHCM,True,,,,
lre,fixed,MOM,ReqHdng,False,True,True,False,True,True,True,True,HCM,HCM,1,MOMToHCM,True,,,,
lre,fixed,MOM,ReqMOM,False,True,True,False,True,True,True,True,HCM,HCM,1,MOMToHCM,True,,,,
lre,fixed,MOM,ReqOCM,False,True,True,False,True,True,True,True,HCM,HCM,1,MOMToHCM,True,,,,
lre,fixed,MOM,EndTask,False,True,True,False,True,True,True,True,HCM,HCM,1,MOMToHCM,True,,,,
lre,fixed,MOM,ReqHCM,False,True,True,False,True,True,True,True,HCM,HCM,1,MOMToHCM,True,,,,
lre,fixed,MOM,tick,False,True,True,False,True,True,True,True,HCM,HCM,1,MOMToHCM,True,,,,
lre,fixed,MOM,ReqVel,False,True,True,True,False,False,False,False,HCM,HCM,1,MOMToHCM,True,,,,
lre,fixed,MOM,ReqHdng,False,True,True,True,False,False,False,False,HCM,HCM,1,MOMToHCM,True,,,,
lre,fixed,MOM,ReqMOM,False,True,True,True,False,False,False,False,HCM,HCM,1,MOMToHCM,True,,,,
lre,fixed,MOM,ReqOCM,False,True,True,True,False,False,False,False,HCM,HCM,1,MOMToHCM,True,,,,
lre,fixed,MOM,EndTask,False,True,True,True,False,False,False,False,HCM,HCM,1,MOMToHCM,True,,,,
lre,fixed,MOM,ReqHCM,False,True,True,True,False,False,False,False,HCM,HCM,1,MOMToHCM,True,,,,
lre,fixed,MOM,tick,False,True,True,True,False,False,False,False,HCM,HCM,1,MOMToHCM,True,,,,
lre,fixed,MOM,ReqVel,False,True,True,True,False,False,False,True,HCM,HCM,1,MOMToHCM,True,,,,
lre,fixed,MOM,ReqHdng,False,True,True,True,False,False,False,True,HCM,HCM,1,MOMToHCM,True,,,,
lre,fixed,MOM,ReqMOM,False,True,True,True,False,False,False,True,HCM,HCM,1,MOMToHCM,True,,,,
lre,fixed,MOM,ReqOCM,False,True,True,True,False,False,False,True,HCM,HCM,1,MOMToHCM,True,,,,
lre,fixed,MOM,EndTask,False,True,True,True,False,False,False,True,HCM,HCM,1,MOMToHCM,True,,,,
lre,fixed,MOM,ReqHCM,False,True,True,True,False,False,False,True,HCM,HCM,1,MOMToHCM,True,,,,
lre,fixed,MOM,tick,False,True,True,True,False,False,False,True,HCM,HCM,1,MOMToHCM,True,,,,
lre,fixed,MOM,ReqVel,False,True,True,True,False,False,True,False,HCM,HCM,1,MOMToHCM,True,,,,
lre,fixed,MOM,ReqHdng,False,True,True,True,False,False,True,False,HCM,HCM,1,MOMToHCM,True,,,,
lre,fixed,MOM,ReqMOM,False,True,True,True,False,False,True,False,HCM,HCM,1,MOMToHCM,True,,,,
lre,fixed,MOM,ReqOCM,False,True,True,True,False,False,True,False,HCM,HCM,1,MOMToHCM,True,,,,
lre,fixed,MOM,EndTask,False,True,True,True,False,False,True,False,HCM,HCM,1,MOMToHCM,True,,,,
lre,fixed,MOM,ReqHCM,False,True,True,True,False,False,True,False,HCM,HCM,1,MOMToHCM,True,,,,
lre,fixed,MOM,tick,False,True,True,True,False,False,True,False,HCM,HCM,1,MOMToHCM,True,,,,
lre,fixed,MOM,ReqVel,False,True,True,True,False,False,True,True,HCM,HCM,1,MOMToHCM,True,,,,
lre,fixed,MOM,ReqHdng,False,True,True,True,False,False,True,True,HCM,HCM,1,MOMToHCM,True,,,,
lre,fixed,MOM,ReqMOM,False,True,True,True,False,False,True,True,HCM,HCM,1,MOMToHCM,True,,,,
lre,fixed,MOM,ReqOCM,False,True,True,True,False,False,True,True,HCM,HCM,1,MOMToHCM,True,,,,
lre,fixed,MOM,EndTask,False,True,True,True,False,False,True,True,HCM,HCM,1,MOMToHCM,True,,,,
lre,fixed,MOM,ReqHCM,False,True,True,True,False,False,True,True,HCM,HCM,1,MOMToHCM,True,,,,
lre,fixed,MOM,tick,False,True,True,True,False,False,True,True,HCM,HCM,1,MOMToHCM,True,,,,
lre,fixed,MOM,ReqVel,False,True,True,True,False,True,False,False,HCM,HCM,1,MOMToHCM,True,,,,
lre,fixed,MOM,ReqHdng,False,True,True,True,False,True,False,False,HCM,HCM,1,MOMToHCM,True,,,,
lre,fixed,MOM,ReqMOM,False,True,True,True,False,True,False,False,HCM,HCM,1,MOMToHCM,True,,,,
lre,fixed,MOM,ReqOCM,False,True,True,True,False,True,False,False,HCM,HCM,1,MOMToHCM,True,,,,
lre,fixed,MOM,EndTask,False,True,True,True,False,True,False,False,HCM,HCM,1,MOMToHCM,True,,,,
lre,fixed,MOM,ReqHCM,False,True,True,True,False,True,False,False,HCM,HCM,1,MOMToHCM,True,,,,
lre,fixed,MOM,tick,False,True,True,True,False,True,False,False,HCM,HCM,1,MOMToHCM,True,,,,
lre,fixed,MOM,ReqVel,False,True,True,True,False,True,False,True,HCM,HCM,1,MOMToHCM,True,,,,
lre,fixed,MOM,ReqHdng,False,True,True,True,False,True,False,True,HCM,HCM,1,MOMToHCM,True,,,,
lre,fixed,MOM,ReqMOM,False,True,True,True,False,True,False,True,HCM,HCM,1,MOMToHCM,True,,,,
lre,fixed,MOM,ReqOCM,False,True,True,True,False,True,False,True,HCM,HCM,1,MOMToHCM,True,,,,
lre,fixed,MOM,EndTask,False,True,True,True,False,True,False,True,HCM,HCM,1,MOMToHCM,True,,,,
lre,fixed,MOM,ReqHCM,False,True,True,True,False,True,False,True,HCM,HCM,1,MOMToHCM,True,,,,
lre,fixed,MOM,tick,False,True,True,True,False,True,False,True,HCM,HCM,1,MOMToHCM,True,,,,
lre,fixed,MOM,ReqVel,False,True,True,True,False,True,True,False,HCM,HCM,1,MOMToHCM,True,,,,
lre,fixed,MOM,ReqHdng,False,True,True,True,False,True,True,False,HCM,HCM,1,MOMToHCM,True,,,,
lre,fixed,MOM,ReqMOM,False,True,True,True,False,True,True,False,HCM,HCM,1,MOMToHCM,True,,,,
lre,fixed,MOM,ReqOCM,False,True,True,True,False,True,True,False,HCM,HCM,1,MOMToHCM,True,,,,
lre,fixed,MOM,EndTask,False,True,True,True,False,True,True,False,HCM,HCM,1,MOMToHCM,True,,,,
lre,fixed,MOM,ReqHCM,False,True,True,True,False,True,True,False,HCM,HCM,1,MOMToHCM,True,,,,
lre,fixed,MOM,tick,False,True,True,True,False,True,True,False,HCM,HCM,1,MOMToHCM,True,,,,
lre,fixed,MOM,ReqVel,False,True,True,True,False,True,True,True,HCM,HCM,1,MOMToHCM,True,,,,
lre,fixed,MOM,ReqHdng,False,True,True,True,False,True,True,True,HCM,HCM,1,MOMToHCM,True,,,,
lre,fixed,MOM,ReqMOM,False,True,True,True,False,True,True,True,HCM,HCM,1,MOMToHCM,True,,,,
lre,fixed,MOM,ReqOCM,False,True,True,True,False,True,True,True,HCM,HCM,1,MOMToHCM,True,,,,
lre,fixed,MOM,EndTask,False,True,True,True,False,True,True,True,HCM,HCM,1,MOMToHCM,True,,,,
lre,fixed,MOM,ReqHCM,False,True,True,True,False,True,True,True,HCM,HCM,1,MOMToHCM,True,,,,
lre,fixed,MOM,tick,False,True,True,True,False,True,True,True,HCM,HCM,1,MOMToHCM,True,,,,
lre,fixed,MOM,ReqVel,False,True,True,True,True,False,False,False,HCM,HCM,1,MOMToHCM,True,,,,
lre,fixed,MOM,ReqHdng,False,True,True,True,True,False,False,False,HCM,HCM,1,MOMToHCM,True,,,,
lre,fixed,MOM,ReqMOM,False,True,True,True,True,False,False,False,HCM,HCM,1,MOMToHCM,True,,,,
lre,fixed,MOM,ReqOCM,False,True,True,True,True,False,False,False,HCM,HCM,1,MOMToHCM,True,,,,
lre,fixed,MOM,EndTask,False,True,True,True,True,False,False,False,HCM,HCM,1,MOMToHCM,True,,,,
lre,fixed,MOM,ReqHCM,False,True,True,True,True,False,False,False,HCM,HCM,1,MOMToHCM,True,,,,
lre,fixed,MOM,tick,False,True,True,True,True,False,False,False,HCM,HCM,1,MOMToHCM,True,,,,
lre,fixed,MOM,ReqVel,False,True,True,True,True,False,False,True,HCM,HCM,1,MOMToHCM,True,,,,
lre,fixed,MOM,ReqHdng,False,True,True,True,True,False,False,True,HCM,HCM,1,MOMToHCM,True,,,,
lre,fixed,MOM,ReqMOM,False,True,True,True,True,False,False,True,HCM,HCM,1,MOMToHCM,True,,,,
lre,fixed,MOM,ReqOCM,False,True,True,True,True,False,False,True,HCM,HCM,1,MOMToHCM,True,,,,
lre,fixed,MOM,EndTask,False,True,True,True,True,False,False,True,HCM,HCM,1,MOMToHCM,True,,,,
lre,fixed,MOM,ReqHCM,False,True,True,True,True,False,False,True,HCM,HCM,1,MOMToHCM,True,,,,
lre,fixed,MOM,tick,False,True,True,True,True,False,False,True,HCM,HCM,1,MOMToHCM,True,,,,
lre,fixed,MOM,ReqVel,False,True,True,True,True,False,True,False,HCM,HCM,1,MOMToHCM,True,,,,
lre,fixed,MOM,ReqHdng,False,True,True,True,True,False,True,False,HCM,HCM,1,MOMToHCM,True,,,,
lre,fixed,MOM,ReqMOM,False,True,True,True,True,False,True,False,HCM,HCM,1,MOMToHCM,True,,,,
lre,fixed,MOM,ReqOCM,False,True,True,True,True,False,True,False,HCM,HCM,1,MOMToHCM,True,,,,
lre,fixed,MOM,EndTask,False,True,True,True,True,False,True,False,HCM,HCM,1,MOMToHCM,True,,,,
lre,fixed,MOM,ReqHCM,False,True,True,True,True,False,True,False,HCM,HCM,1,MOMToHCM,True,,,,
lre,fixed,MOM,tick,False,True,True,True,True,False,True,False,HCM,HCM,1,MOMToHCM,True,,,,
lre,fixed,MOM,ReqVel,False,True,True,True,True,False,True,True,HCM,HCM,1,MOMToHCM,True,,,,
lre,fixed,MOM,ReqHdng,False,True,True,True,True,False,True,True,HCM,HCM,1,MOMToHCM,True,,,,
lre,fixed,MOM,ReqMOM,False,True,True,True,True,False,True,True,HCM,HCM,1,MOMToHCM,True,,,,
lre,fixed,MOM,ReqOCM,False,True,True,True,True,False,True,True,HCM,HCM,1,MOMToHCM,True,,,,
lre,fixed,MOM,EndTask,False,True,True,True,True,False,True,True,HCM,HCM,1,MOMToHCM,True,,,,
lre,fixed,MOM,ReqHCM,False,True,True,True,True,False,True,True,HCM,HCM,1,MOMToHCM,True,,,,
lre,fixed,MOM,tick,False,True,True,True,True,False,True,True,HCM,HCM,1,MOMToHCM,True,,,,
lre,fixed,MOM,ReqVel,False,True,True,True,True,True,False,False,HCM,HCM,1,MOMToHCM,True,,,,
lre,fixed,MOM,ReqHdng,False,True,True,True,True,True,False,False,HCM,HCM,1,MOMToHCM,True,,,,
lre,fixed,MOM,ReqMOM,False,True,True,True,True,True,False,False,HCM,HCM,1,MOMToHCM,True,,,,
lre,fixed,MOM,ReqOCM,False,True,True,True,True,True,False,False,HCM,HCM,1,MOMToHCM,True,,,,
lre,fixed,MOM,EndTask,False,True,True,True,True,True,False,False,HCM,HCM,1,MOMToHCM,True,,,,
lre,fixed,MOM,ReqHCM,False,True,True,True,True,True,False,False,HCM,HCM,1,MOMToHCM,True,,,,
lre,fixed,MOM,tick,False,True,True,True,True,True,False,False,HCM,HCM,1,MOMToHCM,True,,,,
lre,fixed,MOM,ReqVel,False,True,True,True,True,True,False,True,HCM,HCM,1,MOMToHCM,True,,,,
lre,fixed,MOM,ReqHdng,False,True,True,True,True,True,False,True,HCM,HCM,1,MOMToHCM,True,,,,
lre,fixed,MOM,ReqMOM,False,True,True,True,True,True,False,True,HCM,HCM,1,MOMToHCM,True,,,,
lre,fixed,MOM,ReqOCM,False,True,True,True,True,True,False,True,HCM,HCM,1,MOMToHCM,True,,,,
lre,fixed,MOM,EndTask,False,True,True,True,True,True,False,True,HCM,HCM,1,MOMToHCM,True,,,,
lre,fixed,MOM,ReqHCM,False,True,True,True,True,True,False,True,HCM,HCM,1,MOMToHCM,True,,,,
lre,fixed,MOM,tick,False,True,True,True,True,True,False,True,HCM,HCM,1,MOMToHCM,True,,,,
lre,fixed,MOM,ReqVel,False,True,True,True,True,True,True,False,HCM,HCM,1,MOMToHCM,True,,,,
lre,fixed,MOM,ReqHdng,False,True,True,True,True,True,True,False,HCM,HCM,1,MOMToHCM,True,,,,
lre,fixed,MOM,ReqMOM,False,True,True,True,True,True,True,False,HCM,HCM,1,MOMToHCM,True,,,,
lre,fixed,MOM,ReqOCM,False,True,True,True,True,True,True,False,HCM,HCM,1,MOMToHCM,True,,,,
lre,fixed,MOM,EndTask,False,True,True,True,True,True,True,False,HCM,HCM,1,MOMToHCM,True,,,,
lre,fixed,MOM,ReqHCM,False,True,True,True,True,True,True,False,HCM,HCM,1,MOMToHCM,True,,,,
lre,fixed,MOM,tick,False,True,True,True,True,True,True,False,HCM,HCM,1,MOMToHCM,True,,,,
lre,fixed,MOM,ReqVel,False,True,True,True,True,True,True,True,HCM,HCM,1,MOMToHCM,True,,,,
lre,fixed,MOM,ReqHdng,False,True,True,True,True,True,True,True,HCM,HCM,1,MOMToHCM,True,,,,
lre,fixed,MOM,ReqMOM,False,True,True,True,True,True,True,True,HCM,HCM,1,MOMToHCM,True,,,,
lre,fixed,MOM,ReqOCM,False,True,True,True,True,True,True,True,HCM,HCM,1,MOMToHCM,True,,,,
lre,fixed,MOM,EndTask,False,True,True,True,True,True,True,True,HCM,HCM,1,MOMToHCM,True,,,,
lre,fixed,MOM,ReqHCM,False,True,True,True,True,True,True,True,HCM,HCM,1,MOMToHCM,True,,,,
lre,fixed,MOM,tick,False,True,True,True,True,True,True,True,HCM,HCM,1,MOMToHCM,True,,,,
lre,fixed,MOM,ReqVel,True,False,False,False,False,False,False,False,CAM,CAM,1,MOMToCAM,True,,,,
lre,fixed,MOM,ReqHdng,True,False,False,False,False,False,False,False,CAM,CAM,1,MOMToCAM,True,,,,
lre,fixed,MOM,ReqMOM,True,False,False,False,False,False,False,False,CAM,CAM,1,MOMToCAM,True,,,,
lre,fixed,MOM,ReqOCM,True,False,False,False,False,False,False,False,CAM,CAM,1,MOMToCAM,True,,,,
lre,fixed,MOM,EndTask,True,False,False,False,False,False,False,False,CAM,CAM,1,MOMToCAM,True,,,,
lre,fixed,MOM,ReqHCM,True,False,False,False,False,False,False,False,CAM,CAM,1,MOMToCAM,True,,,,
lre,fixed,MOM,tick,True,False,False,False,False,False,False,False,CAM,CAM,1,MOMToCAM,True,,,,
lre,fixed,MOM,ReqVel,True,False,False,False,False,False,False,True,CAM,CAM,1,MOMToCAM,True,,,,
lre,fixed,MOM,ReqHdng,True,False,False,False,False,False,False,True,CAM,CAM,1,MOMToCAM,True,,,,
lre,fixed,MOM,ReqMOM,True,False,False,False,False,False,False,True,CAM,CAM,1,MOMToCAM,True,,,,
lre,fixed,MOM,ReqOCM,True,False,False,False,False,False,False,True,CAM,CAM,1,MOMToCAM,True,,,,
lre,fixed,MOM,EndTask,True,False,False,False,False,False,False,True,CAM,CAM,1,MOMToCAM,True,,,,
lre,fixed,MOM,ReqHCM,True,False,False,False,False,False,False,True,CAM,CAM,1,MOMToCAM,True,,,,
lre,fixed,MOM,tick,True,False,False,False,False,False,False,True,CAM,CAM,1,MOMToCAM,True,,,,
lre,fixed,MOM,ReqVel,True,False,False,False,False,False,True,False,CAM,CAM,1,MOMToCAM,True,,,,
lre,fixed,MOM,ReqHdng,True,False,False,False,False,False,True,False,CAM,CAM,1,MOMToCAM,True,,,,
lre,fixed,MOM,ReqMOM,True,False,False,False,False,False,True,False,CAM,CAM,1,MOMToCAM,True,,,,
lre,fixed,MOM,ReqOCM,True,False,False,False,False,False,True,False,CAM,CAM,1,MOMToCAM,True,,,,
lre,fixed,MOM,EndTask,True,False,False,False,False,False,True,False,CAM,CAM,1,MOMToCAM,True,,,,
lre,fixed,MOM,ReqHCM,True,False,False,False,False,False,True,False,CAM,CAM,1,MOMToCAM,True,,,,
lre,fixed,MOM,tick,True,False,False,False,False,False,True,False,CAM,CAM,1,MOMToCAM,True,,,,
lre,fixed,MOM,ReqVel,True,False,False,False,False,False,True,True,CAM,CAM,1,MOMToCAM,True,,,,
lre,fixed,MOM,ReqHdng,True,False,False,False,False,False,True,True,CAM,CAM,1,MOMToCAM,True,,,,
lre,fixed,MOM,ReqMOM,True,False,False,False,False,False,True,True,CAM,CAM,1,MOMToCAM,True,,,,
lre,fixed,MOM,ReqOCM,True,False,False,False,False,False,True,True,CAM,CAM,1,MOMToCAM,True,,,,
lre,fixed,MOM,EndTask,True,False,False,False,False,False,True,True,CAM,CAM,1,MOMToCAM,True,,,,
lre,fixed,MOM,ReqHCM,True,False,False,False,False,False,True,True,CAM,CAM,1,MOMToCAM,True,,,,
lre,fixed,MOM,tick,True,False,False,False,False,False,True,True,CAM,CAM,1,MOMToCAM,True,,,,
lre,fixed,MOM,ReqVel,True,False,False,False,False,True,False,False,CAM,CAM,1,MOMToCAM,True,,,,
lre,fixed,MOM,ReqHdng,True,False,False,False,False,True,False,False,CAM,CAM,1,MOMToCAM,True,,,,
lre,fixed,MOM,ReqMOM,True,False,False,False,False,True,False,False,CAM,CAM,1,MOMToCAM,True,,,,
lre,fixed,MOM,ReqOCM,True,False,False,False,False,True,False,False,CAM,CAM,1,MOMToCAM,True,,,,
lre,fixed,MOM,EndTask,True,False,False,False,False,True,False,False,CAM,CAM,1,MOMToCAM,True,,,,
lre,fixed,MOM,ReqHCM,True,False,False,False,False,True,False,False,CAM,CAM,1,MOMToCAM,True,,,,
lre,fixed,MOM,tick,True,False,False,False,False,True,False,False,CAM,CAM,1,MOMToCAM,True,,,,
lre,fixed,MOM,ReqVel,True,False,False,False,False,True,False,True,CAM,CAM,1,MOMToCAM,True,,,,
lre,fixed,MOM,ReqHdng,True,False,False,False,False,True,False,True,CAM,CAM,1,MOMToCAM,True,,,,
lre,fixed,MOM,ReqMOM,True,False,False,False,False,True,False,True,CAM,CAM,1,MOMToCAM,True,,,,
lre,fixed,MOM,ReqOCM,True,False,False,False,False,True,False,True,CAM,CAM,1,MOMToCAM,True,,,,
lre,fixed,MOM,EndTask,True,False,False,False,False,True,False,True,CAM,CAM,1,MOMToCAM,True,,,,
lre,fixed,MOM,ReqHCM,True,False,False,False,False,True,False,True,CAM,CAM,1,MOMToCAM,True,,,,
lre,fixed,MOM,tick,True,False,False,False,False,True,False,True,CAM,CAM,1,MOMToCAM,True,,,,
lre,fixed,MOM,ReqVel,True,False,False,False,False,True,True,False,CAM,CAM,1,MOMToCAM,True,,,,
lre,fixed,MOM,ReqHdng,True,False,False,False,False,True,True,False,CAM,CAM,1,MOMToCAM,True,,,,
lre,fixed,MOM,ReqMOM,True,False,False,False,False,True,True,False,CAM,CAM,1,MOMToCAM,True,,,,
lre,fixed,MOM,ReqOCM,True,False,False,False,False,True,True,False,CAM,CAM,1,MOMToCAM,True,,,,
lre,fixed,MOM,EndTask,True,False,False,False,False,True,True,False,CAM,CAM,1,MOMToCAM,True,,,,
lre,fixed,MOM,ReqHCM,True,False,False,False,False,True,True,False,CAM,CAM,1,MOMToCAM,True,,,,
lre,fixed,MOM,tick,True,False,False,False,False,True,True,False,CAM,CAM,1,MOMToCAM,True,,,,
lre,fixed,MOM,ReqVel,True,False,False,False,False,True,True,True,CAM,CAM,1,MOMToCAM,True,,,,
lre,fixed,MOM,ReqHdng,True,False,False,False,False,True,True,True,CAM,CAM,1,MOMToCAM,True,,,,
lre,fixed,MOM,ReqMOM,True,False,False,False,False,True,True,True,CAM,CAM,1,MOMToCAM,True,,,,
lre,fixed,MOM,ReqOCM,True,False,False,False,False,True,True,True,CAM,CAM,1,MOMToCAM,True,,,,
lre,fixed,MOM,EndTask,True,False,False,False,False,True,True,True,CAM,CAM,1,MOMToCAM,True,,,,
lre,fixed,MOM,ReqHCM,True,False,False,False,False,True,True,True,CAM,CAM,1,MOMToCAM,True,,,,
lre,fixed,MOM,tick,True,False,False,False,False,True,True,True,CAM,CAM,1,MOMToCAM,True,,,,
lre,fixed,MOM,ReqVel,True,False,False,False,True,False,False,False,CAM,CAM,1,MOMToCAM,True,,,,
lre,fixed,MOM,ReqHdng,True,False,False,False,True,False,False,False,CAM,CAM,1,MOMToCAM,True,,,,
lre,fixed,MOM,ReqMOM,True,False,False,False,True,False,False,False,CAM,CAM,1,MOMToCAM,True,,,,
lre,fixed,MOM,ReqOCM,True,False,False,False,True,False,False,False,CAM,CAM,1,MOMToCAM,True,,,,
lre,fixed,MOM,EndTask,True,False,False,False,True,False,False,False,CAM,CAM,1,MOMToCAM,True,,,,
lre,fixed,MOM,ReqHCM,True,False,False,False,True,False,False,False,CAM,CAM,1,MOMToCAM,True,,,,
lre,fixed,MOM,tick,True,False,False,False,True,False,False,False,CAM,CAM,1,MOMToCAM,True,,,,
lre,fixed,MOM,ReqVel,True,False,False,False,True,False,False,True,CAM,CAM,1,MOMToCAM,True,,,,
lre,fixed,MOM,ReqHdng,True,False,False,False,True,False,False,True,CAM,CAM,1,MOMToCAM,True,,,,
lre,fixed,MOM,ReqMOM,True,False,False,False,True,False,False,True,CAM,CAM,1,MOMToCAM,True,,,,
lre,fixed,MOM,ReqOCM,True,False,False,False,True,False,False,True,CAM,CAM,1,MOMToCAM,True,,,,
lre,fixed,MOM,EndTask,True,False,False,False,True,False,False,True,CAM,CAM,1,MOMToCAM,True,,,,
lre,fixed,MOM,ReqHCM,True,False,False,False,True,False,False,True,CAM,CAM,1,MOMToCAM,True,,,,
lre,fixed,MOM,tick,True,False,False,False,True,False,False,True,CAM,CAM,1,MOMToCAM,True,,,,
lre,fixed,MOM,ReqVel,True,False,False,False,True,False,True,False,CAM,CAM,1,MOMToCAM,True,,,,
lre,fixed,MOM,ReqHdng,True,False,False,False,True,False,True,False,CAM,CAM,1,MOMToCAM,True,,,,
lre,fixed,MOM,ReqMOM,True,False,False,False,True,False,True,False,CAM,CAM,1,MOMToCAM,True,,,,
lre,fixed,MOM,ReqOCM,True,False,False,False,True,False,True,False,CAM,CAM,1,MOMToCAM,True,,,,
lre,fixed,MOM,EndTask,True,False,False,False,True,False,True,False,CAM,CAM,1,MOMToCAM,True,,,,
lre,fixed,MOM,ReqHCM,True,False,False,False,True,False,True,False,CAM,CAM,1,MOMToCAM,True,,,,
lre,fixed,MOM,tick,True,False,False,False,True,False,True,False,CAM,CAM,1,MOMToCAM,True,,,,
lre,fixed,MOM,ReqVel,True,False,False,False,True,False,True,True,CAM,CAM,1,MOMToCAM,True,,,,
lre,fixed,MOM,ReqHdng,True,False,False,False,True,False,True,True,CAM,CAM,1,MOMToCAM,True,,,,
lre,fixed,MOM,ReqMOM,True,False,False,False,True,False,True,True,CAM,CAM,1,MOMToCAM,True,,,,
lre,fixed,MOM,ReqOCM,True,False,False,False,True,False,True,True,CAM,CAM,1,MOMToCAM,True,,,,
lre,fixed,MOM,EndTask,True,False,False,False,True,False,True,True,CAM,CAM,1,MOMToCAM,True,,,,
lre,fixed,MOM,ReqHCM,True,False,False,False,True,False,True,True,CAM,CAM,1,MOMToCAM,True,,,,
lre,fixed,MOM,tick,True,False,False,False,True,False,True,True,CAM,CAM,1,MOMToCAM,True,,,,
lre,fixed,MOM,ReqVel,True,False,False,False,True,True,False,False,CAM,CAM,1,MOMToCAM,True,,,,
lre,fixed,MOM,ReqHdng,True,False,False,False,True,True,False,False,CAM,CAM,1,MOMToCAM,True,,,,
lre,fixed,MOM,ReqMOM,True,False,False,False,True,True,False,False,CAM,CAM,1,MOMToCAM,True,,,,
lre,fixed,MOM,ReqOCM,True,False,False,False,True,True,False,False,CAM,CAM,1,MOMToCAM,True,,,,
lre,fixed,MOM,EndTask,True,False,False,False,True,True,False,False,CAM,CAM,1,MOMToCAM,True,,,,
lre,fixed,MOM,ReqHCM,True,False,False,False,True,True,False,False,CAM,CAM,1,MOMToCAM,True,,,,
lre,fixed,MOM,tick,True,False,False,False,True,True,False,False,CAM,CAM,1,MOMToCAM,True,,,,
lre,fixed,MOM,ReqVel,True,False,False,False,True,True,False,True,CAM,CAM,1,MOMToCAM,True,,,,
lre,fixed,MOM,ReqHdng,True,False,False,False,True,True,False,True,CAM,CAM,1,MOMToCAM,True,,,,
lre,fixed,MOM,ReqMOM,True,False,False,False,True,True,False,True,CAM,CAM,1,MOMToCAM,True,,,,
lre,fixed,MOM,ReqOCM,True,False,False,False,True,True,False,True,CAM,CAM,1,MOMToCAM,True,,,,
lre,fixed,MOM,EndTask,True,False,False,False,True,True,False,True,CAM,CAM,1,MOMToCAM,True,,,,
lre,fixed,MOM,ReqHCM,True,False,False,False,True,True,False,True,CAM,CAM,1,MOMToCAM,True,,,,
lre,fixed,MOM,tick,True,False,False,False,True,True,False,True,CAM,CAM,1,MOMToCAM,True,,,,
lre,fixed,MOM,ReqVel,True,False,False,False,True,True,True,False,CAM,CAM,1,MOMToCAM,True,,,,
lre,fixed,MOM,ReqHdng,True,False,False,False,True,True,True,False,CAM,CAM,1,MOMToCAM,True,,,,
lre,fixed,MOM,ReqMOM,True,False,False,False,True,True,True,False,CAM,CAM,1,MOMToCAM,True,,,,
lre,fixed,MOM,ReqOCM,True,False,False,False,True,True,True,False,CAM,CAM,1,MOMToCAM,True,,,,
lre,fixed,MOM,EndTask,True,False,False,False,True,True,True,False,CAM,CAM,1,MOMToCAM,True,,,,
lre,fixed,MOM,ReqHCM,True,False,False,False,True,True,True,False,CAM,CAM,1,MOMToCAM,True,,,,
lre,fixed,MOM,tick,True,False,False,False,True,True,True,False,CAM,CAM,1,MOMToCAM,True,,,,
lre,fixed,MOM,ReqVel,True,False,False,False,True,True,True,True,CAM,CAM,1,MOMToCAM,True,,,,
lre,fixed,MOM,ReqHdng,True,False,False,False,True,True,True,True,CAM,CAM,1,MOMToCAM,True,,,,
lre,fixed,MOM,ReqMOM,True,False,False,False,True,True,True,True,CAM,CAM,1,MOMToCAM,True,,,,
lre,fixed,MOM,ReqOCM,True,False,False,False,True,True,True,True,CAM,CAM,1,MOMToCAM,True,,,,
lre,fixed,MOM,EndTask,True,False,False,False,True,True,True,True,CAM,CAM,1,MOMToCAM,True,,,,
lre,fixed,MOM,ReqHCM,True,False,False,False,True,True,True,True,CAM,CAM,1,MOMToCAM,True,,,,
lre,fixed,MOM,tick,True,False,False,False,True,True,True,True,CAM,CAM,1,MOMToCAM,True,,,,
lre,fixed,MOM,ReqVel,True,False,False,True,False,False,False,False,CAM,CAM,1,MOMToCAM,True,,,,
lre,fixed,MOM,ReqHdng,True,False,False,True,False,False,False,False,CAM,CAM,1,MOMToCAM,True,,,,
lre,fixed,MOM,ReqMOM,True,False,False,True,False,False,False,False,CAM,CAM,1,MOMToCAM,True,,,,
lre,fixed,MOM,ReqOCM,True,False,False,True,False,False,False,False,CAM,CAM,1,MOMToCAM,True,,,,
lre,fixed,MOM,EndTask,True,False,False,True,False,False,False,False,CAM,CAM,1,MOMToCAM,True,,,,
lre,fixed,MOM,ReqHCM,True,False,False,True,False,False,False,False,CAM,CAM,1,MOMToCAM,True,,,,
lre,fixed,MOM,tick,True,False,False,True,False,False,False,False,CAM,CAM,1,MOMToCAM,True,,,,
lre,fixed,MOM,ReqVel,True,False,False,True,False,False,False,True,CAM,CAM,1,MOMToCAM,True,,,,
lre,fixed,MOM,ReqHdng,True,False,False,True,False,False,False,True,CAM,CAM,1,MOMToCAM,True,,,,
lre,fixed,MOM,ReqMOM,True,False,False,True,False,False,False,True,CAM,CAM,1,MOMToCAM,True,,,,
lre,fixed,MOM,ReqOCM,True,False,False,True,False,False,False,True,CAM,CAM,1,MOMToCAM,True,,,,
lre,fixed,MOM,EndTask,True,False,False,True,False,False,False,True,CAM,CAM,1,MOMToCAM,True,,,,
lre,fixed,MOM,ReqHCM,True,False,False,True,False,False,False,True,CAM,CAM,1,MOMToCAM,True,,,,
lre,fixed,MOM,tick,True,False,False,True,False,False,False,True,CAM,CAM,1,MOMToCAM,True,,,,
lre,fixed,MOM,ReqVel,True,False,False,True,False,False,True,False,CAM,CAM,1,MOMToCAM,True,,,,
lre,fixed,MOM,ReqHdng,True,False,False,True,False,False,True,False,CAM,CAM,1,MOMToCAM,True,,,,
lre,fixed,MOM,ReqMOM,True,False,False,True,False,False,True,False,CAM,CAM,1,MOMToCAM,True,,,,
lre,fixed,MOM,ReqOCM,True,False,False,True,False,False,True,False,CAM,CAM,1,MOMToCAM,True,,,,
lre,fixed,MOM,EndTask,True,False,False,True,False,False,True,False,CAM,CAM,1,MOMToCAM,True,,,,
lre,fixed,MOM,ReqHCM,True,False,False,True,False,False,True,False,CAM,CAM,1,MOMToCAM,True,,,,
lre,fixed,MOM,tick,True,False,False,True,False,False,True,False,CAM,CAM,1,MOMToCAM,True,,,,
lre,fixed,MOM,ReqVel,True,False,False,True,False,False,True,True,CAM,CAM,1,MOMToCAM,True,,,,
lre,fixed,MOM,ReqHdng,True,False,False,True,False,False,True,True,CAM,CAM,1,MOMToCAM,True,,,,
lre,fixed,MOM,ReqMOM,True,False,False,True,False,False,True,True,CAM,CAM,1,MOMToCAM,True,,,,
lre,fixed,MOM,ReqOCM,True,False,False,True,False,False,True,True,CAM,CAM,1,MOMToCAM,True,,,,
lre,fixed,MOM,EndTask,True,False,False,True,False,False,True,True,CAM,CAM,1,MOMToCAM,True,,,,
lre,fixed,MOM,ReqHCM,True,False,False,True,False,False,True,True,CAM,CAM,1,MOMToCAM,True,,,,
lre,fixed,MOM,tick,True,False,False,True,False,False,True,True,CAM,CAM,1,MOMToCAM,True,,,,
lre,fixed,MOM,ReqVel,True,False,False,True,False,True,False,False,CAM,CAM,1,MOMToCAM,True,,,,
lre,fixed,MOM,ReqHdng,True,False,False,True,False,True,False,False,CAM,CAM,1,MOMToCAM,True,,,,
lre,fixed,MOM,ReqMOM,True,False,False,True,False,True,False,False,CAM,CAM,1,MOMToCAM,True,,,,
lre,fixed,MOM,ReqOCM,True,False,False,True,False,True,False,False,CAM,CAM,1,MOMToCAM,True,,,,
lre,fixed,MOM,EndTask,True,False,False,True,False,True,False,False,CAM,CAM,1,MOMToCAM,True,,,,
lre,fixed,MOM,ReqHCM,True,False,False,True,False,True,False,False,CAM,CAM,1,MOMToCAM,True,,,,
lre,fixed,MOM,tick,True,False,False,True,False,True,False,False,CAM,CAM,1,MOMToCAM,True,,,,
lre,fixed,MOM,ReqVel,True,False,False,True,False,True,False,True,CAM,CAM,1,MOMToCAM,True,,,,
lre,fixed,MOM,ReqHdng,True,False,False,True,False,True,False,True,CAM,CAM,1,MOMToCAM,True,,,,
lre,fixed,MOM,ReqMOM,True,False,False,True,False,True,False,True,CAM,CAM,1,MOMToCAM,True,,,,
lre,fixed,MOM,ReqOCM,True,False,False,True,False,True,False,True,CAM,CAM,1,MOMToCAM,True,,,,
lre,fixed,MOM,EndTask,True,False,False,True,False,True,False,True,CAM,CAM,1,MOMToCAM,True,,,,
lre,fixed,MOM,ReqHCM,True,False,False,True,False,True,False,True,CAM,CAM,1,MOMToCAM,True,,,,
lre,fixed,MOM,tick,True,False,False,True,False,True,False,True,CAM,CAM,1,MOMToCAM,True,,,,
lre,fixed,MOM,ReqVel,True,False,False,True,False,True,True,False,CAM,CAM,1,MOMToCAM,True,,,,
lre,fixed,MOM,ReqHdng,True,False,False,True,False,True,True,False,CAM,CAM,1,MOMToCAM,True,,,,
lre,fixed,MOM,ReqMOM,True,False,False,True,False,True,True,False,CAM,CAM,1,MOMToCAM,True,,,,
lre,fixed,MOM,ReqOCM,True,False,False,True,False,True,True,False,CAM,CAM,1,MOMToCAM,True,,,,
lre,fixed,MOM,EndTask,True,False,False,True,False,True,True,False,CAM,CAM,1,MOMToCAM,True,,,,
lre,fixed,MOM,ReqHCM,True,False,False,True,False,True,True,False,CAM,CAM,1,MOMToCAM,True,,,,
lre,fixed,MOM,tick,True,False,False,True,False,True,True,False,CAM,CAM,1,MOMToCAM,True,,,,
lre,fixed,MOM,ReqVel,True,False,False,True,False,True,True,True,CAM,CAM,1,MOMToCAM,True,,,,
lre,fixed,MOM,ReqHdng,True,False,False,True,False,True,True,True,CAM,CAM,1,MOMToCAM,True,,,,
lre,fixed,MOM,ReqMOM,True,False,False,True,False,True,True,True,CAM,CAM,1,MOMToCAM,True,,,,
lre,fixed,MOM,ReqOCM,True,False,False,True,False,True,True,True,CAM,CAM,1,MOMToCAM,True,,,,
lre,fixed,MOM,EndTask,True,False,False,True,False,True,True,True,CAM,CAM,1,MOMToCAM,True,,,,
lre,fixed,MOM,ReqHCM,True,False,False,True,False,True,True,True,CAM,CAM,1,MOMToCAM,True,,,,
lre,fixed,MOM,tick,True,False,False,True,False,True,True,True,CAM,CAM,1,MOMToCAM,True,,,,
lre,fixed,MOM,ReqVel,True,False,False,True,True,False,False,False,CAM,CAM,1,MOMToCAM,True,,,,
lre,fixed,MOM,ReqHdng,True,False,False,True,True,False,False,False,CAM,CAM,1,MOMToCAM,True,,,,
lre,fixed,MOM,ReqMOM,True,False,False,True,True,False,False,False,CAM,CAM,1,MOMToCAM,True,,,,
lre,fixed,MOM,ReqOCM,True,False,False,True,True,False,False,False,CAM,CAM,1,MOMToCAM,True,,,,
lre,fixed,MOM,EndTask,True,False,False,True,True,False,False,False,CAM,CAM,1,MOMToCAM,True,,,,
lre,fixed,MOM,ReqHCM,True,False,False,True,True,False,False,False,CAM,CAM,1,MOMToCAM,True,,,,
lre,fixed,MOM,tick,True,False,False,True,True,False,False,False,CAM,CAM,1,MOMToCAM,True,,,,
lre,fixed,MOM,ReqVel,True,False,False,True,True,False,False,True,CAM,CAM,1,MOMToCAM,True,,,,
lre,fixed,MOM,ReqHdng,True,False,False,True,True,False,False,True,CAM,CAM,1,MOMToCAM,True,,,,
lre,fixed,MOM,ReqMOM,True,False,False,True,True,False,False,True,CAM,CAM,1,MOMToCAM,True,,,,
lre,fixed,MOM,ReqOCM,True,False,False,True,True,False,False,True,CAM,CAM,1,MOMToCAM,True,,,,
lre,fixed,MOM,EndTask,True,False,False,True,True,False,False,True,CAM,CAM,1,MOMToCAM,True,,,,
lre,fixed,MOM,ReqHCM,True,False,False,True,True,False,False,True,CAM,CAM,1,MOMToCAM,True,,,,
lre,fixed,MOM,tick,True,False,False,True,True,False,False,True,CAM,CAM,1,MOMToCAM,True,,,,
lre,fixed,MOM,ReqVel,True,False,False,True,True,False,True,False,CAM,CAM,1,MOMToCAM,True,,,,
lre,fixed,MOM,ReqHdng,True,False,False,True,True,False,True,False,CAM,CAM,1,MOMToCAM,True,,,,
lre,fixed,MOM,ReqMOM,True,False,False,True,True,False,True,False,CAM,CAM,1,MOMToCAM,True,,,,
lre,fixed,MOM,ReqOCM,True,False,False,True,True,False,True,False,CAM,CAM,1,MOMToCAM,True,,,,
lre,fixed,MOM,EndTask,True,False,False,True,True,False,True,False,CAM,CAM,1,MOMToCAM,True,,,,
lre,fixed,MOM,ReqHCM,True,False,False,True,True,False,True,False,CAM,CAM,1,MOMToCAM,True,,,,
lre,fixed,MOM,tick,True,False,False,True,True,False,True,False,CAM,CAM,1,MOMToCAM,True,,,,
lre,fixed,MOM,ReqVel,True,False,False,True,True,False,True,True,CAM,CAM,1,MOMToCAM,True,,,,
lre,fixed,MOM,ReqHdng,True,False,False,True,True,False,True,True,CAM,CAM,1,MOMToCAM,True,,,,
lre,fixed,MOM,ReqMOM,True,False,False,True,True,False,True,True,CAM,CAM,1,MOMToCAM,True,,,,
lre,fixed,MOM,ReqOCM,True,False,False,True,True,False,True,True,CAM,CAM,1,MOMToCAM,True,,,,
lre,fixed,MOM,EndTask,True,False,False,True,True,False,True,True,CAM,CAM,1,MOMToCAM,True,,,,
lre,fixed,MOM,ReqHCM,True,False,False,True,True,False,True,True,CAM,CAM,1,MOMToCAM,True,,,,
lre,fixed,MOM,tick,True,False,False,True,True,False,True,True,CAM,CAM,1,MOMToCAM,True,,,,
lre,fixed,MOM,ReqVel,True,False,False,True,True,True,False,False,CAM,CAM,1,MOMToCAM,True,,,,
lre,fixed,MOM,ReqHdng,True,False,False,True,True,True,False,False,CAM,CAM,1,MOMToCAM,True,,,,
lre,fixed,MOM,ReqMOM,True,False,False,True,True,True,False,False,CAM,CAM,1,MOMToCAM,True,,,,
lre,fixed,MOM,ReqOCM,True,False,False,True,True,True,False,False,CAM,CAM,1,MOMToCAM,True,,,,
lre,fixed,MOM,EndTask,True,False,False,True,True,True,False,False,CAM,CAM,1,MOMToCAM,True,,,,
lre,fixed,MOM,ReqHCM,True,False,False,True,True,True,False,False,CAM,CAM,1,MOMToCAM,True,,,,
lre,fixed,MOM,tick,True,False,False,True,True,True,False,False,CAM,CAM,1,MOMToCAM,True,,,,
lre,fixed,MOM,ReqVel,True,False,False,True,True,True,False,True,CAM,CAM,1,MOMToCAM,True,,,,
lre,fixed,MOM,ReqHdng,True,False,False,True,True,True,False,True,CAM,CAM,1,MOMToCAM,True,,,,
lre,fixed,MOM,ReqMOM,True,False,False,True,True,True,False,True,CAM,CAM,1,MOMToCAM,True,,,,
lre,fixed,MOM,ReqOCM,True,False,False,True,True,True,False,True,CAM,CAM,1,MOMToCAM,True,,,,
lre,fixed,MOM,EndTask,True,False,False,True,True,True,False,True,CAM,CAM,1,MOMToCAM,True,,,,
lre,fixed,MOM,ReqHCM,True,False,False,True,True,True,False,True,CAM,CAM,1,MOMToCAM,True,,,,
lre,fixed,MOM,tick,True,False,False,True,True,True,False,True,CAM,CAM,1,MOMToCAM,True,,,,
lre,fixed,MOM,ReqVel,True,False,False,True,True,True,True,False,CAM,CAM,1,MOMToCAM,True,,,,
lre,fixed,MOM,ReqHdng,True,False,False,True,True,True,True,False,CAM,CAM,1,MOMToCAM,True,,,,
lre,fixed,MOM,ReqMOM,True,False,False,True,True,True,True,False,CAM,CAM,1,MOMToCAM,True,,,,
lre,fixed,MOM,ReqOCM,True,False,False,True,True,True,True,False,CAM,CAM,1,MOMToCAM,True,,,,
lre,fixed,MOM,EndTask,True,False,False,True,True,True,True,False,CAM,CAM,1,MOMToCAM,True,,,,
lre,fixed,MOM,ReqHCM,True,False,False,True,True,True,True,False,CAM,CAM,1,MOMToCAM,True,,,,
lre,fixed,MOM,tick,True,False,False,True,True,True,True,False,CAM,CAM,1,MOMToCAM,True,,,,
lre,fixed,MOM,ReqVel,True,False,False,True,True,True,True,True,CAM,CAM,1,MOMToCAM,True,,,,
lre,fixed,MOM,ReqHdng,True,False,False,True,True,True,True,True,CAM,CAM,1,MOMToCAM,True,,,,
lre,fixed,MOM,ReqMOM,True,False,False,True,True,True,True,True,CAM,CAM,1,MOMToCAM,True,,,,
lre,fixed,MOM,ReqOCM,True,False,False,True,True,True,True,True,CAM,CAM,1,MOMToCAM,True,,,,
lre,fixed,MOM,EndTask,True,False,False,True,True,True,True,True,CAM,CAM,1,MOMToCAM,True,,,,
lre,fixed,MOM,ReqHCM,True,False,False,True,True,True,True,True,CAM,CAM,1,MOMToCAM,True,,,,
lre,fixed,MOM,tick,True,False,False,True,True,True,True,True,CAM,CAM,1,MOMToCAM,True,,,,
lre,fixed,MOM,ReqVel,True,False,True,False,False,False,False,False,CAM,CAM,1,MOMToCAM,True,,,,
lre,fixed,MOM,ReqHdng,True,False,True,False,False,False,False,False,CAM,CAM,1,MOMToCAM,True,,,,
lre,fixed,MOM,ReqMOM,True,False,True,False,False,False,False,False,CAM,CAM,1,MOMToCAM,True,,,,
lre,fixed,MOM,ReqOCM,True,False,True,False,False,False,False,False,CAM,CAM,1,MOMToCAM,True,,,,
lre,fixed,MOM,EndTask,True,False,True,False,False,False,False,False,CAM,CAM,1,MOMToCAM,True,,,,
lre,fixed,MOM,ReqHCM,True,False,True,False,False,False,False,False,CAM,CAM,1,MOMToCAM,True,,,,
lre,fixed,MOM,tick,True,False,True,False,False,False,False,False,CAM,CAM,1,MOMToCAM,True,,,,
lre,fixed,MOM,ReqVel,True,False,True,False,False,False,False,True,CAM,CAM,1,MOMToCAM,True,,,,
lre,fixed,MOM,ReqHdng,True,False,True,False,False,False,False,True,CAM,CAM,1,MOMToCAM,True,,,,
lre,fixed,MOM,ReqMOM,True,False,True,False,False,False,False,True,CAM,CAM,1,MOMToCAM,True,,,,
lre,fixed,MOM,ReqOCM,True,False,True,False,False,False,False,True,CAM,CAM,1,MOMToCAM,True,,,,
lre,fixed,MOM,EndTask,True,False,True,False,False,False,False,True,CAM,CAM,1,MOMToCAM,True,,,,
lre,fixed,MOM,ReqHCM,True,False,True,False,False,False,False,True,CAM,CAM,1,MOMToCAM,True,,,,
lre,fixed,MOM,tick,True,False,True,False,False,False,False,True,CAM,CAM,1,MOMToCAM,True,,,,
lre,fixed,MOM,ReqVel,True,False,True,False,False,False,True,False,CAM,CAM,1,MOMToCAM,True,,,,
lre,fixed,MOM,ReqHdng,True,False,True,False,False,False,True,False,CAM,CAM,1,MOMToCAM,True,,,,
lre,fixed,MOM,ReqMOM,True,False,True,False,False,False,True,False,CAM,CAM,1,MOMToCAM,True,,,,
lre,fixed,MOM,ReqOCM,True,False,True,False,False,False,True,False,CAM,CAM,1,MOMToCAM,True,,,,
lre,fixed,MOM,EndTask,True,False,True,False,False,False,True,False,CAM,CAM,1,MOMToCAM,True,,,,
lre,fixed,MOM,ReqHCM,True,False,True,False,False,False,True,False,CAM,CAM,1,MOMToCAM,True,,,,
lre,fixed,MOM,tick,True,False,True,False,False,False,True,False,CAM,CAM,1,MOMToCAM,True,,,,
lre,fixed,MOM,ReqVel,True,False,True,False,False,False,True,True,CAM,CAM,1,MOMToCAM,True,,,,
lre,fixed,MOM,ReqHdng,True,False,True,False,False,False,True,True,CAM,CAM,1,MOMToCAM,True,,,,
lre,fixed,MOM,ReqMOM,True,False,True,False,False,False,True,True,CAM,CAM,1,MOMToCAM,True,,,,
lre,fixed,MOM,ReqOCM,True,False,True,False,False,False,True,True,CAM,CAM,1,MOMToCAM,True,,,,
lre,fixed,MOM,EndTask,True,False,True,False,False,False,True,True,CAM,CAM,1,MOMToCAM,True,,,,
lre,fixed,MOM,ReqHCM,True,False,True,False,False,False,True,True,CAM,CAM,1,MOMToCAM,True,,,,
lre,fixed,MOM,tick,True,False,True,False,False,False,True,True,CAM,CAM,1,MOMToCAM,True,,,,
lre,fixed,MOM,ReqVel,True,False,True,False,False,True,False,False,CAM,CAM,1,MOMToCAM,True,,,,
lre,fixed,MOM,ReqHdng,True,False,True,False,False,True,False,False,CAM,CAM,1,MOMToCAM,True,,,,
lre,fixed,MOM,ReqMOM,True,False,True,False,False,True,False,False,CAM,CAM,1,MOMToCAM,True,,,,
lre,fixed,MOM,ReqOCM,True,False,True,False,False,True,False,False,CAM,CAM,1,MOMToCAM,True,,,,
lre,fixed,MOM,EndTask,True,False,True,False,False,True,False,False,CAM,CAM,1,MOMToCAM,True,,,,
lre,fixed,MOM,ReqHCM,True,False,True,False,False,True,False,False,CAM,CAM,1,MOMToCAM,True,,,,
lre,fixed,MOM,tick,True,False,True,False,False,True,False,False,CAM,CAM,1,MOMToCAM,True,,,,
lre,fixed,MOM,ReqVel,True,False,True,False,False,True,False,True,CAM,CAM,1,MOMToCAM,True,,,,
lre,fixed,MOM,ReqHdng,True,False,True,False,False,True,False,True,CAM,CAM,1,MOMToCAM,True,,,,
lre,fixed,MOM,ReqMOM,True,False,True,False,False,True,False,True,CAM,CAM,1,MOMToCAM,True,,,,
lre,fixed,MOM,ReqOCM,True,False,True,False,False,True,False,True,CAM,CAM,1,MOMToCAM,True,,,,
lre,fixed,MOM,EndTask,True,False,True,False,False,True,False,True,CAM,CAM,1,MOMToCAM,True,,,,
lre,fixed,MOM,ReqHCM,True,False,True,False,False,True,False,True,CAM,CAM,1,MOMToCAM,True,,,,
lre,fixed,MOM,tick,True,False,True,False,False,True,False,True,CAM,CAM,1,MOMToCAM,True,,,,
lre,fixed,MOM,ReqVel,True,False,True,False,False,True,True,False,CAM,CAM,1,MOMToCAM,True,,,,
lre,fixed,MOM,ReqHdng,True,False,True,False,False,True,True,False,CAM,CAM,1,MOMToCAM,True,,,,
lre,fixed,MOM,ReqMOM,True,False,True,False,False,True,True,False,CAM,CAM,1,MOMToCAM,True,,,,
lre,fixed,MOM,ReqOCM,True,False,True,False,False,True,True,False,CAM,CAM,1,MOMToCAM,True,,,,
lre,fixed,MOM,EndTask,True,False,True,False,False,True,True,False,CAM,CAM,1,MOMToCAM,True,,,,
lre,fixed,MOM,ReqHCM,True,False,True,False,False,True,True,False,CAM,CAM,1,MOMToCAM,True,,,,
lre,fixed,MOM,tick,True,False,True,False,False,True,True,False,CAM,CAM,1,MOMToCAM,True,,,,
lre,fixed,MOM,ReqVel,True,False,True,False,False,True,True,True,CAM,CAM,1,MOMToCAM,True,,,,
lre,fixed,MOM,ReqHdng,True,False,True,False,False,True,True,True,CAM,CAM,1,MOMToCAM,True,,,,
lre,fixed,MOM,ReqMOM,True,False,True,False,False,True,True,True,CAM,CAM,1,MOMToCAM,True,,,,
lre,fixed,MOM,ReqOCM,True,False,True,False,False,True,True,True,CAM,CAM,1,MOMToCAM,True,,,,
lre,fixed,MOM,EndTask,True,False,True,False,False,True,True,True,CAM,CAM,1,MOMToCAM,True,,,,
lre,fixed,MOM,ReqHCM,True,False,True,False,False,True,True,True,CAM,CAM,1,MOMToCAM,True,,,,
lre,fixed,MOM,tick,True,False,True,False,False,True,True,True,CAM,CAM,1,MOMToCAM,True,,,,
lre,fixed,MOM,ReqVel,True,False,True,False,True,False,False,False,CAM,CAM,1,MOMToCAM,True,,,,
lre,fixed,MOM,ReqHdng,True,False,True,False,True,False,False,False,CAM,CAM,1,MOMToCAM,True,,,,
lre,fixed,MOM,ReqMOM,True,False,True,False,True,False,False,False,CAM,CAM,1,MOMToCAM,True,,,,
lre,fixed,MOM,ReqOCM,True,False,True,False,True,False,False,False,CAM,CAM,1,MOMToCAM,True,,,,
lre,fixed,MOM,EndTask,True,False,True,False,True,False,False,False,CAM,CAM,1,MOMToCAM,True,,,,
lre,fixed,MOM,ReqHCM,True,False,True,False,True,False,False,False,CAM,CAM,1,MOMToCAM,True,,,,
lre,fixed,MOM,tick,True,False,True,False,True,False,False,False,CAM,CAM,1,MOMToCAM,True,,,,
lre,fixed,MOM,ReqVel,True,False,True,False,True,False,False,True,CAM,CAM,1,MOMToCAM,True,,,,
lre,fixed,MOM,ReqHdng,True,False,True,False,True,False,False,True,CAM,CAM,1,MOMToCAM,True,,,,
lre,fixed,MOM,ReqMOM,True,False,True,False,True,False,False,True,CAM,CAM,1,MOMToCAM,True,,,,
lre,fixed,MOM,ReqOCM,True,False,True,False,True,False,False,True,CAM,CAM,1,MOMToCAM,True,,,,
lre,fixed,MOM,EndTask,True,False,True,False,True,False,False,True,CAM,CAM,1,MOMToCAM,True,,,,
lre,fixed,MOM,ReqHCM,True,False,True,False,True,False,False,True,CAM,CAM,1,MOMToCAM,True,,,,
lre,fixed,MOM,tick,True,False,True,False,True,False,False,True,CAM,CAM,1,MOMToCAM,True,,,,
lre,fixed,MOM,ReqVel,True,False,True,False,True,False,True,False,CAM,CAM,1,MOMToCAM,True,,,,
lre,fixed,MOM,ReqHdng,True,False,True,False,True,False,True,False,CAM,CAM,1,MOMToCAM,True,,,,
lre,fixed,MOM,ReqMOM,True,False,True,False,True,False,True,False,CAM,CAM,1,MOMToCAM,True,,,,
lre,fixed,MOM,ReqOCM,True,False,True,False,True,False,True,False,CAM,CAM,1,MOMToCAM,True,,,,
lre,fixed,MOM,EndTask,True,False,True,False,True,False,True,False,CAM,CAM,1,MOMToCAM,True,,,,
lre,fixed,MOM,ReqHCM,True,False,True,False,True,False,True,False,CAM,CAM,1,MOMToCAM,True,,,,
lre,fixed,MOM,tick,True,False,True,False,True,False,True,False,CAM,CAM,1,MOMToCAM,True,,,,
lre,fixed,MOM,ReqVel,True,False,True,False,True,False,True,True,CAM,CAM,1,MOMToCAM,True,,,,
lre,fixed,MOM,ReqHdng,True,False,True,False,True,False,True,True,CAM,CAM,1,MOMToCAM,True,,,,
lre,fixed,MOM,ReqMOM,True,False,True,False,True,False,True,True,CAM,CAM,1,MOMToCAM,True,,,,
lre,fixed,MOM,ReqOCM,True,False,True,False,True,False,True,True,CAM,CAM,1,MOMToCAM,True,,,,
lre,fixed,MOM,EndTask,True,False,True,False,True,False,True,True,CAM,CAM,1,MOMToCAM,True,,,,
lre,fixed,MOM,ReqHCM,True,False,True,False,True,False,True,True,CAM,CAM,1,MOMToCAM,True,,,,
lre,fixed,MOM,tick,True,False,True,False,True,False,True,True,CAM,CAM,1,MOMToCAM,True,,,,
lre,fixed,MOM,ReqVel,True,False,True,False,True,True,False,False,CAM,CAM,1,MOMToCAM,True,,,,
lre,fixed,MOM,ReqHdng,True,False,True,False,True,True,False,False,CAM,CAM,1,MOMToCAM,True,,,,
lre,fixed,MOM,ReqMOM,True,False,True,False,True,True,False,False,CAM,CAM,1,MOMToCAM,True,,,,
lre,fixed,MOM,ReqOCM,True,False,True,False,True,True,False,False,CAM,CAM,1,MOMToCAM,True,,,,
lre,fixed,MOM,EndTask,True,False,True,False,True,True,False,False,CAM,CAM,1,MOMToCAM,True,,,,
lre,fixed,MOM,ReqHCM,True,False,True,False,True,True,False,False,CAM,CAM,1,MOMToCAM,True,,,,
lre,fixed,MOM,tick,True,False,True,False,True,True,False,False,CAM,CAM,1,MOMToCAM,True,,,,
lre,fixed,MOM,ReqVel,True,False,True,False,True,True,False,True,CAM,CAM,1,MOMToCAM,True,,,,
lre,fixed,MOM,ReqHdng,True,False,True,False,True,True,False,True,CAM,CAM,1,MOMToCAM,True,,,,
lre,fixed,MOM,ReqMOM,True,False,True,False,True,True,False,True,CAM,CAM,1,MOMToCAM,True,,,,
lre,fixed,MOM,ReqOCM,True,False,True,False,True,True,False,True,CAM,CAM,1,MOMToCAM,True,,,,
lre,fixed,MOM,EndTask,True,False,True,False,True,True,False,True,CAM,CAM,1,MOMToCAM,True,,,,
lre,fixed,MOM,ReqHCM,True,False,True,False,True,True,False,True,CAM,CAM,1,MOMToCAM,True,,,,
lre,fixed,MOM,tick,True,False,True,False,True,True,False,True,CAM,CAM,1,MOMToCAM,True,,,,
lre,fixed,MOM,ReqVel,True,False,True,False,True,True,True,False,CAM,CAM,1,MOMToCAM,True,,,,
lre,fixed,MOM,ReqHdng,True,False,True,False,True,True,True,False,CAM,CAM,1,MOMToCAM,True,,,,
lre,fixed,MOM,ReqMOM,True,False,True,False,True,True,True,False,CAM,CAM,1,MOMToCAM,True,,,,
lre,fixed,MOM,ReqOCM,True,False,True,False,True,True,True,False,CAM,CAM,1,MOMToCAM,True,,,,
lre,fixed,MOM,EndTask,True,False,True,False,True,True,True,False,CAM,CAM,1,MOMToCAM,True,,,,
lre,fixed,MOM,ReqHCM,True,False,True,False,True,True,True,False,CAM,CAM,1,MOMToCAM,True,,,,
lre,fixed,MOM,tick,True,False,True,False,True,True,True,False,CAM,CAM,1,MOMToCAM,True,,,,
lre,fixed,MOM,ReqVel,True,False,True,False,True,True,True,True,CAM,CAM,1,MOMToCAM,True,,,,
lre,fixed,MOM,ReqHdng,True,False,True,False,True,True,True,True,CAM,CAM,1,MOMToCAM,True,,,,
lre,fixed,MOM,ReqMOM,True,False,True,False,True,True,True,True,CAM,CAM,1,MOMToCAM,True,,,,
lre,fixed,MOM,ReqOCM,True,False,True,False,True,True,True,True,CAM,CAM,1,MOMToCAM,True,,,,
lre,fixed,MOM,EndTask,True,False,True,False,True,True,True,True,CAM,CAM,1,MOMToCAM,True,,,,
lre,fixed,MOM,ReqHCM,True,False,True,False,True,True,True,True,CAM,CAM,1,MOMToCAM,True,,,,
lre,fixed,MOM,tick,True,False,True,False,True,True,True,True,CAM,CAM,1,MOMToCAM,True,,,,
lre,fixed,MOM,ReqVel,True,False,True,True,False,False,False,False,CAM,CAM,1,MOMToCAM,True,,,,
lre,fixed,MOM,ReqHdng,True,False,True,True,False,False,False,False,CAM,CAM,1,MOMToCAM,True,,,,
lre,fixed,MOM,ReqMOM,True,False,True,True,False,False,False,False,CAM,CAM,1,MOMToCAM,True,,,,
lre,fixed,MOM,ReqOCM,True,False,True,True,False,False,False,False,CAM,CAM,1,MOMToCAM,True,,,,
lre,fixed,MOM,EndTask,True,False,True,True,False,False,False,False,CAM,CAM,1,MOMToCAM,True,,,,
lre,fixed,MOM,ReqHCM,True,False,True,True,False,False,False,False,CAM,CAM,1,MOMToCAM,True,,,,
lre,fixed,MOM,tick,True,False,True,True,False,False,False,False,CAM,CAM,1,MOMToCAM,True,,,,
lre,fixed,MOM,ReqVel,True,False,True,True,False,False,False,True,CAM,CAM,1,MOMToCAM,True,,,,
lre,fixed,MOM,ReqHdng,True,False,True,True,False,False,False,True,CAM,CAM,1,MOMToCAM,True,,,,
lre,fixed,MOM,ReqMOM,True,False,True,True,False,False,False,True,CAM,CAM,1,MOMToCAM,True,,,,
lre,fixed,MOM,ReqOCM,True,False,True,True,False,False,False,True,CAM,CAM,1,MOMToCAM,True,,,,
lre,fixed,MOM,EndTask,True,False,True,True,False,False,False,True,CAM,CAM,1,MOMToCAM,True,,,,
lre,fixed,MOM,ReqHCM,True,False,True,True,False,False,False,True,CAM,CAM,1,MOMToCAM,True,,,,
lre,fixed,MOM,tick,True,False,True,True,False,False,False,True,CAM,CAM,1,MOMToCAM,True,,,,
lre,fixed,MOM,ReqVel,True,False,True,True,False,False,True,False,CAM,CAM,1,MOMToCAM,True,,,,
lre,fixed,MOM,ReqHdng,True,False,True,True,False,False,True,False,CAM,CAM,1,MOMToCAM,True,,,,
lre,fixed,MOM,ReqMOM,True,False,True,True,False,False,True,False,CAM,CAM,1,MOMToCAM,True,,,,
lre,fixed,MOM,ReqOCM,True,False,True,True,False,False,True,False,CAM,CAM,1,MOMToCAM,True,,,,
lre,fixed,MOM,EndTask,True,False,True,True,False,False,True,False,CAM,CAM,1,MOMToCAM,True,,,,
lre,fixed,MOM,ReqHCM,True,False,True,True,False,False,True,False,CAM,CAM,1,MOMToCAM,True,,,,
lre,fixed,MOM,tick,True,False,True,True,False,False,True,False,CAM,CAM,1,MOMToCAM,True,,,,
lre,fixed,MOM,ReqVel,True,False,True,True,False,False,True,True,CAM,CAM,1,MOMToCAM,True,,,,
lre,fixed,MOM,ReqHdng,True,False,True,True,False,False,True,True,CAM,CAM,1,MOMToCAM,True,,,,
lre,fixed,MOM,ReqMOM,True,False,True,True,False,False,True,True,CAM,CAM,1,MOMToCAM,True,,,,
lre,fixed,MOM,ReqOCM,True,False,True,True,False,False,True,True,CAM,CAM,1,MOMToCAM,True,,,,
lre,fixed,MOM,EndTask,True,False,True,True,False,False,True,True,CAM,CAM,1,MOMToCAM,True,,,,
lre,fixed,MOM,ReqHCM,True,False,True,True,False,False,True,True,CAM,CAM,1,MOMToCAM,True,,,,
lre,fixed,MOM,tick,True,False,True,True,False,False,True,True,CAM,CAM,1,MOMToCAM,True,,,,
lre,fixed,MOM,ReqVel,True,False,True,True,False,True,False,False,CAM,CAM,1,MOMToCAM,True,,,,
lre,fixed,MOM,ReqHdng,True,False,True,True,False,True,False,False,CAM,CAM,1,MOMToCAM,True,,,,
lre,fixed,MOM,ReqMOM,True,False,True,True,False,True,False,False,CAM,CAM,1,MOMToCAM,True,,,,
lre,fixed,MOM,ReqOCM,True,False,True,True,False,True,False,False,CAM,CAM,1,MOMToCAM,True,,,,
lre,fixed,MOM,EndTask,True,False,True,True,False,True,False,False,CAM,CAM,1,MOMToCAM,True,,,,
lre,fixed,MOM,ReqHCM,True,False,True,True,False,True,False,False,CAM,CAM,1,MOMToCAM,True,,,,
lre,fixed,MOM,tick,True,False,True,True,False,True,False,False,CAM,CAM,1,MOMToCAM,True,,,,
lre,fixed,MOM,ReqVel,True,False,True,True,False,True,False,True,CAM,CAM,1,MOMToCAM,True,,,,
lre,fixed,MOM,ReqHdng,True,False,True,True,False,True,False,True,CAM,CAM,1,MOMToCAM,True,,,,
lre,fixed,MOM,ReqMOM,True,False,True,True,False,True,False,True,CAM,CAM,1,MOMToCAM,True,,,,
lre,fixed,MOM,ReqOCM,True,False,True,True,False,True,False,True,CAM,CAM,1,MOMToCAM,True,,,,
lre,fixed,MOM,EndTask,True,False,True,True,False,True,False,True,CAM,CAM,1,MOMToCAM,True,,,,
lre,fixed,MOM,ReqHCM,True,False,True,True,False,True,False,True,CAM,CAM,1,MOMToCAM,True,,,,
lre,fixed,MOM,tick,True,False,True,True,False,True,False,True,CAM,CAM,1,MOMToCAM,True,,,,
lre,fixed,MOM,ReqVel,True,False,True,True,False,True,True,False,CAM,CAM,1,MOMToCAM,True,,,,
lre,fixed,MOM,ReqHdng,True,False,True,True,False,True,True,False,CAM,CAM,1,MOMToCAM,True,,,,
lre,fixed,MOM,ReqMOM,True,False,True,True,False,True,True,False,CAM,CAM,1,MOMToCAM,True,,,,
lre,fixed,MOM,ReqOCM,True,False,True,True,False,True,True,False,CAM,CAM,1,MOMToCAM,True,,,,
lre,fixed,MOM,EndTask,True,False,True,True,False,True,True,False,CAM,CAM,1,MOMToCAM,True,,,,
lre,fixed,MOM,ReqHCM,True,False,True,True,False,True,True,False,CAM,CAM,1,MOMToCAM,True,,,,
lre,fixed,MOM,tick,True,False,True,True,False,True,True,False,CAM,CAM,1,MOMToCAM,True,,,,
lre,fixed,MOM,ReqVel,True,False,True,True,False,True,True,True,CAM,CAM,1,MOMToCAM,True,,,,
lre,fixed,MOM,ReqHdng,True,False,True,True,False,True,True,True,CAM,CAM,1,MOMToCAM,True,,,,
lre,fixed,MOM,ReqMOM,True,False,True,True,False,True,True,True,CAM,CAM,1,MOMToCAM,True,,,,
lre,fixed,MOM,ReqOCM,True,False,True,True,False,True,True,True,CAM,CAM,1,MOMToCAM,True,,,,
lre,fixed,MOM,EndTask,True,False,True,True,False,True,True,True,CAM,CAM,1,MOMToCAM,True,,,,
lre,fixed,MOM,ReqHCM,True,False,True,True,False,True,True,True,CAM,CAM,1,MOMToCAM,True,,,,
lre,fixed,MOM,tick,True,False,True,True,False,True,True,True,CAM,CAM,1,MOMToCAM,True,,,,
lre,fixed,MOM,ReqVel,True,False,True,True,True,False,False,False,CAM,CAM,1,MOMToCAM,True,,,,
lre,fixed,MOM,ReqHdng,True,False,True,True,True,False,False,False,CAM,CAM,1,MOMToCAM,True,,,,
lre,fixed,MOM,ReqMOM,True,False,True,True,True,False,False,False,CAM,CAM,1,MOMToCAM,True,,,,
lre,fixed,MOM,ReqOCM,True,False,True,True,True,False,False,False,CAM,CAM,1,MOMToCAM,True,,,,
lre,fixed,MOM,EndTask,True,False,True,True,True,False,False,False,CAM,CAM,1,MOMToCAM,True,,,,
lre,fixed,MOM,ReqHCM,True,False,True,True,True,False,False,False,CAM,CAM,1,MOMToCAM,True,,,,
lre,fixed,MOM,tick,True,False,True,True,True,False,False,False,CAM,CAM,1,MOMToCAM,True,,,,
lre,fixed,MOM,ReqVel,True,False,True,True,True,False,False,True,CAM,CAM,1,MOMToCAM,True,,,,
lre,fixed,MOM,ReqHdng,True,False,True,True,True,False,False,True,CAM,CAM,1,MOMToCAM,True,,,,
lre,fixed,MOM,ReqMOM,True,False,True,True,True,False,False,True,CAM,CAM,1,MOMToCAM,True,,,,
lre,fixed,MOM,ReqOCM,True,False,True,True,True,False,False,True,CAM,CAM,1,MOMToCAM,True,,,,
lre,fixed,MOM,EndTask,True,False,True,True,True,False,False,True,CAM,CAM,1,MOMToCAM,True,,,,
lre,fixed,MOM,ReqHCM,True,False,True,True,True,False,False,True,CAM,CAM,1,MOMToCAM,True,,,,
lre,fixed,MOM,tick,True,False,True,True,True,False,False,True,CAM,CAM,1,MOMToCAM,True,,,,
lre,fixed,MOM,ReqVel,True,False,True,True,True,False,True,False,CAM,CAM,1,MOMToCAM,True,,,,
lre,fixed,MOM,ReqHdng,True,False,True,True,True,False,True,False,CAM,CAM,1,MOMToCAM,True,,,,
lre,fixed,MOM,ReqMOM,True,False,True,True,True,False,True,False,CAM,CAM,1,MOMToCAM,True,,,,
lre,fixed,MOM,ReqOCM,True,False,True,True,True,False,True,False,CAM,CAM,1,MOMToCAM,True,,,,
lre,fixed,MOM,EndTask,True,False,True,True,True,False,True,False,CAM,CAM,1,MOMToCAM,True,,,,
lre,fixed,MOM,ReqHCM,True,False,True,True,True,False,True,False,CAM,CAM,1,MOMToCAM,True,,,,
lre,fixed,MOM,tick,True,False,True,True,True,False,True,False,CAM,CAM,1,MOMToCAM,True,,,,
lre,fixed,MOM,ReqVel,True,False,True,True,True,False,True,True,CAM,CAM,1,MOMToCAM,True,,,,
lre,fixed,MOM,ReqHdng,True,False,True,True,True,False,True,True,CAM,CAM,1,MOMToCAM,True,,,,
lre,fixed,MOM,ReqMOM,True,False,True,True,True,False,True,True,CAM,CAM,1,MOMToCAM,True,,,,
lre,fixed,MOM,ReqOCM,True,False,True,True,True,False,True,True,CAM,CAM,1,MOMToCAM,True,,,,
lre,fixed,MOM,EndTask,True,False,True,True,True,False,True,True,CAM,CAM,1,MOMToCAM,True,,,,
lre,fixed,MOM,ReqHCM,True,False,True,True,True,False,True,True,CAM,CAM,1,MOMToCAM,True,,,,
lre,fixed,MOM,tick,True,False,True,True,True,False,True,True,CAM,CAM,1,MOMToCAM,True,,,,
lre,fixed,MOM,ReqVel,True,False,True,True,True,True,False,False,CAM,CAM,1,MOMToCAM,True,,,,
lre,fixed,MOM,ReqHdng,True,False,True,True,True,True,False,False,CAM,CAM,1,MOMToCAM,True,,,,
lre,fixed,MOM,ReqMOM,True,False,True,True,True,True,False,False,CAM,CAM,1,MOMToCAM,True,,,,
lre,fixed,MOM,ReqOCM,True,False,True,True,True,True,False,False,CAM,CAM,1,MOMToCAM,True,,,,
lre,fixed,MOM,EndTask,True,False,True,True,True,True,False,False,CAM,CAM,1,MOMToCAM,True,,,,
lre,fixed,MOM,ReqHCM,True,False,True,True,True,True,False,False,CAM,CAM,1,MOMToCAM,True,,,,
lre,fixed,MOM,tick,True,False,True,True,True,True,False,False,CAM,CAM,1,MOMToCAM,True,,,,
lre,fixed,MOM,ReqVel,True,False,True,True,True,True,False,True,CAM,CAM,1,MOMToCAM,True,,,,
lre,fixed,MOM,ReqHdng,True,False,True,True,True,True,False,True,CAM,CAM,1,MOMToCAM,True,,,,
lre,fixed,MOM,ReqMOM,True,False,True,True,True,True,False,True,CAM,CAM,1,MOMToCAM,True,,,,
lre,fixed,MOM,ReqOCM,True,False,True,True,True,True,False,True,CAM,CAM,1,MOMToCAM,True,,,,
lre,fixed,MOM,EndTask,True,False,True,True,True,True,False,True,CAM,CAM,1,MOMToCAM,True,,,,
lre,fixed,MOM,ReqHCM,True,False,True,True,True,True,False,True,CAM,CAM,1,MOMToCAM,True,,,,
lre,fixed,MOM,tick,True,False,True,True,True,True,False,True,CAM,CAM,1,MOMToCAM,True,,,,
lre,fixed,MOM,ReqVel,True,False,True,True,True,True,True,False,CAM,CAM,1,MOMToCAM,True,,,,
lre,fixed,MOM,ReqHdng,True,False,True,True,True,True,True,False,CAM,CAM,1,MOMToCAM,True,,,,
lre,fixed,MOM,ReqMOM,True,False,True,True,True,True,True,False,CAM,CAM,1,MOMToCAM,True,,,,
lre,fixed,MOM,ReqOCM,True,False,True,True,True,True,True,False,CAM,CAM,1,MOMToCAM,True,,,,
lre,fixed,MOM,EndTask,True,False,True,True,True,True,True,False,CAM,CAM,1,MOMToCAM,True,,,,
lre,fixed,MOM,ReqHCM,True,False,True,True,True,True,True,False,CAM,CAM,1,MOMToCAM,True,,,,
lre,fixed,MOM,tick,True,False,True,True,True,True,True,False,CAM,CAM,1,MOMToCAM,True,,,,
lre,fixed,MOM,ReqVel,True,False,True,True,True,True,True,True,CAM,CAM,1,MOMToCAM,True,,,,
lre,fixed,MOM,ReqHdng,True,False,True,True,True,True,True,True,CAM,CAM,1,MOMToCAM,True,,,,
lre,fixed,MOM,ReqMOM,True,False,True,True,True,True,True,True,CAM,CAM,1,MOMToCAM,True,,,,
lre,fixed,MOM,ReqOCM,True,False,True,True,True,True,True,True,CAM,CAM,1,MOMToCAM,True,,,,
lre,fixed,MOM,EndTask,True,False,True,True,True,True,True,True,CAM,CAM,1,MOMToCAM,True,,,,
lre,fixed,MOM,ReqHCM,True,False,True,True,True,True,True,True,CAM,CAM,1,MOMToCAM,True,,,,
lre,fixed,MOM,tick,True,False,True,True,True,True,True,True,CAM,CAM,1,MOMToCAM,True,,,,
lre,fixed,MOM,ReqVel,True,True,False,False,False,False,False,False,CAM,CAM,1,MOMToCAM,True,,,,
lre,fixed,MOM,ReqHdng,True,True,False,False,False,False,False,False,CAM,CAM,1,MOMToCAM,True,,,,
lre,fixed,MOM,ReqMOM,True,True,False,False,False,False,False,False,CAM,CAM,1,MOMToCAM,True,,,,
lre,fixed,MOM,ReqOCM,True,True,False,False,False,False,False,False,CAM,CAM,1,MOMToCAM,True,,,,
lre,fixed,MOM,EndTask,True,True,False,False,False,False,False,False,CAM,CAM,1,MOMToCAM,True,,,,
lre,fixed,MOM,ReqHCM,True,True,False,False,False,False,False,False,CAM,CAM,1,MOMToCAM,True,,,,
lre,fixed,MOM,tick,True,True,False,False,False,False,False,False,CAM,CAM,1,MOMToCAM,True,,,,
lre,fixed,MOM,ReqVel,True,True,False,False,False,False,False,True,CAM,CAM,1,MOMToCAM,True,,,,
lre,fixed,MOM,ReqHdng,True,True,False,False,False,False,False,True,CAM,CAM,1,MOMToCAM,True,,,,
lre,fixed,MOM,ReqMOM,True,True,False,False,False,False,False,True,CAM,CAM,1,MOMToCAM,True,,,,
lre,fixed,MOM,ReqOCM,True,True,False,False,False,False,False,True,CAM,CAM,1,MOMToCAM,True,,,,
lre,fixed,MOM,EndTask,True,True,False,False,False,False,False,True,CAM,CAM,1,MOMToCAM,True,,,,
lre,fixed,MOM,ReqHCM,True,True,False,False,False,False,False,True,CAM,CAM,1,MOMToCAM,True,,,,
lre,fixed,MOM,tick,True,True,False,False,False,False,False,True,CAM,CAM,1,MOMToCAM,True,,,,
lre,fixed,MOM,ReqVel,True,True,False,False,False,False,True,False,CAM,CAM,1,MOMToCAM,True,,,,
lre,fixed,MOM,ReqHdng,True,True,False,False,False,False,True,False,CAM,CAM,1,MOMToCAM,True,,,,
lre,fixed,MOM,ReqMOM,True,True,False,False,False,False,True,False,CAM,CAM,1,MOMToCAM,True,,,,
lre,fixed,MOM,ReqOCM,True,True,False,False,False,False,True,False,CAM,CAM,1,MOMToCAM,True,,,,
lre,fixed,MOM,EndTask,True,True,False,False,False,False,True,False,CAM,CAM,1,MOMToCAM,True,,,,
lre,fixed,MOM,ReqHCM,True,True,False,False,False,False,True,False,CAM,CAM,1,MOMToCAM,True,,,,
lre,fixed,MOM,tick,True,True,False,False,False,False,True,False,CAM,CAM,1,MOMToCAM,True,,,,
lre,fixed,MOM,ReqVel,True,True,False,False,False,False,True,True,CAM,CAM,1,MOMToCAM,True,,,,
lre,fixed,MOM,ReqHdng,True,True,False,False,False,False,True,True,CAM,CAM,1,MOMToCAM,True,,,,
lre,fixed,MOM,ReqMOM,True,True,False,False,False,False,True,True,CAM,CAM,1,MOMToCAM,True,,,,
lre,fixed,MOM,ReqOCM,True,True,False,False,False,False,True,True,CAM,CAM,1,MOMToCAM,True,,,,
lre,fixed,MOM,EndTask,True,True,False,False,False,False,True,True,CAM,CAM,1,MOMToCAM,True,,,,
lre,fixed,MOM,ReqHCM,True,True,False,False,False,False,True,True,CAM,CAM,1,MOMToCAM,True,,,,
lre,fixed,MOM,tick,True,True,False,False,False,False,True,True,CAM,CAM,1,MOMToCAM,True,,,,
lre,fixed,MOM,ReqVel,True,True,False,False,False,True,False,False,CAM,CAM,1,MOMToCAM,True,,,,
lre,fixed,MOM,ReqHdng,True,True,False,False,False,True,False,False,CAM,CAM,1,MOMToCAM,True,,,,
lre,fixed,MOM,ReqMOM,True,True,False,False,False,True,False,False,CAM,CAM,1,MOMToCAM,True,,,,
lre,fixed,MOM,ReqOCM,True,True,False,False,False,True,False,False,CAM,CAM,1,MOMToCAM,True,,,,
lre,fixed,MOM,EndTask,True,True,False,False,False,True,False,False,CAM,CAM,1,MOMToCAM,True,,,,
lre,fixed,MOM,ReqHCM,True,True,False,False,False,True,False,False,CAM,CAM,1,MOMToCAM,True,,,,
lre,fixed,MOM,tick,True,True,False,False,False,True,False,False,CAM,CAM,1,MOMToCAM,True,,,,
lre,fixed,MOM,ReqVel,True,True,False,False,False,True,False,True,CAM,CAM,1,MOMToCAM,True,,,,
lre,fixed,MOM,ReqHdng,True,True,False,False,False,True,False,True,CAM,CAM,1,MOMToCAM,True,,,,
lre,fixed,MOM,ReqMOM,True,True,False,False,False,True,False,True,CAM,CAM,1,MOMToCAM,True,,,,
lre,fixed,MOM,ReqOCM,True,True,False,False,False,True,False,True,CAM,CAM,1,MOMToCAM,True,,,,
lre,fixed,MOM,EndTask,True,True,False,False,False,True,False,True,CAM,CAM,1,MOMToCAM,True,,,,
lre,fixed,MOM,ReqHCM,True,True,False,False,False,True,False,True,CAM,CAM,1,MOMToCAM,True,,,,
lre,fixed,MOM,tick,True,True,False,False,False,True,False,True,CAM,CAM,1,MOMToCAM,True,,,,
lre,fixed,MOM,ReqVel,True,True,False,False,False,True,True,False,CAM,CAM,1,MOMToCAM,True,,,,
lre,fixed,MOM,ReqHdng,True,True,False,False,False,True,True,False,CAM,CAM,1,MOMToCAM,True,,,,
lre,fixed,MOM,ReqMOM,True,True,False,False,False,True,True,False,CAM,CAM,1,MOMToCAM,True,,,,
lre,fixed,MOM,ReqOCM,True,True,False,False,False,True,True,False,CAM,CAM,1,MOMToCAM,True,,,,
lre,fixed,MOM,EndTask,True,True,False,False,False,True,True,False,CAM,CAM,1,MOMToCAM,True,,,,
lre,fixed,MOM,ReqHCM,True,True,False,False,False,True,True,False,CAM,CAM,1,MOMToCAM,True,,,,
lre,fixed,MOM,tick,True,True,False,False,False,True,True,False,CAM,CAM,1,MOMToCAM,True,,,,
lre,fixed,MOM,ReqVel,True,True,False,False,False,True,True,True,CAM,CAM,1,MOMToCAM,True,,,,
lre,fixed,MOM,ReqHdng,True,True,False,False,False,True,True,True,CAM,CAM,1,MOMToCAM,True,,,,
lre,fixed,MOM,ReqMOM,True,True,False,False,False,True,True,True,CAM,CAM,1,MOMToCAM,True,,,,
lre,fixed,MOM,ReqOCM,True,True,False,False,False,True,True,True,CAM,CAM,1,MOMToCAM,True,,,,
lre,fixed,MOM,EndTask,True,True,False,False,False,True,True,True,CAM,CAM,1,MOMToCAM,True,,,,
lre,fixed,MOM,ReqHCM,True,True,False,False,False,True,True,True,CAM,CAM,1,MOMToCAM,True,,,,
lre,fixed,MOM,tick,True,True,False,False,False,True,True,True,CAM,CAM,1,MOMToCAM,True,,,,
lre,fixed,MOM,ReqVel,True,True,False,False,True,False,False,False,CAM,CAM,1,MOMToCAM,True,,,,
lre,fixed,MOM,ReqHdng,True,True,False,False,True,False,False,False,CAM,CAM,1,MOMToCAM,True,,,,
lre,fixed,MOM,ReqMOM,True,True,False,False,True,False,False,False,CAM,CAM,1,MOMToCAM,True,,,,
lre,fixed,MOM,ReqOCM,True,True,False,False,True,False,False,False,CAM,CAM,1,MOMToCAM,True,,,,
lre,fixed,MOM,EndTask,True,True,False,False,True,False,False,False,CAM,CAM,1,MOMToCAM,True,,,,
lre,fixed,MOM,ReqHCM,True,True,False,False,True,False,False,False,CAM,CAM,1,MOMToCAM,True,,,,
lre,fixed,MOM,tick,True,True,False,False,True,False,False,False,CAM,CAM,1,MOMToCAM,True,,,,
lre,fixed,MOM,ReqVel,True,True,False,False,True,False,False,True,CAM,CAM,1,MOMToCAM,True,,,,
lre,fixed,MOM,ReqHdng,True,True,False,False,True,False,False,True,CAM,CAM,1,MOMToCAM,True,,,,
lre,fixed,MOM,ReqMOM,True,True,False,False,True,False,False,True,CAM,CAM,1,MOMToCAM,True,,,,
lre,fixed,MOM,ReqOCM,True,True,False,False,True,False,False,True,CAM,CAM,1,MOMToCAM,True,,,,
lre,fixed,MOM,EndTask,True,True,False,False,True,False,False,True,CAM,CAM,1,MOMToCAM,True,,,,
lre,fixed,MOM,ReqHCM,True,True,False,False,True,False,False,True,CAM,CAM,1,MOMToCAM,True,,,,
lre,fixed,MOM,tick,True,True,False,False,True,False,False,True,CAM,CAM,1,MOMToCAM,True,,,,
lre,fixed,MOM,ReqVel,True,True,False,False,True,False,True,False,CAM,CAM,1,MOMToCAM,True,,,,
lre,fixed,MOM,ReqHdng,True,True,False,False,True,False,True,False,CAM,CAM,1,MOMToCAM,True,,,,
lre,fixed,MOM,ReqMOM,True,True,False,False,True,False,True,False,CAM,CAM,1,MOMToCAM,True,,,,
lre,fixed,MOM,ReqOCM,True,True,False,False,True,False,True,False,CAM,CAM,1,MOMToCAM,True,,,,
lre,fixed,MOM,EndTask,True,True,False,False,True,False,True,False,CAM,CAM,1,MOMToCAM,True,,,,
lre,fixed,MOM,ReqHCM,True,True,False,False,True,False,True,False,CAM,CAM,1,MOMToCAM,True,,,,
lre,fixed,MOM,tick,True,True,False,False,True,False,True,False,CAM,CAM,1,MOMToCAM,True,,,,
lre,fixed,MOM,ReqVel,True,True,False,False,True,False,True,True,CAM,CAM,1,MOMToCAM,True,,,,
lre,fixed,MOM,ReqHdng,True,True,False,False,True,False,True,True,CAM,CAM,1,MOMToCAM,True,,,,
lre,fixed,MOM,ReqMOM,True,True,False,False,True,False,True,True,CAM,CAM,1,MOMToCAM,True,,,,
lre,fixed,MOM,ReqOCM,True,True,False,False,True,False,True,True,CAM,CAM,1,MOMToCAM,True,,,,
lre,fixed,MOM,EndTask,True,True,False,False,True,False,True,True,CAM,CAM,1,MOMToCAM,True,,,,
lre,fixed,MOM,ReqHCM,True,True,False,False,True,False,True,True,CAM,CAM,1,MOMToCAM,True,,,,
lre,fixed,MOM,tick,True,True,False,False,True,False,True,True,CAM,CAM,1,MOMToCAM,True,,,,
lre,fixed,MOM,ReqVel,True,True,False,False,True,True,False,False,CAM,CAM,1,MOMToCAM,True,,,,
lre,fixed,MOM,ReqHdng,True,True,False,False,True,True,False,False,CAM,CAM,1,MOMToCAM,True,,,,
lre,fixed,MOM,ReqMOM,True,True,False,False,True,True,False,False,CAM,CAM,1,MOMToCAM,True,,,,
lre,fixed,MOM,ReqOCM,True,True,False,False,True,True,False,False,CAM,CAM,1,MOMToCAM,True,,,,
lre,fixed,MOM,EndTask,True,True,False,False,True,True,False,False,CAM,CAM,1,MOMToCAM,True,,,,
lre,fixed,MOM,ReqHCM,True,True,False,False,True,True,False,False,CAM,CAM,1,MOMToCAM,True,,,,
lre,fixed,MOM,tick,True,True,False,False,True,True,False,False,CAM,CAM,1,MOMToCAM,True,,,,
lre,fixed,MOM,ReqVel,True,True,False,False,True,True,False,True,CAM,CAM,1,MOMToCAM,True,,,,
lre,fixed,MOM,ReqHdng,True,True,False,False,True,True,False,True,CAM,CAM,1,MOMToCAM,True,,,,
lre,fixed,MOM,ReqMOM,True,True,False,False,True,True,False,True,CAM,CAM,1,MOMToCAM,True,,,,
lre,fixed,MOM,ReqOCM,True,True,False,False,True,True,False,True,CAM,CAM,1,MOMToCAM,True,,,,
lre,fixed,MOM,EndTask,True,True,False,False,True,True,False,True,CAM,CAM,1,MOMToCAM,True,,,,
lre,fixed,MOM,ReqHCM,True,True,False,False,True,True,False,True,CAM,CAM,1,MOMToCAM,True,,,,
lre,fixed,MOM,tick,True,True,False,False,True,True,False,True,CAM,CAM,1,MOMToCAM,True,,,,
lre,fixed,MOM,ReqVel,True,True,False,False,True,True,True,False,CAM,CAM,1,MOMToCAM,True,,,,
lre,fixed,MOM,ReqHdng,True,True,False,False,True,True,True,False,CAM,CAM,1,MOMToCAM,True,,,,
lre,fixed,MOM,ReqMOM,True,True,False,False,True,True,True,False,CAM,CAM,1,MOMToCAM,True,,,,
lre,fixed,MOM,ReqOCM,True,True,False,False,True,True,True,False,CAM,CAM,1,MOMToCAM,True,,,,
lre,fixed,MOM,EndTask,True,True,False,False,True,True,True,False,CAM,CAM,1,MOMToCAM,True,,,,
lre,fixed,MOM,ReqHCM,True,True,False,False,True,True,True,False,CAM,CAM,1,MOMToCAM,True,,,,
lre,fixed,MOM,tick,True,True,False,False,True,True,True,False,CAM,CAM,1,MOMToCAM,True,,,,
lre,fixed,MOM,ReqVel,True,True,False,False,True,True,True,True,CAM,CAM,1,MOMToCAM,True,,,,
lre,fixed,MOM,ReqHdng,True,True,False,False,True,True,True,True,CAM,CAM,1,MOMToCAM,True,,,,
lre,fixed,MOM,ReqMOM,True,True,False,False,True,True,True,True,CAM,CAM,1,MOMToCAM,True,,,,
lre,fixed,MOM,ReqOCM,True,True,False,False,True,True,True,True,CAM,CAM,1,MOMToCAM,True,,,,
lre,fixed,MOM,EndTask,True,True,False,False,True,True,True,True,CAM,CAM,1,MOMToCAM,True,,,,
lre,fixed,MOM,ReqHCM,True,True,False,False,True,True,True,True,CAM,CAM,1,MOMToCAM,True,,,,
lre,fixed,MOM,tick,True,True,False,False,True,True,True,True,CAM,CAM,1,MOMToCAM,True,,,,
lre,fixed,MOM,ReqVel,True,True,False,True,False,False,False,False,CAM,CAM,1,MOMToCAM,True,,,,
lre,fixed,MOM,ReqHdng,True,True,False,True,False,False,False,False,CAM,CAM,1,MOMToCAM,True,,,,
lre,fixed,MOM,ReqMOM,True,True,False,True,False,False,False,False,CAM,CAM,1,MOMToCAM,True,,,,
lre,fixed,MOM,ReqOCM,True,True,False,True,False,False,False,False,CAM,CAM,1,MOMToCAM,True,,,,
lre,fixed,MOM,EndTask,True,True,False,True,False,False,False,False,CAM,CAM,1,MOMToCAM,True,,,,
lre,fixed,MOM,ReqHCM,True,True,False,True,False,False,False,False,CAM,CAM,1,MOMToCAM,True,,,,
lre,fixed,MOM,tick,True,True,False,True,False,False,False,False,CAM,CAM,1,MOMToCAM,True,,,,
lre,fixed,MOM,ReqVel,True,True,False,True,False,False,False,True,CAM,CAM,1,MOMToCAM,True,,,,
lre,fixed,MOM,ReqHdng,True,True,False,True,False,False,False,True,CAM,CAM,1,MOMToCAM,True,,,,
lre,fixed,MOM,ReqMOM,True,True,False,True,False,False,False,True,CAM,CAM,1,MOMToCAM,True,,,,
lre,fixed,MOM,ReqOCM,True,True,False,True,False,False,False,True,CAM,CAM,1,MOMToCAM,True,,,,
lre,fixed,MOM,EndTask,True,True,False,True,False,False,False,True,CAM,CAM,1,MOMToCAM,True,,,,
lre,fixed,MOM,ReqHCM,True,True,False,True,False,False,False,True,CAM,CAM,1,MOMToCAM,True,,,,
lre,fixed,MOM,tick,True,True,False,True,False,False,False,True,CAM,CAM,1,MOMToCAM,True,,,,
lre,fixed,MOM,ReqVel,True,True,False,True,False,False,True,False,CAM,CAM,1,MOMToCAM,True,,,,
lre,fixed,MOM,ReqHdng,True,True,False,True,False,False,True,False,CAM,CAM,1,MOMToCAM,True,,,,
lre,fixed,MOM,ReqMOM,True,True,False,True,False,False,True,False,CAM,CAM,1,MOMToCAM,True,,,,
lre,fixed,MOM,ReqOCM,True,True,False,True,False,False,True,False,CAM,CAM,1,MOMToCAM,True,,,,
lre,fixed,MOM,EndTask,True,True,False,True,False,False,True,False,CAM,CAM,1,MOMToCAM,True,,,,
lre,fixed,MOM,ReqHCM,True,True,False,True,False,False,True,False,CAM,CAM,1,MOMToCAM,True,,,,
lre,fixed,MOM,tick,True,True,False,True,False,False,True,False,CAM,CAM,1,MOMToCAM,True,,,,
lre,fixed,MOM,ReqVel,True,True,False,True,False,False,True,True,CAM,CAM,1,MOMToCAM,True,,,,
lre,fixed,MOM,ReqHdng,True,True,False,True,False,False,True,True,CAM,CAM,1,MOMToCAM,True,,,,
lre,fixed,MOM,ReqMOM,True,True,False,True,False,False,True,True,CAM,CAM,1,MOMToCAM,True,,,,
lre,fixed,MOM,ReqOCM,True,True,False,True,False,False,True,True,CAM,CAM,1,MOMToCAM,True,,,,
lre,fixed,MOM,EndTask,True,True,False,True,False,False,True,True,CAM,CAM,1,MOMToCAM,True,,,,
lre,fixed,MOM,ReqHCM,True,True,False,True,False,False,True,True,CAM,CAM,1,MOMToCAM,True,,,,
lre,fixed,MOM,tick,True,True,False,True,False,False,True,True,CAM,CAM,1,MOMToCAM,True,,,,
lre,fixed,MOM,ReqVel,True,True,False,True,False,True,False,False,CAM,CAM,1,MOMToCAM,True,,,,
lre,fixed,MOM,ReqHdng,True,True,False,True,False,True,False,False,CAM,CAM,1,MOMToCAM,True,,,,
lre,fixed,MOM,ReqMOM,True,True,False,True,False,True,False,False,CAM,CAM,1,MOMToCAM,True,,,,
lre,fixed,MOM,ReqOCM,True,True,False,True,False,True,False,False,CAM,CAM,1,MOMToCAM,True,,,,
lre,fixed,MOM,EndTask,True,True,False,True,False,True,False,False,CAM,CAM,1,MOMToCAM,True,,,,
lre,fixed,MOM,ReqHCM,True,True,False,True,False,True,False,False,CAM,CAM,1,MOMToCAM,True,,,,
lre,fixed,MOM,tick,True,True,False,True,False,True,False,False,CAM,CAM,1,MOMToCAM,True,,,,
lre,fixed,MOM,ReqVel,True,True,False,True,False,True,False,True,CAM,CAM,1,MOMToCAM,True,,,,
lre,fixed,MOM,ReqHdng,True,True,False,True,False,True,False,True,CAM,CAM,1,MOMToCAM,True,,,,
lre,fixed,MOM,ReqMOM,True,True,False,True,False,True,False,True,CAM,CAM,1,MOMToCAM,True,,,,
lre,fixed,MOM,ReqOCM,True,True,False,True,False,True,False,True,CAM,CAM,1,MOMToCAM,True,,,,
lre,fixed,MOM,EndTask,True,True,False,True,False,True,False,True,CAM,CAM,1,MOMToCAM,True,,,,
lre,fixed,MOM,ReqHCM,True,True,False,True,False,True,False,True,CAM,CAM,1,MOMToCAM,True,,,,
lre,fixed,MOM,tick,True,True,False,True,False,True,False,True,CAM,CAM,1,MOMToCAM,True,,,,
lre,fixed,MOM,ReqVel,True,True,False,True,False,True,True,False,CAM,CAM,1,MOMToCAM,True,,,,
lre,fixed,MOM,ReqHdng,True,True,False,True,False,True,True,False,CAM,CAM,1,MOMToCAM,True,,,,
lre,fixed,MOM,ReqMOM,True,True,False,True,False,True,True,False,CAM,CAM,1,MOMToCAM,True,,,,
lre,fixed,MOM,ReqOCM,True,True,False,True,False,True,True,False,CAM,CAM,1,MOMToCAM,True,,,,
lre,fixed,MOM,EndTask,True,True,False,True,False,True,True,False,CAM,CAM,1,MOMToCAM,True,,,,
lre,fixed,MOM,ReqHCM,True,True,False,True,False,True,True,False,CAM,CAM,1,MOMToCAM,True,,,,
lre,fixed,MOM,tick,True,True,False,True,False,True,True,False,CAM,CAM,1,MOMToCAM,True,,,,
lre,fixed,MOM,ReqVel,True,True,False,True,False,True,True,True,CAM,CAM,1,MOMToCAM,True,,,,
lre,fixed,MOM,ReqHdng,True,True,False,True,False,True,True,True,CAM,CAM,1,MOMToCAM,True,,,,
lre,fixed,MOM,ReqMOM,True,True,False,True,False,True,True,True,CAM,CAM,1,MOMToCAM,True,,,,
lre,fixed,MOM,ReqOCM,True,True,False,True,False,True,True,True,CAM,CAM,1,MOMToCAM,True,,,,
lre,fixed,MOM,EndTask,True,True,False,True,False,True,True,True,CAM,CAM,1,MOMToCAM,True,,,,
lre,fixed,MOM,ReqHCM,True,True,False,True,False,True,True,True,CAM,CAM,1,MOMToCAM,True,,,,
lre,fixed,MOM,tick,True,True,False,True,False,True,True,True,CAM,CAM,1,MOMToCAM,True,,,,
lre,fixed,MOM,ReqVel,True,True,False,True,True,False,False,False,CAM,CAM,1,MOMToCAM,True,,,,
lre,fixed,MOM,ReqHdng,True,True,False,True,True,False,False,False,CAM,CAM,1,MOMToCAM,True,,,,
lre,fixed,MOM,ReqMOM,True,True,False,True,True,False,False,False,CAM,CAM,1,MOMToCAM,True,,,,
lre,fixed,MOM,ReqOCM,True,True,False,True,True,False,False,False,CAM,CAM,1,MOMToCAM,True,,,,
lre,fixed,MOM,EndTask,True,True,False,True,True,False,False,False,CAM,CAM,1,MOMToCAM,True,,,,
lre,fixed,MOM,ReqHCM,True,True,False,True,True,False,False,False,CAM,CAM,1,MOMToCAM,True,,,,
lre,fixed,MOM,tick,True,True,False,True,True,False,False,False,CAM,CAM,1,MOMToCAM,True,,,,
lre,fixed,MOM,ReqVel,True,True,False,True,True,False,False,True,CAM,CAM,1,MOMToCAM,True,,,,
lre,fixed,MOM,ReqHdng,True,True,False,True,True,False,False,True,CAM,CAM,1,MOMToCAM,True,,,,
lre,fixed,MOM,ReqMOM,True,True,False,True,True,False,False,True,CAM,CAM,1,MOMToCAM,True,,,,
lre,fixed,MOM,ReqOCM,True,True,False,True,True,False,False,True,CAM,CAM,1,MOMToCAM,True,,,,
lre,fixed,MOM,EndTask,True,True,False,True,True,False,False,True,CAM,CAM,1,MOMToCAM,True,,,,
lre,fixed,MOM,ReqHCM,True,True,False,True,True,False,False,True,CAM,CAM,1,MOMToCAM,True,,,,
lre,fixed,MOM,tick,True,True,False,True,True,False,False,True,CAM,CAM,1,MOMToCAM,True,,,,
lre,fixed,MOM,ReqVel,True,True,False,True,True,False,True,False,CAM,CAM,1,MOMToCAM,True,,,,
lre,fixed,MOM,ReqHdng,True,True,False,True,True,False,True,False,CAM,CAM,1,MOMToCAM,True,,,,
lre,fixed,MOM,ReqMOM,True,True,False,True,True,False,True,False,CAM,CAM,1,MOMToCAM,True,,,,
lre,fixed,MOM,ReqOCM,True,True,False,True,True,False,True,False,CAM,CAM,1,MOMToCAM,True,,,,
lre,fixed,MOM,EndTask,True,True,False,True,True,False,True,False,CAM,CAM,1,MOMToCAM,True,,,,
lre,fixed,MOM,ReqHCM,True,True,False,True,True,False,True,False,CAM,CAM,1,MOMToCAM,True,,,,
lre,fixed,MOM,tick,True,True,False,True,True,False,True,False,CAM,CAM,1,MOMToCAM,True,,,,
lre,fixed,MOM,ReqVel,True,True,False,True,True,False,True,True,CAM,CAM,1,MOMToCAM,True,,,,
lre,fixed,MOM,ReqHdng,True,True,False,True,True,False,True,True,CAM,CAM,1,MOMToCAM,True,,,,
lre,fixed,MOM,ReqMOM,True,True,False,True,True,False,True,True,CAM,CAM,1,MOMToCAM,True,,,,
lre,fixed,MOM,ReqOCM,True,True,False,True,True,False,True,True,CAM,CAM,1,MOMToCAM,True,,,,
lre,fixed,MOM,EndTask,True,True,False,True,True,False,True,True,CAM,CAM,1,MOMToCAM,True,,,,
lre,fixed,MOM,ReqHCM,True,True,False,True,True,False,True,True,CAM,CAM,1,MOMToCAM,True,,,,
lre,fixed,MOM,tick,True,True,False,True,True,False,True,True,CAM,CAM,1,MOMToCAM,True,,,,
lre,fixed,MOM,ReqVel,True,True,False,True,True,True,False,False,CAM,CAM,1,MOMToCAM,True,,,,
lre,fixed,MOM,ReqHdng,True,True,False,True,True,True,False,False,CAM,CAM,1,MOMToCAM,True,,,,
lre,fixed,MOM,ReqMOM,True,True,False,True,True,True,False,False,CAM,CAM,1,MOMToCAM,True,,,,
lre,fixed,MOM,ReqOCM,True,True,False,True,True,True,False,False,CAM,CAM,1,MOMToCAM,True,,,,
lre,fixed,MOM,EndTask,True,True,False,True,True,True,False,False,CAM,CAM,1,MOMToCAM,True,,,,
lre,fixed,MOM,ReqHCM,True,True,False,True,True,True,False,False,CAM,CAM,1,MOMToCAM,True,,,,
lre,fixed,MOM,tick,True,True,False,True,True,True,False,False,CAM,CAM,1,MOMToCAM,True,,,,
lre,fixed,MOM,ReqVel,True,True,False,True,True,True,False,True,CAM,CAM,1,MOMToCAM,True,,,,
lre,fixed,MOM,ReqHdng,True,True,False,True,True,True,False,True,CAM,CAM,1,MOMToCAM,True,,,,
lre,fixed,MOM,ReqMOM,True,True,False,True,True,True,False,True,CAM,CAM,1,MOMToCAM,True,,,,
lre,fixed,MOM,ReqOCM,True,True,False,True,True,True,False,True,CAM,CAM,1,MOMToCAM,True,,,,
lre,fixed,MOM,EndTask,True,True,False,True,True,True,False,True,CAM,CAM,1,MOMToCAM,True,,,,
lre,fixed,MOM,ReqHCM,True,True,False,True,True,True,False,True,CAM,CAM,1,MOMToCAM,True,,,,
lre,fixed,MOM,tick,True,True,False,True,True,True,False,True,CAM,CAM,1,MOMToCAM,True,,,,
lre,fixed,MOM,ReqVel,True,True,False,True,True,True,True,False,CAM,CAM,1,MOMToCAM,True,,,,
lre,fixed,MOM,ReqHdng,True,True,False,True,True,True,True,False,CAM,CAM,1,MOMToCAM,True,,,,
lre,fixed,MOM,ReqMOM,True,True,False,True,True,True,True,False,CAM,CAM,1,MOMToCAM,True,,,,
lre,fixed,MOM,ReqOCM,True,True,False,True,True,True,True,False,CAM,CAM,1,MOMToCAM,True,,,,
lre,fixed,MOM,EndTask,True,True,False,True,True,True,True,False,CAM,CAM,1,MOMToCAM,True,,,,
lre,fixed,MOM,ReqHCM,True,True,False,True,True,True,True,False,CAM,CAM,1,MOMToCAM,True,,,,
lre,fixed,MOM,tick,True,True,False,True,True,True,True,False,CAM,CAM,1,MOMToCAM,True,,,,
lre,fixed,MOM,ReqVel,True,True,False,True,True,True,True,True,CAM,CAM,1,MOMToCAM,True,,,,
lre,fixed,MOM,ReqHdng,True,True,False,True,True,True,True,True,CAM,CAM,1,MOMToCAM,True,,,,
lre,fixed,MOM,ReqMOM,True,True,False,True,True,True,True,True,CAM,CAM,1,MOMToCAM,True,,,,
lre,fixed,MOM,ReqOCM,True,True,False,True,True,True,True,True,CAM,CAM,1,MOMToCAM,True,,,,
lre,fixed,MOM,EndTask,True,True,False,True,True,True,True,True,CAM,CAM,1,MOMToCAM,True,,,,
lre,fixed,MOM,ReqHCM,True,True,False,True,True,True,True,True,CAM,CAM,1,MOMToCAM,True,,,,
lre,fixed,MOM,tick,True,True,False,True,True,True,True,True,CAM,CAM,1,MOMToCAM,True,,,,
lre,fixed,MOM,ReqVel,True,True,True,False,False,False,False,False,CAM,CAM,1,MOMToCAM,True,,,,
lre,fixed,MOM,ReqHdng,True,True,True,False,False,False,False,False,CAM,CAM,1,MOMToCAM,True,,,,
lre,fixed,MOM,ReqMOM,True,True,True,False,False,False,False,False,CAM,CAM,1,MOMToCAM,True,,,,
lre,fixed,MOM,ReqOCM,True,True,True,False,False,False,False,False,CAM,CAM,1,MOMToCAM,True,,,,
lre,fixed,MOM,EndTask,True,True,True,False,False,False,False,False,CAM,CAM,1,MOMToCAM,True,,,,
lre,fixed,MOM,ReqHCM,True,True,True,False,False,False,False,False,CAM,CAM,1,MOMToCAM,True,,,,
lre,fixed,MOM,tick,True,True,True,False,False,False,False,False,CAM,CAM,1,MOMToCAM,True,,,,
lre,fixed,MOM,ReqVel,True,True,True,False,False,False,False,True,CAM,CAM,1,MOMToCAM,True,,,,
lre,fixed,MOM,ReqHdng,True,True,True,False,False,False,False,True,CAM,CAM,1,MOMToCAM,True,,,,
lre,fixed,MOM,ReqMOM,True,True,True,False,False,False,False,True,CAM,CAM,1,MOMToCAM,True,,,,
lre,fixed,MOM,ReqOCM,True,True,True,False,False,False,False,True,CAM,CAM,1,MOMToCAM,True,,,,
lre,fixed,MOM,EndTask,True,True,True,False,False,False,False,True,CAM,CAM,1,MOMToCAM,True,,,,
lre,fixed,MOM,ReqHCM,True,True,True,False,False,False,False,True,CAM,CAM,1,MOMToCAM,True,,,,
lre,fixed,MOM,tick,True,True,True,False,False,False,False,True,CAM,CAM,1,MOMToCAM,True,,,,
lre,fixed,MOM,ReqVel,True,True,True,False,False,False,True,False,CAM,CAM,1,MOMToCAM,True,,,,
lre,fixed,MOM,ReqHdng,True,True,True,False,False,False,True,False,CAM,CAM,1,MOMToCAM,True,,,,
lre,fixed,MOM,ReqMOM,True,True,True,False,False,False,True,False,CAM,CAM,1,MOMToCAM,True,,,,
lre,fixed,MOM,ReqOCM,True,True,True,False,False,False,True,False,CAM,CAM,1,MOMToCAM,True,,,,
lre,fixed,MOM,EndTask,True,True,True,False,False,False,True,False,CAM,CAM,1,MOMToCAM,True,,,,
lre,fixed,MOM,ReqHCM,True,True,True,False,False,False,True,False,CAM,CAM,1,MOMToCAM,True,,,,
lre,fixed,MOM,tick,True,True,True,False,False,False,True,False,CAM,CAM,1,MOMToCAM,True,,,,
lre,fixed,MOM,ReqVel,True,True,True,False,False,False,True,True,CAM,CAM,1,MOMToCAM,True,,,,
lre,fixed,MOM,ReqHdng,True,True,True,False,False,False,True,True,CAM,CAM,1,MOMToCAM,True,,,,
lre,fixed,MOM,ReqMOM,True,True,True,False,False,False,True,True,CAM,CAM,1,MOMToCAM,True,,,,
lre,fixed,MOM,ReqOCM,True,True,True,False,False,False,True,True,CAM,CAM,1,MOMToCAM,True,,,,
lre,fixed,MOM,EndTask,True,True,True,False,False,False,True,True,CAM,CAM,1,MOMToCAM,True,,,,
lre,fixed,MOM,ReqHCM,True,True,True,False,False,False,True,True,CAM,CAM,1,MOMToCAM,True,,,,
lre,fixed,MOM,tick,True,True,True,False,False,False,True,True,CAM,CAM,1,MOMToCAM,True,,,,
lre,fixed,MOM,ReqVel,True,True,True,False,False,True,False,False,CAM,CAM,1,MOMToCAM,True,,,,
lre,fixed,MOM,ReqHdng,True,True,True,False,False,True,False,False,CAM,CAM,1,MOMToCAM,True,,,,
lre,fixed,MOM,ReqMOM,True,True,True,False,False,True,False,False,CAM,CAM,1,MOMToCAM,True,,,,
lre,fixed,MOM,ReqOCM,True,True,True,False,False,True,False,False,CAM,CAM,1,MOMToCAM,True,,,,
lre,fixed,MOM,EndTask,True,True,True,False,False,True,False,False,CAM,CAM,1,MOMToCAM,True,,,,
lre,fixed,MOM,ReqHCM,True,True,True,False,False,True,False,False,CAM,CAM,1,MOMToCAM,True,,,,
lre,fixed,MOM,tick,True,True,True,False,False,True,False,False,CAM,CAM,1,MOMToCAM,True,,,,
lre,fixed,MOM,ReqVel,True,True,True,False,False,True,False,True,CAM,CAM,1,MOMToCAM,True,,,,
lre,fixed,MOM,ReqHdng,True,True,True,False,False,True,False,True,CAM,CAM,1,MOMToCAM,True,,,,
lre,fixed,MOM,ReqMOM,True,True,True,False,False,True,False,True,CAM,CAM,1,MOMToCAM,True,,,,
lre,fixed,MOM,ReqOCM,True,True,True,False,False,True,False,True,CAM,CAM,1,MOMToCAM,True,,,,
lre,fixed,MOM,EndTask,True,True,True,False,False,True,False,True,CAM,CAM,1,MOMToCAM,True,,,,
lre,fixed,MOM,ReqHCM,True,True,True,False,False,True,False,True,CAM,CAM,1,MOMToCAM,True,,,,
lre,fixed,MOM,tick,True,True,True,False,False,True,False,True,CAM,CAM,1,MOMToCAM,True,,,,
lre,fixed,MOM,ReqVel,True,True,True,False,False,True,True,False,CAM,CAM,1,MOMToCAM,True,,,,
lre,fixed,MOM,ReqHdng,True,True,True,False,False,True,True,False,CAM,CAM,1,MOMToCAM,True,,,,
lre,fixed,MOM,ReqMOM,True,True,True,False,False,True,True,False,CAM,CAM,1,MOMToCAM,True,,,,
lre,fixed,MOM,ReqOCM,True,True,True,False,False,True,True,False,CAM,CAM,1,MOMToCAM,True,,,,
lre,fixed,MOM,EndTask,True,True,True,False,False,True,True,False,CAM,CAM,1,MOMToCAM,True,,,,
lre,fixed,MOM,ReqHCM,True,True,True,False,False,True,True,False,CAM,CAM,1,MOMToCAM,True,,,,
lre,fixed,MOM,tick,True,True,True,False,False,True,True,False,CAM,CAM,1,MOMToCAM,True,,,,
lre,fixed,MOM,ReqVel,True,True,True,False,False,True,True,True,CAM,CAM,1,MOMToCAM,True,,,,
lre,fixed,MOM,ReqHdng,True,True,True,False,False,True,True,True,CAM,CAM,1,MOMToCAM,True,,,,
lre,fixed,MOM,ReqMOM,True,True,True,False,False,True,True,True,CAM,CAM,1,MOMToCAM,True,,,,
lre,fixed,MOM,ReqOCM,True,True,True,False,False,True,True,True,CAM,CAM,1,MOMToCAM,True,,,,
lre,fixed,MOM,EndTask,True,True,True,False,False,True,True,True,CAM,CAM,1,MOMToCAM,True,,,,
lre,fixed,MOM,ReqHCM,True,True,True,False,False,True,True,True,CAM,CAM,1,MOMToCAM,True,,,,
lre,fixed,MOM,tick,True,True,True,False,False,True,True,True,CAM,CAM,1,MOMToCAM,True,,,,
lre,fixed,MOM,ReqVel,True,True,True,False,True,False,False,False,CAM,CAM,1,MOMToCAM,True,,,,
lre,fixed,MOM,ReqHdng,True,True,True,False,True,False,False,False,CAM,CAM,1,MOMToCAM,True,,,,
lre,fixed,MOM,ReqMOM,True,True,True,False,True,False,False,False,CAM,CAM,1,MOMToCAM,True,,,,
lre,fixed,MOM,ReqOCM,True,True,True,False,True,False,False,False,CAM,CAM,1,MOMToCAM,True,,,,
lre,fixed,MOM,EndTask,True,True,True,False,True,False,False,False,CAM,CAM,1,MOMToCAM,True,,,,
lre,fixed,MOM,ReqHCM,True,True,True,False,True,False,False,False,CAM,CAM,1,MOMToCAM,True,,,,
lre,fixed,MOM,tick,True,True,True,False,True,False,False,False,CAM,CAM,1,MOMToCAM,True,,,,
lre,fixed,MOM,ReqVel,True,True,True,False,True,False,False,True,CAM,CAM,1,MOMToCAM,True,,,,
lre,fixed,MOM,ReqHdng,True,True,True,False,True,False,False,True,CAM,CAM,1,MOMToCAM,True,,,,
lre,fixed,MOM,ReqMOM,True,True,True,False,True,False,False,True,CAM,CAM,1,MOMToCAM,True,,,,
lre,fixed,MOM,ReqOCM,True,True,True,False,True,False,False,True,CAM,CAM,1,MOMToCAM,True,,,,
lre,fixed,MOM,EndTask,True,True,True,False,True,False,False,True,CAM,CAM,1,MOMToCAM,True,,,,
lre,fixed,MOM,ReqHCM,True,True,True,False,True,False,False,True,CAM,CAM,1,MOMToCAM,True,,,,
lre,fixed,MOM,tick,True,True,True,False,True,False,False,True,CAM,CAM,1,MOMToCAM,True,,,,
lre,fixed,MOM,ReqVel,True,True,True,False,True,False,True,False,CAM,CAM,1,MOMToCAM,True,,,,
lre,fixed,MOM,ReqHdng,True,True,True,False,True,False,True,False,CAM,CAM,1,MOMToCAM,True,,,,
lre,fixed,MOM,ReqMOM,True,True,True,False,True,False,True,False,CAM,CAM,1,MOMToCAM,True,,,,
lre,fixed,MOM,ReqOCM,True,True,True,False,True,False,True,False,CAM,CAM,1,MOMToCAM,True,,,,
lre,fixed,MOM,EndTask,True,True,True,False,True,False,True,False,CAM,CAM,1,MOMToCAM,True,,,,
lre,fixed,MOM,ReqHCM,True,True,True,False,True,False,True,False,CAM,CAM,1,MOMToCAM,True,,,,
lre,fixed,MOM,tick,True,True,True,False,True,False,True,False,CAM,CAM,1,MOMToCAM,True,,,,
lre,fixed,MOM,ReqVel,True,True,True,False,True,False,True,True,CAM,CAM,1,MOMToCAM,True,,,,
lre,fixed,MOM,ReqHdng,True,True,True,False,True,False,True,True,CAM,CAM,1,MOMToCAM,True,,,,
lre,fixed,MOM,ReqMOM,True,True,True,False,True,False,True,True,CAM,CAM,1,MOMToCAM,True,,,,
lre,fixed,MOM,ReqOCM,True,True,True,False,True,False,True,True,CAM,CAM,1,MOMToCAM,True,,,,
lre,fixed,MOM,EndTask,True,True,True,False,True,False,True,True,CAM,CAM,1,MOMToCAM,True,,,,
lre,fixed,MOM,ReqHCM,True,True,True,False,True,False,True,True,CAM,CAM,1,MOMToCAM,True,,,,
lre,fixed,MOM,tick,True,True,True,False,True,False,True,True,CAM,CAM,1,MOMToCAM,True,,,,
lre,fixed,MOM,ReqVel,True,True,True,False,True,True,False,False,CAM,CAM,1,MOMToCAM,True,,,,
lre,fixed,MOM,ReqHdng,True,True,True,False,True,True,False,False,CAM,CAM,1,MOMToCAM,True,,,,
lre,fixed,MOM,ReqMOM,True,True,True,False,True,True,False,False,CAM,CAM,1,MOMToCAM,True,,,,
lre,fixed,MOM,ReqOCM,True,True,True,False,True,True,False,False,CAM,CAM,1,MOMToCAM,True,,,,
lre,fixed,MOM,EndTask,True,True,True,False,True,True,False,False,CAM,CAM,1,MOMToCAM,True,,,,
lre,fixed,MOM,ReqHCM,True,True,True,False,True,True,False,False,CAM,CAM,1,MOMToCAM,True,,,,
lre,fixed,MOM,tick,True,True,True,False,True,True,False,False,CAM,CAM,1,MOMToCAM,True,,,,
lre,fixed,MOM,ReqVel,True,True,True,False,True,True,False,True,CAM,CAM,1,MOMToCAM,True,,,,
lre,fixed,MOM,ReqHdng,True,True,True,False,True,True,False,True,CAM,CAM,1,MOMToCAM,True,,,,
lre,fixed,MOM,ReqMOM,True,True,True,False,True,True,False,True,CAM,CAM,1,MOMToCAM,True,,,,
lre,fixed,MOM,ReqOCM,True,True,True,False,True,True,False,True,CAM,CAM,1,MOMToCAM,True,,,,
lre,fixed,MOM,EndTask,True,True,True,False,True,True,False,True,CAM,CAM,1,MOMToCAM,True,,,,
lre,fixed,MOM,ReqHCM,True,True,True,False,True,True,False,True,CAM,CAM,1,MOMToCAM,True,,,,
lre,fixed,MOM,tick,True,True,True,False,True,True,False,True,CAM,CAM,1,MOMToCAM,True,,,,
lre,fixed,MOM,ReqVel,True,True,True,False,True,True,True,False,CAM,CAM,1,MOMToCAM,True,,,,
lre,fixed,MOM,ReqHdng,True,True,True,False,True,True,True,False,CAM,CAM,1,MOMToCAM,True,,,,
lre,fixed,MOM,ReqMOM,True,True,True,False,True,True,True,False,CAM,CAM,1,MOMToCAM,True,,,,
lre,fixed,MOM,ReqOCM,True,True,True,False,True,True,True,False,CAM,CAM,1,MOMToCAM,True,,,,
lre,fixed,MOM,EndTask,True,True,True,False,True,True,True,False,CAM,CAM,1,MOMToCAM,True,,,,
lre,fixed,MOM,ReqHCM,True,True,True,False,True,True,True,False,CAM,CAM,1,MOMToCAM,True,,,,
lre,fixed,MOM,tick,True,True,True,False,True,True,True,False,CAM,CAM,1,MOMToCAM,True,,,,
lre,fixed,MOM,ReqVel,True,True,True,False,True,True,True,True,CAM,CAM,1,MOMToCAM,True,,,,
lre,fixed,MOM,ReqHdng,True,True,True,False,True,True,True,True,CAM,CAM,1,MOMToCAM,True,,,,
lre,fixed,MOM,ReqMOM,True,True,True,False,True,True,True,True,CAM,CAM,1,MOMToCAM,True,,,,
lre,fixed,MOM,ReqOCM,True,True,True,False,True,True,True,True,CAM,CAM,1,MOMToCAM,True,,,,
lre,fixed,MOM,EndTask,True,True,True,False,True,True,True,True,CAM,CAM,1,MOMToCAM,True,,,,
lre,fixed,MOM,ReqHCM,True,True,True,False,True,True,True,True,CAM,CAM,1,MOMToCAM,True,,,,
lre,fixed,MOM,tick,True,True,True,False,True,True,True,True,CAM,CAM,1,MOMToCAM,True,,,,
lre,fixed,MOM,ReqVel,True,True,True,True,False,False,False,False,CAM,CAM,1,MOMToCAM,True,,,,
lre,fixed,MOM,ReqHdng,True,True,True,True,False,False,False,False,CAM,CAM,1,MOMToCAM,True,,,,
lre,fixed,MOM,ReqMOM,True,True,True,True,False,False,False,False,CAM,CAM,1,MOMToCAM,True,,,,
lre,fixed,MOM,ReqOCM,True,True,True,True,False,False,False,False,CAM,CAM,1,MOMToCAM,True,,,,
lre,fixed,MOM,EndTask,True,True,True,True,False,False,False,False,CAM,CAM,1,MOMToCAM,True,,,,
lre,fixed,MOM,ReqHCM,True,True,True,True,False,False,False,False,CAM,CAM,1,MOMToCAM,True,,,,
lre,fixed,MOM,tick,True,True,True,True,False,False,False,False,CAM,CAM,1,MOMToCAM,True,,,,
lre,fixed,MOM,ReqVel,True,True,True,True,False,False,False,True,CAM,CAM,1,MOMToCAM,True,,,,
lre,fixed,MOM,ReqHdng,True,True,True,True,False,False,False,True,CAM,CAM,1,MOMToCAM,True,,,,
lre,fixed,MOM,ReqMOM,True,True,True,True,False,False,False,True,CAM,CAM,1,MOMToCAM,True,,,,
lre,fixed,MOM,ReqOCM,True,True,True,True,False,False,False,True,CAM,CAM,1,MOMToCAM,True,,,,
lre,fixed,MOM,EndTask,True,True,True,True,False,False,False,True,CAM,CAM,1,MOMToCAM,True,,,,
lre,fixed,MOM,ReqHCM,True,True,True,True,False,False,False,True,CAM,CAM,1,MOMToCAM,True,,,,
lre,fixed,MOM,tick,True,True,True,True,False,False,False,True,CAM,CAM,1,MOMToCAM,True,,,,
lre,fixed,MOM,ReqVel,True,True,True,True,False,False,True,False,CAM,CAM,1,MOMToCAM,True,,,,
lre,fixed,MOM,ReqHdng,True,True,True,True,False,False,True,False,CAM,CAM,1,MOMToCAM,True,,,,
lre,fixed,MOM,ReqMOM,True,True,True,True,False,False,True,False,CAM,CAM,1,MOMToCAM,True,,,,
lre,fixed,MOM,ReqOCM,True,True,True,True,False,False,True,False,CAM,CAM,1,MOMToCAM,True,,,,
lre,fixed,MOM,EndTask,True,True,True,True,False,False,True,False,CAM,CAM,1,MOMToCAM,True,,,,
lre,fixed,MOM,ReqHCM,True,True,True,True,False,False,True,False,CAM,CAM,1,MOMToCAM,True,,,,
lre,fixed,MOM,tick,True,True,True,True,False,False,True,False,CAM,CAM,1,MOMToCAM,True,,,,
lre,fixed,MOM,ReqVel,True,True,True,True,False,False,True,True,CAM,CAM,1,MOMToCAM,True,,,,
lre,fixed,MOM,ReqHdng,True,True,True,True,False,False,True,True,CAM,CAM,1,MOMToCAM,True,,,,
lre,fixed,MOM,ReqMOM,True,True,True,True,False,False,True,True,CAM,CAM,1,MOMToCAM,True,,,,
lre,fixed,MOM,ReqOCM,True,True,True,True,False,False,True,True,CAM,CAM,1,MOMToCAM,True,,,,
lre,fixed,MOM,EndTask,True,True,True,True,False,False,True,True,CAM,CAM,1,MOMToCAM,True,,,,
lre,fixed,MOM,ReqHCM,True,True,True,True,False,False,True,True,CAM,CAM,1,MOMToCAM,True,,,,
lre,fixed,MOM,tick,True,True,True,True,False,False,True,True,CAM,CAM,1,MOMToCAM,True,,,,
lre,fixed,MOM,ReqVel,True,True,True,True,False,True,False,False,CAM,CAM,1,MOMToCAM,True,,,,
lre,fixed,MOM,ReqHdng,True,True,True,True,False,True,False,False,CAM,CAM,1,MOMToCAM,True,,,,
lre,fixed,MOM,ReqMOM,True,True,True,True,False,True,False,False,CAM,CAM,1,MOMToCAM,True,,,,
lre,fixed,MOM,ReqOCM,True,True,True,True,False,True,False,False,CAM,CAM,1,MOMToCAM,True,,,,
lre,fixed,MOM,EndTask,True,True,True,True,False,True,False,False,CAM,CAM,1,MOMToCAM,True,,,,
lre,fixed,MOM,ReqHCM,True,True,True,True,False,True,False,False,CAM,CAM,1,MOMToCAM,True,,,,
lre,fixed,MOM,tick,True,True,True,True,False,True,False,False,CAM,CAM,1,MOMToCAM,True,,,,
lre,fixed,MOM,ReqVel,True,True,True,True,False,True,False,True,CAM,CAM,1,MOMToCAM,True,,,,
lre,fixed,MOM,ReqHdng,True,True,True,True,False,True,False,True,CAM,CAM,1,MOMToCAM,True,,,,
lre,fixed,MOM,ReqMOM,True,True,True,True,False,True,False,True,CAM,CAM,1,MOMToCAM,True,,,,
lre,fixed,MOM,ReqOCM,True,True,True,True,False,True,False,True,CAM,CAM,1,MOMToCAM,True,,,,
lre,fixed,MOM,EndTask,True,True,True,True,False,True,False,True,CAM,CAM,1,MOMToCAM,True,,,,
lre,fixed,MOM,ReqHCM,True,True,True,True,False,True,False,True,CAM,CAM,1,MOMToCAM,True,,,,
lre,fixed,MOM,tick,True,True,True,True,False,True,False,True,CAM,CAM,1,MOMToCAM,True,,,,
lre,fixed,MOM,ReqVel,True,True,True,True,False,True,True,False,CAM,CAM,1,MOMToCAM,True,,,,
lre,fixed,MOM,ReqHdng,True,True,True,True,False,True,True,False,CAM,CAM,1,MOMToCAM,True,,,,
lre,fixed,MOM,ReqMOM,True,True,True,True,False,True,True,False,CAM,CAM,1,MOMToCAM,True,,,,
lre,fixed,MOM,ReqOCM,True,True,True,True,False,True,True,False,CAM,CAM,1,MOMToCAM,True,,,,
lre,fixed,MOM,EndTask,True,True,True,True,False,True,True,False,CAM,CAM,1,MOMToCAM,True,,,,
lre,fixed,MOM,ReqHCM,True,True,True,True,False,True,True,False,CAM,CAM,1,MOMToCAM,True,,,,
lre,fixed,MOM,tick,True,True,True,True,False,True,True,False,CAM,CAM,1,MOMToCAM,True,,,,
lre,fixed,MOM,ReqVel,True,True,True,True,False,True,True,True,CAM,CAM,1,MOMToCAM,True,,,,
lre,fixed,MOM,ReqHdng,True,True,True,True,False,True,True,True,CAM,CAM,1,MOMToCAM,True,,,,
lre,fixed,MOM,ReqMOM,True,True,True,True,False,True,True,True,CAM,CAM,1,MOMToCAM,True,,,,
lre,fixed,MOM,ReqOCM,True,True,True,True,False,True,True,True,CAM,CAM,1,MOMToCAM,True,,,,
lre,fixed,MOM,EndTask,True,True,True,True,False,True,True,True,CAM,CAM,1,MOMToCAM,True,,,,
lre,fixed,MOM,ReqHCM,True,True,True,True,False,True,True,True,CAM,CAM,1,MOMToCAM,True,,,,
lre,fixed,MOM,tick,True,True,True,True,False,True,True,True,CAM,CAM,1,MOMToCAM,True,,,,
lre,fixed,MOM,ReqVel,True,True,True,True,True,False,False,False,CAM,CAM,1,MOMToCAM,True,,,,
lre,fixed,MOM,ReqHdng,True,True,True,True,True,False,False,False,CAM,CAM,1,MOMToCAM,True,,,,
lre,fixed,MOM,ReqMOM,True,True,True,True,True,False,False,False,CAM,CAM,1,MOMToCAM,True,,,,
lre,fixed,MOM,ReqOCM,True,True,True,True,True,False,False,False,CAM,CAM,1,MOMToCAM,True,,,,
lre,fixed,MOM,EndTask,True,True,True,True,True,False,False,False,CAM,CAM,1,MOMToCAM,True,,,,
lre,fixed,MOM,ReqHCM,True,True,True,True,True,False,False,False,CAM,CAM,1,MOMToCAM,True,,,,
lre,fixed,MOM,tick,True,True,True,True,True,False,False,False,CAM,CAM,1,MOMToCAM,True,,,,
lre,fixed,MOM,ReqVel,True,True,True,True,True,False,False,True,CAM,CAM,1,MOMToCAM,True,,,,
lre,fixed,MOM,ReqHdng,True,True,True,True,True,False,False,True,CAM,CAM,1,MOMToCAM,True,,,,
lre,fixed,MOM,ReqMOM,True,True,True,True,True,False,False,True,CAM,CAM,1,MOMToCAM,True,,,,
lre,fixed,MOM,ReqOCM,True,True,True,True,True,False,False,True,CAM,CAM,1,MOMToCAM,True,,,,
lre,fixed,MOM,EndTask,True,True,True,True,True,False,False,True,CAM,CAM,1,MOMToCAM,True,,,,
lre,fixed,MOM,ReqHCM,True,True,True,True,True,False,False,True,CAM,CAM,1,MOMToCAM,True,,,,
lre,fixed,MOM,tick,True,True,True,True,True,False,False,True,CAM,CAM,1,MOMToCAM,True,,,,
lre,fixed,MOM,ReqVel,True,True,True,True,True,False,True,False,CAM,CAM,1,MOMToCAM,True,,,,
lre,fixed,MOM,ReqHdng,True,True,True,True,True,False,True,False,CAM,CAM,1,MOMToCAM,True,,,,
lre,fixed,MOM,ReqMOM,True,True,True,True,True,False,True,False,CAM,CAM,1,MOMToCAM,True,,,,
lre,fixed,MOM,ReqOCM,True,True,True,True,True,False,True,False,CAM,CAM,1,MOMToCAM,True,,,,
lre,fixed,MOM,EndTask,True,True,True,True,True,False,True,False,CAM,CAM,1,MOMToCAM,True,,,,
lre,fixed,MOM,ReqHCM,True,True,True,True,True,False,True,False,CAM,CAM,1,MOMToCAM,True,,,,
lre,fixed,MOM,tick,True,True,True,True,True,False,True,False,CAM,CAM,1,MOMToCAM,True,,,,
lre,fixed,MOM,ReqVel,True,True,True,True,True,False,True,True,CAM,CAM,1,MOMToCAM,True,,,,
lre,fixed,MOM,ReqHdng,True,True,True,True,True,False,True,True,CAM,CAM,1,MOMToCAM,True,,,,
lre,fixed,MOM,ReqMOM,True,True,True,True,True,False,True,True,CAM,CAM,1,MOMToCAM,True,,,,
lre,fixed,MOM,ReqOCM,True,True,True,True,True,False,True,True,CAM,CAM,1,MOMToCAM,True,,,,
lre,fixed,MOM,EndTask,True,True,True,True,True,False,True,True,CAM,CAM,1,MOMToCAM,True,,,,
lre,fixed,MOM,ReqHCM,True,True,True,True,True,False,True,True,CAM,CAM,1,MOMToCAM,True,,,,
lre,fixed,MOM,tick,True,True,True,True,True,False,True,True,CAM,CAM,1,MOMToCAM,True,,,,
lre,fixed,MOM,ReqVel,True,True,True,True,True,True,False,False,CAM,CAM,1,MOMToCAM,True,,,,
lre,fixed,MOM,ReqHdng,True,True,True,True,True,True,False,False,CAM,CAM,1,MOMToCAM,True,,,,
lre,fixed,MOM,ReqMOM,True,True,True,True,True,True,False,False,CAM,CAM,1,MOMToCAM,True,,,,
lre,fixed,MOM,ReqOCM,True,True,True,True,True,True,False,False,CAM,CAM,1,MOMToCAM,True,,,,
lre,fixed,MOM,EndTask,True,True,True,True,True,True,False,False,CAM,CAM,1,MOMToCAM,True,,,,
lre,fixed,MOM,ReqHCM,True,True,True,True,True,True,False,False,CAM,CAM,1,MOMToCAM,True,,,,
lre,fixed,MOM,tick,True,True,True,True,True,True,False,False,CAM,CAM,1,MOMToCAM,True,,,,
lre,fixed,MOM,ReqVel,True,True,True,True,True,True,False,True,CAM,CAM,1,MOMToCAM,True,,,,
lre,fixed,MOM,ReqHdng,True,True,True,True,True,True,False,True,CAM,CAM,1,MOMToCAM,True,,,,
lre,fixed,MOM,ReqMOM,True,True,True,True,True,True,False,True,CAM,CAM,1,MOMToCAM,True,,,,
lre,fixed,MOM,ReqOCM,True,True,True,True,True,True,False,True,CAM,CAM,1,MOMToCAM,True,,,,
lre,fixed,MOM,EndTask,True,True,True,True,True,True,False,True,CAM,CAM,1,MOMToCAM,True,,,,
lre,fixed,MOM,ReqHCM,True,True,True,True,True,True,False,True,CAM,CAM,1,MOMToCAM,True,,,,
lre,fixed,MOM,tick,True,True,True,True,True,True,False,True,CAM,CAM,1,MOMToCAM,True,,,,
lre,fixed,MOM,ReqVel,True,True,True,True,True,True,True,False,CAM,CAM,1,MOMToCAM,True,,,,
lre,fixed,MOM,ReqHdng,True,True,True,True,True,True,True,False,CAM,CAM,1,MOMToCAM,True,,,,
lre,fixed,MOM,ReqMOM,True,True,True,True,True,True,True,False,CAM,CAM,1,MOMToCAM,True,,,,
lre,fixed,MOM,ReqOCM,True,True,True,True,True,True,True,False,CAM,CAM,1,MOMToCAM,True,,,,
lre,fixed,MOM,EndTask,True,True,True,True,True,True,True,False,CAM,CAM,1,MOMToCAM,True,,,,
lre,fixed,MOM,ReqHCM,True,True,True,True,True,True,True,False,CAM,CAM,1,MOMToCAM,True,,,,
lre,fixed,MOM,tick,True,True,True,True,True,True,True,False,CAM,CAM,1,MOMToCAM,True,,,,
lre,fixed,MOM,ReqVel,True,True,True,True,True,True,True,True,CAM,CAM,1,MOMToCAM,True,,,,
lre,fixed,MOM,ReqHdng,True,True,True,True,True,True,True,True,CAM,CAM,1,MOMToCAM,True,,,,
lre,fixed,MOM,ReqMOM,True,True,True,True,True,True,True,True,CAM,CAM,1,MOMToCAM,True,,,,
lre,fixed,MOM,ReqOCM,True,True,True,True,True,True,True,True,CAM,CAM,1,MOMToCAM,True,,,,
lre,fixed,MOM,EndTask,True,True,True,True,True,True,True,True,CAM,CAM,1,MOMToCAM,True,,,,
lre,fixed,MOM,ReqHCM,True,True,True,True,True,True,True,True,CAM,CAM,1,MOMToCAM,True,,,,
lre,fixed,MOM,tick,True,True,True,True,True,True,True,True,CAM,CAM,1,MOMToCAM,True,,,,
lre,fixed,HCM,ReqVel,False,False,False,False,False,False,False,False,HCM,HCM,0,-,True,,,,
lre,fixed,HCM,ReqHdng,False,False,False,False,False,False,False,False,HCM,HCM,0,-,True,,,,
lre,fixed,HCM,ReqMOM,False,False,False,False,False,False,False,False,HCM,HCM,0,-,True,,,,
lre,fixed,HCM,ReqOCM,False,False,False,False,False,False,False,False,OCM,OCM,1,HCMToOCM_1,True,,,,
lre,fixed,HCM,EndTask,False,False,False,False,False,False,False,False,HCM,HCM,0,-,True,,,,
lre,fixed,HCM,ReqHCM,False,False,False,False,False,False,False,False,HCM,HCM,0,-,True,,,,
lre,fixed,HCM,tick,False,False,False,False,False,False,False,False,HCM,HCM,0,-,True,,,,
lre,fixed,HCM,ReqVel,False,False,False,False,False,False,False,True,HCM,HCM,0,-,True,,,,
lre,fixed,HCM,ReqHdng,False,False,False,False,False,False,False,True,HCM,HCM,0,-,True,,,,
lre,fixed,HCM,ReqMOM,False,False,False,False,False,False,False,True,HCM,HCM,0,-,True,,,,
lre,fixed,HCM,ReqOCM,False,False,False,False,False,False,False,True,OCM,OCM,1,HCMToOCM_1,True,,,,
lre,fixed,HCM,EndTask,False,False,False,False,False,False,False,True,HCM,HCM,0,-,True,,,,
lre,fixed,HCM,ReqHCM,False,False,False,False,False,False,False,True,HCM,HCM,0,-,True,,,,
lre,fixed,HCM,tick,False,False,False,False,False,False,False,True,HCM,HCM,0,-,True,,,,
lre,fixed,HCM,ReqVel,False,False,False,False,False,False,True,False,HCM,HCM,0,-,True,,,,
lre,fixed,HCM,ReqHdng,False,False,False,False,False,False,True,False,HCM,HCM,0,-,True,,,,
lre,fixed,HCM,ReqMOM,False,False,False,False,False,False,True,False,HCM,HCM,0,-,True,,,,
lre,fixed,HCM,ReqOCM,False,False,False,False,False,False,True,False,OCM,OCM,1,HCMToOCM_1,True,,,,
lre,fixed,HCM,EndTask,False,False,False,False,False,False,True,False,HCM,HCM,0,-,True,,,,
lre,fixed,HCM,ReqHCM,False,False,False,False,False,False,True,False,HCM,HCM,0,-,True,,,,
lre,fixed,HCM,tick,False,False,False,False,False,False,True,False,HCM,HCM,0,-,True,,,,
lre,fixed,HCM,ReqVel,False,False,False,False,False,False,True,True,HCM,HCM,0,-,True,,,,
lre,fixed,HCM,ReqHdng,False,False,False,False,False,False,True,True,HCM,HCM,0,-,True,,,,
lre,fixed,HCM,ReqMOM,False,False,False,False,False,False,True,True,HCM,HCM,0,-,True,,,,
lre,fixed,HCM,ReqOCM,False,False,False,False,False,False,True,True,OCM,OCM,1,HCMToOCM_1,True,,,,
lre,fixed,HCM,EndTask,False,False,False,False,False,False,True,True,HCM,HCM,0,-,True,,,,
lre,fixed,HCM,ReqHCM,False,False,False,False,False,False,True,True,HCM,HCM,0,-,True,,,,
lre,fixed,HCM,tick,False,False,False,False,False,False,True,True,HCM,HCM,0,-,True,,,,
lre,fixed,HCM,ReqVel,False,False,False,False,False,True,False,False,HCM,HCM,0,-,True,,,,
lre,fixed,HCM,ReqHdng,False,False,False,False,False,True,False,False,HCM,HCM,0,-,True,,,,
lre,fixed,HCM,ReqMOM,False,False,False,False,False,True,False,False,HCM,HCM,0,-,True,,,,
lre,fixed,HCM,ReqOCM,False,False,False,False,False,True,False,False,OCM,OCM,1,HCMToOCM_1,True,,,,
lre,fixed,HCM,EndTask,False,False,False,False,False,True,False,False,HCM,HCM,0,-,True,,,,
lre,fixed,HCM,ReqHCM,False,False,False,False,False,True,False,False,HCM,HCM,0,-,True,,,,
lre,fixed,HCM,tick,False,False,False,False,False,True,False,False,HCM,HCM,0,-,True,,,,
lre,fixed,HCM,ReqVel,False,False,False,False,False,True,False,True,HCM,HCM,0,-,True,,,,
lre,fixed,HCM,ReqHdng,False,False,False,False,False,True,False,True,HCM,HCM,0,-,True,,,,
lre,fixed,HCM,ReqMOM,False,False,False,False,False,True,False,True,HCM,HCM,0,-,True,,,,
lre,fixed,HCM,ReqOCM,False,False,False,False,False,True,False,True,OCM,OCM,1,HCMToOCM_1,True,,,,
lre,fixed,HCM,EndTask,False,False,False,False,False,True,False,True,HCM,HCM,0,-,True,,,,
lre,fixed,HCM,ReqHCM,False,False,False,False,False,True,False,True,HCM,HCM,0,-,True,,,,
lre,fixed,HCM,tick,False,False,False,False,False,True,False,True,HCM,HCM,0,-,True,,,,
lre,fixed,HCM,ReqVel,False,False,False,False,False,True,True,False,HCM,HCM,0,-,True,,,,
lre,fixed,HCM,ReqHdng,False,False,False,False,False,True,True,False,HCM,HCM,0,-,True,,,,
lre,fixed,HCM,ReqMOM,False,False,False,False,False,True,True,False,HCM,HCM,0,-,True,,,,
lre,fixed,HCM,ReqOCM,False,False,False,False,False,True,True,False,OCM,OCM,1,HCMToOCM_1,True,,,,
lre,fixed,HCM,EndTask,False,False,False,False,False,True,True,False,HCM,HCM,0,-,True,,,,
lre,fixed,HCM,ReqHCM,False,False,False,False,False,True,True,False,HCM,HCM,0,-,True,,,,
lre,fixed,HCM,tick,False,False,False,False,False,True,True,False,HCM,HCM,0,-,True,,,,
lre,fixed,HCM,ReqVel,False,False,False,False,False,True,True,True,HCM,HCM,0,-,True,,,,
lre,fixed,HCM,ReqHdng,False,False,False,False,False,True,True,True,HCM,HCM,0,-,True,,,,
lre,fixed,HCM,ReqMOM,False,False,False,False,False,True,True,True,HCM,HCM,0,-,True,,,,
lre,fixed,HCM,ReqOCM,False,False,False,False,False,True,True,True,OCM,OCM,1,HCMToOCM_1,True,,,,
lre,fixed,HCM,EndTask,False,False,False,False,False,True,True,True,HCM,HCM,0,-,True,,,,
lre,fixed,HCM,ReqHCM,False,False,False,False,False,True,True,True,HCM,HCM,0,-,True,,,,
lre,fixed,HCM,tick,False,False,False,False,False,True,True,True,HCM,HCM,0,-,True,,,,
lre,fixed,HCM,ReqVel,False,False,False,False,True,False,False,False,HCM,HCM,0,-,True,,,,
lre,fixed,HCM,ReqHdng,False,False,False,False,True,False,False,False,HCM,HCM,0,-,True,,,,
lre,fixed,HCM,ReqMOM,False,False,False,False,True,False,False,False,HCM,HCM,0,-,True,,,,
lre,fixed,HCM,ReqOCM,False,False,False,False,True,False,False,False,OCM,OCM,1,HCMToOCM_1,True,,,,
lre,fixed,HCM,EndTask,False,False,False,False,True,False,False,False,HCM,HCM,0,-,True,,,,
lre,fixed,HCM,ReqHCM,False,False,False,False,True,False,False,False,HCM,HCM,0,-,True,,,,
lre,fixed,HCM,tick,False,False,False,False,True,False,False,False,HCM,HCM,0,-,True,,,,
lre,fixed,HCM,ReqVel,False,False,False,False,True,False,False,True,HCM,HCM,0,-,True,,,,
lre,fixed,HCM,ReqHdng,False,False,False,False,True,False,False,True,HCM,HCM,0,-,True,,,,
lre,fixed,HCM,ReqMOM,False,False,False,False,True,False,False,True,HCM,HCM,0,-,True,,,,
lre,fixed,HCM,ReqOCM,False,False,False,False,True,False,False,True,OCM,OCM,1,HCMToOCM_1,True,,,,
lre,fixed,HCM,EndTask,False,False,False,False,True,False,False,True,HCM,HCM,0,-,True,,,,
lre,fixed,HCM,ReqHCM,False,False,False,False,True,False,False,True,HCM,HCM,0,-,True,,,,
lre,fixed,HCM,tick,False,False,False,False,True,False,False,True,HCM,HCM,0,-,True,,,,
lre,fixed,HCM,ReqVel,False,False,False,False,True,False,True,False,HCM,HCM,0,-,True,,,,
lre,fixed,HCM,ReqHdng,False,False,False,False,True,False,True,False,HCM,HCM,0,-,True,,,,
lre,fixed,HCM,ReqMOM,False,False,False,False,True,False,True,False,HCM,HCM,0,-,True,,,,
lre,fixed,HCM,ReqOCM,False,False,False,False,True,False,True,False,OCM,OCM,1,HCMToOCM_1,True,,,,
lre,fixed,HCM,EndTask,False,False,False,False,True,False,True,False,HCM,HCM,0,-,True,,,,
lre,fixed,HCM,ReqHCM,False,False,False,False,True,False,True,False,HCM,HCM,0,-,True,,,,
lre,fixed,HCM,tick,False,False,False,False,True,False,True,False,HCM,HCM,0,-,True,,,,
lre,fixed,HCM,ReqVel,False,False,False,False,True,False,True,True,HCM,HCM,0,-,True,,,,
lre,fixed,HCM,ReqHdng,False,False,False,False,True,False,True,True,HCM,HCM,0,-,True,,,,
lre,fixed,HCM,ReqMOM,False,False,False,False,True,False,True,True,HCM,HCM,0,-,True,,,,
lre,fixed,HCM,ReqOCM,False,False,False,False,True,False,True,True,OCM,OCM,1,HCMToOCM_1,True,,,,
lre,fixed,HCM,EndTask,False,False,False,False,True,False,True,True,HCM,HCM,0,-,True,,,,
lre,fixed,HCM,ReqHCM,False,False,False,False,True,False,True,True,HCM,HCM,0,-,True,,,,
lre,fixed,HCM,tick,False,False,False,False,True,False,True,True,HCM,HCM,0,-,True,,,,
lre,fixed,HCM,ReqVel,False,False,False,False,True,True,False,False,HCM,HCM,0,-,True,,,,
lre,fixed,HCM,ReqHdng,False,False,False,False,True,True,False,False,HCM,HCM,0,-,True,,,,
lre,fixed,HCM,ReqMOM,False,False,False,False,True,True,False,False,HCM,HCM,0,-,True,,,,
lre,fixed,HCM,ReqOCM,False,False,False,False,True,True,False,False,OCM,OCM,1,HCMToOCM_1,True,,,,
lre,fixed,HCM,EndTask,False,False,False,False,True,True,False,False,HCM,HCM,0,-,True,,,,
lre,fixed,HCM,ReqHCM,False,False,False,False,True,True,False,False,HCM,HCM,0,-,True,,,,
lre,fixed,HCM,tick,False,False,False,False,True,True,False,False,HCM,HCM,0,-,True,,,,
lre,fixed,HCM,ReqVel,False,False,False,False,True,True,False,True,HCM,HCM,0,-,True,,,,
lre,fixed,HCM,ReqHdng,False,False,False,False,True,True,False,True,HCM,HCM,0,-,True,,,,
lre,fixed,HCM,ReqMOM,False,False,False,False,True,True,False,True,HCM,HCM,0,-,True,,,,
lre,fixed,HCM,ReqOCM,False,False,False,False,True,True,False,True,OCM,OCM,1,HCMToOCM_1,True,,,,
lre,fixed,HCM,EndTask,False,False,False,False,True,True,False,True,HCM,HCM,0,-,True,,,,
lre,fixed,HCM,ReqHCM,False,False,False,False,True,True,False,True,HCM,HCM,0,-,True,,,,
lre,fixed,HCM,tick,False,False,False,False,True,True,False,True,HCM,HCM,0,-,True,,,,
lre,fixed,HCM,ReqVel,False,False,False,False,True,True,True,False,HCM,HCM,0,-,True,,,,
lre,fixed,HCM,ReqHdng,False,False,False,False,True,True,True,False,HCM,HCM,0,-,True,,,,
lre,fixed,HCM,ReqMOM,False,False,False,False,True,True,True,False,HCM,HCM,0,-,True,,,,
lre,fixed,HCM,ReqOCM,False,False,False,False,True,True,True,False,OCM,OCM,1,HCMToOCM_1,True,,,,
lre,fixed,HCM,EndTask,False,False,False,False,True,True,True,False,HCM,HCM,0,-,True,,,,
lre,fixed,HCM,ReqHCM,False,False,False,False,True,True,True,False,HCM,HCM,0,-,True,,,,
lre,fixed,HCM,tick,False,False,False,False,True,True,True,False,HCM,HCM,0,-,True,,,,
lre,fixed,HCM,ReqVel,False,False,False,False,True,True,True,True,HCM,HCM,0,-,True,,,,
lre,fixed,HCM,ReqHdng,False,False,False,False,True,True,True,True,HCM,HCM,0,-,True,,,,
lre,fixed,HCM,ReqMOM,False,False,False,False,True,True,True,True,HCM,HCM,0,-,True,,,,
lre,fixed,HCM,ReqOCM,False,False,False,False,True,True,True,True,OCM,OCM,1,HCMToOCM_1,True,,,,
lre,fixed,HCM,EndTask,False,False,False,False,True,True,True,True,HCM,HCM,0,-,True,,,,
lre,fixed,HCM,ReqHCM,False,False,False,False,True,True,True,True,HCM,HCM,0,-,True,,,,
lre,fixed,HCM,tick,False,False,False,False,True,True,True,True,HCM,HCM,0,-,True,,,,
lre,fixed,HCM,ReqVel,False,False,False,True,False,False,False,False,MOM,MOM,1,HCMToMOM,True,,,,
lre,fixed,HCM,ReqHdng,False,False,False,True,False,False,False,False,MOM,MOM,1,HCMToMOM,True,,,,
lre,fixed,HCM,ReqMOM,False,False,False,True,False,False,False,False,MOM,MOM,1,HCMToMOM,True,,,,
lre,fixed,HCM,ReqOCM,False,False,False,True,False,False,False,False,MOM,MOM,1,HCMToMOM,True,,,,
lre,fixed,HCM,EndTask,False,False,False,True,False,False,False,False,MOM,MOM,1,HCMToMOM,True,,,,
lre,fixed,HCM,ReqHCM,False,False,False,True,False,False,False,False,MOM,MOM,1,HCMToMOM,True,,,,
lre,fixed,HCM,tick,False,False,False,True,False,False,False,False,MOM,MOM,1,HCMToMOM,True,,,,
lre,fixed,HCM,ReqVel,False,False,False,True,False,False,False,True,MOM,MOM,1,HCMToMOM,True,,,,
lre,fixed,HCM,ReqHdng,False,False,False,True,False,False,False,True,MOM,MOM,1,HCMToMOM,True,,,,
lre,fixed,HCM,ReqMOM,False,False,False,True,False,False,False,True,MOM,MOM,1,HCMToMOM,True,,,,
lre,fixed,HCM,ReqOCM,False,False,False,True,False,False,False,True,MOM,MOM,1,HCMToMOM,True,,,,
lre,fixed,HCM,EndTask,False,False,False,True,False,False,False,True,MOM,MOM,1,HCMToMOM,True,,,,
lre,fixed,HCM,ReqHCM,False,False,False,True,False,False,False,True,MOM,MOM,1,HCMToMOM,True,,,,
lre,fixed,HCM,tick,False,False,False,True,False,False,False,True,MOM,MOM,1,HCMToMOM,True,,,,
lre,fixed,HCM,ReqVel,False,False,False,True,False,False,True,False,MOM,MOM,1,HCMToMOM,True,,,,
lre,fixed,HCM,ReqHdng,False,False,False,True,False,False,True,False,MOM,MOM,1,HCMToMOM,True,,,,
lre,fixed,HCM,ReqMOM,False,False,False,True,False,False,True,False,MOM,MOM,1,HCMToMOM,True,,,,
lre,fixed,HCM,ReqOCM,False,False,False,True,False,False,True,False,MOM,MOM,1,HCMToMOM,True,,,,
lre,fixed,HCM,EndTask,False,False,False,True,False,False,True,False,MOM,MOM,1,HCMToMOM,True,,,,
lre,fixed,HCM,ReqHCM,False,False,False,True,False,False,True,False,MOM,MOM,1,HCMToMOM,True,,,,
lre,fixed,HCM,tick,False,False,False,True,False,False,True,False,MOM,MOM,1,HCMToMOM,True,,,,
lre,fixed,HCM,ReqVel,False,False,False,True,False,False,True,True,MOM,MOM,1,HCMToMOM,True,,,,
lre,fixed,HCM,ReqHdng,False,False,False,True,False,False,True,True,MOM,MOM,1,HCMToMOM,True,,,,
lre,fixed,HCM,ReqMOM,False,False,False,True,False,False,True,True,MOM,MOM,1,HCMToMOM,True,,,,
lre,fixed,HCM,ReqOCM,False,False,False,True,False,False,True,True,MOM,MOM,1,HCMToMOM,True,,,,
lre,fixed,HCM,EndTask,False,False,False,True,False,False,True,True,MOM,MOM,1,HCMToMOM,True,,,,
lre,fixed,HCM,ReqHCM,False,False,False,True,False,False,True,True,MOM,MOM,1,HCMToMOM,True,,,,
lre,fixed,HCM,tick,False,False,False,True,False,False,True,True,MOM,MOM,1,HCMToMOM,True,,,,
lre,fixed,HCM,ReqVel,False,False,False,True,False,True,False,False,MOM,MOM,1,HCMToMOM,True,,,,
lre,fixed,HCM,ReqHdng,False,False,False,True,False,True,False,False,MOM,MOM,1,HCMToMOM,True,,,,
lre,fixed,HCM,ReqMOM,False,False,False,True,False,True,False,False,MOM,MOM,1,HCMToMOM,True,,,,
lre,fixed,HCM,ReqOCM,False,False,False,True,False,True,False,False,MOM,MOM,1,HCMToMOM,True,,,,
lre,fixed,HCM,EndTask,False,False,False,True,False,True,False,False,MOM,MOM,1,HCMToMOM,True,,,,
lre,fixed,HCM,ReqHCM,False,False,False,True,False,True,False,False,MOM,MOM,1,HCMToMOM,True,,,,
lre,fixed,HCM,tick,False,False,False,True,False,True,False,False,MOM,MOM,1,HCMToMOM,True,,,,
lre,fixed,HCM,ReqVel,False,False,False,True,False,True,False,True,MOM,MOM,1,HCMToMOM,True,,,,
lre,fixed,HCM,ReqHdng,False,False,False,True,False,True,False,True,MOM,MOM,1,HCMToMOM,True,,,,
lre,fixed,HCM,ReqMOM,False,False,False,True,False,True,False,True,MOM,MOM,1,HCMToMOM,True,,,,
lre,fixed,HCM,ReqOCM,False,False,False,True,False,True,False,True,MOM,MOM,1,HCMToMOM,True,,,,
lre,fixed,HCM,EndTask,False,False,False,True,False,True,False,True,MOM,MOM,1,HCMToMOM,True,,,,
lre,fixed,HCM,ReqHCM,False,False,False,True,False,True,False,True,MOM,MOM,1,HCMToMOM,True,,,,
lre,fixed,HCM,tick,False,False,False,True,False,True,False,True,MOM,MOM,1,HCMToMOM,True,,,,
lre,fixed,HCM,ReqVel,False,False,False,True,False,True,True,False,MOM,MOM,1,HCMToMOM,True,,,,
lre,fixed,HCM,ReqHdng,False,False,False,True,False,True,True,False,MOM,MOM,1,HCMToMOM,True,,,,
lre,fixed,HCM,ReqMOM,False,False,False,True,False,True,True,False,MOM,MOM,1,HCMToMOM,True,,,,
lre,fixed,HCM,ReqOCM,False,False,False,True,False,True,True,False,MOM,MOM,1,HCMToMOM,True,,,,
lre,fixed,HCM,EndTask,False,False,False,True,False,True,True,False,MOM,MOM,1,HCMToMOM,True,,,,
lre,fixed,HCM,ReqHCM,False,False,False,True,False,True,True,False,MOM,MOM,1,HCMToMOM,True,,,,
lre,fixed,HCM,tick,False,False,False,True,False,True,True,False,MOM,MOM,1,HCMToMOM,True,,,,
lre,fixed,HCM,ReqVel,False,False,False,True,False,True,True,True,MOM,MOM,1,HCMToMOM,True,,,,
lre,fixed,HCM,ReqHdng,False,False,False,True,False,True,True,True,MOM,MOM,1,HCMToMOM,True,,,,
lre,fixed,HCM,ReqMOM,False,False,False,True,False,True,True,True,MOM,MOM,1,HCMToMOM,True,,,,
lre,fixed,HCM,ReqOCM,False,False,False,True,False,True,True,True,MOM,MOM,1,HCMToMOM,True,,,,
lre,fixed,HCM,EndTask,False,False,False,True,False,True,True,True,MOM,MOM,1,HCMToMOM,True,,,,
lre,fixed,HCM,ReqHCM,False,False,False,True,False,True,True,True,MOM,MOM,1,HCMToMOM,True,,,,
lre,fixed,HCM,tick,False,False,False,True,False,True,True,True,MOM,MOM,1,HCMToMOM,True,,,,
lre,fixed,HCM,ReqVel,False,False,False,True,True,False,False,False,MOM,MOM,1,HCMToMOM,True,,,,
lre,fixed,HCM,ReqHdng,False,False,False,True,True,False,False,False,MOM,MOM,1,HCMToMOM,True,,,,
lre,fixed,HCM,ReqMOM,False,False,False,True,True,False,False,False,MOM,MOM,1,HCMToMOM,True,,,,
lre,fixed,HCM,ReqOCM,False,False,False,True,True,False,False,False,MOM,MOM,1,HCMToMOM,True,,,,
lre,fixed,HCM,EndTask,False,False,False,True,True,False,False,False,MOM,MOM,1,HCMToMOM,True,,,,
lre,fixed,HCM,ReqHCM,False,False,False,True,True,False,False,False,MOM,MOM,1,HCMToMOM,True,,,,
lre,fixed,HCM,tick,False,False,False,True,True,False,False,False,MOM,MOM,1,HCMToMOM,True,,,,
lre,fixed,HCM,ReqVel,False,False,False,True,True,False,False,True,MOM,MOM,1,HCMToMOM,True,,,,
lre,fixed,HCM,ReqHdng,False,False,False,True,True,False,False,True,MOM,MOM,1,HCMToMOM,True,,,,
lre,fixed,HCM,ReqMOM,False,False,False,True,True,False,False,True,MOM,MOM,1,HCMToMOM,True,,,,
lre,fixed,HCM,ReqOCM,False,False,False,True,True,False,False,True,MOM,MOM,1,HCMToMOM,True,,,,
lre,fixed,HCM,EndTask,False,False,False,True,True,False,False,True,MOM,MOM,1,HCMToMOM,True,,,,
lre,fixed,HCM,ReqHCM,False,False,False,True,True,False,False,True,MOM,MOM,1,HCMToMOM,True,,,,
lre,fixed,HCM,tick,False,False,False,True,True,False,False,True,MOM,MOM,1,HCMToMOM,True,,,,
lre,fixed,HCM,ReqVel,False,False,False,True,True,False,True,False,MOM,MOM,1,HCMToMOM,True,,,,
lre,fixed,HCM,ReqHdng,False,False,False,True,True,False,True,False,MOM,MOM,1,HCMToMOM,True,,,,
lre,fixed,HCM,ReqMOM,False,False,False,True,True,False,True,False,MOM,MOM,1,HCMToMOM,True,,,,
lre,fixed,HCM,ReqOCM,False,False,False,True,True,False,True,False,MOM,MOM,1,HCMToMOM,True,,,,
lre,fixed,HCM,EndTask,False,False,False,True,True,False,True,False,MOM,MOM,1,HCMToMOM,True,,,,
lre,fixed,HCM,ReqHCM,False,False,False,True,True,False,True,False,MOM,MOM,1,HCMToMOM,True,,,,
lre,fixed,HCM,tick,False,False,False,True,True,False,True,False,MOM,MOM,1,HCMToMOM,True,,,,
lre,fixed,HCM,ReqVel,False,False,False,True,True,False,True,True,MOM,MOM,1,HCMToMOM,True,,,,
lre,fixed,HCM,ReqHdng,False,False,False,True,True,False,True,True,MOM,MOM,1,HCMToMOM,True,,,,
lre,fixed,HCM,ReqMOM,False,False,False,True,True,False,True,True,MOM,MOM,1,HCMToMOM,True,,,,
lre,fixed,HCM,ReqOCM,False,False,False,True,True,False,True,True,MOM,MOM,1,HCMToMOM,True,,,,
lre,fixed,HCM,EndTask,False,False,False,True,True,False,True,True,MOM,MOM,1,HCMToMOM,True,,,,
lre,fixed,HCM,ReqHCM,False,False,False,True,True,False,True,True,MOM,MOM,1,HCMToMOM,True,,,,
lre,fixed,HCM,tick,False,False,False,True,True,False,True,True,MOM,MOM,1,HCMToMOM,True,,,,
lre,fixed,HCM,ReqVel,False,False,False,True,True,True,False,False,MOM,MOM,1,HCMToMOM,True,,,,
lre,fixed,HCM,ReqHdng,False,False,False,True,True,True,False,False,MOM,MOM,1,HCMToMOM,True,,,,
lre,fixed,HCM,ReqMOM,False,False,False,True,True,True,False,False,MOM,MOM,1,HCMToMOM,True,,,,
lre,fixed,HCM,ReqOCM,False,False,False,True,True,True,False,False,MOM,MOM,1,HCMToMOM,True,,,,
lre,fixed,HCM,EndTask,False,False,False,True,True,True,False,False,MOM,MOM,1,HCMToMOM,True,,,,
lre,fixed,HCM,ReqHCM,False,False,False,True,True,True,False,False,MOM,MOM,1,HCMToMOM,True,,,,
lre,fixed,HCM,tick,False,False,False,True,True,True,False,False,MOM,MOM,1,HCMToMOM,True,,,,
lre,fixed,HCM,ReqVel,False,False,False,True,True,True,False,True,MOM,MOM,1,HCMToMOM,True,,,,
lre,fixed,HCM,ReqHdng,False,False,False,True,True,True,False,True,MOM,MOM,1,HCMToMOM,True,,,,
lre,fixed,HCM,ReqMOM,False,False,False,True,True,True,False,True,MOM,MOM,1,HCMToMOM,True,,,,
lre,fixed,HCM,ReqOCM,False,False,False,True,True,True,False,True,MOM,MOM,1,HCMToMOM,True,,,,
lre,fixed,HCM,EndTask,False,False,False,True,True,True,False,True,MOM,MOM,1,HCMToMOM,True,,,,
lre,fixed,HCM,ReqHCM,False,False,False,True,True,True,False,True,MOM,MOM,1,HCMToMOM,True,,,,
lre,fixed,HCM,tick,False,False,False,True,True,True,False,True,MOM,MOM,1,HCMToMOM,True,,,,
lre,fixed,HCM,ReqVel,False,False,False,True,True,True,True,False,MOM,MOM,1,HCMToMOM,True,,,,
lre,fixed,HCM,ReqHdng,False,False,False,True,True,True,True,False,MOM,MOM,1,HCMToMOM,True,,,,
lre,fixed,HCM,ReqMOM,False,False,False,True,True,True,True,False,MOM,MOM,1,HCMToMOM,True,,,,
lre,fixed,HCM,ReqOCM,False,False,False,True,True,True,True,False,MOM,MOM,1,HCMToMOM,True,,,,
lre,fixed,HCM,EndTask,False,False,False,True,True,True,True,False,MOM,MOM,1,HCMToMOM,True,,,,
lre,fixed,HCM,ReqHCM,False,False,False,True,True,True,True,False,MOM,MOM,1,HCMToMOM,True,,,,
lre,fixed,HCM,tick,False,False,False,True,True,True,True,False,MOM,MOM,1,HCMToMOM,True,,,,
lre,fixed,HCM,ReqVel,False,False,False,True,True,True,True,True,MOM,MOM,1,HCMToMOM,True,,,,
lre,fixed,HCM,ReqHdng,False,False,False,True,True,True,True,True,MOM,MOM,1,HCMToMOM,True,,,,
lre,fixed,HCM,ReqMOM,False,False,False,True,True,True,True,True,MOM,MOM,1,HCMToMOM,True,,,,
lre,fixed,HCM,ReqOCM,False,False,False,True,True,True,True,True,MOM,MOM,1,HCMToMOM,True,,,,
lre,fixed,HCM,EndTask,False,False,False,True,True,True,True,True,MOM,MOM,1,HCMToMOM,True,,,,
lre,fixed,HCM,ReqHCM,False,False,False,True,True,True,True,True,MOM,MOM,1,HCMToMOM,True,,,,
lre,fixed,HCM,tick,False,False,False,True,True,True,True,True,MOM,MOM,1,HCMToMOM,True,,,,
lre,fixed,HCM,ReqVel,False,False,True,False,False,False,False,False,OCM,OCM,1,HCMToOCM,True,,,,
lre,fixed,HCM,ReqHdng,False,False,True,False,False,False,False,False,OCM,OCM,1,HCMToOCM,True,,,,
lre,fixed,HCM,ReqMOM,False,False,True,False,False,False,False,False,OCM,OCM,1,HCMToOCM,True,,,,
lre,fixed,HCM,ReqOCM,False,False,True,False,False,False,False,False,OCM,OCM,1,HCMToOCM,True,,,,
lre,fixed,HCM,EndTask,False,False,True,False,False,False,False,False,OCM,OCM,1,HCMToOCM,True,,,,
lre,fixed,HCM,ReqHCM,False,False,True,False,False,False,False,False,OCM,OCM,1,HCMToOCM,True,,,,
lre,fixed,HCM,tick,False,False,True,False,False,False,False,False,OCM,OCM,1,HCMToOCM,True,,,,
lre,fixed,HCM,ReqVel,False,False,True,False,False,False,False,True,OCM,OCM,1,HCMToOCM,True,,,,
lre,fixed,HCM,ReqHdng,False,False,True,False,False,False,False,True,OCM,OCM,1,HCMToOCM,True,,,,
lre,fixed,HCM,ReqMOM,False,False,True,False,False,False,False,True,OCM,OCM,1,HCMToOCM,True,,,,
lre,fixed,HCM,ReqOCM,False,False,True,False,False,False,False,True,OCM,OCM,1,HCMToOCM,True,,,,
lre,fixed,HCM,EndTask,False,False,True,False,False,False,False,True,OCM,OCM,1,HCMToOCM,True,,,,
lre,fixed,HCM,ReqHCM,False,False,True,False,False,False,False,True,OCM,OCM,1,HCMToOCM,True,,,,
lre,fixed,HCM,tick,False,False,True,False,False,False,False,True,OCM,OCM,1,HCMToOCM,True,,,,
lre,fixed,HCM,ReqVel,False,False,True,False,False,False,True,False,OCM,OCM,1,HCMToOCM,True,,,,
lre,fixed,HCM,ReqHdng,False,False,True,False,False,False,True,False,OCM,OCM,1,HCMToOCM,True,,,,
lre,fixed,HCM,ReqMOM,False,False,True,False,False,False,True,False,OCM,OCM,1,HCMToOCM,True,,,,
lre,fixed,HCM,ReqOCM,False,False,True,False,False,False,True,False,OCM,OCM,1,HCMToOCM,True,,,,
lre,fixed,HCM,EndTask,False,False,True,False,False,False,True,False,OCM,OCM,1,HCMToOCM,True,,,,
lre,fixed,HCM,ReqHCM,False,False,True,False,False,False,True,False,OCM,OCM,1,HCMToOCM,True,,,,
lre,fixed,HCM,tick,False,False,True,False,False,False,True,False,OCM,OCM,1,HCMToOCM,True,,,,
lre,fixed,HCM,ReqVel,False,False,True,False,False,False,True,True,OCM,OCM,1,HCMToOCM,True,,,,
lre,fixed,HCM,ReqHdng,False,False,True,False,False,False,True,True,OCM,OCM,1,HCMToOCM,True,,,,
lre,fixed,HCM,ReqMOM,False,False,True,False,False,False,True,True,OCM,OCM,1,HCMToOCM,True,,,,
lre,fixed,HCM,ReqOCM,False,False,True,False,False,False,True,True,OCM,OCM,1,HCMToOCM,True,,,,
lre,fixed,HCM,EndTask,False,False,True,False,False,False,True,True,OCM,OCM,1,HCMToOCM,True,,,,
lre,fixed,HCM,ReqHCM,False,False,True,False,False,False,True,True,OCM,OCM,1,HCMToOCM,True,,,,
lre,fixed,HCM,tick,False,False,True,False,False,False,True,True,OCM,OCM,1,HCMToOCM,True,,,,
lre,fixed,HCM,ReqVel,False,False,True,False,False,True,False,False,OCM,OCM,1,HCMToOCM,True,,,,
lre,fixed,HCM,ReqHdng,False,False,True,False,False,True,False,False,OCM,OCM,1,HCMToOCM,True,,,,
lre,fixed,HCM,ReqMOM,False,False,True,False,False,True,False,False,OCM,OCM,1,HCMToOCM,True,,,,
lre,fixed,HCM,ReqOCM,False,False,True,False,False,True,False,False,OCM,OCM,1,HCMToOCM,True,,,,
lre,fixed,HCM,EndTask,False,False,True,False,False,True,False,False,OCM,OCM,1,HCMToOCM,True,,,,
lre,fixed,HCM,ReqHCM,False,False,True,False,False,True,False,False,OCM,OCM,1,HCMToOCM,True,,,,
lre,fixed,HCM,tick,False,False,True,False,False,True,False,False,OCM,OCM,1,HCMToOCM,True,,,,
lre,fixed,HCM,ReqVel,False,False,True,False,False,True,False,True,OCM,OCM,1,HCMToOCM,True,,,,
lre,fixed,HCM,ReqHdng,False,False,True,False,False,True,False,True,OCM,OCM,1,HCMToOCM,True,,,,
lre,fixed,HCM,ReqMOM,False,False,True,False,False,True,False,True,OCM,OCM,1,HCMToOCM,True,,,,
lre,fixed,HCM,ReqOCM,False,False,True,False,False,True,False,True,OCM,OCM,1,HCMToOCM,True,,,,
lre,fixed,HCM,EndTask,False,False,True,False,False,True,False,True,OCM,OCM,1,HCMToOCM,True,,,,
lre,fixed,HCM,ReqHCM,False,False,True,False,False,True,False,True,OCM,OCM,1,HCMToOCM,True,,,,
lre,fixed,HCM,tick,False,False,True,False,False,True,False,True,OCM,OCM,1,HCMToOCM,True,,,,
lre,fixed,HCM,ReqVel,False,False,True,False,False,True,True,False,OCM,OCM,1,HCMToOCM,True,,,,
lre,fixed,HCM,ReqHdng,False,False,True,False,False,True,True,False,OCM,OCM,1,HCMToOCM,True,,,,
lre,fixed,HCM,ReqMOM,False,False,True,False,False,True,True,False,OCM,OCM,1,HCMToOCM,True,,,,
lre,fixed,HCM,ReqOCM,False,False,True,False,False,True,True,False,OCM,OCM,1,HCMToOCM,True,,,,
lre,fixed,HCM,EndTask,False,False,True,False,False,True,True,False,OCM,OCM,1,HCMToOCM,True,,,,
lre,fixed,HCM,ReqHCM,False,False,True,False,False,True,True,False,OCM,OCM,1,HCMToOCM,True,,,,
lre,fixed,HCM,tick,False,False,True,False,False,True,True,False,OCM,OCM,1,HCMToOCM,True,,,,
lre,fixed,HCM,ReqVel,False,False,True,False,False,True,True,True,OCM,OCM,1,HCMToOCM,True,,,,
lre,fixed,HCM,ReqHdng,False,False,True,False,False,True,True,True,OCM,OCM,1,HCMToOCM,True,,,,
lre,fixed,HCM,ReqMOM,False,False,True,False,False,True,True,True,OCM,OCM,1,HCMToOCM,True,,,,
lre,fixed,HCM,ReqOCM,False,False,True,False,False,True,True,True,OCM,OCM,1,HCMToOCM,True,,,,
lre,fixed,HCM,EndTask,False,False,True,False,False,True,True,True,OCM,OCM,1,HCMToOCM,True,,,,
lre,fixed,HCM,ReqHCM,False,False,True,False,False,True,True,True,OCM,OCM,1,HCMToOCM,True,,,,
lre,fixed,HCM,tick,False,False,True,False,False,True,True,True,OCM,OCM,1,HCMToOCM,True,,,,
lre,fixed,HCM,ReqVel,False,False,True,False,True,False,False,False,OCM,OCM,1,HCMToOCM,True,,,,
lre,fixed,HCM,ReqHdng,False,False,True,False,True,False,False,False,OCM,OCM,1,HCMToOCM,True,,,,
lre,fixed,HCM,ReqMOM,False,False,True,False,True,False,False,False,OCM,OCM,1,HCMToOCM,True,,,,
lre,fixed,HCM,ReqOCM,False,False,True,False,True,False,False,False,OCM,OCM,1,HCMToOCM,True,,,,
lre,fixed,HCM,EndTask,False,False,True,False,True,False,False,False,OCM,OCM,1,HCMToOCM,True,,,,
lre,fixed,HCM,ReqHCM,False,False,True,False,True,False,False,False,OCM,OCM,1,HCMToOCM,True,,,,
lre,fixed,HCM,tick,False,False,True,False,True,False,False,False,OCM,OCM,1,HCMToOCM,True,,,,
lre,fixed,HCM,ReqVel,False,False,True,False,True,False,False,True,OCM,OCM,1,HCMToOCM,True,,,,
lre,fixed,HCM,ReqHdng,False,False,True,False,True,False,False,True,OCM,OCM,1,HCMToOCM,True,,,,
lre,fixed,HCM,ReqMOM,False,False,True,False,True,False,False,True,OCM,OCM,1,HCMToOCM,True,,,,
lre,fixed,HCM,ReqOCM,False,False,True,False,True,False,False,True,OCM,OCM,1,HCMToOCM,True,,,,
lre,fixed,HCM,EndTask,False,False,True,False,True,False,False,True,OCM,OCM,1,HCMToOCM,True,,,,
lre,fixed,HCM,ReqHCM,False,False,True,False,True,False,False,True,OCM,OCM,1,HCMToOCM,True,,,,
lre,fixed,HCM,tick,False,False,True,False,True,False,False,True,OCM,OCM,1,HCMToOCM,True,,,,
lre,fixed,HCM,ReqVel,False,False,True,False,True,False,True,False,OCM,OCM,1,HCMToOCM,True,,,,
lre,fixed,HCM,ReqHdng,False,False,True,False,True,False,True,False,OCM,OCM,1,HCMToOCM,True,,,,
lre,fixed,HCM,ReqMOM,False,False,True,False,True,False,True,False,OCM,OCM,1,HCMToOCM,True,,,,
lre,fixed,HCM,ReqOCM,False,False,True,False,True,False,True,False,OCM,OCM,1,HCMToOCM,True,,,,
lre,fixed,HCM,EndTask,False,False,True,False,True,False,True,False,OCM,OCM,1,HCMToOCM,True,,,,
lre,fixed,HCM,ReqHCM,False,False,True,False,True,False,True,False,OCM,OCM,1,HCMToOCM,True,,,,
lre,fixed,HCM,tick,False,False,True,False,True,False,True,False,OCM,OCM,1,HCMToOCM,True,,,,
lre,fixed,HCM,ReqVel,False,False,True,False,True,False,True,True,OCM,OCM,1,HCMToOCM,True,,,,
lre,fixed,HCM,ReqHdng,False,False,True,False,True,False,True,True,OCM,OCM,1,HCMToOCM,True,,,,
lre,fixed,HCM,ReqMOM,False,False,True,False,True,False,True,True,OCM,OCM,1,HCMToOCM,True,,,,
lre,fixed,HCM,ReqOCM,False,False,True,False,True,False,True,True,OCM,OCM,1,HCMToOCM,True,,,,
lre,fixed,HCM,EndTask,False,False,True,False,True,False,True,True,OCM,OCM,1,HCMToOCM,True,,,,
lre,fixed,HCM,ReqHCM,False,False,True,False,True,False,True,True,OCM,OCM,1,HCMToOCM,True,,,,
lre,fixed,HCM,tick,False,False,True,False,True,False,True,True,OCM,OCM,1,HCMToOCM,True,,,,
lre,fixed,HCM,ReqVel,False,False,True,False,True,True,False,False,OCM,OCM,1,HCMToOCM,True,,,,
lre,fixed,HCM,ReqHdng,False,False,True,False,True,True,False,False,OCM,OCM,1,HCMToOCM,True,,,,
lre,fixed,HCM,ReqMOM,False,False,True,False,True,True,False,False,OCM,OCM,1,HCMToOCM,True,,,,
lre,fixed,HCM,ReqOCM,False,False,True,False,True,True,False,False,OCM,OCM,1,HCMToOCM,True,,,,
lre,fixed,HCM,EndTask,False,False,True,False,True,True,False,False,OCM,OCM,1,HCMToOCM,True,,,,
lre,fixed,HCM,ReqHCM,False,False,True,False,True,True,False,False,OCM,OCM,1,HCMToOCM,True,,,,
lre,fixed,HCM,tick,False,False,True,False,True,True,False,False,OCM,OCM,1,HCMToOCM,True,,,,
lre,fixed,HCM,ReqVel,False,False,True,False,True,True,False,True,OCM,OCM,1,HCMToOCM,True,,,,
lre,fixed,HCM,ReqHdng,False,False,True,False,True,True,False,True,OCM,OCM,1,HCMToOCM,True,,,,
lre,fixed,HCM,ReqMOM,False,False,True,False,True,True,False,True,OCM,OCM,1,HCMToOCM,True,,,,
lre,fixed,HCM,ReqOCM,False,False,True,False,True,True,False,True,OCM,OCM,1,HCMToOCM,True,,,,
lre,fixed,HCM,EndTask,False,False,True,False,True,True,False,True,OCM,OCM,1,HCMToOCM,True,,,,
lre,fixed,HCM,ReqHCM,False,False,True,False,True,True,False,True,OCM,OCM,1,HCMToOCM,True,,,,
lre,fixed,HCM,tick,False,False,True,False,True,True,False,True,OCM,OCM,1,HCMToOCM,True,,,,
lre,fixed,HCM,ReqVel,False,False,True,False,True,True,True,False,OCM,OCM,1,HCMToOCM,True,,,,
lre,fixed,HCM,ReqHdng,False,False,True,False,True,True,True,False,OCM,OCM,1,HCMToOCM,True,,,,
lre,fixed,HCM,ReqMOM,False,False,True,False,True,True,True,False,OCM,OCM,1,HCMToOCM,True,,,,
lre,fixed,HCM,ReqOCM,False,False,True,False,True,True,True,False,OCM,OCM,1,HCMToOCM,True,,,,
lre,fixed,HCM,EndTask,False,False,True,False,True,True,True,False,OCM,OCM,1,HCMToOCM,True,,,,
lre,fixed,HCM,ReqHCM,False,False,True,False,True,True,True,False,OCM,OCM,1,HCMToOCM,True,,,,
lre,fixed,HCM,tick,False,False,True,False,True,True,True,False,OCM,OCM,1,HCMToOCM,True,,,,
lre,fixed,HCM,ReqVel,False,False,True,False,True,True,True,True,OCM,OCM,1,HCMToOCM,True,,,,
lre,fixed,HCM,ReqHdng,False,False,True,False,True,True,True,True,OCM,OCM,1,HCMToOCM,True,,,,
lre,fixed,HCM,ReqMOM,False,False,True,False,True,True,True,True,OCM,OCM,1,HCMToOCM,True,,,,
lre,fixed,HCM,ReqOCM,False,False,True,False,True,True,True,True,OCM,OCM,1,HCMToOCM,True,,,,
lre,fixed,HCM,EndTask,False,False,True,False,True,True,True,True,OCM,OCM,1,HCMToOCM,True,,,,
lre,fixed,HCM,ReqHCM,False,False,True,False,True,True,True,True,OCM,OCM,1,HCMToOCM,True,,,,
lre,fixed,HCM,tick,False,False,True,False,True,True,True,True,OCM,OCM,1,HCMToOCM,True,,,,
lre,fixed,HCM,ReqVel,False,False,True,True,False,False,False,False,OCM,OCM,1,HCMToOCM,True,,,,
lre,fixed,HCM,ReqHdng,False,False,True,True,False,False,False,False,OCM,OCM,1,HCMToOCM,True,,,,
lre,fixed,HCM,ReqMOM,False,False,True,True,False,False,False,False,OCM,OCM,1,HCMToOCM,True,,,,
lre,fixed,HCM,ReqOCM,False,False,True,True,False,False,False,False,OCM,OCM,1,HCMToOCM,True,,,,
lre,fixed,HCM,EndTask,False,False,True,True,False,False,False,False,OCM,OCM,1,HCMToOCM,True,,,,
lre,fixed,HCM,ReqHCM,False,False,True,True,False,False,False,False,OCM,OCM,1,HCMToOCM,True,,,,
lre,fixed,HCM,tick,False,False,True,True,False,False,False,False,OCM,OCM,1,HCMToOCM,True,,,,
lre,fixed,HCM,ReqVel,False,False,True,True,False,False,False,True,OCM,OCM,1,HCMToOCM,True,,,,
lre,fixed,HCM,ReqHdng,False,False,True,True,False,False,False,True,OCM,OCM,1,HCMToOCM,True,,,,
lre,fixed,HCM,ReqMOM,False,False,True,True,False,False,False,True,OCM,OCM,1,HCMToOCM,True,,,,
lre,fixed,HCM,ReqOCM,False,False,True,True,False,False,False,True,OCM,OCM,1,HCMToOCM,True,,,,
lre,fixed,HCM,EndTask,False,False,True,True,False,False,False,True,OCM,OCM,1,HCMToOCM,True,,,,
lre,fixed,HCM,ReqHCM,False,False,True,True,False,False,False,True,OCM,OCM,1,HCMToOCM,True,,,,
lre,fixed,HCM,tick,False,False,True,True,False,False,False,True,OCM,OCM,1,HCMToOCM,True,,,,
lre,fixed,HCM,ReqVel,False,False,True,True,False,False,True,False,OCM,OCM,1,HCMToOCM,True,,,,
lre,fixed,HCM,ReqHdng,False,False,True,True,False,False,True,False,OCM,OCM,1,HCMToOCM,True,,,,
lre,fixed,HCM,ReqMOM,False,False,True,True,False,False,True,False,OCM,OCM,1,HCMToOCM,True,,,,
lre,fixed,HCM,ReqOCM,False,False,True,True,False,False,True,False,OCM,OCM,1,HCMToOCM,True,,,,
lre,fixed,HCM,EndTask,False,False,True,True,False,False,True,False,OCM,OCM,1,HCMToOCM,True,,,,
lre,fixed,HCM,ReqHCM,False,False,True,True,False,False,True,False,OCM,OCM,1,HCMToOCM,True,,,,
lre,fixed,HCM,tick,False,False,True,True,False,False,True,False,OCM,OCM,1,HCMToOCM,True,,,,
lre,fixed,HCM,ReqVel,False,False,True,True,False,False,True,True,OCM,OCM,1,HCMToOCM,True,,,,
lre,fixed,HCM,ReqHdng,False,False,True,True,False,False,True,True,OCM,OCM,1,HCMToOCM,True,,,,
lre,fixed,HCM,ReqMOM,False,False,True,True,False,False,True,True,OCM,OCM,1,HCMToOCM,True,,,,
lre,fixed,HCM,ReqOCM,False,False,True,True,False,False,True,True,OCM,OCM,1,HCMToOCM,True,,,,
lre,fixed,HCM,EndTask,False,False,True,True,False,False,True,True,OCM,OCM,1,HCMToOCM,True,,,,
lre,fixed,HCM,ReqHCM,False,False,True,True,False,False,True,True,OCM,OCM,1,HCMToOCM,True,,,,
lre,fixed,HCM,tick,False,False,True,True,False,False,True,True,OCM,OCM,1,HCMToOCM,True,,,,
lre,fixed,HCM,ReqVel,False,False,True,True,False,True,False,False,OCM,OCM,1,HCMToOCM,True,,,,
lre,fixed,HCM,ReqHdng,False,False,True,True,False,True,False,False,OCM,OCM,1,HCMToOCM,True,,,,
lre,fixed,HCM,ReqMOM,False,False,True,True,False,True,False,False,OCM,OCM,1,HCMToOCM,True,,,,
lre,fixed,HCM,ReqOCM,False,False,True,True,False,True,False,False,OCM,OCM,1,HCMToOCM,True,,,,
lre,fixed,HCM,EndTask,False,False,True,True,False,True,False,False,OCM,OCM,1,HCMToOCM,True,,,,
lre,fixed,HCM,ReqHCM,False,False,True,True,False,True,False,False,OCM,OCM,1,HCMToOCM,True,,,,
lre,fixed,HCM,tick,False,False,True,True,False,True,False,False,OCM,OCM,1,HCMToOCM,True,,,,
lre,fixed,HCM,ReqVel,False,False,True,True,False,True,False,True,OCM,OCM,1,HCMToOCM,True,,,,
lre,fixed,HCM,ReqHdng,False,False,True,True,False,True,False,True,OCM,OCM,1,HCMToOCM,True,,,,
lre,fixed,HCM,ReqMOM,False,False,True,True,False,True,False,True,OCM,OCM,1,HCMToOCM,True,,,,
lre,fixed,HCM,ReqOCM,False,False,True,True,False,True,False,True,OCM,OCM,1,HCMToOCM,True,,,,
lre,fixed,HCM,EndTask,False,False,True,True,False,True,False,True,OCM,OCM,1,HCMToOCM,True,,,,
lre,fixed,HCM,ReqHCM,False,False,True,True,False,True,False,True,OCM,OCM,1,HCMToOCM,True,,,,
lre,fixed,HCM,tick,False,False,True,True,False,True,False,True,OCM,OCM,1,HCMToOCM,True,,,,
lre,fixed,HCM,ReqVel,False,False,True,True,False,True,True,False,OCM,OCM,1,HCMToOCM,True,,,,
lre,fixed,HCM,ReqHdng,False,False,True,True,False,True,True,False,OCM,OCM,1,HCMToOCM,True,,,,
lre,fixed,HCM,ReqMOM,False,False,True,True,False,True,True,False,OCM,OCM,1,HCMToOCM,True,,,,
lre,fixed,HCM,ReqOCM,False,False,True,True,False,True,True,False,OCM,OCM,1,HCMToOCM,True,,,,
lre,fixed,HCM,EndTask,False,False,True,True,False,True,True,False,OCM,OCM,1,HCMToOCM,True,,,,
lre,fixed,HCM,ReqHCM,False,False,True,True,False,True,True,False,OCM,OCM,1,HCMToOCM,True,,,,
lre,fixed,HCM,tick,False,False,True,True,False,True,True,False,OCM,OCM,1,HCMToOCM,True,,,,
lre,fixed,HCM,ReqVel,False,False,True,True,False,True,True,True,OCM,OCM,1,HCMToOCM,True,,,,
lre,fixed,HCM,ReqHdng,False,False,True,True,False,True,True,True,OCM,OCM,1,HCMToOCM,True,,,,
lre,fixed,HCM,ReqMOM,False,False,True,True,False,True,True,True,OCM,OCM,1,HCMToOCM,True,,,,
lre,fixed,HCM,ReqOCM,False,False,True,True,False,True,True,True,OCM,OCM,1,HCMToOCM,True,,,,
lre,fixed,HCM,EndTask,False,False,True,True,False,True,True,True,OCM,OCM,1,HCMToOCM,True,,,,
lre,fixed,HCM,ReqHCM,False,False,True,True,False,True,True,True,OCM,OCM,1,HCMToOCM,True,,,,
lre,fixed,HCM,tick,False,False,True,True,False,True,True,True,OCM,OCM,1,HCMToOCM,True,,,,
lre,fixed,HCM,ReqVel,False,False,True,True,True,False,False,False,OCM,OCM,1,HCMToOCM,True,,,,
lre,fixed,HCM,ReqHdng,False,False,True,True,True,False,False,False,OCM,OCM,1,HCMToOCM,True,,,,
lre,fixed,HCM,ReqMOM,False,False,True,True,True,False,False,False,OCM,OCM,1,HCMToOCM,True,,,,
lre,fixed,HCM,ReqOCM,False,False,True,True,True,False,False,False,OCM,OCM,1,HCMToOCM,True,,,,
lre,fixed,HCM,EndTask,False,False,True,True,True,False,False,False,OCM,OCM,1,HCMToOCM,True,,,,
lre,fixed,HCM,ReqHCM,False,False,True,True,True,False,False,False,OCM,OCM,1,HCMToOCM,True,,,,
lre,fixed,HCM,tick,False,False,True,True,True,False,False,False,OCM,OCM,1,HCMToOCM,True,,,,
lre,fixed,HCM,ReqVel,False,False,True,True,True,False,False,True,OCM,OCM,1,HCMToOCM,True,,,,
lre,fixed,HCM,ReqHdng,False,False,True,True,True,False,False,True,OCM,OCM,1,HCMToOCM,True,,,,
lre,fixed,HCM,ReqMOM,False,False,True,True,True,False,False,True,OCM,OCM,1,HCMToOCM,True,,,,
lre,fixed,HCM,ReqOCM,False,False,True,True,True,False,False,True,OCM,OCM,1,HCMToOCM,True,,,,
lre,fixed,HCM,EndTask,False,False,True,True,True,False,False,True,OCM,OCM,1,HCMToOCM,True,,,,
lre,fixed,HCM,ReqHCM,False,False,True,True,True,False,False,True,OCM,OCM,1,HCMToOCM,True,,,,
lre,fixed,HCM,tick,False,False,True,True,True,False,False,True,OCM,OCM,1,HCMToOCM,True,,,,
lre,fixed,HCM,ReqVel,False,False,True,True,True,False,True,False,OCM,OCM,1,HCMToOCM,True,,,,
lre,fixed,HCM,ReqHdng,False,False,True,True,True,False,True,False,OCM,OCM,1,HCMToOCM,True,,,,
lre,fixed,HCM,ReqMOM,False,False,True,True,True,False,True,False,OCM,OCM,1,HCMToOCM,True,,,,
lre,fixed,HCM,ReqOCM,False,False,True,True,True,False,True,False,OCM,OCM,1,HCMToOCM,True,,,,
lre,fixed,HCM,EndTask,False,False,True,True,True,False,True,False,OCM,OCM,1,HCMToOCM,True,,,,
lre,fixed,HCM,ReqHCM,False,False,True,True,True,False,True,False,OCM,OCM,1,HCMToOCM,True,,,,
lre,fixed,HCM,tick,False,False,True,True,True,False,True,False,OCM,OCM,1,HCMToOCM,True,,,,
lre,fixed,HCM,ReqVel,False,False,True,True,True,False,True,True,OCM,OCM,1,HCMToOCM,True,,,,
lre,fixed,HCM,ReqHdng,False,False,True,True,True,False,True,True,OCM,OCM,1,HCMToOCM,True,,,,
lre,fixed,HCM,ReqMOM,False,False,True,True,True,False,True,True,OCM,OCM,1,HCMToOCM,True,,,,
lre,fixed,HCM,ReqOCM,False,False,True,True,True,False,True,True,OCM,OCM,1,HCMToOCM,True,,,,
lre,fixed,HCM,EndTask,False,False,True,True,True,False,True,True,OCM,OCM,1,HCMToOCM,True,,,,
lre,fixed,HCM,ReqHCM,False,False,True,True,True,False,True,True,OCM,OCM,1,HCMToOCM,True,,,,
lre,fixed,HCM,tick,False,False,True,True,True,False,True,True,OCM,OCM,1,HCMToOCM,True,,,,
lre,fixed,HCM,ReqVel,False,False,True,True,True,True,False,False,OCM,OCM,1,HCMToOCM,True,,,,
lre,fixed,HCM,ReqHdng,False,False,True,True,True,True,False,False,OCM,OCM,1,HCMToOCM,True,,,,
lre,fixed,HCM,ReqMOM,False,False,True,True,True,True,False,False,OCM,OCM,1,HCMToOCM,True,,,,
lre,fixed,HCM,ReqOCM,False,False,True,True,True,True,False,False,OCM,OCM,1,HCMToOCM,True,,,,
lre,fixed,HCM,EndTask,False,False,True,True,True,True,False,False,OCM,OCM,1,HCMToOCM,True,,,,
lre,fixed,HCM,ReqHCM,False,False,True,True,True,True,False,False,OCM,OCM,1,HCMToOCM,True,,,,
lre,fixed,HCM,tick,False,False,True,True,True,True,False,False,OCM,OCM,1,HCMToOCM,True,,,,
lre,fixed,HCM,ReqVel,False,False,True,True,True,True,False,True,OCM,OCM,1,HCMToOCM,True,,,,
lre,fixed,HCM,ReqHdng,False,False,True,True,True,True,False,True,OCM,OCM,1,HCMToOCM,True,,,,
lre,fixed,HCM,ReqMOM,False,False,True,True,True,True,False,True,OCM,OCM,1,HCMToOCM,True,,,,
lre,fixed,HCM,ReqOCM,False,False,True,True,True,True,False,True,OCM,OCM,1,HCMToOCM,True,,,,
lre,fixed,HCM,EndTask,False,False,True,True,True,True,False,True,OCM,OCM,1,HCMToOCM,True,,,,
lre,fixed,HCM,ReqHCM,False,False,True,True,True,True,False,True,OCM,OCM,1,HCMToOCM,True,,,,
lre,fixed,HCM,tick,False,False,True,True,True,True,False,True,OCM,OCM,1,HCMToOCM,True,,,,
lre,fixed,HCM,ReqVel,False,False,True,True,True,True,True,False,OCM,OCM,1,HCMToOCM,True,,,,
lre,fixed,HCM,ReqHdng,False,False,True,True,True,True,True,False,OCM,OCM,1,HCMToOCM,True,,,,
lre,fixed,HCM,ReqMOM,False,False,True,True,True,True,True,False,OCM,OCM,1,HCMToOCM,True,,,,
lre,fixed,HCM,ReqOCM,False,False,True,True,True,True,True,False,OCM,OCM,1,HCMToOCM,True,,,,
lre,fixed,HCM,EndTask,False,False,True,True,True,True,True,False,OCM,OCM,1,HCMToOCM,True,,,,
lre,fixed,HCM,ReqHCM,False,False,True,True,True,True,True,False,OCM,OCM,1,HCMToOCM,True,,,,
lre,fixed,HCM,tick,False,False,True,True,True,True,True,False,OCM,OCM,1,HCMToOCM,True,,,,
lre,fixed,HCM,ReqVel,False,False,True,True,True,True,True,True,OCM,OCM,1,HCMToOCM,True,,,,
lre,fixed,HCM,ReqHdng,False,False,True,True,True,True,True,True,OCM,OCM,1,HCMToOCM,True,,,,
lre,fixed,HCM,ReqMOM,False,False,True,True,True,True,True,True,OCM,OCM,1,HCMToOCM,True,,,,
lre,fixed,HCM,ReqOCM,False,False,True,True,True,True,True,True,OCM,OCM,1,HCMToOCM,True,,,,
lre,fixed,HCM,EndTask,False,False,True,True,True,True,True,True,OCM,OCM,1,HCMToOCM,True,,,,
lre,fixed,HCM,ReqHCM,False,False,True,True,True,True,True,True,OCM,OCM,1,HCMToOCM,True,,,,
lre,fixed,HCM,tick,False,False,True,True,True,True,True,True,OCM,OCM,1,HCMToOCM,True,,,,
lre,fixed,HCM,ReqVel,False,True,False,False,False,False,False,False,HCM,HCM,0,-,True,,,,
lre,fixed,HCM,ReqHdng,False,True,False,False,False,False,False,False,HCM,HCM,0,-,True,,,,
lre,fixed,HCM,ReqMOM,False,True,False,False,False,False,False,False,HCM,HCM,0,-,True,,,,
lre,fixed,HCM,ReqOCM,False,True,False,False,False,False,False,False,OCM,OCM,1,HCMToOCM_1,True,,,,
lre,fixed,HCM,EndTask,False,True,False,False,False,False,False,False,HCM,HCM,0,-,True,,,,
lre,fixed,HCM,ReqHCM,False,True,False,False,False,False,False,False,HCM,HCM,0,-,True,,,,
lre,fixed,HCM,tick,False,True,False,False,False,False,False,False,HCM,HCM,0,-,True,,,,
lre,fixed,HCM,ReqVel,False,True,False,False,False,False,False,True,HCM,HCM,0,-,True,,,,
lre,fixed,HCM,ReqHdng,False,True,False,False,False,False,False,True,HCM,HCM,0,-,True,,,,
lre,fixed,HCM,ReqMOM,False,True,False,False,False,False,False,True,HCM,HCM,0,-,True,,,,
lre,fixed,HCM,ReqOCM,False,True,False,False,False,False,False,True,OCM,OCM,1,HCMToOCM_1,True,,,,
lre,fixed,HCM,EndTask,False,True,False,False,False,False,False,True,HCM,HCM,0,-,True,,,,
lre,fixed,HCM,ReqHCM,False,True,False,False,False,False,False,True,HCM,HCM,0,-,True,,,,
lre,fixed,HCM,tick,False,True,False,False,False,False,False,True,HCM,HCM,0,-,True,,,,
lre,fixed,HCM,ReqVel,False,True,False,False,False,False,True,False,HCM,HCM,0,-,True,,,,
lre,fixed,HCM,ReqHdng,False,True,False,False,False,False,True,False,HCM,HCM,0,-,True,,,,
lre,fixed,HCM,ReqMOM,False,True,False,False,False,False,True,False,HCM,HCM,0,-,True,,,,
lre,fixed,HCM,ReqOCM,False,True,False,False,False,False,True,False,OCM,OCM,1,HCMToOCM_1,True,,,,
lre,fixed,HCM,EndTask,False,True,False,False,False,False,True,False,HCM,HCM,0,-,True,,,,
lre,fixed,HCM,ReqHCM,False,True,False,False,False,False,True,False,HCM,HCM,0,-,True,,,,
lre,fixed,HCM,tick,False,True,False,False,False,False,True,False,HCM,HCM,0,-,True,,,,
lre,fixed,HCM,ReqVel,False,True,False,False,False,False,True,True,HCM,HCM,0,-,True,,,,
lre,fixed,HCM,ReqHdng,False,True,False,False,False,False,True,True,HCM,HCM,0,-,True,,,,
lre,fixed,HCM,ReqMOM,False,True,False,False,False,False,True,True,HCM,HCM,0,-,True,,,,
lre,fixed,HCM,ReqOCM,False,True,False,False,False,False,True,True,OCM,OCM,1,HCMToOCM_1,True,,,,
lre,fixed,HCM,EndTask,False,True,False,False,False,False,True,True,HCM,HCM,0,-,True,,,,
lre,fixed,HCM,ReqHCM,False,True,False,False,False,False,True,True,HCM,HCM,0,-,True,,,,
lre,fixed,HCM,tick,False,True,False,False,False,False,True,True,HCM,HCM,0,-,True,,,,
lre,fixed,HCM,ReqVel,False,True,False,False,False,True,False,False,HCM,HCM,0,-,True,,,,
lre,fixed,HCM,ReqHdng,False,True,False,False,False,True,False,False,HCM,HCM,0,-,True,,,,
lre,fixed,HCM,ReqMOM,False,True,False,False,False,True,False,False,HCM,HCM,0,-,True,,,,
lre,fixed,HCM,ReqOCM,False,True,False,False,False,True,False,False,OCM,OCM,1,HCMToOCM_1,True,,,,
lre,fixed,HCM,EndTask,False,True,False,False,False,True,False,False,HCM,HCM,0,-,True,,,,
lre,fixed,HCM,ReqHCM,False,True,False,False,False,True,False,False,HCM,HCM,0,-,True,,,,
lre,fixed,HCM,tick,False,True,False,False,False,True,False,False,HCM,HCM,0,-,True,,,,
lre,fixed,HCM,ReqVel,False,True,False,False,False,True,False,True,HCM,HCM,0,-,True,,,,
lre,fixed,HCM,ReqHdng,False,True,False,False,False,True,False,True,HCM,HCM,0,-,True,,,,
lre,fixed,HCM,ReqMOM,False,True,False,False,False,True,False,True,HCM,HCM,0,-,True,,,,
lre,fixed,HCM,ReqOCM,False,True,False,False,False,True,False,True,OCM,OCM,1,HCMToOCM_1,True,,,,
lre,fixed,HCM,EndTask,False,True,False,False,False,True,False,True,HCM,HCM,0,-,True,,,,
lre,fixed,HCM,ReqHCM,False,True,False,False,False,True,False,True,HCM,HCM,0,-,True,,,,
lre,fixed,HCM,tick,False,True,False,False,False,True,False,True,HCM,HCM,0,-,True,,,,
lre,fixed,HCM,ReqVel,False,True,False,False,False,True,True,False,HCM,HCM,0,-,True,,,,
lre,fixed,HCM,ReqHdng,False,True,False,False,False,True,True,False,HCM,HCM,0,-,True,,,,
lre,fixed,HCM,ReqMOM,False,True,False,False,False,True,True,False,HCM,HCM,0,-,True,,,,
lre,fixed,HCM,ReqOCM,False,True,False,False,False,True,True,False,OCM,OCM,1,HCMToOCM_1,True,,,,
lre,fixed,HCM,EndTask,False,True,False,False,False,True,True,False,HCM,HCM,0,-,True,,,,
lre,fixed,HCM,ReqHCM,False,True,False,False,False,True,True,False,HCM,HCM,0,-,True,,,,
lre,fixed,HCM,tick,False,True,False,False,False,True,True,False,HCM,HCM,0,-,True,,,,
lre,fixed,HCM,ReqVel,False,True,False,False,False,True,True,True,HCM,HCM,0,-,True,,,,
lre,fixed,HCM,ReqHdng,False,True,False,False,False,True,True,True,HCM,HCM,0,-,True,,,,
lre,fixed,HCM,ReqMOM,False,True,False,False,False,True,True,True,HCM,HCM,0,-,True,,,,
lre,fixed,HCM,ReqOCM,False,True,False,False,False,True,True,True,OCM,OCM,1,HCMToOCM_1,True,,,,
lre,fixed,HCM,EndTask,False,True,False,False,False,True,True,True,HCM,HCM,0,-,True,,,,
lre,fixed,HCM,ReqHCM,False,True,False,False,False,True,True,True,HCM,HCM,0,-,True,,,,
lre,fixed,HCM,tick,False,True,False,False,False,True,True,True,HCM,HCM,0,-,True,,,,
lre,fixed,HCM,ReqVel,False,True,False,False,True,False,False,False,HCM,HCM,0,-,True,,,,
lre,fixed,HCM,ReqHdng,False,True,False,False,True,False,False,False,HCM,HCM,0,-,True,,,,
lre,fixed,HCM,ReqMOM,False,True,False,False,True,False,False,False,HCM,HCM,0,-,True,,,,
lre,fixed,HCM,ReqOCM,False,True,False,False,True,False,False,False,OCM,OCM,1,HCMToOCM_1,True,,,,
lre,fixed,HCM,EndTask,False,True,False,False,True,False,False,False,HCM,HCM,0,-,True,,,,
lre,fixed,HCM,ReqHCM,False,True,False,False,True,False,False,False,HCM,HCM,0,-,True,,,,
lre,fixed,HCM,tick,False,True,False,False,True,False,False,False,HCM,HCM,0,-,True,,,,
lre,fixed,HCM,ReqVel,False,True,False,False,True,False,False,True,HCM,HCM,0,-,True,,,,
lre,fixed,HCM,ReqHdng,False,True,False,False,True,False,False,True,HCM,HCM,0,-,True,,,,
lre,fixed,HCM,ReqMOM,False,True,False,False,True,False,False,True,HCM,HCM,0,-,True,,,,
lre,fixed,HCM,ReqOCM,False,True,False,False,True,False,False,True,OCM,OCM,1,HCMToOCM_1,True,,,,
lre,fixed,HCM,EndTask,False,True,False,False,True,False,False,True,HCM,HCM,0,-,True,,,,
lre,fixed,HCM,ReqHCM,False,True,False,False,True,False,False,True,HCM,HCM,0,-,True,,,,
lre,fixed,HCM,tick,False,True,False,False,True,False,False,True,HCM,HCM,0,-,True,,,,
lre,fixed,HCM,ReqVel,False,True,False,False,True,False,True,False,HCM,HCM,0,-,True,,,,
lre,fixed,HCM,ReqHdng,False,True,False,False,True,False,True,False,HCM,HCM,0,-,True,,,,
lre,fixed,HCM,ReqMOM,False,True,False,False,True,False,True,False,HCM,HCM,0,-,True,,,,
lre,fixed,HCM,ReqOCM,False,True,False,False,True,False,True,False,OCM,OCM,1,HCMToOCM_1,True,,,,
lre,fixed,HCM,EndTask,False,True,False,False,True,False,True,False,HCM,HCM,0,-,True,,,,
lre,fixed,HCM,ReqHCM,False,True,False,False,True,False,True,False,HCM,HCM,0,-,True,,,,
lre,fixed,HCM,tick,False,True,False,False,True,False,True,False,HCM,HCM,0,-,True,,,,
lre,fixed,HCM,ReqVel,False,True,False,False,True,False,True,True,HCM,HCM,0,-,True,,,,
lre,fixed,HCM,ReqHdng,False,True,False,False,True,False,True,True,HCM,HCM,0,-,True,,,,
lre,fixed,HCM,ReqMOM,False,True,False,False,True,False,True,True,HCM,HCM,0,-,True,,,,
lre,fixed,HCM,ReqOCM,False,True,False,False,True,False,True,True,OCM,OCM,1,HCMToOCM_1,True,,,,
lre,fixed,HCM,EndTask,False,True,False,False,True,False,True,True,HCM,HCM,0,-,True,,,,
lre,fixed,HCM,ReqHCM,False,True,False,False,True,False,True,True,HCM,HCM,0,-,True,,,,
lre,fixed,HCM,tick,False,True,False,False,True,False,True,True,HCM,HCM,0,-,True,,,,
lre,fixed,HCM,ReqVel,False,True,False,False,True,True,False,False,HCM,HCM,0,-,True,,,,
lre,fixed,HCM,ReqHdng,False,True,False,False,True,True,False,False,HCM,HCM,0,-,True,,,,
lre,fixed,HCM,ReqMOM,False,True,False,False,True,True,False,False,HCM,HCM,0,-,True,,,,
lre,fixed,HCM,ReqOCM,False,True,False,False,True,True,False,False,OCM,OCM,1,HCMToOCM_1,True,,,,
lre,fixed,HCM,EndTask,False,True,False,False,True,True,False,False,HCM,HCM,0,-,True,,,,
lre,fixed,HCM,ReqHCM,False,True,False,False,True,True,False,False,HCM,HCM,0,-,True,,,,
lre,fixed,HCM,tick,False,True,False,False,True,True,False,False,HCM,HCM,0,-,True,,,,
lre,fixed,HCM,ReqVel,False,True,False,False,True,True,False,True,HCM,HCM,0,-,True,,,,
lre,fixed,HCM,ReqHdng,False,True,False,False,True,True,False,True,HCM,HCM,0,-,True,,,,
lre,fixed,HCM,ReqMOM,False,True,False,False,True,True,False,True,HCM,HCM,0,-,True,,,,
lre,fixed,HCM,ReqOCM,False,True,False,False,True,True,False,True,OCM,OCM,1,HCMToOCM_1,True,,,,
lre,fixed,HCM,EndTask,False,True,False,False,True,True,False,True,HCM,HCM,0,-,True,,,,
lre,fixed,HCM,ReqHCM,False,True,False,False,True,True,False,True,HCM,HCM,0,-,True,,,,
lre,fixed,HCM,tick,False,True,False,False,True,True,False,True,HCM,HCM,0,-,True,,,,
lre,fixed,HCM,ReqVel,False,True,False,False,True,True,True,False,HCM,HCM,0,-,True,,,,
lre,fixed,HCM,ReqHdng,False,True,False,False,True,True,True,False,HCM,HCM,0,-,True,,,,
lre,fixed,HCM,ReqMOM,False,True,False,False,True,True,True,False,HCM,HCM,0,-,True,,,,
lre,fixed,HCM,ReqOCM,False,True,False,False,True,True,True,False,OCM,OCM,1,HCMToOCM_1,True,,,,
lre,fixed,HCM,EndTask,False,True,False,False,True,True,True,False,HCM,HCM,0,-,True,,,,
lre,fixed,HCM,ReqHCM,False,True,False,False,True,True,True,False,HCM,HCM,0,-,True,,,,
lre,fixed,HCM,tick,False,True,False,False,True,True,True,False,HCM,HCM,0,-,True,,,,
lre,fixed,HCM,ReqVel,False,True,False,False,True,True,True,True,HCM,HCM,0,-,True,,,,
lre,fixed,HCM,ReqHdng,False,True,False,False,True,True,True,True,HCM,HCM,0,-,True,,,,
lre,fixed,HCM,ReqMOM,False,True,False,False,True,True,True,True,HCM,HCM,0,-,True,,,,
lre,fixed,HCM,ReqOCM,False,True,False,False,True,True,True,True,OCM,OCM,1,HCMToOCM_1,True,,,,
lre,fixed,HCM,EndTask,False,True,False,False,True,True,True,True,HCM,HCM,0,-,True,,,,
lre,fixed,HCM,ReqHCM,False,True,False,False,True,True,True,True,HCM,HCM,0,-,True,,,,
lre,fixed,HCM,tick,False,True,False,False,True,True,True,True,HCM,HCM,0,-,True,,,,
lre,fixed,HCM,ReqVel,False,True,False,True,False,False,False,False,MOM,MOM,1,HCMToMOM,True,,,,
lre,fixed,HCM,ReqHdng,False,True,False,True,False,False,False,False,MOM,MOM,1,HCMToMOM,True,,,,
lre,fixed,HCM,ReqMOM,False,True,False,True,False,False,False,False,MOM,MOM,1,HCMToMOM,True,,,,
lre,fixed,HCM,ReqOCM,False,True,False,True,False,False,False,False,MOM,MOM,1,HCMToMOM,True,,,,
lre,fixed,HCM,EndTask,False,True,False,True,False,False,False,False,MOM,MOM,1,HCMToMOM,True,,,,
lre,fixed,HCM,ReqHCM,False,True,False,True,False,False,False,False,MOM,MOM,1,HCMToMOM,True,,,,
lre,fixed,HCM,tick,False,True,False,True,False,False,False,False,MOM,MOM,1,HCMToMOM,True,,,,
lre,fixed,HCM,ReqVel,False,True,False,True,False,False,False,True,MOM,MOM,1,HCMToMOM,True,,,,
lre,fixed,HCM,ReqHdng,False,True,False,True,False,False,False,True,MOM,MOM,1,HCMToMOM,True,,,,
lre,fixed,HCM,ReqMOM,False,True,False,True,False,False,False,True,MOM,MOM,1,HCMToMOM,True,,,,
lre,fixed,HCM,ReqOCM,False,True,False,True,False,False,False,True,MOM,MOM,1,HCMToMOM,True,,,,
lre,fixed,HCM,EndTask,False,True,False,True,False,False,False,True,MOM,MOM,1,HCMToMOM,True,,,,
lre,fixed,HCM,ReqHCM,False,True,False,True,False,False,False,True,MOM,MOM,1,HCMToMOM,True,,,,
lre,fixed,HCM,tick,False,True,False,True,False,False,False,True,MOM,MOM,1,HCMToMOM,True,,,,
lre,fixed,HCM,ReqVel,False,True,False,True,False,False,True,False,MOM,MOM,1,HCMToMOM,True,,,,
lre,fixed,HCM,ReqHdng,False,True,False,True,False,False,True,False,MOM,MOM,1,HCMToMOM,True,,,,
lre,fixed,HCM,ReqMOM,False,True,False,True,False,False,True,False,MOM,MOM,1,HCMToMOM,True,,,,
lre,fixed,HCM,ReqOCM,False,True,False,True,False,False,True,False,MOM,MOM,1,HCMToMOM,True,,,,
lre,fixed,HCM,EndTask,False,True,False,True,False,False,True,False,MOM,MOM,1,HCMToMOM,True,,,,
lre,fixed,HCM,ReqHCM,False,True,False,True,False,False,True,False,MOM,MOM,1,HCMToMOM,True,,,,
lre,fixed,HCM,tick,False,True,False,True,False,False,True,False,MOM,MOM,1,HCMToMOM,True,,,,
lre,fixed,HCM,ReqVel,False,True,False,True,False,False,True,True,MOM,MOM,1,HCMToMOM,True,,,,
lre,fixed,HCM,ReqHdng,False,True,False,True,False,False,True,True,MOM,MOM,1,HCMToMOM,True,,,,
lre,fixed,HCM,ReqMOM,False,True,False,True,False,False,True,True,MOM,MOM,1,HCMToMOM,True,,,,
lre,fixed,HCM,ReqOCM,False,True,False,True,False,False,True,True,MOM,MOM,1,HCMToMOM,True,,,,
lre,fixed,HCM,EndTask,False,True,False,True,False,False,True,True,MOM,MOM,1,HCMToMOM,True,,,,
lre,fixed,HCM,ReqHCM,False,True,False,True,False,False,True,True,MOM,MOM,1,HCMToMOM,True,,,,
lre,fixed,HCM,tick,False,True,False,True,False,False,True,True,MOM,MOM,1,HCMToMOM,True,,,,
lre,fixed,HCM,ReqVel,False,True,False,True,False,True,False,False,MOM,MOM,1,HCMToMOM,True,,,,
lre,fixed,HCM,ReqHdng,False,True,False,True,False,True,False,False,MOM,MOM,1,HCMToMOM,True,,,,
lre,fixed,HCM,ReqMOM,False,True,False,True,False,True,False,False,MOM,MOM,1,HCMToMOM,True,,,,
lre,fixed,HCM,ReqOCM,False,True,False,True,False,True,False,False,MOM,MOM,1,HCMToMOM,True,,,,
lre,fixed,HCM,EndTask,False,True,False,True,False,True,False,False,MOM,MOM,1,HCMToMOM,True,,,,
lre,fixed,HCM,ReqHCM,False,True,False,True,False,True,False,False,MOM,MOM,1,HCMToMOM,True,,,,
lre,fixed,HCM,tick,False,True,False,True,False,True,False,False,MOM,MOM,1,HCMToMOM,True,,,,
lre,fixed,HCM,ReqVel,False,True,False,True,False,True,False,True,MOM,MOM,1,HCMToMOM,True,,,,
lre,fixed,HCM,ReqHdng,False,True,False,True,False,True,False,True,MOM,MOM,1,HCMToMOM,True,,,,
lre,fixed,HCM,ReqMOM,False,True,False,True,False,True,False,True,MOM,MOM,1,HCMToMOM,True,,,,
lre,fixed,HCM,ReqOCM,False,True,False,True,False,True,False,True,MOM,MOM,1,HCMToMOM,True,,,,
lre,fixed,HCM,EndTask,False,True,False,True,False,True,False,True,MOM,MOM,1,HCMToMOM,True,,,,
lre,fixed,HCM,ReqHCM,False,True,False,True,False,True,False,True,MOM,MOM,1,HCMToMOM,True,,,,
lre,fixed,HCM,tick,False,True,False,True,False,True,False,True,MOM,MOM,1,HCMToMOM,True,,,,
lre,fixed,HCM,ReqVel,False,True,False,True,False,True,True,False,MOM,MOM,1,HCMToMOM,True,,,,
lre,fixed,HCM,ReqHdng,False,True,False,True,False,True,True,False,MOM,MOM,1,HCMToMOM,True,,,,
lre,fixed,HCM,ReqMOM,False,True,False,True,False,True,True,False,MOM,MOM,1,HCMToMOM,True,,,,
lre,fixed,HCM,ReqOCM,False,True,False,True,False,True,True,False,MOM,MOM,1,HCMToMOM,True,,,,
lre,fixed,HCM,EndTask,False,True,False,True,False,True,True,False,MOM,MOM,1,HCMToMOM,True,,,,
lre,fixed,HCM,ReqHCM,False,True,False,True,False,True,True,False,MOM,MOM,1,HCMToMOM,True,,,,
lre,fixed,HCM,tick,False,True,False,True,False,True,True,False,MOM,MOM,1,HCMToMOM,True,,,,
lre,fixed,HCM,ReqVel,False,True,False,True,False,True,True,True,MOM,MOM,1,HCMToMOM,True,,,,
lre,fixed,HCM,ReqHdng,False,True,False,True,False,True,True,True,MOM,MOM,1,HCMToMOM,True,,,,
lre,fixed,HCM,ReqMOM,False,True,False,True,False,True,True,True,MOM,MOM,1,HCMToMOM,True,,,,
lre,fixed,HCM,ReqOCM,False,True,False,True,False,True,True,True,MOM,MOM,1,HCMToMOM,True,,,,
lre,fixed,HCM,EndTask,False,True,False,True,False,True,True,True,MOM,MOM,1,HCMToMOM,True,,,,
lre,fixed,HCM,ReqHCM,False,True,False,True,False,True,True,True,MOM,MOM,1,HCMToMOM,True,,,,
lre,fixed,HCM,tick,False,True,False,True,False,True,True,True,MOM,MOM,1,HCMToMOM,True,,,,
lre,fixed,HCM,ReqVel,False,True,False,True,True,False,False,False,MOM,MOM,1,HCMToMOM,True,,,,
lre,fixed,HCM,ReqHdng,False,True,False,True,True,False,False,False,MOM,MOM,1,HCMToMOM,True,,,,
lre,fixed,HCM,ReqMOM,False,True,False,True,True,False,False,False,MOM,MOM,1,HCMToMOM,True,,,,
lre,fixed,HCM,ReqOCM,False,True,False,True,True,False,False,False,MOM,MOM,1,HCMToMOM,True,,,,
lre,fixed,HCM,EndTask,False,True,False,True,True,False,False,False,MOM,MOM,1,HCMToMOM,True,,,,
lre,fixed,HCM,ReqHCM,False,True,False,True,True,False,False,False,MOM,MOM,1,HCMToMOM,True,,,,
lre,fixed,HCM,tick,False,True,False,True,True,False,False,False,MOM,MOM,1,HCMToMOM,True,,,,
lre,fixed,HCM,ReqVel,False,True,False,True,True,False,False,True,MOM,MOM,1,HCMToMOM,True,,,,
lre,fixed,HCM,ReqHdng,False,True,False,True,True,False,False,True,MOM,MOM,1,HCMToMOM,True,,,,
lre,fixed,HCM,ReqMOM,False,True,False,True,True,False,False,True,MOM,MOM,1,HCMToMOM,True,,,,
lre,fixed,HCM,ReqOCM,False,True,False,True,True,False,False,True,MOM,MOM,1,HCMToMOM,True,,,,
lre,fixed,HCM,EndTask,False,True,False,True,True,False,False,True,MOM,MOM,1,HCMToMOM,True,,,,
lre,fixed,HCM,ReqHCM,False,True,False,True,True,False,False,True,MOM,MOM,1,HCMToMOM,True,,,,
lre,fixed,HCM,tick,False,True,False,True,True,False,False,True,MOM,MOM,1,HCMToMOM,True,,,,
lre,fixed,HCM,ReqVel,False,True,False,True,True,False,True,False,MOM,MOM,1,HCMToMOM,True,,,,
lre,fixed,HCM,ReqHdng,False,True,False,True,True,False,True,False,MOM,MOM,1,HCMToMOM,True,,,,
lre,fixed,HCM,ReqMOM,False,True,False,True,True,False,True,False,MOM,MOM,1,HCMToMOM,True,,,,
lre,fixed,HCM,ReqOCM,False,True,False,True,True,False,True,False,MOM,MOM,1,HCMToMOM,True,,,,
lre,fixed,HCM,EndTask,False,True,False,True,True,False,True,False,MOM,MOM,1,HCMToMOM,True,,,,
lre,fixed,HCM,ReqHCM,False,True,False,True,True,False,True,False,MOM,MOM,1,HCMToMOM,True,,,,
lre,fixed,HCM,tick,False,True,False,True,True,False,True,False,MOM,MOM,1,HCMToMOM,True,,,,
lre,fixed,HCM,ReqVel,False,True,False,True,True,False,True,True,MOM,MOM,1,HCMToMOM,True,,,,
lre,fixed,HCM,ReqHdng,False,True,False,True,True,False,True,True,MOM,MOM,1,HCMToMOM,True,,,,
lre,fixed,HCM,ReqMOM,False,True,False,True,True,False,True,True,MOM,MOM,1,HCMToMOM,True,,,,
lre,fixed,HCM,ReqOCM,False,True,False,True,True,False,True,True,MOM,MOM,1,HCMToMOM,True,,,,
lre,fixed,HCM,EndTask,False,True,False,True,True,False,True,True,MOM,MOM,1,HCMToMOM,True,,,,
lre,fixed,HCM,ReqHCM,False,True,False,True,True,False,True,True,MOM,MOM,1,HCMToMOM,True,,,,
lre,fixed,HCM,tick,False,True,False,True,True,False,True,True,MOM,MOM,1,HCMToMOM,True,,,,
lre,fixed,HCM,ReqVel,False,True,False,True,True,True,False,False,MOM,MOM,1,HCMToMOM,True,,,,
lre,fixed,HCM,ReqHdng,False,True,False,True,True,True,False,False,MOM,MOM,1,HCMToMOM,True,,,,
lre,fixed,HCM,ReqMOM,False,True,False,True,True,True,False,False,MOM,MOM,1,HCMToMOM,True,,,,
lre,fixed,HCM,ReqOCM,False,True,False,True,True,True,False,False,MOM,MOM,1,HCMToMOM,True,,,,
lre,fixed,HCM,EndTask,False,True,False,True,True,True,False,False,MOM,MOM,1,HCMToMOM,True,,,,
lre,fixed,HCM,ReqHCM,False,True,False,True,True,True,False,False,MOM,MOM,1,HCMToMOM,True,,,,
lre,fixed,HCM,tick,False,True,False,True,True,True,False,False,MOM,MOM,1,HCMToMOM,True,,,,
lre,fixed,HCM,ReqVel,False,True,False,True,True,True,False,True,MOM,MOM,1,HCMToMOM,True,,,,
lre,fixed,HCM,ReqHdng,False,True,False,True,True,True,False,True,MOM,MOM,1,HCMToMOM,True,,,,
lre,fixed,HCM,ReqMOM,False,True,False,True,True,True,False,True,MOM,MOM,1,HCMToMOM,True,,,,
lre,fixed,HCM,ReqOCM,False,True,False,True,True,True,False,True,MOM,MOM,1,HCMToMOM,True,,,,
lre,fixed,HCM,EndTask,False,True,False,True,True,True,False,True,MOM,MOM,1,HCMToMOM,True,,,,
lre,fixed,HCM,ReqHCM,False,True,False,True,True,True,False,True,MOM,MOM,1,HCMToMOM,True,,,,
lre,fixed,HCM,tick,False,True,False,True,True,True,False,True,MOM,MOM,1,HCMToMOM,True,,,,
lre,fixed,HCM,ReqVel,False,True,False,True,True,True,True,False,MOM,MOM,1,HCMToMOM,True,,,,
lre,fixed,HCM,ReqHdng,False,True,False,True,True,True,True,False,MOM,MOM,1,HCMToMOM,True,,,,
lre,fixed,HCM,ReqMOM,False,True,False,True,True,True,True,False,MOM,MOM,1,HCMToMOM,True,,,,
lre,fixed,HCM,ReqOCM,False,True,False,True,True,True,True,False,MOM,MOM,1,HCMToMOM,True,,,,
lre,fixed,HCM,EndTask,False,True,False,True,True,True,True,False,MOM,MOM,1,HCMToMOM,True,,,,
lre,fixed,HCM,ReqHCM,False,True,False,True,True,True,True,False,MOM,MOM,1,HCMToMOM,True,,,,
lre,fixed,HCM,tick,False,True,False,True,True,True,True,False,MOM,MOM,1,HCMToMOM,True,,,,
lre,fixed,HCM,ReqVel,False,True,False,True,True,True,True,True,MOM,MOM,1,HCMToMOM,True,,,,
lre,fixed,HCM,ReqHdng,False,True,False,True,True,True,True,True,MOM,MOM,1,HCMToMOM,True,,,,
lre,fixed,HCM,ReqMOM,False,True,False,True,True,True,True,True,MOM,MOM,1,HCMToMOM,True,,,,
lre,fixed,HCM,ReqOCM,False,True,False,True,True,True,True,True,MOM,MOM,1,HCMToMOM,True,,,,
lre,fixed,HCM,EndTask,False,True,False,True,True,True,True,True,MOM,MOM,1,HCMToMOM,True,,,,
lre,fixed,HCM,ReqHCM,False,True,False,True,True,True,True,True,MOM,MOM,1,HCMToMOM,True,,,,
lre,fixed,HCM,tick,False,True,False,True,True,True,True,True,MOM,MOM,1,HCMToMOM,True,,,,
lre,fixed,HCM,ReqVel,False,True,True,False,False,False,False,False,OCM,OCM,1,HCMToOCM,True,,,,
lre,fixed,HCM,ReqHdng,False,True,True,False,False,False,False,False,OCM,OCM,1,HCMToOCM,True,,,,
lre,fixed,HCM,ReqMOM,False,True,True,False,False,False,False,False,OCM,OCM,1,HCMToOCM,True,,,,
lre,fixed,HCM,ReqOCM,False,True,True,False,False,False,False,False,OCM,OCM,1,HCMToOCM,True,,,,
lre,fixed,HCM,EndTask,False,True,True,False,False,False,False,False,OCM,OCM,1,HCMToOCM,True,,,,
lre,fixed,HCM,ReqHCM,False,True,True,False,False,False,False,False,OCM,OCM,1,HCMToOCM,True,,,,
lre,fixed,HCM,tick,False,True,True,False,False,False,False,False,OCM,OCM,1,HCMToOCM,True,,,,
lre,fixed,HCM,ReqVel,False,True,True,False,False,False,False,True,OCM,OCM,1,HCMToOCM,True,,,,
lre,fixed,HCM,ReqHdng,False,True,True,False,False,False,False,True,OCM,OCM,1,HCMToOCM,True,,,,
lre,fixed,HCM,ReqMOM,False,True,True,False,False,False,False,True,OCM,OCM,1,HCMToOCM,True,,,,
lre,fixed,HCM,ReqOCM,False,True,True,False,False,False,False,True,OCM,OCM,1,HCMToOCM,True,,,,
lre,fixed,HCM,EndTask,False,True,True,False,False,False,False,True,OCM,OCM,1,HCMToOCM,True,,,,
lre,fixed,HCM,ReqHCM,False,True,True,False,False,False,False,True,OCM,OCM,1,HCMToOCM,True,,,,
lre,fixed,HCM,tick,False,True,True,False,False,False,False,True,OCM,OCM,1,HCMToOCM,True,,,,
lre,fixed,HCM,ReqVel,False,True,True,False,False,False,True,False,OCM,OCM,1,HCMToOCM,True,,,,
lre,fixed,HCM,ReqHdng,False,True,True,False,False,False,True,False,OCM,OCM,1,HCMToOCM,True,,,,
lre,fixed,HCM,ReqMOM,False,True,True,False,False,False,True,False,OCM,OCM,1,HCMToOCM,True,,,,
lre,fixed,HCM,ReqOCM,False,True,True,False,False,False,True,False,OCM,OCM,1,HCMToOCM,True,,,,
lre,fixed,HCM,EndTask,False,True,True,False,False,False,True,False,OCM,OCM,1,HCMToOCM,True,,,,
lre,fixed,HCM,ReqHCM,False,True,True,False,False,False,True,False,OCM,OCM,1,HCMToOCM,True,,,,
lre,fixed,HCM,tick,False,True,True,False,False,False,True,False,OCM,OCM,1,HCMToOCM,True,,,,
lre,fixed,HCM,ReqVel,False,True,True,False,False,False,True,True,OCM,OCM,1,HCMToOCM,True,,,,
lre,fixed,HCM,ReqHdng,False,True,True,False,False,False,True,True,OCM,OCM,1,HCMToOCM,True,,,,
lre,fixed,HCM,ReqMOM,False,True,True,False,False,False,True,True,OCM,OCM,1,HCMToOCM,True,,,,
lre,fixed,HCM,ReqOCM,False,True,True,False,False,False,True,True,OCM,OCM,1,HCMToOCM,True,,,,
lre,fixed,HCM,EndTask,False,True,True,False,False,False,True,True,OCM,OCM,1,HCMToOCM,True,,,,
lre,fixed,HCM,ReqHCM,False,True,True,False,False,False,True,True,OCM,OCM,1,HCMToOCM,True,,,,
lre,fixed,HCM,tick,False,True,True,False,False,False,True,True,OCM,OCM,1,HCMToOCM,True,,,,
lre,fixed,HCM,ReqVel,False,True,True,False,False,True,False,False,OCM,OCM,1,HCMToOCM,True,,,,
lre,fixed,HCM,ReqHdng,False,True,True,False,False,True,False,False,OCM,OCM,1,HCMToOCM,True,,,,
lre,fixed,HCM,ReqMOM,False,True,True,False,False,True,False,False,OCM,OCM,1,HCMToOCM,True,,,,
lre,fixed,HCM,ReqOCM,False,True,True,False,False,True,False,False,OCM,OCM,1,HCMToOCM,True,,,,
lre,fixed,HCM,EndTask,False,True,True,False,False,True,False,False,OCM,OCM,1,HCMToOCM,True,,,,
lre,fixed,HCM,ReqHCM,False,True,True,False,False,True,False,False,OCM,OCM,1,HCMToOCM,True,,,,
lre,fixed,HCM,tick,False,True,True,False,False,True,False,False,OCM,OCM,1,HCMToOCM,True,,,,
lre,fixed,HCM,ReqVel,False,True,True,False,False,True,False,True,OCM,OCM,1,HCMToOCM,True,,,,
lre,fixed,HCM,ReqHdng,False,True,True,False,False,True,False,True,OCM,OCM,1,HCMToOCM,True,,,,
lre,fixed,HCM,ReqMOM,False,True,True,False,False,True,False,True,OCM,OCM,1,HCMToOCM,True,,,,
lre,fixed,HCM,ReqOCM,False,True,True,False,False,True,False,True,OCM,OCM,1,HCMToOCM,True,,,,
lre,fixed,HCM,EndTask,False,True,True,False,False,True,False,True,OCM,OCM,1,HCMToOCM,True,,,,
lre,fixed,HCM,ReqHCM,False,True,True,False,False,True,False,True,OCM,OCM,1,HCMToOCM,True,,,,
lre,fixed,HCM,tick,False,True,True,False,False,True,False,True,OCM,OCM,1,HCMToOCM,True,,,,
lre,fixed,HCM,ReqVel,False,True,True,False,False,True,True,False,OCM,OCM,1,HCMToOCM,True,,,,
lre,fixed,HCM,ReqHdng,False,True,True,False,False,True,True,False,OCM,OCM,1,HCMToOCM,True,,,,
lre,fixed,HCM,ReqMOM,False,True,True,False,False,True,True,False,OCM,OCM,1,HCMToOCM,True,,,,
lre,fixed,HCM,ReqOCM,False,True,True,False,False,True,True,False,OCM,OCM,1,HCMToOCM,True,,,,
lre,fixed,HCM,EndTask,False,True,True,False,False,True,True,False,OCM,OCM,1,HCMToOCM,True,,,,
lre,fixed,HCM,ReqHCM,False,True,True,False,False,True,True,False,OCM,OCM,1,HCMToOCM,True,,,,
lre,fixed,HCM,tick,False,True,True,False,False,True,True,False,OCM,OCM,1,HCMToOCM,True,,,,
lre,fixed,HCM,ReqVel,False,True,True,False,False,True,True,True,OCM,OCM,1,HCMToOCM,True,,,,
lre,fixed,HCM,ReqHdng,False,True,True,False,False,True,True,True,OCM,OCM,1,HCMToOCM,True,,,,
lre,fixed,HCM,ReqMOM,False,True,True,False,False,True,True,True,OCM,OCM,1,HCMToOCM,True,,,,
lre,fixed,HCM,ReqOCM,False,True,True,False,False,True,True,True,OCM,OCM,1,HCMToOCM,True,,,,
lre,fixed,HCM,EndTask,False,True,True,False,False,True,True,True,OCM,OCM,1,HCMToOCM,True,,,,
lre,fixed,HCM,ReqHCM,False,True,True,False,False,True,True,True,OCM,OCM,1,HCMToOCM,True,,,,
lre,fixed,HCM,tick,False,True,True,False,False,True,True,True,OCM,OCM,1,HCMToOCM,True,,,,
lre,fixed,HCM,ReqVel,False,True,True,False,True,False,False,False,OCM,OCM,1,HCMToOCM,True,,,,
lre,fixed,HCM,ReqHdng,False,True,True,False,True,False,False,False,OCM,OCM,1,HCMToOCM,True,,,,
lre,fixed,HCM,ReqMOM,False,True,True,False,True,False,False,False,OCM,OCM,1,HCMToOCM,True,,,,
lre,fixed,HCM,ReqOCM,False,True,True,False,True,False,False,False,OCM,OCM,1,HCMToOCM,True,,,,
lre,fixed,HCM,EndTask,False,True,True,False,True,False,False,False,OCM,OCM,1,HCMToOCM,True,,,,
lre,fixed,HCM,ReqHCM,False,True,True,False,True,False,False,False,OCM,OCM,1,HCMToOCM,True,,,,
lre,fixed,HCM,tick,False,True,True,False,True,False,False,False,OCM,OCM,1,HCMToOCM,True,,,,
lre,fixed,HCM,ReqVel,False,True,True,False,True,False,False,True,OCM,OCM,1,HCMToOCM,True,,,,
lre,fixed,HCM,ReqHdng,False,True,True,False,True,False,False,True,OCM,OCM,1,HCMToOCM,True,,,,
lre,fixed,HCM,ReqMOM,False,True,True,False,True,False,False,True,OCM,OCM,1,HCMToOCM,True,,,,
lre,fixed,HCM,ReqOCM,False,True,True,False,True,False,False,True,OCM,OCM,1,HCMToOCM,True,,,,
lre,fixed,HCM,EndTask,False,True,True,False,True,False,False,True,OCM,OCM,1,HCMToOCM,True,,,,
lre,fixed,HCM,ReqHCM,False,True,True,False,True,False,False,True,OCM,OCM,1,HCMToOCM,True,,,,
lre,fixed,HCM,tick,False,True,True,False,True,False,False,True,OCM,OCM,1,HCMToOCM,True,,,,
lre,fixed,HCM,ReqVel,False,True,True,False,True,False,True,False,OCM,OCM,1,HCMToOCM,True,,,,
lre,fixed,HCM,ReqHdng,False,True,True,False,True,False,True,False,OCM,OCM,1,HCMToOCM,True,,,,
lre,fixed,HCM,ReqMOM,False,True,True,False,True,False,True,False,OCM,OCM,1,HCMToOCM,True,,,,
lre,fixed,HCM,ReqOCM,False,True,True,False,True,False,True,False,OCM,OCM,1,HCMToOCM,True,,,,
lre,fixed,HCM,EndTask,False,True,True,False,True,False,True,False,OCM,OCM,1,HCMToOCM,True,,,,
lre,fixed,HCM,ReqHCM,False,True,True,False,True,False,True,False,OCM,OCM,1,HCMToOCM,True,,,,
lre,fixed,HCM,tick,False,True,True,False,True,False,True,False,OCM,OCM,1,HCMToOCM,True,,,,
lre,fixed,HCM,ReqVel,False,True,True,False,True,False,True,True,OCM,OCM,1,HCMToOCM,True,,,,
lre,fixed,HCM,ReqHdng,False,True,True,False,True,False,True,True,OCM,OCM,1,HCMToOCM,True,,,,
lre,fixed,HCM,ReqMOM,False,True,True,False,True,False,True,True,OCM,OCM,1,HCMToOCM,True,,,,
lre,fixed,HCM,ReqOCM,False,True,True,False,True,False,True,True,OCM,OCM,1,HCMToOCM,True,,,,
lre,fixed,HCM,EndTask,False,True,True,False,True,False,True,True,OCM,OCM,1,HCMToOCM,True,,,,
lre,fixed,HCM,ReqHCM,False,True,True,False,True,False,True,True,OCM,OCM,1,HCMToOCM,True,,,,
lre,fixed,HCM,tick,False,True,True,False,True,False,True,True,OCM,OCM,1,HCMToOCM,True,,,,
lre,fixed,HCM,ReqVel,False,True,True,False,True,True,False,False,OCM,OCM,1,HCMToOCM,True,,,,
lre,fixed,HCM,ReqHdng,False,True,True,False,True,True,False,False,OCM,OCM,1,HCMToOCM,True,,,,
lre,fixed,HCM,ReqMOM,False,True,True,False,True,True,False,False,OCM,OCM,1,HCMToOCM,True,,,,
lre,fixed,HCM,ReqOCM,False,True,True,False,True,True,False,False,OCM,OCM,1,HCMToOCM,True,,,,
lre,fixed,HCM,EndTask,False,True,True,False,True,True,False,False,OCM,OCM,1,HCMToOCM,True,,,,
lre,fixed,HCM,ReqHCM,False,True,True,False,True,True,False,False,OCM,OCM,1,HCMToOCM,True,,,,
lre,fixed,HCM,tick,False,True,True,False,True,True,False,False,OCM,OCM,1,HCMToOCM,True,,,,
lre,fixed,HCM,ReqVel,False,True,True,False,True,True,False,True,OCM,OCM,1,HCMToOCM,True,,,,
lre,fixed,HCM,ReqHdng,False,True,True,False,True,True,False,True,OCM,OCM,1,HCMToOCM,True,,,,
lre,fixed,HCM,ReqMOM,False,True,True,False,True,True,False,True,OCM,OCM,1,HCMToOCM,True,,,,
lre,fixed,HCM,ReqOCM,False,True,True,False,True,True,False,True,OCM,OCM,1,HCMToOCM,True,,,,
lre,fixed,HCM,EndTask,False,True,True,False,True,True,False,True,OCM,OCM,1,HCMToOCM,True,,,,
lre,fixed,HCM,ReqHCM,False,True,True,False,True,True,False,True,OCM,OCM,1,HCMToOCM,True,,,,
lre,fixed,HCM,tick,False,True,True,False,True,True,False,True,OCM,OCM,1,HCMToOCM,True,,,,
lre,fixed,HCM,ReqVel,False,True,True,False,True,True,True,False,OCM,OCM,1,HCMToOCM,True,,,,
lre,fixed,HCM,ReqHdng,False,True,True,False,True,True,True,False,OCM,OCM,1,HCMToOCM,True,,,,
lre,fixed,HCM,ReqMOM,False,True,True,False,True,True,True,False,OCM,OCM,1,HCMToOCM,True,,,,
lre,fixed,HCM,ReqOCM,False,True,True,False,True,True,True,False,OCM,OCM,1,HCMToOCM,True,,,,
lre,fixed,HCM,EndTask,False,True,True,False,True,True,True,False,OCM,OCM,1,HCMToOCM,True,,,,
lre,fixed,HCM,ReqHCM,False,True,True,False,True,True,True,False,OCM,OCM,1,HCMToOCM,True,,,,
lre,fixed,HCM,tick,False,True,True,False,True,True,True,False,OCM,OCM,1,HCMToOCM,True,,,,
lre,fixed,HCM,ReqVel,False,True,True,False,True,True,True,True,OCM,OCM,1,HCMToOCM,True,,,,
lre,fixed,HCM,ReqHdng,False,True,True,False,True,True,True,True,OCM,OCM,1,HCMToOCM,True,,,,
lre,fixed,HCM,ReqMOM,False,True,True,False,True,True,True,True,OCM,OCM,1,HCMToOCM,True,,,,
lre,fixed,HCM,ReqOCM,False,True,True,False,True,True,True,True,OCM,OCM,1,HCMToOCM,True,,,,
lre,fixed,HCM,EndTask,False,True,True,False,True,True,True,True,OCM,OCM,1,HCMToOCM,True,,,,
lre,fixed,HCM,ReqHCM,False,True,True,False,True,True,True,True,OCM,OCM,1,HCMToOCM,True,,,,
lre,fixed,HCM,tick,False,True,True,False,True,True,True,True,OCM,OCM,1,HCMToOCM,True,,,,
lre,fixed,HCM,ReqVel,False,True,True,True,False,False,False,False,OCM,OCM,1,HCMToOCM,True,,,,
lre,fixed,HCM,ReqHdng,False,True,True,True,False,False,False,False,OCM,OCM,1,HCMToOCM,True,,,,
lre,fixed,HCM,ReqMOM,False,True,True,True,False,False,False,False,OCM,OCM,1,HCMToOCM,True,,,,
lre,fixed,HCM,ReqOCM,False,True,True,True,False,False,False,False,OCM,OCM,1,HCMToOCM,True,,,,
lre,fixed,HCM,EndTask,False,True,True,True,False,False,False,False,OCM,OCM,1,HCMToOCM,True,,,,
lre,fixed,HCM,ReqHCM,False,True,True,True,False,False,False,False,OCM,OCM,1,HCMToOCM,True,,,,
lre,fixed,HCM,tick,False,True,True,True,False,False,False,False,OCM,OCM,1,HCMToOCM,True,,,,
lre,fixed,HCM,ReqVel,False,True,True,True,False,False,False,True,OCM,OCM,1,HCMToOCM,True,,,,
lre,fixed,HCM,ReqHdng,False,True,True,True,False,False,False,True,OCM,OCM,1,HCMToOCM,True,,,,
lre,fixed,HCM,ReqMOM,False,True,True,True,False,False,False,True,OCM,OCM,1,HCMToOCM,True,,,,
lre,fixed,HCM,ReqOCM,False,True,True,True,False,False,False,True,OCM,OCM,1,HCMToOCM,True,,,,
lre,fixed,HCM,EndTask,False,True,True,True,False,False,False,True,OCM,OCM,1,HCMToOCM,True,,,,
lre,fixed,HCM,ReqHCM,False,True,True,True,False,False,False,True,OCM,OCM,1,HCMToOCM,True,,,,
lre,fixed,HCM,tick,False,True,True,True,False,False,False,True,OCM,OCM,1,HCMToOCM,True,,,,
lre,fixed,HCM,ReqVel,False,True,True,True,False,False,True,False,OCM,OCM,1,HCMToOCM,True,,,,
lre,fixed,HCM,ReqHdng,False,True,True,True,False,False,True,False,OCM,OCM,1,HCMToOCM,True,,,,
lre,fixed,HCM,ReqMOM,False,True,True,True,False,False,True,False,OCM,OCM,1,HCMToOCM,True,,,,
lre,fixed,HCM,ReqOCM,False,True,True,True,False,False,True,False,OCM,OCM,1,HCMToOCM,True,,,,
lre,fixed,HCM,EndTask,False,True,True,True,False,False,True,False,OCM,OCM,1,HCMToOCM,True,,,,
lre,fixed,HCM,ReqHCM,False,True,True,True,False,False,True,False,OCM,OCM,1,HCMToOCM,True,,,,
lre,fixed,HCM,tick,False,True,True,True,False,False,True,False,OCM,OCM,1,HCMToOCM,True,,,,
lre,fixed,HCM,ReqVel,False,True,True,True,False,False,True,True,OCM,OCM,1,HCMToOCM,True,,,,
lre,fixed,HCM,ReqHdng,False,True,True,True,False,False,True,True,OCM,OCM,1,HCMToOCM,True,,,,
lre,fixed,HCM,ReqMOM,False,True,True,True,False,False,True,True,OCM,OCM,1,HCMToOCM,True,,,,
lre,fixed,HCM,ReqOCM,False,True,True,True,False,False,True,True,OCM,OCM,1,HCMToOCM,True,,,,
lre,fixed,HCM,EndTask,False,True,True,True,False,False,True,True,OCM,OCM,1,HCMToOCM,True,,,,
lre,fixed,HCM,ReqHCM,False,True,True,True,False,False,True,True,OCM,OCM,1,HCMToOCM,True,,,,
lre,fixed,HCM,tick,False,True,True,True,False,False,True,True,OCM,OCM,1,HCMToOCM,True,,,,
lre,fixed,HCM,ReqVel,False,True,True,True,False,True,False,False,OCM,OCM,1,HCMToOCM,True,,,,
lre,fixed,HCM,ReqHdng,False,True,True,True,False,True,False,False,OCM,OCM,1,HCMToOCM,True,,,,
lre,fixed,HCM,ReqMOM,False,True,True,True,False,True,False,False,OCM,OCM,1,HCMToOCM,True,,,,
lre,fixed,HCM,ReqOCM,False,True,True,True,False,True,False,False,OCM,OCM,1,HCMToOCM,True,,,,
lre,fixed,HCM,EndTask,False,True,True,True,False,True,False,False,OCM,OCM,1,HCMToOCM,True,,,,
lre,fixed,HCM,ReqHCM,False,True,True,True,False,True,False,False,OCM,OCM,1,HCMToOCM,True,,,,
lre,fixed,HCM,tick,False,True,True,True,False,True,False,False,OCM,OCM,1,HCMToOCM,True,,,,
lre,fixed,HCM,ReqVel,False,True,True,True,False,True,False,True,OCM,OCM,1,HCMToOCM,True,,,,
lre,fixed,HCM,ReqHdng,False,True,True,True,False,True,False,True,OCM,OCM,1,HCMToOCM,True,,,,
lre,fixed,HCM,ReqMOM,False,True,True,True,False,True,False,True,OCM,OCM,1,HCMToOCM,True,,,,
lre,fixed,HCM,ReqOCM,False,True,True,True,False,True,False,True,OCM,OCM,1,HCMToOCM,True,,,,
lre,fixed,HCM,EndTask,False,True,True,True,False,True,False,True,OCM,OCM,1,HCMToOCM,True,,,,
lre,fixed,HCM,ReqHCM,False,True,True,True,False,True,False,True,OCM,OCM,1,HCMToOCM,True,,,,
lre,fixed,HCM,tick,False,True,True,True,False,True,False,True,OCM,OCM,1,HCMToOCM,True,,,,
lre,fixed,HCM,ReqVel,False,True,True,True,False,True,True,False,OCM,OCM,1,HCMToOCM,True,,,,
lre,fixed,HCM,ReqHdng,False,True,True,True,False,True,True,False,OCM,OCM,1,HCMToOCM,True,,,,
lre,fixed,HCM,ReqMOM,False,True,True,True,False,True,True,False,OCM,OCM,1,HCMToOCM,True,,,,
lre,fixed,HCM,ReqOCM,False,True,True,True,False,True,True,False,OCM,OCM,1,HCMToOCM,True,,,,
lre,fixed,HCM,EndTask,False,True,True,True,False,True,True,False,OCM,OCM,1,HCMToOCM,True,,,,
lre,fixed,HCM,ReqHCM,False,True,True,True,False,True,True,False,OCM,OCM,1,HCMToOCM,True,,,,
lre,fixed,HCM,tick,False,True,True,True,False,True,True,False,OCM,OCM,1,HCMToOCM,True,,,,
lre,fixed,HCM,ReqVel,False,True,True,True,False,True,True,True,OCM,OCM,1,HCMToOCM,True,,,,
lre,fixed,HCM,ReqHdng,False,True,True,True,False,True,True,True,OCM,OCM,1,HCMToOCM,True,,,,
lre,fixed,HCM,ReqMOM,False,True,True,True,False,True,True,True,OCM,OCM,1,HCMToOCM,True,,,,
lre,fixed,HCM,ReqOCM,False,True,True,True,False,True,True,True,OCM,OCM,1,HCMToOCM,True,,,,
lre,fixed,HCM,EndTask,False,True,True,True,False,True,True,True,OCM,OCM,1,HCMToOCM,True,,,,
lre,fixed,HCM,ReqHCM,False,True,True,True,False,True,True,True,OCM,OCM,1,HCMToOCM,True,,,,
lre,fixed,HCM,tick,False,True,True,True,False,True,True,True,OCM,OCM,1,HCMToOCM,True,,,,
lre,fixed,HCM,ReqVel,False,True,True,True,True,False,False,False,OCM,OCM,1,HCMToOCM,True,,,,
lre,fixed,HCM,ReqHdng,False,True,True,True,True,False,False,False,OCM,OCM,1,HCMToOCM,True,,,,
lre,fixed,HCM,ReqMOM,False,True,True,True,True,False,False,False,OCM,OCM,1,HCMToOCM,True,,,,
lre,fixed,HCM,ReqOCM,False,True,True,True,True,False,False,False,OCM,OCM,1,HCMToOCM,True,,,,
lre,fixed,HCM,EndTask,False,True,True,True,True,False,False,False,OCM,OCM,1,HCMToOCM,True,,,,
lre,fixed,HCM,ReqHCM,False,True,True,True,True,False,False,False,OCM,OCM,1,HCMToOCM,True,,,,
lre,fixed,HCM,tick,False,True,True,True,True,False,False,False,OCM,OCM,1,HCMToOCM,True,,,,
lre,fixed,HCM,ReqVel,False,True,True,True,True,False,False,True,OCM,OCM,1,HCMToOCM,True,,,,
lre,fixed,HCM,ReqHdng,False,True,True,True,True,False,False,True,OCM,OCM,1,HCMToOCM,True,,,,
lre,fixed,HCM,ReqMOM,False,True,True,True,True,False,False,True,OCM,OCM,1,HCMToOCM,True,,,,
lre,fixed,HCM,ReqOCM,False,True,True,True,True,False,False,True,OCM,OCM,1,HCMToOCM,True,,,,
lre,fixed,HCM,EndTask,False,True,True,True,True,False,False,True,OCM,OCM,1,HCMToOCM,True,,,,
lre,fixed,HCM,ReqHCM,False,True,True,True,True,False,False,True,OCM,OCM,1,HCMToOCM,True,,,,
lre,fixed,HCM,tick,False,True,True,True,True,False,False,True,OCM,OCM,1,HCMToOCM,True,,,,
lre,fixed,HCM,ReqVel,False,True,True,True,True,False,True,False,OCM,OCM,1,HCMToOCM,True,,,,
lre,fixed,HCM,ReqHdng,False,True,True,True,True,False,True,False,OCM,OCM,1,HCMToOCM,True,,,,
lre,fixed,HCM,ReqMOM,False,True,True,True,True,False,True,False,OCM,OCM,1,HCMToOCM,True,,,,
lre,fixed,HCM,ReqOCM,False,True,True,True,True,False,True,False,OCM,OCM,1,HCMToOCM,True,,,,
lre,fixed,HCM,EndTask,False,True,True,True,True,False,True,False,OCM,OCM,1,HCMToOCM,True,,,,
lre,fixed,HCM,ReqHCM,False,True,True,True,True,False,True,False,OCM,OCM,1,HCMToOCM,True,,,,
lre,fixed,HCM,tick,False,True,True,True,True,False,True,False,OCM,OCM,1,HCMToOCM,True,,,,
lre,fixed,HCM,ReqVel,False,True,True,True,True,False,True,True,OCM,OCM,1,HCMToOCM,True,,,,
lre,fixed,HCM,ReqHdng,False,True,True,True,True,False,True,True,OCM,OCM,1,HCMToOCM,True,,,,
lre,fixed,HCM,ReqMOM,False,True,True,True,True,False,True,True,OCM,OCM,1,HCMToOCM,True,,,,
lre,fixed,HCM,ReqOCM,False,True,True,True,True,False,True,True,OCM,OCM,1,HCMToOCM,True,,,,
lre,fixed,HCM,EndTask,False,True,True,True,True,False,True,True,OCM,OCM,1,HCMToOCM,True,,,,
lre,fixed,HCM,ReqHCM,False,True,True,True,True,False,True,True,OCM,OCM,1,HCMToOCM,True,,,,
lre,fixed,HCM,tick,False,True,True,True,True,False,True,True,OCM,OCM,1,HCMToOCM,True,,,,
lre,fixed,HCM,ReqVel,False,True,True,True,True,True,False,False,OCM,OCM,1,HCMToOCM,True,,,,
lre,fixed,HCM,ReqHdng,False,True,True,True,True,True,False,False,OCM,OCM,1,HCMToOCM,True,,,,
lre,fixed,HCM,ReqMOM,False,True,True,True,True,True,False,False,OCM,OCM,1,HCMToOCM,True,,,,
lre,fixed,HCM,ReqOCM,False,True,True,True,True,True,False,False,OCM,OCM,1,HCMToOCM,True,,,,
lre,fixed,HCM,EndTask,False,True,True,True,True,True,False,False,OCM,OCM,1,HCMToOCM,True,,,,
lre,fixed,HCM,ReqHCM,False,True,True,True,True,True,False,False,OCM,OCM,1,HCMToOCM,True,,,,
lre,fixed,HCM,tick,False,True,True,True,True,True,False,False,OCM,OCM,1,HCMToOCM,True,,,,
lre,fixed,HCM,ReqVel,False,True,True,True,True,True,False,True,OCM,OCM,1,HCMToOCM,True,,,,
lre,fixed,HCM,ReqHdng,False,True,True,True,True,True,False,True,OCM,OCM,1,HCMToOCM,True,,,,
lre,fixed,HCM,ReqMOM,False,True,True,True,True,True,False,True,OCM,OCM,1,HCMToOCM,True,,,,
lre,fixed,HCM,ReqOCM,False,True,True,True,True,True,False,True,OCM,OCM,1,HCMToOCM,True,,,,
lre,fixed,HCM,EndTask,False,True,True,True,True,True,False,True,OCM,OCM,1,HCMToOCM,True,,,,
lre,fixed,HCM,ReqHCM,False,True,True,True,True,True,False,True,OCM,OCM,1,HCMToOCM,True,,,,
lre,fixed,HCM,tick,False,True,True,True,True,True,False,True,OCM,OCM,1,HCMToOCM,True,,,,
lre,fixed,HCM,ReqVel,False,True,True,True,True,True,True,False,OCM,OCM,1,HCMToOCM,True,,,,
lre,fixed,HCM,ReqHdng,False,True,True,True,True,True,True,False,OCM,OCM,1,HCMToOCM,True,,,,
lre,fixed,HCM,ReqMOM,False,True,True,True,True,True,True,False,OCM,OCM,1,HCMToOCM,True,,,,
lre,fixed,HCM,ReqOCM,False,True,True,True,True,True,True,False,OCM,OCM,1,HCMToOCM,True,,,,
lre,fixed,HCM,EndTask,False,True,True,True,True,True,True,False,OCM,OCM,1,HCMToOCM,True,,,,
lre,fixed,HCM,ReqHCM,False,True,True,True,True,True,True,False,OCM,OCM,1,HCMToOCM,True,,,,
lre,fixed,HCM,tick,False,True,True,True,True,True,True,False,OCM,OCM,1,HCMToOCM,True,,,,
lre,fixed,HCM,ReqVel,False,True,True,True,True,True,True,True,OCM,OCM,1,HCMToOCM,True,,,,
lre,fixed,HCM,ReqHdng,False,True,True,True,True,True,True,True,OCM,OCM,1,HCMToOCM,True,,,,
lre,fixed,HCM,ReqMOM,False,True,True,True,True,True,True,True,OCM,OCM,1,HCMToOCM,True,,,,
lre,fixed,HCM,ReqOCM,False,True,True,True,True,True,True,True,OCM,OCM,1,HCMToOCM,True,,,,
lre,fixed,HCM,EndTask,False,True,True,True,True,True,True,True,OCM,OCM,1,HCMToOCM,True,,,,
lre,fixed,HCM,ReqHCM,False,True,True,True,True,True,True,True,OCM,OCM,1,HCMToOCM,True,,,,
lre,fixed,HCM,tick,False,True,True,True,True,True,True,True,OCM,OCM,1,HCMToOCM,True,,,,
lre,fixed,HCM,ReqVel,True,False,False,False,False,False,False,False,CAM,CAM,1,HCMToCAM,True,,,,
lre,fixed,HCM,ReqHdng,True,False,False,False,False,False,False,False,CAM,CAM,1,HCMToCAM,True,,,,
lre,fixed,HCM,ReqMOM,True,False,False,False,False,False,False,False,CAM,CAM,1,HCMToCAM,True,,,,
lre,fixed,HCM,ReqOCM,True,False,False,False,False,False,False,False,CAM,CAM,1,HCMToCAM,True,,,,
lre,fixed,HCM,EndTask,True,False,False,False,False,False,False,False,CAM,CAM,1,HCMToCAM,True,,,,
lre,fixed,HCM,ReqHCM,True,False,False,False,False,False,False,False,CAM,CAM,1,HCMToCAM,True,,,,
lre,fixed,HCM,tick,True,False,False,False,False,False,False,False,CAM,CAM,1,HCMToCAM,True,,,,
lre,fixed,HCM,ReqVel,True,False,False,False,False,False,False,True,CAM,CAM,1,HCMToCAM,True,,,,
lre,fixed,HCM,ReqHdng,True,False,False,False,False,False,False,True,CAM,CAM,1,HCMToCAM,True,,,,
lre,fixed,HCM,ReqMOM,True,False,False,False,False,False,False,True,CAM,CAM,1,HCMToCAM,True,,,,
lre,fixed,HCM,ReqOCM,True,False,False,False,False,False,False,True,CAM,CAM,1,HCMToCAM,True,,,,
lre,fixed,HCM,EndTask,True,False,False,False,False,False,False,True,CAM,CAM,1,HCMToCAM,True,,,,
lre,fixed,HCM,ReqHCM,True,False,False,False,False,False,False,True,CAM,CAM,1,HCMToCAM,True,,,,
lre,fixed,HCM,tick,True,False,False,False,False,False,False,True,CAM,CAM,1,HCMToCAM,True,,,,
lre,fixed,HCM,ReqVel,True,False,False,False,False,False,True,False,CAM,CAM,1,HCMToCAM,True,,,,
lre,fixed,HCM,ReqHdng,True,False,False,False,False,False,True,False,CAM,CAM,1,HCMToCAM,True,,,,
lre,fixed,HCM,ReqMOM,True,False,False,False,False,False,True,False,CAM,CAM,1,HCMToCAM,True,,,,
lre,fixed,HCM,ReqOCM,True,False,False,False,False,False,True,False,CAM,CAM,1,HCMToCAM,True,,,,
lre,fixed,HCM,EndTask,True,False,False,False,False,False,True,False,CAM,CAM,1,HCMToCAM,True,,,,
lre,fixed,HCM,ReqHCM,True,False,False,False,False,False,True,False,CAM,CAM,1,HCMToCAM,True,,,,
lre,fixed,HCM,tick,True,False,False,False,False,False,True,False,CAM,CAM,1,HCMToCAM,True,,,,
lre,fixed,HCM,ReqVel,True,False,False,False,False,False,True,True,CAM,CAM,1,HCMToCAM,True,,,,
lre,fixed,HCM,ReqHdng,True,False,False,False,False,False,True,True,CAM,CAM,1,HCMToCAM,True,,,,
lre,fixed,HCM,ReqMOM,True,False,False,False,False,False,True,True,CAM,CAM,1,HCMToCAM,True,,,,
lre,fixed,HCM,ReqOCM,True,False,False,False,False,False,True,True,CAM,CAM,1,HCMToCAM,True,,,,
lre,fixed,HCM,EndTask,True,False,False,False,False,False,True,True,CAM,CAM,1,HCMToCAM,True,,,,
lre,fixed,HCM,ReqHCM,True,False,False,False,False,False,True,True,CAM,CAM,1,HCMToCAM,True,,,,
lre,fixed,HCM,tick,True,False,False,False,False,False,True,True,CAM,CAM,1,HCMToCAM,True,,,,
lre,fixed,HCM,ReqVel,True,False,False,False,False,True,False,False,CAM,CAM,1,HCMToCAM,True,,,,
lre,fixed,HCM,ReqHdng,True,False,False,False,False,True,False,False,CAM,CAM,1,HCMToCAM,True,,,,
lre,fixed,HCM,ReqMOM,True,False,False,False,False,True,False,False,CAM,CAM,1,HCMToCAM,True,,,,
lre,fixed,HCM,ReqOCM,True,False,False,False,False,True,False,False,CAM,CAM,1,HCMToCAM,True,,,,
lre,fixed,HCM,EndTask,True,False,False,False,False,True,False,False,CAM,CAM,1,HCMToCAM,True,,,,
lre,fixed,HCM,ReqHCM,True,False,False,False,False,True,False,False,CAM,CAM,1,HCMToCAM,True,,,,
lre,fixed,HCM,tick,True,False,False,False,False,True,False,False,CAM,CAM,1,HCMToCAM,True,,,,
lre,fixed,HCM,ReqVel,True,False,False,False,False,True,False,True,CAM,CAM,1,HCMToCAM,True,,,,
lre,fixed,HCM,ReqHdng,True,False,False,False,False,True,False,True,CAM,CAM,1,HCMToCAM,True,,,,
lre,fixed,HCM,ReqMOM,True,False,False,False,False,True,False,True,CAM,CAM,1,HCMToCAM,True,,,,
lre,fixed,HCM,ReqOCM,True,False,False,False,False,True,False,True,CAM,CAM,1,HCMToCAM,True,,,,
lre,fixed,HCM,EndTask,True,False,False,False,False,True,False,True,CAM,CAM,1,HCMToCAM,True,,,,
lre,fixed,HCM,ReqHCM,True,False,False,False,False,True,False,True,CAM,CAM,1,HCMToCAM,True,,,,
lre,fixed,HCM,tick,True,False,False,False,False,True,False,True,CAM,CAM,1,HCMToCAM,True,,,,
lre,fixed,HCM,ReqVel,True,False,False,False,False,True,True,False,CAM,CAM,1,HCMToCAM,True,,,,
lre,fixed,HCM,ReqHdng,True,False,False,False,False,True,True,False,CAM,CAM,1,HCMToCAM,True,,,,
lre,fixed,HCM,ReqMOM,True,False,False,False,False,True,True,False,CAM,CAM,1,HCMToCAM,True,,,,
lre,fixed,HCM,ReqOCM,True,False,False,False,False,True,True,False,CAM,CAM,1,HCMToCAM,True,,,,
lre,fixed,HCM,EndTask,True,False,False,False,False,True,True,False,CAM,CAM,1,HCMToCAM,True,,,,
lre,fixed,HCM,ReqHCM,True,False,False,False,False,True,True,False,CAM,CAM,1,HCMToCAM,True,,,,
lre,fixed,HCM,tick,True,False,False,False,False,True,True,False,CAM,CAM,1,HCMToCAM,True,,,,
lre,fixed,HCM,ReqVel,True,False,False,False,False,True,True,True,CAM,CAM,1,HCMToCAM,True,,,,
lre,fixed,HCM,ReqHdng,True,False,False,False,False,True,True,True,CAM,CAM,1,HCMToCAM,True,,,,
lre,fixed,HCM,ReqMOM,True,False,False,False,False,True,True,True,CAM,CAM,1,HCMToCAM,True,,,,
lre,fixed,HCM,ReqOCM,True,False,False,False,False,True,True,True,CAM,CAM,1,HCMToCAM,True,,,,
lre,fixed,HCM,EndTask,True,False,False,False,False,True,True,True,CAM,CAM,1,HCMToCAM,True,,,,
lre,fixed,HCM,ReqHCM,True,False,False,False,False,True,True,True,CAM,CAM,1,HCMToCAM,True,,,,
lre,fixed,HCM,tick,True,False,False,False,False,True,True,True,CAM,CAM,1,HCMToCAM,True,,,,
lre,fixed,HCM,ReqVel,True,False,False,False,True,False,False,False,CAM,CAM,1,HCMToCAM,True,,,,
lre,fixed,HCM,ReqHdng,True,False,False,False,True,False,False,False,CAM,CAM,1,HCMToCAM,True,,,,
lre,fixed,HCM,ReqMOM,True,False,False,False,True,False,False,False,CAM,CAM,1,HCMToCAM,True,,,,
lre,fixed,HCM,ReqOCM,True,False,False,False,True,False,False,False,CAM,CAM,1,HCMToCAM,True,,,,
lre,fixed,HCM,EndTask,True,False,False,False,True,False,False,False,CAM,CAM,1,HCMToCAM,True,,,,
lre,fixed,HCM,ReqHCM,True,False,False,False,True,False,False,False,CAM,CAM,1,HCMToCAM,True,,,,
lre,fixed,HCM,tick,True,False,False,False,True,False,False,False,CAM,CAM,1,HCMToCAM,True,,,,
lre,fixed,HCM,ReqVel,True,False,False,False,True,False,False,True,CAM,CAM,1,HCMToCAM,True,,,,
lre,fixed,HCM,ReqHdng,True,False,False,False,True,False,False,True,CAM,CAM,1,HCMToCAM,True,,,,
lre,fixed,HCM,ReqMOM,True,False,False,False,True,False,False,True,CAM,CAM,1,HCMToCAM,True,,,,
lre,fixed,HCM,ReqOCM,True,False,False,False,True,False,False,True,CAM,CAM,1,HCMToCAM,True,,,,
lre,fixed,HCM,EndTask,True,False,False,False,True,False,False,True,CAM,CAM,1,HCMToCAM,True,,,,
lre,fixed,HCM,ReqHCM,True,False,False,False,True,False,False,True,CAM,CAM,1,HCMToCAM,True,,,,
lre,fixed,HCM,tick,True,False,False,False,True,False,False,True,CAM,CAM,1,HCMToCAM,True,,,,
lre,fixed,HCM,ReqVel,True,False,False,False,True,False,True,False,CAM,CAM,1,HCMToCAM,True,,,,
lre,fixed,HCM,ReqHdng,True,False,False,False,True,False,True,False,CAM,CAM,1,HCMToCAM,True,,,,
lre,fixed,HCM,ReqMOM,True,False,False,False,True,False,True,False,CAM,CAM,1,HCMToCAM,True,,,,
lre,fixed,HCM,ReqOCM,True,False,False,False,True,False,True,False,CAM,CAM,1,HCMToCAM,True,,,,
lre,fixed,HCM,EndTask,True,False,False,False,True,False,True,False,CAM,CAM,1,HCMToCAM,True,,,,
lre,fixed,HCM,ReqHCM,True,False,False,False,True,False,True,False,CAM,CAM,1,HCMToCAM,True,,,,
lre,fixed,HCM,tick,True,False,False,False,True,False,True,False,CAM,CAM,1,HCMToCAM,True,,,,
lre,fixed,HCM,ReqVel,True,False,False,False,True,False,True,True,CAM,CAM,1,HCMToCAM,True,,,,
lre,fixed,HCM,ReqHdng,True,False,False,False,True,False,True,True,CAM,CAM,1,HCMToCAM,True,,,,
lre,fixed,HCM,ReqMOM,True,False,False,False,True,False,True,True,CAM,CAM,1,HCMToCAM,True,,,,
lre,fixed,HCM,ReqOCM,True,False,False,False,True,False,True,True,CAM,CAM,1,HCMToCAM,True,,,,
lre,fixed,HCM,EndTask,True,False,False,False,True,False,True,True,CAM,CAM,1,HCMToCAM,True,,,,
lre,fixed,HCM,ReqHCM,True,False,False,False,True,False,True,True,CAM,CAM,1,HCMToCAM,True,,,,
lre,fixed,HCM,tick,True,False,False,False,True,False,True,True,CAM,CAM,1,HCMToCAM,True,,,,
lre,fixed,HCM,ReqVel,True,False,False,False,True,True,False,False,CAM,CAM,1,HCMToCAM,True,,,,
lre,fixed,HCM,ReqHdng,True,False,False,False,True,True,False,False,CAM,CAM,1,HCMToCAM,True,,,,
lre,fixed,HCM,ReqMOM,True,False,False,False,True,True,False,False,CAM,CAM,1,HCMToCAM,True,,,,
lre,fixed,HCM,ReqOCM,True,False,False,False,True,True,False,False,CAM,CAM,1,HCMToCAM,True,,,,
lre,fixed,HCM,EndTask,True,False,False,False,True,True,False,False,CAM,CAM,1,HCMToCAM,True,,,,
lre,fixed,HCM,ReqHCM,True,False,False,False,True,True,False,False,CAM,CAM,1,HCMToCAM,True,,,,
lre,fixed,HCM,tick,True,False,False,False,True,True,False,False,CAM,CAM,1,HCMToCAM,True,,,,
lre,fixed,HCM,ReqVel,True,False,False,False,True,True,False,True,CAM,CAM,1,HCMToCAM,True,,,,
lre,fixed,HCM,ReqHdng,True,False,False,False,True,True,False,True,CAM,CAM,1,HCMToCAM,True,,,,
lre,fixed,HCM,ReqMOM,True,False,False,False,True,True,False,True,CAM,CAM,1,HCMToCAM,True,,,,
lre,fixed,HCM,ReqOCM,True,False,False,False,True,True,False,True,CAM,CAM,1,HCMToCAM,True,,,,
lre,fixed,HCM,EndTask,True,False,False,False,True,True,False,True,CAM,CAM,1,HCMToCAM,True,,,,
lre,fixed,HCM,ReqHCM,True,False,False,False,True,True,False,True,CAM,CAM,1,HCMToCAM,True,,,,
lre,fixed,HCM,tick,True,False,False,False,True,True,False,True,CAM,CAM,1,HCMToCAM,True,,,,
lre,fixed,HCM,ReqVel,True,False,False,False,True,True,True,False,CAM,CAM,1,HCMToCAM,True,,,,
lre,fixed,HCM,ReqHdng,True,False,False,False,True,True,True,False,CAM,CAM,1,HCMToCAM,True,,,,
lre,fixed,HCM,ReqMOM,True,False,False,False,True,True,True,False,CAM,CAM,1,HCMToCAM,True,,,,
lre,fixed,HCM,ReqOCM,True,False,False,False,True,True,True,False,CAM,CAM,1,HCMToCAM,True,,,,
lre,fixed,HCM,EndTask,True,False,False,False,True,True,True,False,CAM,CAM,1,HCMToCAM,True,,,,
lre,fixed,HCM,ReqHCM,True,False,False,False,True,True,True,False,CAM,CAM,1,HCMToCAM,True,,,,
lre,fixed,HCM,tick,True,False,False,False,True,True,True,False,CAM,CAM,1,HCMToCAM,True,,,,
lre,fixed,HCM,ReqVel,True,False,False,False,True,True,True,True,CAM,CAM,1,HCMToCAM,True,,,,
lre,fixed,HCM,ReqHdng,True,False,False,False,True,True,True,True,CAM,CAM,1,HCMToCAM,True,,,,
lre,fixed,HCM,ReqMOM,True,False,False,False,True,True,True,True,CAM,CAM,1,HCMToCAM,True,,,,
lre,fixed,HCM,ReqOCM,True,False,False,False,True,True,True,True,CAM,CAM,1,HCMToCAM,True,,,,
lre,fixed,HCM,EndTask,True,False,False,False,True,True,True,True,CAM,CAM,1,HCMToCAM,True,,,,
lre,fixed,HCM,ReqHCM,True,False,False,False,True,True,True,True,CAM,CAM,1,HCMToCAM,True,,,,
lre,fixed,HCM,tick,True,False,False,False,True,True,True,True,CAM,CAM,1,HCMToCAM,True,,,,
lre,fixed,HCM,ReqVel,True,False,False,True,False,False,False,False,CAM,CAM,1,HCMToCAM,True,,,,
lre,fixed,HCM,ReqHdng,True,False,False,True,False,False,False,False,CAM,CAM,1,HCMToCAM,True,,,,
lre,fixed,HCM,ReqMOM,True,False,False,True,False,False,False,False,CAM,CAM,1,HCMToCAM,True,,,,
lre,fixed,HCM,ReqOCM,True,False,False,True,False,False,False,False,CAM,CAM,1,HCMToCAM,True,,,,
lre,fixed,HCM,EndTask,True,False,False,True,False,False,False,False,CAM,CAM,1,HCMToCAM,True,,,,
lre,fixed,HCM,ReqHCM,True,False,False,True,False,False,False,False,CAM,CAM,1,HCMToCAM,True,,,,
lre,fixed,HCM,tick,True,False,False,True,False,False,False,False,CAM,CAM,1,HCMToCAM,True,,,,
lre,fixed,HCM,ReqVel,True,False,False,True,False,False,False,True,CAM,CAM,1,HCMToCAM,True,,,,
lre,fixed,HCM,ReqHdng,True,False,False,True,False,False,False,True,CAM,CAM,1,HCMToCAM,True,,,,
lre,fixed,HCM,ReqMOM,True,False,False,True,False,False,False,True,CAM,CAM,1,HCMToCAM,True,,,,
lre,fixed,HCM,ReqOCM,True,False,False,True,False,False,False,True,CAM,CAM,1,HCMToCAM,True,,,,
lre,fixed,HCM,EndTask,True,False,False,True,False,False,False,True,CAM,CAM,1,HCMToCAM,True,,,,
lre,fixed,HCM,ReqHCM,True,False,False,True,False,False,False,True,CAM,CAM,1,HCMToCAM,True,,,,
lre,fixed,HCM,tick,True,False,False,True,False,False,False,True,CAM,CAM,1,HCMToCAM,True,,,,
lre,fixed,HCM,ReqVel,True,False,False,True,False,False,True,False,CAM,CAM,1,HCMToCAM,True,,,,
lre,fixed,HCM,ReqHdng,True,False,False,True,False,False,True,False,CAM,CAM,1,HCMToCAM,True,,,,
lre,fixed,HCM,ReqMOM,True,False,False,True,False,False,True,False,CAM,CAM,1,HCMToCAM,True,,,,
lre,fixed,HCM,ReqOCM,True,False,False,True,False,False,True,False,CAM,CAM,1,HCMToCAM,True,,,,
lre,fixed,HCM,EndTask,True,False,False,True,False,False,True,False,CAM,CAM,1,HCMToCAM,True,,,,
lre,fixed,HCM,ReqHCM,True,False,False,True,False,False,True,False,CAM,CAM,1,HCMToCAM,True,,,,
lre,fixed,HCM,tick,True,False,False,True,False,False,True,False,CAM,CAM,1,HCMToCAM,True,,,,
lre,fixed,HCM,ReqVel,True,False,False,True,False,False,True,True,CAM,CAM,1,HCMToCAM,True,,,,
lre,fixed,HCM,ReqHdng,True,False,False,True,False,False,True,True,CAM,CAM,1,HCMToCAM,True,,,,
lre,fixed,HCM,ReqMOM,True,False,False,True,False,False,True,True,CAM,CAM,1,HCMToCAM,True,,,,
lre,fixed,HCM,ReqOCM,True,False,False,True,False,False,True,True,CAM,CAM,1,HCMToCAM,True,,,,
lre,fixed,HCM,EndTask,True,False,False,True,False,False,True,True,CAM,CAM,1,HCMToCAM,True,,,,
lre,fixed,HCM,ReqHCM,True,False,False,True,False,False,True,True,CAM,CAM,1,HCMToCAM,True,,,,
lre,fixed,HCM,tick,True,False,False,True,False,False,True,True,CAM,CAM,1,HCMToCAM,True,,,,
lre,fixed,HCM,ReqVel,True,False,False,True,False,True,False,False,CAM,CAM,1,HCMToCAM,True,,,,
lre,fixed,HCM,ReqHdng,True,False,False,True,False,True,False,False,CAM,CAM,1,HCMToCAM,True,,,,
lre,fixed,HCM,ReqMOM,True,False,False,True,False,True,False,False,CAM,CAM,1,HCMToCAM,True,,,,
lre,fixed,HCM,ReqOCM,True,False,False,True,False,True,False,False,CAM,CAM,1,HCMToCAM,True,,,,
lre,fixed,HCM,EndTask,True,False,False,True,False,True,False,False,CAM,CAM,1,HCMToCAM,True,,,,
lre,fixed,HCM,ReqHCM,True,False,False,True,False,True,False,False,CAM,CAM,1,HCMToCAM,True,,,,
lre,fixed,HCM,tick,True,False,False,True,False,True,False,False,CAM,CAM,1,HCMToCAM,True,,,,
lre,fixed,HCM,ReqVel,True,False,False,True,False,True,False,True,CAM,CAM,1,HCMToCAM,True,,,,
lre,fixed,HCM,ReqHdng,True,False,False,True,False,True,False,True,CAM,CAM,1,HCMToCAM,True,,,,
lre,fixed,HCM,ReqMOM,True,False,False,True,False,True,False,True,CAM,CAM,1,HCMToCAM,True,,,,
lre,fixed,HCM,ReqOCM,True,False,False,True,False,True,False,True,CAM,CAM,1,HCMToCAM,True,,,,
lre,fixed,HCM,EndTask,True,False,False,True,False,True,False,True,CAM,CAM,1,HCMToCAM,True,,,,
lre,fixed,HCM,ReqHCM,True,False,False,True,False,True,False,True,CAM,CAM,1,HCMToCAM,True,,,,
lre,fixed,HCM,tick,True,False,False,True,False,True,False,True,CAM,CAM,1,HCMToCAM,True,,,,
lre,fixed,HCM,ReqVel,True,False,False,True,False,True,True,False,CAM,CAM,1,HCMToCAM,True,,,,
lre,fixed,HCM,ReqHdng,True,False,False,True,False,True,True,False,CAM,CAM,1,HCMToCAM,True,,,,
lre,fixed,HCM,ReqMOM,True,False,False,True,False,True,True,False,CAM,CAM,1,HCMToCAM,True,,,,
lre,fixed,HCM,ReqOCM,True,False,False,True,False,True,True,False,CAM,CAM,1,HCMToCAM,True,,,,
lre,fixed,HCM,EndTask,True,False,False,True,False,True,True,False,CAM,CAM,1,HCMToCAM,True,,,,
lre,fixed,HCM,ReqHCM,True,False,False,True,False,True,True,False,CAM,CAM,1,HCMToCAM,True,,,,
lre,fixed,HCM,tick,True,False,False,True,False,True,True,False,CAM,CAM,1,HCMToCAM,True,,,,
lre,fixed,HCM,ReqVel,True,False,False,True,False,True,True,True,CAM,CAM,1,HCMToCAM,True,,,,
lre,fixed,HCM,ReqHdng,True,False,False,True,False,True,True,True,CAM,CAM,1,HCMToCAM,True,,,,
lre,fixed,HCM,ReqMOM,True,False,False,True,False,True,True,True,CAM,CAM,1,HCMToCAM,True,,,,
lre,fixed,HCM,ReqOCM,True,False,False,True,False,True,True,True,CAM,CAM,1,HCMToCAM,True,,,,
lre,fixed,HCM,EndTask,True,False,False,True,False,True,True,True,CAM,CAM,1,HCMToCAM,True,,,,
lre,fixed,HCM,ReqHCM,True,False,False,True,False,True,True,True,CAM,CAM,1,HCMToCAM,True,,,,
lre,fixed,HCM,tick,True,False,False,True,False,True,True,True,CAM,CAM,1,HCMToCAM,True,,,,
lre,fixed,HCM,ReqVel,True,False,False,True,True,False,False,False,CAM,CAM,1,HCMToCAM,True,,,,
lre,fixed,HCM,ReqHdng,True,False,False,True,True,False,False,False,CAM,CAM,1,HCMToCAM,True,,,,
lre,fixed,HCM,ReqMOM,True,False,False,True,True,False,False,False,CAM,CAM,1,HCMToCAM,True,,,,
lre,fixed,HCM,ReqOCM,True,False,False,True,True,False,False,False,CAM,CAM,1,HCMToCAM,True,,,,
lre,fixed,HCM,EndTask,True,False,False,True,True,False,False,False,CAM,CAM,1,HCMToCAM,True,,,,
lre,fixed,HCM,ReqHCM,True,False,False,True,True,False,False,False,CAM,CAM,1,HCMToCAM,True,,,,
lre,fixed,HCM,tick,True,False,False,True,True,False,False,False,CAM,CAM,1,HCMToCAM,True,,,,
lre,fixed,HCM,ReqVel,True,False,False,True,True,False,False,True,CAM,CAM,1,HCMToCAM,True,,,,
lre,fixed,HCM,ReqHdng,True,False,False,True,True,False,False,True,CAM,CAM,1,HCMToCAM,True,,,,
lre,fixed,HCM,ReqMOM,True,False,False,True,True,False,False,True,CAM,CAM,1,HCMToCAM,True,,,,
lre,fixed,HCM,ReqOCM,True,False,False,True,True,False,False,True,CAM,CAM,1,HCMToCAM,True,,,,
lre,fixed,HCM,EndTask,True,False,False,True,True,False,False,True,CAM,CAM,1,HCMToCAM,True,,,,
lre,fixed,HCM,ReqHCM,True,False,False,True,True,False,False,True,CAM,CAM,1,HCMToCAM,True,,,,
lre,fixed,HCM,tick,True,False,False,True,True,False,False,True,CAM,CAM,1,HCMToCAM,True,,,,
lre,fixed,HCM,ReqVel,True,False,False,True,True,False,True,False,CAM,CAM,1,HCMToCAM,True,,,,
lre,fixed,HCM,ReqHdng,True,False,False,True,True,False,True,False,CAM,CAM,1,HCMToCAM,True,,,,
lre,fixed,HCM,ReqMOM,True,False,False,True,True,False,True,False,CAM,CAM,1,HCMToCAM,True,,,,
lre,fixed,HCM,ReqOCM,True,False,False,True,True,False,True,False,CAM,CAM,1,HCMToCAM,True,,,,
lre,fixed,HCM,EndTask,True,False,False,True,True,False,True,False,CAM,CAM,1,HCMToCAM,True,,,,
lre,fixed,HCM,ReqHCM,True,False,False,True,True,False,True,False,CAM,CAM,1,HCMToCAM,True,,,,
lre,fixed,HCM,tick,True,False,False,True,True,False,True,False,CAM,CAM,1,HCMToCAM,True,,,,
lre,fixed,HCM,ReqVel,True,False,False,True,True,False,True,True,CAM,CAM,1,HCMToCAM,True,,,,
lre,fixed,HCM,ReqHdng,True,False,False,True,True,False,True,True,CAM,CAM,1,HCMToCAM,True,,,,
lre,fixed,HCM,ReqMOM,True,False,False,True,True,False,True,True,CAM,CAM,1,HCMToCAM,True,,,,
lre,fixed,HCM,ReqOCM,True,False,False,True,True,False,True,True,CAM,CAM,1,HCMToCAM,True,,,,
lre,fixed,HCM,EndTask,True,False,False,True,True,False,True,True,CAM,CAM,1,HCMToCAM,True,,,,
lre,fixed,HCM,ReqHCM,True,False,False,True,True,False,True,True,CAM,CAM,1,HCMToCAM,True,,,,
lre,fixed,HCM,tick,True,False,False,True,True,False,True,True,CAM,CAM,1,HCMToCAM,True,,,,
lre,fixed,HCM,ReqVel,True,False,False,True,True,True,False,False,CAM,CAM,1,HCMToCAM,True,,,,
lre,fixed,HCM,ReqHdng,True,False,False,True,True,True,False,False,CAM,CAM,1,HCMToCAM,True,,,,
lre,fixed,HCM,ReqMOM,True,False,False,True,True,True,False,False,CAM,CAM,1,HCMToCAM,True,,,,
lre,fixed,HCM,ReqOCM,True,False,False,True,True,True,False,False,CAM,CAM,1,HCMToCAM,True,,,,
lre,fixed,HCM,EndTask,True,False,False,True,True,True,False,False,CAM,CAM,1,HCMToCAM,True,,,,
lre,fixed,HCM,ReqHCM,True,False,False,True,True,True,False,False,CAM,CAM,1,HCMToCAM,True,,,,
lre,fixed,HCM,tick,True,False,False,True,True,True,False,False,CAM,CAM,1,HCMToCAM,True,,,,
lre,fixed,HCM,ReqVel,True,False,False,True,True,True,False,True,CAM,CAM,1,HCMToCAM,True,,,,
lre,fixed,HCM,ReqHdng,True,False,False,True,True,True,False,True,CAM,CAM,1,HCMToCAM,True,,,,
lre,fixed,HCM,ReqMOM,True,False,False,True,True,True,False,True,CAM,CAM,1,HCMToCAM,True,,,,
lre,fixed,HCM,ReqOCM,True,False,False,True,True,True,False,True,CAM,CAM,1,HCMToCAM,True,,,,
lre,fixed,HCM,EndTask,True,False,False,True,True,True,False,True,CAM,CAM,1,HCMToCAM,True,,,,
lre,fixed,HCM,ReqHCM,True,False,False,True,True,True,False,True,CAM,CAM,1,HCMToCAM,True,,,,
lre,fixed,HCM,tick,True,False,False,True,True,True,False,True,CAM,CAM,1,HCMToCAM,True,,,,
lre,fixed,HCM,ReqVel,True,False,False,True,True,True,True,False,CAM,CAM,1,HCMToCAM,True,,,,
lre,fixed,HCM,ReqHdng,True,False,False,True,True,True,True,False,CAM,CAM,1,HCMToCAM,True,,,,
lre,fixed,HCM,ReqMOM,True,False,False,True,True,True,True,False,CAM,CAM,1,HCMToCAM,True,,,,
lre,fixed,HCM,ReqOCM,True,False,False,True,True,True,True,False,CAM,CAM,1,HCMToCAM,True,,,,
lre,fixed,HCM,EndTask,True,False,False,True,True,True,True,False,CAM,CAM,1,HCMToCAM,True,,,,
lre,fixed,HCM,ReqHCM,True,False,False,True,True,True,True,False,CAM,CAM,1,HCMToCAM,True,,,,
lre,fixed,HCM,tick,True,False,False,True,True,True,True,False,CAM,CAM,1,HCMToCAM,True,,,,
lre,fixed,HCM,ReqVel,True,False,False,True,True,True,True,True,CAM,CAM,1,HCMToCAM,True,,,,
lre,fixed,HCM,ReqHdng,True,False,False,True,True,True,True,True,CAM,CAM,1,HCMToCAM,True,,,,
lre,fixed,HCM,ReqMOM,True,False,False,True,True,True,True,True,CAM,CAM,1,HCMToCAM,True,,,,
lre,fixed,HCM,ReqOCM,True,False,False,True,True,True,True,True,CAM,CAM,1,HCMToCAM,True,,,,
lre,fixed,HCM,EndTask,True,False,False,True,True,True,True,True,CAM,CAM,1,HCMToCAM,True,,,,
lre,fixed,HCM,ReqHCM,True,False,False,True,True,True,True,True,CAM,CAM,1,HCMToCAM,True,,,,
lre,fixed,HCM,tick,True,False,False,True,True,True,True,True,CAM,CAM,1,HCMToCAM,True,,,,
lre,fixed,HCM,ReqVel,True,False,True,False,False,False,False,False,CAM,CAM,1,HCMToCAM,True,,,,
lre,fixed,HCM,ReqHdng,True,False,True,False,False,False,False,False,CAM,CAM,1,HCMToCAM,True,,,,
lre,fixed,HCM,ReqMOM,True,False,True,False,False,False,False,False,CAM,CAM,1,HCMToCAM,True,,,,
lre,fixed,HCM,ReqOCM,True,False,True,False,False,False,False,False,CAM,CAM,1,HCMToCAM,True,,,,
lre,fixed,HCM,EndTask,True,False,True,False,False,False,False,False,CAM,CAM,1,HCMToCAM,True,,,,
lre,fixed,HCM,ReqHCM,True,False,True,False,False,False,False,False,CAM,CAM,1,HCMToCAM,True,,,,
lre,fixed,HCM,tick,True,False,True,False,False,False,False,False,CAM,CAM,1,HCMToCAM,True,,,,
lre,fixed,HCM,ReqVel,True,False,True,False,False,False,False,True,CAM,CAM,1,HCMToCAM,True,,,,
lre,fixed,HCM,ReqHdng,True,False,True,False,False,False,False,True,CAM,CAM,1,HCMToCAM,True,,,,
lre,fixed,HCM,ReqMOM,True,False,True,False,False,False,False,True,CAM,CAM,1,HCMToCAM,True,,,,
lre,fixed,HCM,ReqOCM,True,False,True,False,False,False,False,True,CAM,CAM,1,HCMToCAM,True,,,,
lre,fixed,HCM,EndTask,True,False,True,False,False,False,False,True,CAM,CAM,1,HCMToCAM,True,,,,
lre,fixed,HCM,ReqHCM,True,False,True,False,False,False,False,True,CAM,CAM,1,HCMToCAM,True,,,,
lre,fixed,HCM,tick,True,False,True,False,False,False,False,True,CAM,CAM,1,HCMToCAM,True,,,,
lre,fixed,HCM,ReqVel,True,False,True,False,False,False,True,False,CAM,CAM,1,HCMToCAM,True,,,,
lre,fixed,HCM,ReqHdng,True,False,True,False,False,False,True,False,CAM,CAM,1,HCMToCAM,True,,,,
lre,fixed,HCM,ReqMOM,True,False,True,False,False,False,True,False,CAM,CAM,1,HCMToCAM,True,,,,
lre,fixed,HCM,ReqOCM,True,False,True,False,False,False,True,False,CAM,CAM,1,HCMToCAM,True,,,,
lre,fixed,HCM,EndTask,True,False,True,False,False,False,True,False,CAM,CAM,1,HCMToCAM,True,,,,
lre,fixed,HCM,ReqHCM,True,False,True,False,False,False,True,False,CAM,CAM,1,HCMToCAM,True,,,,
lre,fixed,HCM,tick,True,False,True,False,False,False,True,False,CAM,CAM,1,HCMToCAM,True,,,,
lre,fixed,HCM,ReqVel,True,False,True,False,False,False,True,True,CAM,CAM,1,HCMToCAM,True,,,,
lre,fixed,HCM,ReqHdng,True,False,True,False,False,False,True,True,CAM,CAM,1,HCMToCAM,True,,,,
lre,fixed,HCM,ReqMOM,True,False,True,False,False,False,True,True,CAM,CAM,1,HCMToCAM,True,,,,
lre,fixed,HCM,ReqOCM,True,False,True,False,False,False,True,True,CAM,CAM,1,HCMToCAM,True,,,,
lre,fixed,HCM,EndTask,True,False,True,False,False,False,True,True,CAM,CAM,1,HCMToCAM,True,,,,
lre,fixed,HCM,ReqHCM,True,False,True,False,False,False,True,True,CAM,CAM,1,HCMToCAM,True,,,,
lre,fixed,HCM,tick,True,False,True,False,False,False,True,True,CAM,CAM,1,HCMToCAM,True,,,,
lre,fixed,HCM,ReqVel,True,False,True,False,False,True,False,False,CAM,CAM,1,HCMToCAM,True,,,,
lre,fixed,HCM,ReqHdng,True,False,True,False,False,True,False,False,CAM,CAM,1,HCMToCAM,True,,,,
lre,fixed,HCM,ReqMOM,True,False,True,False,False,True,False,False,CAM,CAM,1,HCMToCAM,True,,,,
lre,fixed,HCM,ReqOCM,True,False,True,False,False,True,False,False,CAM,CAM,1,HCMToCAM,True,,,,
lre,fixed,HCM,EndTask,True,False,True,False,False,True,False,False,CAM,CAM,1,HCMToCAM,True,,,,
lre,fixed,HCM,ReqHCM,True,False,True,False,False,True,False,False,CAM,CAM,1,HCMToCAM,True,,,,
lre,fixed,HCM,tick,True,False,True,False,False,True,False,False,CAM,CAM,1,HCMToCAM,True,,,,
lre,fixed,HCM,ReqVel,True,False,True,False,False,True,False,True,CAM,CAM,1,HCMToCAM,True,,,,
lre,fixed,HCM,ReqHdng,True,False,True,False,False,True,False,True,CAM,CAM,1,HCMToCAM,True,,,,
lre,fixed,HCM,ReqMOM,True,False,True,False,False,True,False,True,CAM,CAM,1,HCMToCAM,True,,,,
lre,fixed,HCM,ReqOCM,True,False,True,False,False,True,False,True,CAM,CAM,1,HCMToCAM,True,,,,
lre,fixed,HCM,EndTask,True,False,True,False,False,True,False,True,CAM,CAM,1,HCMToCAM,True,,,,
lre,fixed,HCM,ReqHCM,True,False,True,False,False,True,False,True,CAM,CAM,1,HCMToCAM,True,,,,
lre,fixed,HCM,tick,True,False,True,False,False,True,False,True,CAM,CAM,1,HCMToCAM,True,,,,
lre,fixed,HCM,ReqVel,True,False,True,False,False,True,True,False,CAM,CAM,1,HCMToCAM,True,,,,
lre,fixed,HCM,ReqHdng,True,False,True,False,False,True,True,False,CAM,CAM,1,HCMToCAM,True,,,,
lre,fixed,HCM,ReqMOM,True,False,True,False,False,True,True,False,CAM,CAM,1,HCMToCAM,True,,,,
lre,fixed,HCM,ReqOCM,True,False,True,False,False,True,True,False,CAM,CAM,1,HCMToCAM,True,,,,
lre,fixed,HCM,EndTask,True,False,True,False,False,True,True,False,CAM,CAM,1,HCMToCAM,True,,,,
lre,fixed,HCM,ReqHCM,True,False,True,False,False,True,True,False,CAM,CAM,1,HCMToCAM,True,,,,
lre,fixed,HCM,tick,True,False,True,False,False,True,True,False,CAM,CAM,1,HCMToCAM,True,,,,
lre,fixed,HCM,ReqVel,True,False,True,False,False,True,True,True,CAM,CAM,1,HCMToCAM,True,,,,
lre,fixed,HCM,ReqHdng,True,False,True,False,False,True,True,True,CAM,CAM,1,HCMToCAM,True,,,,
lre,fixed,HCM,ReqMOM,True,False,True,False,False,True,True,True,CAM,CAM,1,HCMToCAM,True,,,,
lre,fixed,HCM,ReqOCM,True,False,True,False,False,True,True,True,CAM,CAM,1,HCMToCAM,True,,,,
lre,fixed,HCM,EndTask,True,False,True,False,False,True,True,True,CAM,CAM,1,HCMToCAM,True,,,,
lre,fixed,HCM,ReqHCM,True,False,True,False,False,True,True,True,CAM,CAM,1,HCMToCAM,True,,,,
lre,fixed,HCM,tick,True,False,True,False,False,True,True,True,CAM,CAM,1,HCMToCAM,True,,,,
lre,fixed,HCM,ReqVel,True,False,True,False,True,False,False,False,CAM,CAM,1,HCMToCAM,True,,,,
lre,fixed,HCM,ReqHdng,True,False,True,False,True,False,False,False,CAM,CAM,1,HCMToCAM,True,,,,
lre,fixed,HCM,ReqMOM,True,False,True,False,True,False,False,False,CAM,CAM,1,HCMToCAM,True,,,,
lre,fixed,HCM,ReqOCM,True,False,True,False,True,False,False,False,CAM,CAM,1,HCMToCAM,True,,,,
lre,fixed,HCM,EndTask,True,False,True,False,True,False,False,False,CAM,CAM,1,HCMToCAM,True,,,,
lre,fixed,HCM,ReqHCM,True,False,True,False,True,False,False,False,CAM,CAM,1,HCMToCAM,True,,,,
lre,fixed,HCM,tick,True,False,True,False,True,False,False,False,CAM,CAM,1,HCMToCAM,True,,,,
lre,fixed,HCM,ReqVel,True,False,True,False,True,False,False,True,CAM,CAM,1,HCMToCAM,True,,,,
lre,fixed,HCM,ReqHdng,True,False,True,False,True,False,False,True,CAM,CAM,1,HCMToCAM,True,,,,
lre,fixed,HCM,ReqMOM,True,False,True,False,True,False,False,True,CAM,CAM,1,HCMToCAM,True,,,,
lre,fixed,HCM,ReqOCM,True,False,True,False,True,False,False,True,CAM,CAM,1,HCMToCAM,True,,,,
lre,fixed,HCM,EndTask,True,False,True,False,True,False,False,True,CAM,CAM,1,HCMToCAM,True,,,,
lre,fixed,HCM,ReqHCM,True,False,True,False,True,False,False,True,CAM,CAM,1,HCMToCAM,True,,,,
lre,fixed,HCM,tick,True,False,True,False,True,False,False,True,CAM,CAM,1,HCMToCAM,True,,,,
lre,fixed,HCM,ReqVel,True,False,True,False,True,False,True,False,CAM,CAM,1,HCMToCAM,True,,,,
lre,fixed,HCM,ReqHdng,True,False,True,False,True,False,True,False,CAM,CAM,1,HCMToCAM,True,,,,
lre,fixed,HCM,ReqMOM,True,False,True,False,True,False,True,False,CAM,CAM,1,HCMToCAM,True,,,,
lre,fixed,HCM,ReqOCM,True,False,True,False,True,False,True,False,CAM,CAM,1,HCMToCAM,True,,,,
lre,fixed,HCM,EndTask,True,False,True,False,True,False,True,False,CAM,CAM,1,HCMToCAM,True,,,,
lre,fixed,HCM,ReqHCM,True,False,True,False,True,False,True,False,CAM,CAM,1,HCMToCAM,True,,,,
lre,fixed,HCM,tick,True,False,True,False,True,False,True,False,CAM,CAM,1,HCMToCAM,True,,,,
lre,fixed,HCM,ReqVel,True,False,True,False,True,False,True,True,CAM,CAM,1,HCMToCAM,True,,,,
lre,fixed,HCM,ReqHdng,True,False,True,False,True,False,True,True,CAM,CAM,1,HCMToCAM,True,,,,
lre,fixed,HCM,ReqMOM,True,False,True,False,True,False,True,True,CAM,CAM,1,HCMToCAM,True,,,,
lre,fixed,HCM,ReqOCM,True,False,True,False,True,False,True,True,CAM,CAM,1,HCMToCAM,True,,,,
lre,fixed,HCM,EndTask,True,False,True,False,True,False,True,True,CAM,CAM,1,HCMToCAM,True,,,,
lre,fixed,HCM,ReqHCM,True,False,True,False,True,False,True,True,CAM,CAM,1,HCMToCAM,True,,,,
lre,fixed,HCM,tick,True,False,True,False,True,False,True,True,CAM,CAM,1,HCMToCAM,True,,,,
lre,fixed,HCM,ReqVel,True,False,True,False,True,True,False,False,CAM,CAM,1,HCMToCAM,True,,,,
lre,fixed,HCM,ReqHdng,True,False,True,False,True,True,False,False,CAM,CAM,1,HCMToCAM,True,,,,
lre,fixed,HCM,ReqMOM,True,False,True,False,True,True,False,False,CAM,CAM,1,HCMToCAM,True,,,,
lre,fixed,HCM,ReqOCM,True,False,True,False,True,True,False,False,CAM,CAM,1,HCMToCAM,True,,,,
lre,fixed,HCM,EndTask,True,False,True,False,True,True,False,False,CAM,CAM,1,HCMToCAM,True,,,,
lre,fixed,HCM,ReqHCM,True,False,True,False,True,True,False,False,CAM,CAM,1,HCMToCAM,True,,,,
lre,fixed,HCM,tick,True,False,True,False,True,True,False,False,CAM,CAM,1,HCMToCAM,True,,,,
lre,fixed,HCM,ReqVel,True,False,True,False,True,True,False,True,CAM,CAM,1,HCMToCAM,True,,,,
lre,fixed,HCM,ReqHdng,True,False,True,False,True,True,False,True,CAM,CAM,1,HCMToCAM,True,,,,
lre,fixed,HCM,ReqMOM,True,False,True,False,True,True,False,True,CAM,CAM,1,HCMToCAM,True,,,,
lre,fixed,HCM,ReqOCM,True,False,True,False,True,True,False,True,CAM,CAM,1,HCMToCAM,True,,,,
lre,fixed,HCM,EndTask,True,False,True,False,True,True,False,True,CAM,CAM,1,HCMToCAM,True,,,,
lre,fixed,HCM,ReqHCM,True,False,True,False,True,True,False,True,CAM,CAM,1,HCMToCAM,True,,,,
lre,fixed,HCM,tick,True,False,True,False,True,True,False,True,CAM,CAM,1,HCMToCAM,True,,,,
lre,fixed,HCM,ReqVel,True,False,True,False,True,True,True,False,CAM,CAM,1,HCMToCAM,True,,,,
lre,fixed,HCM,ReqHdng,True,False,True,False,True,True,True,False,CAM,CAM,1,HCMToCAM,True,,,,
lre,fixed,HCM,ReqMOM,True,False,True,False,True,True,True,False,CAM,CAM,1,HCMToCAM,True,,,,
lre,fixed,HCM,ReqOCM,True,False,True,False,True,True,True,False,CAM,CAM,1,HCMToCAM,True,,,,
lre,fixed,HCM,EndTask,True,False,True,False,True,True,True,False,CAM,CAM,1,HCMToCAM,True,,,,
lre,fixed,HCM,ReqHCM,True,False,True,False,True,True,True,False,CAM,CAM,1,HCMToCAM,True,,,,
lre,fixed,HCM,tick,True,False,True,False,True,True,True,False,CAM,CAM,1,HCMToCAM,True,,,,
lre,fixed,HCM,ReqVel,True,False,True,False,True,True,True,True,CAM,CAM,1,HCMToCAM,True,,,,
lre,fixed,HCM,ReqHdng,True,False,True,False,True,True,True,True,CAM,CAM,1,HCMToCAM,True,,,,
lre,fixed,HCM,ReqMOM,True,False,True,False,True,True,True,True,CAM,CAM,1,HCMToCAM,True,,,,
lre,fixed,HCM,ReqOCM,True,False,True,False,True,True,True,True,CAM,CAM,1,HCMToCAM,True,,,,
lre,fixed,HCM,EndTask,True,False,True,False,True,True,True,True,CAM,CAM,1,HCMToCAM,True,,,,
lre,fixed,HCM,ReqHCM,True,False,True,False,True,True,True,True,CAM,CAM,1,HCMToCAM,True,,,,
lre,fixed,HCM,tick,True,False,True,False,True,True,True,True,CAM,CAM,1,HCMToCAM,True,,,,
lre,fixed,HCM,ReqVel,True,False,True,True,False,False,False,False,CAM,CAM,1,HCMToCAM,True,,,,
lre,fixed,HCM,ReqHdng,True,False,True,True,False,False,False,False,CAM,CAM,1,HCMToCAM,True,,,,
lre,fixed,HCM,ReqMOM,True,False,True,True,False,False,False,False,CAM,CAM,1,HCMToCAM,True,,,,
lre,fixed,HCM,ReqOCM,True,False,True,True,False,False,False,False,CAM,CAM,1,HCMToCAM,True,,,,
lre,fixed,HCM,EndTask,True,False,True,True,False,False,False,False,CAM,CAM,1,HCMToCAM,True,,,,
lre,fixed,HCM,ReqHCM,True,False,True,True,False,False,False,False,CAM,CAM,1,HCMToCAM,True,,,,
lre,fixed,HCM,tick,True,False,True,True,False,False,False,False,CAM,CAM,1,HCMToCAM,True,,,,
lre,fixed,HCM,ReqVel,True,False,True,True,False,False,False,True,CAM,CAM,1,HCMToCAM,True,,,,
lre,fixed,HCM,ReqHdng,True,False,True,True,False,False,False,True,CAM,CAM,1,HCMToCAM,True,,,,
lre,fixed,HCM,ReqMOM,True,False,True,True,False,False,False,True,CAM,CAM,1,HCMToCAM,True,,,,
lre,fixed,HCM,ReqOCM,True,False,True,True,False,False,False,True,CAM,CAM,1,HCMToCAM,True,,,,
lre,fixed,HCM,EndTask,True,False,True,True,False,False,False,True,CAM,CAM,1,HCMToCAM,True,,,,
lre,fixed,HCM,ReqHCM,True,False,True,True,False,False,False,True,CAM,CAM,1,HCMToCAM,True,,,,
lre,fixed,HCM,tick,True,False,True,True,False,False,False,True,CAM,CAM,1,HCMToCAM,True,,,,
lre,fixed,HCM,ReqVel,True,False,True,True,False,False,True,False,CAM,CAM,1,HCMToCAM,True,,,,
lre,fixed,HCM,ReqHdng,True,False,True,True,False,False,True,False,CAM,CAM,1,HCMToCAM,True,,,,
lre,fixed,HCM,ReqMOM,True,False,True,True,False,False,True,False,CAM,CAM,1,HCMToCAM,True,,,,
lre,fixed,HCM,ReqOCM,True,False,True,True,False,False,True,False,CAM,CAM,1,HCMToCAM,True,,,,
lre,fixed,HCM,EndTask,True,False,True,True,False,False,True,False,CAM,CAM,1,HCMToCAM,True,,,,
lre,fixed,HCM,ReqHCM,True,False,True,True,False,False,True,False,CAM,CAM,1,HCMToCAM,True,,,,
lre,fixed,HCM,tick,True,False,True,True,False,False,True,False,CAM,CAM,1,HCMToCAM,True,,,,
lre,fixed,HCM,ReqVel,True,False,True,True,False,False,True,True,CAM,CAM,1,HCMToCAM,True,,,,
lre,fixed,HCM,ReqHdng,True,False,True,True,False,False,True,True,CAM,CAM,1,HCMToCAM,True,,,,
lre,fixed,HCM,ReqMOM,True,False,True,True,False,False,True,True,CAM,CAM,1,HCMToCAM,True,,,,
lre,fixed,HCM,ReqOCM,True,False,True,True,False,False,True,True,CAM,CAM,1,HCMToCAM,True,,,,
lre,fixed,HCM,EndTask,True,False,True,True,False,False,True,True,CAM,CAM,1,HCMToCAM,True,,,,
lre,fixed,HCM,ReqHCM,True,False,True,True,False,False,True,True,CAM,CAM,1,HCMToCAM,True,,,,
lre,fixed,HCM,tick,True,False,True,True,False,False,True,True,CAM,CAM,1,HCMToCAM,True,,,,
lre,fixed,HCM,ReqVel,True,False,True,True,False,True,False,False,CAM,CAM,1,HCMToCAM,True,,,,
lre,fixed,HCM,ReqHdng,True,False,True,True,False,True,False,False,CAM,CAM,1,HCMToCAM,True,,,,
lre,fixed,HCM,ReqMOM,True,False,True,True,False,True,False,False,CAM,CAM,1,HCMToCAM,True,,,,
lre,fixed,HCM,ReqOCM,True,False,True,True,False,True,False,False,CAM,CAM,1,HCMToCAM,True,,,,
lre,fixed,HCM,EndTask,True,False,True,True,False,True,False,False,CAM,CAM,1,HCMToCAM,True,,,,
lre,fixed,HCM,ReqHCM,True,False,True,True,False,True,False,False,CAM,CAM,1,HCMToCAM,True,,,,
lre,fixed,HCM,tick,True,False,True,True,False,True,False,False,CAM,CAM,1,HCMToCAM,True,,,,
lre,fixed,HCM,ReqVel,True,False,True,True,False,True,False,True,CAM,CAM,1,HCMToCAM,True,,,,
lre,fixed,HCM,ReqHdng,True,False,True,True,False,True,False,True,CAM,CAM,1,HCMToCAM,True,,,,
lre,fixed,HCM,ReqMOM,True,False,True,True,False,True,False,True,CAM,CAM,1,HCMToCAM,True,,,,
lre,fixed,HCM,ReqOCM,True,False,True,True,False,True,False,True,CAM,CAM,1,HCMToCAM,True,,,,
lre,fixed,HCM,EndTask,True,False,True,True,False,True,False,True,CAM,CAM,1,HCMToCAM,True,,,,
lre,fixed,HCM,ReqHCM,True,False,True,True,False,True,False,True,CAM,CAM,1,HCMToCAM,True,,,,
lre,fixed,HCM,tick,True,False,True,True,False,True,False,True,CAM,CAM,1,HCMToCAM,True,,,,
lre,fixed,HCM,ReqVel,True,False,True,True,False,True,True,False,CAM,CAM,1,HCMToCAM,True,,,,
lre,fixed,HCM,ReqHdng,True,False,True,True,False,True,True,False,CAM,CAM,1,HCMToCAM,True,,,,
lre,fixed,HCM,ReqMOM,True,False,True,True,False,True,True,False,CAM,CAM,1,HCMToCAM,True,,,,
lre,fixed,HCM,ReqOCM,True,False,True,True,False,True,True,False,CAM,CAM,1,HCMToCAM,True,,,,
lre,fixed,HCM,EndTask,True,False,True,True,False,True,True,False,CAM,CAM,1,HCMToCAM,True,,,,
lre,fixed,HCM,ReqHCM,True,False,True,True,False,True,True,False,CAM,CAM,1,HCMToCAM,True,,,,
lre,fixed,HCM,tick,True,False,True,True,False,True,True,False,CAM,CAM,1,HCMToCAM,True,,,,
lre,fixed,HCM,ReqVel,True,False,True,True,False,True,True,True,CAM,CAM,1,HCMToCAM,True,,,,
lre,fixed,HCM,ReqHdng,True,False,True,True,False,True,True,True,CAM,CAM,1,HCMToCAM,True,,,,
lre,fixed,HCM,ReqMOM,True,False,True,True,False,True,True,True,CAM,CAM,1,HCMToCAM,True,,,,
lre,fixed,HCM,ReqOCM,True,False,True,True,False,True,True,True,CAM,CAM,1,HCMToCAM,True,,,,
lre,fixed,HCM,EndTask,True,False,True,True,False,True,True,True,CAM,CAM,1,HCMToCAM,True,,,,
lre,fixed,HCM,ReqHCM,True,False,True,True,False,True,True,True,CAM,CAM,1,HCMToCAM,True,,,,
lre,fixed,HCM,tick,True,False,True,True,False,True,True,True,CAM,CAM,1,HCMToCAM,True,,,,
lre,fixed,HCM,ReqVel,True,False,True,True,True,False,False,False,CAM,CAM,1,HCMToCAM,True,,,,
lre,fixed,HCM,ReqHdng,True,False,True,True,True,False,False,False,CAM,CAM,1,HCMToCAM,True,,,,
lre,fixed,HCM,ReqMOM,True,False,True,True,True,False,False,False,CAM,CAM,1,HCMToCAM,True,,,,
lre,fixed,HCM,ReqOCM,True,False,True,True,True,False,False,False,CAM,CAM,1,HCMToCAM,True,,,,
lre,fixed,HCM,EndTask,True,False,True,True,True,False,False,False,CAM,CAM,1,HCMToCAM,True,,,,
lre,fixed,HCM,ReqHCM,True,False,True,True,True,False,False,False,CAM,CAM,1,HCMToCAM,True,,,,
lre,fixed,HCM,tick,True,False,True,True,True,False,False,False,CAM,CAM,1,HCMToCAM,True,,,,
lre,fixed,HCM,ReqVel,True,False,True,True,True,False,False,True,CAM,CAM,1,HCMToCAM,True,,,,
lre,fixed,HCM,ReqHdng,True,False,True,True,True,False,False,True,CAM,CAM,1,HCMToCAM,True,,,,
lre,fixed,HCM,ReqMOM,True,False,True,True,True,False,False,True,CAM,CAM,1,HCMToCAM,True,,,,
lre,fixed,HCM,ReqOCM,True,False,True,True,True,False,False,True,CAM,CAM,1,HCMToCAM,True,,,,
lre,fixed,HCM,EndTask,True,False,True,True,True,False,False,True,CAM,CAM,1,HCMToCAM,True,,,,
lre,fixed,HCM,ReqHCM,True,False,True,True,True,False,False,True,CAM,CAM,1,HCMToCAM,True,,,,
lre,fixed,HCM,tick,True,False,True,True,True,False,False,True,CAM,CAM,1,HCMToCAM,True,,,,
lre,fixed,HCM,ReqVel,True,False,True,True,True,False,True,False,CAM,CAM,1,HCMToCAM,True,,,,
lre,fixed,HCM,ReqHdng,True,False,True,True,True,False,True,False,CAM,CAM,1,HCMToCAM,True,,,,
lre,fixed,HCM,ReqMOM,True,False,True,True,True,False,True,False,CAM,CAM,1,HCMToCAM,True,,,,
lre,fixed,HCM,ReqOCM,True,False,True,True,True,False,True,False,CAM,CAM,1,HCMToCAM,True,,,,
lre,fixed,HCM,EndTask,True,False,True,True,True,False,True,False,CAM,CAM,1,HCMToCAM,True,,,,
lre,fixed,HCM,ReqHCM,True,False,True,True,True,False,True,False,CAM,CAM,1,HCMToCAM,True,,,,
lre,fixed,HCM,tick,True,False,True,True,True,False,True,False,CAM,CAM,1,HCMToCAM,True,,,,
lre,fixed,HCM,ReqVel,True,False,True,True,True,False,True,True,CAM,CAM,1,HCMToCAM,True,,,,
lre,fixed,HCM,ReqHdng,True,False,True,True,True,False,True,True,CAM,CAM,1,HCMToCAM,True,,,,
lre,fixed,HCM,ReqMOM,True,False,True,True,True,False,True,True,CAM,CAM,1,HCMToCAM,True,,,,
lre,fixed,HCM,ReqOCM,True,False,True,True,True,False,True,True,CAM,CAM,1,HCMToCAM,True,,,,
lre,fixed,HCM,EndTask,True,False,True,True,True,False,True,True,CAM,CAM,1,HCMToCAM,True,,,,
lre,fixed,HCM,ReqHCM,True,False,True,True,True,False,True,True,CAM,CAM,1,HCMToCAM,True,,,,
lre,fixed,HCM,tick,True,False,True,True,True,False,True,True,CAM,CAM,1,HCMToCAM,True,,,,
lre,fixed,HCM,ReqVel,True,False,True,True,True,True,False,False,CAM,CAM,1,HCMToCAM,True,,,,
lre,fixed,HCM,ReqHdng,True,False,True,True,True,True,False,False,CAM,CAM,1,HCMToCAM,True,,,,
lre,fixed,HCM,ReqMOM,True,False,True,True,True,True,False,False,CAM,CAM,1,HCMToCAM,True,,,,
lre,fixed,HCM,ReqOCM,True,False,True,True,True,True,False,False,CAM,CAM,1,HCMToCAM,True,,,,
lre,fixed,HCM,EndTask,True,False,True,True,True,True,False,False,CAM,CAM,1,HCMToCAM,True,,,,
lre,fixed,HCM,ReqHCM,True,False,True,True,True,True,False,False,CAM,CAM,1,HCMToCAM,True,,,,
lre,fixed,HCM,tick,True,False,True,True,True,True,False,False,CAM,CAM,1,HCMToCAM,True,,,,
lre,fixed,HCM,ReqVel,True,False,True,True,True,True,False,True,CAM,CAM,1,HCMToCAM,True,,,,
lre,fixed,HCM,ReqHdng,True,False,True,True,True,True,False,True,CAM,CAM,1,HCMToCAM,True,,,,
lre,fixed,HCM,ReqMOM,True,False,True,True,True,True,False,True,CAM,CAM,1,HCMToCAM,True,,,,
lre,fixed,HCM,ReqOCM,True,False,True,True,True,True,False,True,CAM,CAM,1,HCMToCAM,True,,,,
lre,fixed,HCM,EndTask,True,False,True,True,True,True,False,True,CAM,CAM,1,HCMToCAM,True,,,,
lre,fixed,HCM,ReqHCM,True,False,True,True,True,True,False,True,CAM,CAM,1,HCMToCAM,True,,,,
lre,fixed,HCM,tick,True,False,True,True,True,True,False,True,CAM,CAM,1,HCMToCAM,True,,,,
lre,fixed,HCM,ReqVel,True,False,True,True,True,True,True,False,CAM,CAM,1,HCMToCAM,True,,,,
lre,fixed,HCM,ReqHdng,True,False,True,True,True,True,True,False,CAM,CAM,1,HCMToCAM,True,,,,
lre,fixed,HCM,ReqMOM,True,False,True,True,True,True,True,False,CAM,CAM,1,HCMToCAM,True,,,,
lre,fixed,HCM,ReqOCM,True,False,True,True,True,True,True,False,CAM,CAM,1,HCMToCAM,True,,,,
lre,fixed,HCM,EndTask,True,False,True,True,True,True,True,False,CAM,CAM,1,HCMToCAM,True,,,,
lre,fixed,HCM,ReqHCM,True,False,True,True,True,True,True,False,CAM,CAM,1,HCMToCAM,True,,,,
lre,fixed,HCM,tick,True,False,True,True,True,True,True,False,CAM,CAM,1,HCMToCAM,True,,,,
lre,fixed,HCM,ReqVel,True,False,True,True,True,True,True,True,CAM,CAM,1,HCMToCAM,True,,,,
lre,fixed,HCM,ReqHdng,True,False,True,True,True,True,True,True,CAM,CAM,1,HCMToCAM,True,,,,
lre,fixed,HCM,ReqMOM,True,False,True,True,True,True,True,True,CAM,CAM,1,HCMToCAM,True,,,,
lre,fixed,HCM,ReqOCM,True,False,True,True,True,True,True,True,CAM,CAM,1,HCMToCAM,True,,,,
lre,fixed,HCM,EndTask,True,False,True,True,True,True,True,True,CAM,CAM,1,HCMToCAM,True,,,,
lre,fixed,HCM,ReqHCM,True,False,True,True,True,True,True,True,CAM,CAM,1,HCMToCAM,True,,,,
lre,fixed,HCM,tick,True,False,True,True,True,True,True,True,CAM,CAM,1,HCMToCAM,True,,,,
lre,fixed,HCM,ReqVel,True,True,False,False,False,False,False,False,CAM,CAM,1,HCMToCAM,True,,,,
lre,fixed,HCM,ReqHdng,True,True,False,False,False,False,False,False,CAM,CAM,1,HCMToCAM,True,,,,
lre,fixed,HCM,ReqMOM,True,True,False,False,False,False,False,False,CAM,CAM,1,HCMToCAM,True,,,,
lre,fixed,HCM,ReqOCM,True,True,False,False,False,False,False,False,CAM,CAM,1,HCMToCAM,True,,,,
lre,fixed,HCM,EndTask,True,True,False,False,False,False,False,False,CAM,CAM,1,HCMToCAM,True,,,,
lre,fixed,HCM,ReqHCM,True,True,False,False,False,False,False,False,CAM,CAM,1,HCMToCAM,True,,,,
lre,fixed,HCM,tick,True,True,False,False,False,False,False,False,CAM,CAM,1,HCMToCAM,True,,,,
lre,fixed,HCM,ReqVel,True,True,False,False,False,False,False,True,CAM,CAM,1,HCMToCAM,True,,,,
lre,fixed,HCM,ReqHdng,True,True,False,False,False,False,False,True,CAM,CAM,1,HCMToCAM,True,,,,
lre,fixed,HCM,ReqMOM,True,True,False,False,False,False,False,True,CAM,CAM,1,HCMToCAM,True,,,,
lre,fixed,HCM,ReqOCM,True,True,False,False,False,False,False,True,CAM,CAM,1,HCMToCAM,True,,,,
lre,fixed,HCM,EndTask,True,True,False,False,False,False,False,True,CAM,CAM,1,HCMToCAM,True,,,,
lre,fixed,HCM,ReqHCM,True,True,False,False,False,False,False,True,CAM,CAM,1,HCMToCAM,True,,,,
lre,fixed,HCM,tick,True,True,False,False,False,False,False,True,CAM,CAM,1,HCMToCAM,True,,,,
lre,fixed,HCM,ReqVel,True,True,False,False,False,False,True,False,CAM,CAM,1,HCMToCAM,True,,,,
lre,fixed,HCM,ReqHdng,True,True,False,False,False,False,True,False,CAM,CAM,1,HCMToCAM,True,,,,
lre,fixed,HCM,ReqMOM,True,True,False,False,False,False,True,False,CAM,CAM,1,HCMToCAM,True,,,,
lre,fixed,HCM,ReqOCM,True,True,False,False,False,False,True,False,CAM,CAM,1,HCMToCAM,True,,,,
lre,fixed,HCM,EndTask,True,True,False,False,False,False,True,False,CAM,CAM,1,HCMToCAM,True,,,,
lre,fixed,HCM,ReqHCM,True,True,False,False,False,False,True,False,CAM,CAM,1,HCMToCAM,True,,,,
lre,fixed,HCM,tick,True,True,False,False,False,False,True,False,CAM,CAM,1,HCMToCAM,True,,,,
lre,fixed,HCM,ReqVel,True,True,False,False,False,False,True,True,CAM,CAM,1,HCMToCAM,True,,,,
lre,fixed,HCM,ReqHdng,True,True,False,False,False,False,True,True,CAM,CAM,1,HCMToCAM,True,,,,
lre,fixed,HCM,ReqMOM,True,True,False,False,False,False,True,True,CAM,CAM,1,HCMToCAM,True,,,,
lre,fixed,HCM,ReqOCM,True,True,False,False,False,False,True,True,CAM,CAM,1,HCMToCAM,True,,,,
lre,fixed,HCM,EndTask,True,True,False,False,False,False,True,True,CAM,CAM,1,HCMToCAM,True,,,,
lre,fixed,HCM,ReqHCM,True,True,False,False,False,False,True,True,CAM,CAM,1,HCMToCAM,True,,,,
lre,fixed,HCM,tick,True,True,False,False,False,False,True,True,CAM,CAM,1,HCMToCAM,True,,,,
lre,fixed,HCM,ReqVel,True,True,False,False,False,True,False,False,CAM,CAM,1,HCMToCAM,True,,,,
lre,fixed,HCM,ReqHdng,True,True,False,False,False,True,False,False,CAM,CAM,1,HCMToCAM,True,,,,
lre,fixed,HCM,ReqMOM,True,True,False,False,False,True,False,False,CAM,CAM,1,HCMToCAM,True,,,,
lre,fixed,HCM,ReqOCM,True,True,False,False,False,True,False,False,CAM,CAM,1,HCMToCAM,True,,,,
lre,fixed,HCM,EndTask,True,True,False,False,False,True,False,False,CAM,CAM,1,HCMToCAM,True,,,,
lre,fixed,HCM,ReqHCM,True,True,False,False,False,True,False,False,CAM,CAM,1,HCMToCAM,True,,,,
lre,fixed,HCM,tick,True,True,False,False,False,True,False,False,CAM,CAM,1,HCMToCAM,True,,,,
lre,fixed,HCM,ReqVel,True,True,False,False,False,True,False,True,CAM,CAM,1,HCMToCAM,True,,,,
lre,fixed,HCM,ReqHdng,True,True,False,False,False,True,False,True,CAM,CAM,1,HCMToCAM,True,,,,
lre,fixed,HCM,ReqMOM,True,True,False,False,False,True,False,True,CAM,CAM,1,HCMToCAM,True,,,,
lre,fixed,HCM,ReqOCM,True,True,False,False,False,True,False,True,CAM,CAM,1,HCMToCAM,True,,,,
lre,fixed,HCM,EndTask,True,True,False,False,False,True,False,True,CAM,CAM,1,HCMToCAM,True,,,,
lre,fixed,HCM,ReqHCM,True,True,False,False,False,True,False,True,CAM,CAM,1,HCMToCAM,True,,,,
lre,fixed,HCM,tick,True,True,False,False,False,True,False,True,CAM,CAM,1,HCMToCAM,True,,,,
lre,fixed,HCM,ReqVel,True,True,False,False,False,True,True,False,CAM,CAM,1,HCMToCAM,True,,,,
lre,fixed,HCM,ReqHdng,True,True,False,False,False,True,True,False,CAM,CAM,1,HCMToCAM,True,,,,
lre,fixed,HCM,ReqMOM,True,True,False,False,False,True,True,False,CAM,CAM,1,HCMToCAM,True,,,,
lre,fixed,HCM,ReqOCM,True,True,False,False,False,True,True,False,CAM,CAM,1,HCMToCAM,True,,,,
lre,fixed,HCM,EndTask,True,True,False,False,False,True,True,False,CAM,CAM,1,HCMToCAM,True,,,,
lre,fixed,HCM,ReqHCM,True,True,False,False,False,True,True,False,CAM,CAM,1,HCMToCAM,True,,,,
lre,fixed,HCM,tick,True,True,False,False,False,True,True,False,CAM,CAM,1,HCMToCAM,True,,,,
lre,fixed,HCM,ReqVel,True,True,False,False,False,True,True,True,CAM,CAM,1,HCMToCAM,True,,,,
lre,fixed,HCM,ReqHdng,True,True,False,False,False,True,True,True,CAM,CAM,1,HCMToCAM,True,,,,
lre,fixed,HCM,ReqMOM,True,True,False,False,False,True,True,True,CAM,CAM,1,HCMToCAM,True,,,,
lre,fixed,HCM,ReqOCM,True,True,False,False,False,True,True,True,CAM,CAM,1,HCMToCAM,True,,,,
lre,fixed,HCM,EndTask,True,True,False,False,False,True,True,True,CAM,CAM,1,HCMToCAM,True,,,,
lre,fixed,HCM,ReqHCM,True,True,False,False,False,True,True,True,CAM,CAM,1,HCMToCAM,True,,,,
lre,fixed,HCM,tick,True,True,False,False,False,True,True,True,CAM,CAM,1,HCMToCAM,True,,,,
lre,fixed,HCM,ReqVel,True,True,False,False,True,False,False,False,CAM,CAM,1,HCMToCAM,True,,,,
lre,fixed,HCM,ReqHdng,True,True,False,False,True,False,False,False,CAM,CAM,1,HCMToCAM,True,,,,
lre,fixed,HCM,ReqMOM,True,True,False,False,True,False,False,False,CAM,CAM,1,HCMToCAM,True,,,,
lre,fixed,HCM,ReqOCM,True,True,False,False,True,False,False,False,CAM,CAM,1,HCMToCAM,True,,,,
lre,fixed,HCM,EndTask,True,True,False,False,True,False,False,False,CAM,CAM,1,HCMToCAM,True,,,,
lre,fixed,HCM,ReqHCM,True,True,False,False,True,False,False,False,CAM,CAM,1,HCMToCAM,True,,,,
lre,fixed,HCM,tick,True,True,False,False,True,False,False,False,CAM,CAM,1,HCMToCAM,True,,,,
lre,fixed,HCM,ReqVel,True,True,False,False,True,False,False,True,CAM,CAM,1,HCMToCAM,True,,,,
lre,fixed,HCM,ReqHdng,True,True,False,False,True,False,False,True,CAM,CAM,1,HCMToCAM,True,,,,
lre,fixed,HCM,ReqMOM,True,True,False,False,True,False,False,True,CAM,CAM,1,HCMToCAM,True,,,,
lre,fixed,HCM,ReqOCM,True,True,False,False,True,False,False,True,CAM,CAM,1,HCMToCAM,True,,,,
lre,fixed,HCM,EndTask,True,True,False,False,True,False,False,True,CAM,CAM,1,HCMToCAM,True,,,,
lre,fixed,HCM,ReqHCM,True,True,False,False,True,False,False,True,CAM,CAM,1,HCMToCAM,True,,,,
lre,fixed,HCM,tick,True,True,False,False,True,False,False,True,CAM,CAM,1,HCMToCAM,True,,,,
lre,fixed,HCM,ReqVel,True,True,False,False,True,False,True,False,CAM,CAM,1,HCMToCAM,True,,,,
lre,fixed,HCM,ReqHdng,True,True,False,False,True,False,True,False,CAM,CAM,1,HCMToCAM,True,,,,
lre,fixed,HCM,ReqMOM,True,True,False,False,True,False,True,False,CAM,CAM,1,HCMToCAM,True,,,,
lre,fixed,HCM,ReqOCM,True,True,False,False,True,False,True,False,CAM,CAM,1,HCMToCAM,True,,,,
lre,fixed,HCM,EndTask,True,True,False,False,True,False,True,False,CAM,CAM,1,HCMToCAM,True,,,,
lre,fixed,HCM,ReqHCM,True,True,False,False,True,False,True,False,CAM,CAM,1,HCMToCAM,True,,,,
lre,fixed,HCM,tick,True,True,False,False,True,False,True,False,CAM,CAM,1,HCMToCAM,True,,,,
lre,fixed,HCM,ReqVel,True,True,False,False,True,False,True,True,CAM,CAM,1,HCMToCAM,True,,,,
lre,fixed,HCM,ReqHdng,True,True,False,False,True,False,True,True,CAM,CAM,1,HCMToCAM,True,,,,
lre,fixed,HCM,ReqMOM,True,True,False,False,True,False,True,True,CAM,CAM,1,HCMToCAM,True,,,,
lre,fixed,HCM,ReqOCM,True,True,False,False,True,False,True,True,CAM,CAM,1,HCMToCAM,True,,,,
lre,fixed,HCM,EndTask,True,True,False,False,True,False,True,True,CAM,CAM,1,HCMToCAM,True,,,,
lre,fixed,HCM,ReqHCM,True,True,False,False,True,False,True,True,CAM,CAM,1,HCMToCAM,True,,,,
lre,fixed,HCM,tick,True,True,False,False,True,False,True,True,CAM,CAM,1,HCMToCAM,True,,,,
lre,fixed,HCM,ReqVel,True,True,False,False,True,True,False,False,CAM,CAM,1,HCMToCAM,True,,,,
lre,fixed,HCM,ReqHdng,True,True,False,False,True,True,False,False,CAM,CAM,1,HCMToCAM,True,,,,
lre,fixed,HCM,ReqMOM,True,True,False,False,True,True,False,False,CAM,CAM,1,HCMToCAM,True,,,,
lre,fixed,HCM,ReqOCM,True,True,False,False,True,True,False,False,CAM,CAM,1,HCMToCAM,True,,,,
lre,fixed,HCM,EndTask,True,True,False,False,True,True,False,False,CAM,CAM,1,HCMToCAM,True,,,,
lre,fixed,HCM,ReqHCM,True,True,False,False,True,True,False,False,CAM,CAM,1,HCMToCAM,True,,,,
lre,fixed,HCM,tick,True,True,False,False,True,True,False,False,CAM,CAM,1,HCMToCAM,True,,,,
lre,fixed,HCM,ReqVel,True,True,False,False,True,True,False,True,CAM,CAM,1,HCMToCAM,True,,,,
lre,fixed,HCM,ReqHdng,True,True,False,False,True,True,False,True,CAM,CAM,1,HCMToCAM,True,,,,
lre,fixed,HCM,ReqMOM,True,True,False,False,True,True,False,True,CAM,CAM,1,HCMToCAM,True,,,,
lre,fixed,HCM,ReqOCM,True,True,False,False,True,True,False,True,CAM,CAM,1,HCMToCAM,True,,,,
lre,fixed,HCM,EndTask,True,True,False,False,True,True,False,True,CAM,CAM,1,HCMToCAM,True,,,,
lre,fixed,HCM,ReqHCM,True,True,False,False,True,True,False,True,CAM,CAM,1,HCMToCAM,True,,,,
lre,fixed,HCM,tick,True,True,False,False,True,True,False,True,CAM,CAM,1,HCMToCAM,True,,,,
lre,fixed,HCM,ReqVel,True,True,False,False,True,True,True,False,CAM,CAM,1,HCMToCAM,True,,,,
lre,fixed,HCM,ReqHdng,True,True,False,False,True,True,True,False,CAM,CAM,1,HCMToCAM,True,,,,
lre,fixed,HCM,ReqMOM,True,True,False,False,True,True,True,False,CAM,CAM,1,HCMToCAM,True,,,,
lre,fixed,HCM,ReqOCM,True,True,False,False,True,True,True,False,CAM,CAM,1,HCMToCAM,True,,,,
lre,fixed,HCM,EndTask,True,True,False,False,True,True,True,False,CAM,CAM,1,HCMToCAM,True,,,,
lre,fixed,HCM,ReqHCM,True,True,False,False,True,True,True,False,CAM,CAM,1,HCMToCAM,True,,,,
lre,fixed,HCM,tick,True,True,False,False,True,True,True,False,CAM,CAM,1,HCMToCAM,True,,,,
lre,fixed,HCM,ReqVel,True,True,False,False,True,True,True,True,CAM,CAM,1,HCMToCAM,True,,,,
lre,fixed,HCM,ReqHdng,True,True,False,False,True,True,True,True,CAM,CAM,1,HCMToCAM,True,,,,
lre,fixed,HCM,ReqMOM,True,True,False,False,True,True,True,True,CAM,CAM,1,HCMToCAM,True,,,,
lre,fixed,HCM,ReqOCM,True,True,False,False,True,True,True,True,CAM,CAM,1,HCMToCAM,True,,,,
lre,fixed,HCM,EndTask,True,True,False,False,True,True,True,True,CAM,CAM,1,HCMToCAM,True,,,,
lre,fixed,HCM,ReqHCM,True,True,False,False,True,True,True,True,CAM,CAM,1,HCMToCAM,True,,,,
lre,fixed,HCM,tick,True,True,False,False,True,True,True,True,CAM,CAM,1,HCMToCAM,True,,,,
lre,fixed,HCM,ReqVel,True,True,False,True,False,False,False,False,CAM,CAM,1,HCMToCAM,True,,,,
lre,fixed,HCM,ReqHdng,True,True,False,True,False,False,False,False,CAM,CAM,1,HCMToCAM,True,,,,
lre,fixed,HCM,ReqMOM,True,True,False,True,False,False,False,False,CAM,CAM,1,HCMToCAM,True,,,,
lre,fixed,HCM,ReqOCM,True,True,False,True,False,False,False,False,CAM,CAM,1,HCMToCAM,True,,,,
lre,fixed,HCM,EndTask,True,True,False,True,False,False,False,False,CAM,CAM,1,HCMToCAM,True,,,,
lre,fixed,HCM,ReqHCM,True,True,False,True,False,False,False,False,CAM,CAM,1,HCMToCAM,True,,,,
lre,fixed,HCM,tick,True,True,False,True,False,False,False,False,CAM,CAM,1,HCMToCAM,True,,,,
lre,fixed,HCM,ReqVel,True,True,False,True,False,False,False,True,CAM,CAM,1,HCMToCAM,True,,,,
lre,fixed,HCM,ReqHdng,True,True,False,True,False,False,False,True,CAM,CAM,1,HCMToCAM,True,,,,
lre,fixed,HCM,ReqMOM,True,True,False,True,False,False,False,True,CAM,CAM,1,HCMToCAM,True,,,,
lre,fixed,HCM,ReqOCM,True,True,False,True,False,False,False,True,CAM,CAM,1,HCMToCAM,True,,,,
lre,fixed,HCM,EndTask,True,True,False,True,False,False,False,True,CAM,CAM,1,HCMToCAM,True,,,,
lre,fixed,HCM,ReqHCM,True,True,False,True,False,False,False,True,CAM,CAM,1,HCMToCAM,True,,,,
lre,fixed,HCM,tick,True,True,False,True,False,False,False,True,CAM,CAM,1,HCMToCAM,True,,,,
lre,fixed,HCM,ReqVel,True,True,False,True,False,False,True,False,CAM,CAM,1,HCMToCAM,True,,,,
lre,fixed,HCM,ReqHdng,True,True,False,True,False,False,True,False,CAM,CAM,1,HCMToCAM,True,,,,
lre,fixed,HCM,ReqMOM,True,True,False,True,False,False,True,False,CAM,CAM,1,HCMToCAM,True,,,,
lre,fixed,HCM,ReqOCM,True,True,False,True,False,False,True,False,CAM,CAM,1,HCMToCAM,True,,,,
lre,fixed,HCM,EndTask,True,True,False,True,False,False,True,False,CAM,CAM,1,HCMToCAM,True,,,,
lre,fixed,HCM,ReqHCM,True,True,False,True,False,False,True,False,CAM,CAM,1,HCMToCAM,True,,,,
lre,fixed,HCM,tick,True,True,False,True,False,False,True,False,CAM,CAM,1,HCMToCAM,True,,,,
lre,fixed,HCM,ReqVel,True,True,False,True,False,False,True,True,CAM,CAM,1,HCMToCAM,True,,,,
lre,fixed,HCM,ReqHdng,True,True,False,True,False,False,True,True,CAM,CAM,1,HCMToCAM,True,,,,
lre,fixed,HCM,ReqMOM,True,True,False,True,False,False,True,True,CAM,CAM,1,HCMToCAM,True,,,,
lre,fixed,HCM,ReqOCM,True,True,False,True,False,False,True,True,CAM,CAM,1,HCMToCAM,True,,,,
lre,fixed,HCM,EndTask,True,True,False,True,False,False,True,True,CAM,CAM,1,HCMToCAM,True,,,,
lre,fixed,HCM,ReqHCM,True,True,False,True,False,False,True,True,CAM,CAM,1,HCMToCAM,True,,,,
lre,fixed,HCM,tick,True,True,False,True,False,False,True,True,CAM,CAM,1,HCMToCAM,True,,,,
lre,fixed,HCM,ReqVel,True,True,False,True,False,True,False,False,CAM,CAM,1,HCMToCAM,True,,,,
lre,fixed,HCM,ReqHdng,True,True,False,True,False,True,False,False,CAM,CAM,1,HCMToCAM,True,,,,
lre,fixed,HCM,ReqMOM,True,True,False,True,False,True,False,False,CAM,CAM,1,HCMToCAM,True,,,,
lre,fixed,HCM,ReqOCM,True,True,False,True,False,True,False,False,CAM,CAM,1,HCMToCAM,True,,,,
lre,fixed,HCM,EndTask,True,True,False,True,False,True,False,False,CAM,CAM,1,HCMToCAM,True,,,,
lre,fixed,HCM,ReqHCM,True,True,False,True,False,True,False,False,CAM,CAM,1,HCMToCAM,True,,,,
lre,fixed,HCM,tick,True,True,False,True,False,True,False,False,CAM,CAM,1,HCMToCAM,True,,,,
lre,fixed,HCM,ReqVel,True,True,False,True,False,True,False,True,CAM,CAM,1,HCMToCAM,True,,,,
lre,fixed,HCM,ReqHdng,True,True,False,True,False,True,False,True,CAM,CAM,1,HCMToCAM,True,,,,
lre,fixed,HCM,ReqMOM,True,True,False,True,False,True,False,True,CAM,CAM,1,HCMToCAM,True,,,,
lre,fixed,HCM,ReqOCM,True,True,False,True,False,True,False,True,CAM,CAM,1,HCMToCAM,True,,,,
lre,fixed,HCM,EndTask,True,True,False,True,False,True,False,True,CAM,CAM,1,HCMToCAM,True,,,,
lre,fixed,HCM,ReqHCM,True,True,False,True,False,True,False,True,CAM,CAM,1,HCMToCAM,True,,,,
lre,fixed,HCM,tick,True,True,False,True,False,True,False,True,CAM,CAM,1,HCMToCAM,True,,,,
lre,fixed,HCM,ReqVel,True,True,False,True,False,True,True,False,CAM,CAM,1,HCMToCAM,True,,,,
lre,fixed,HCM,ReqHdng,True,True,False,True,False,True,True,False,CAM,CAM,1,HCMToCAM,True,,,,
lre,fixed,HCM,ReqMOM,True,True,False,True,False,True,True,False,CAM,CAM,1,HCMToCAM,True,,,,
lre,fixed,HCM,ReqOCM,True,True,False,True,False,True,True,False,CAM,CAM,1,HCMToCAM,True,,,,
lre,fixed,HCM,EndTask,True,True,False,True,False,True,True,False,CAM,CAM,1,HCMToCAM,True,,,,
lre,fixed,HCM,ReqHCM,True,True,False,True,False,True,True,False,CAM,CAM,1,HCMToCAM,True,,,,
lre,fixed,HCM,tick,True,True,False,True,False,True,True,False,CAM,CAM,1,HCMToCAM,True,,,,
lre,fixed,HCM,ReqVel,True,True,False,True,False,True,True,True,CAM,CAM,1,HCMToCAM,True,,,,
lre,fixed,HCM,ReqHdng,True,True,False,True,False,True,True,True,CAM,CAM,1,HCMToCAM,True,,,,
lre,fixed,HCM,ReqMOM,True,True,False,True,False,True,True,True,CAM,CAM,1,HCMToCAM,True,,,,
lre,fixed,HCM,ReqOCM,True,True,False,True,False,True,True,True,CAM,CAM,1,HCMToCAM,True,,,,
lre,fixed,HCM,EndTask,True,True,False,True,False,True,True,True,CAM,CAM,1,HCMToCAM,True,,,,
lre,fixed,HCM,ReqHCM,True,True,False,True,False,True,True,True,CAM,CAM,1,HCMToCAM,True,,,,
lre,fixed,HCM,tick,True,True,False,True,False,True,True,True,CAM,CAM,1,HCMToCAM,True,,,,
lre,fixed,HCM,ReqVel,True,True,False,True,True,False,False,False,CAM,CAM,1,HCMToCAM,True,,,,
lre,fixed,HCM,ReqHdng,True,True,False,True,True,False,False,False,CAM,CAM,1,HCMToCAM,True,,,,
lre,fixed,HCM,ReqMOM,True,True,False,True,True,False,False,False,CAM,CAM,1,HCMToCAM,True,,,,
lre,fixed,HCM,ReqOCM,True,True,False,True,True,False,False,False,CAM,CAM,1,HCMToCAM,True,,,,
lre,fixed,HCM,EndTask,True,True,False,True,True,False,False,False,CAM,CAM,1,HCMToCAM,True,,,,
lre,fixed,HCM,ReqHCM,True,True,False,True,True,False,False,False,CAM,CAM,1,HCMToCAM,True,,,,
lre,fixed,HCM,tick,True,True,False,True,True,False,False,False,CAM,CAM,1,HCMToCAM,True,,,,
lre,fixed,HCM,ReqVel,True,True,False,True,True,False,False,True,CAM,CAM,1,HCMToCAM,True,,,,
lre,fixed,HCM,ReqHdng,True,True,False,True,True,False,False,True,CAM,CAM,1,HCMToCAM,True,,,,
lre,fixed,HCM,ReqMOM,True,True,False,True,True,False,False,True,CAM,CAM,1,HCMToCAM,True,,,,
lre,fixed,HCM,ReqOCM,True,True,False,True,True,False,False,True,CAM,CAM,1,HCMToCAM,True,,,,
lre,fixed,HCM,EndTask,True,True,False,True,True,False,False,True,CAM,CAM,1,HCMToCAM,True,,,,
lre,fixed,HCM,ReqHCM,True,True,False,True,True,False,False,True,CAM,CAM,1,HCMToCAM,True,,,,
lre,fixed,HCM,tick,True,True,False,True,True,False,False,True,CAM,CAM,1,HCMToCAM,True,,,,
lre,fixed,HCM,ReqVel,True,True,False,True,True,False,True,False,CAM,CAM,1,HCMToCAM,True,,,,
lre,fixed,HCM,ReqHdng,True,True,False,True,True,False,True,False,CAM,CAM,1,HCMToCAM,True,,,,
lre,fixed,HCM,ReqMOM,True,True,False,True,True,False,True,False,CAM,CAM,1,HCMToCAM,True,,,,
lre,fixed,HCM,ReqOCM,True,True,False,True,True,False,True,False,CAM,CAM,1,HCMToCAM,True,,,,
lre,fixed,HCM,EndTask,True,True,False,True,True,False,True,False,CAM,CAM,1,HCMToCAM,True,,,,
lre,fixed,HCM,ReqHCM,True,True,False,True,True,False,True,False,CAM,CAM,1,HCMToCAM,True,,,,
lre,fixed,HCM,tick,True,True,False,True,True,False,True,False,CAM,CAM,1,HCMToCAM,True,,,,
lre,fixed,HCM,ReqVel,True,True,False,True,True,False,True,True,CAM,CAM,1,HCMToCAM,True,,,,
lre,fixed,HCM,ReqHdng,True,True,False,True,True,False,True,True,CAM,CAM,1,HCMToCAM,True,,,,
lre,fixed,HCM,ReqMOM,True,True,False,True,True,False,True,True,CAM,CAM,1,HCMToCAM,True,,,,
lre,fixed,HCM,ReqOCM,True,True,False,True,True,False,True,True,CAM,CAM,1,HCMToCAM,True,,,,
lre,fixed,HCM,EndTask,True,True,False,True,True,False,True,True,CAM,CAM,1,HCMToCAM,True,,,,
lre,fixed,HCM,ReqHCM,True,True,False,True,True,False,True,True,CAM,CAM,1,HCMToCAM,True,,,,
lre,fixed,HCM,tick,True,True,False,True,True,False,True,True,CAM,CAM,1,HCMToCAM,True,,,,
lre,fixed,HCM,ReqVel,True,True,False,True,True,True,False,False,CAM,CAM,1,HCMToCAM,True,,,,
lre,fixed,HCM,ReqHdng,True,True,False,True,True,True,False,False,CAM,CAM,1,HCMToCAM,True,,,,
lre,fixed,HCM,ReqMOM,True,True,False,True,True,True,False,False,CAM,CAM,1,HCMToCAM,True,,,,
lre,fixed,HCM,ReqOCM,True,True,False,True,True,True,False,False,CAM,CAM,1,HCMToCAM,True,,,,
lre,fixed,HCM,EndTask,True,True,False,True,True,True,False,False,CAM,CAM,1,HCMToCAM,True,,,,
lre,fixed,HCM,ReqHCM,True,True,False,True,True,True,False,False,CAM,CAM,1,HCMToCAM,True,,,,
lre,fixed,HCM,tick,True,True,False,True,True,True,False,False,CAM,CAM,1,HCMToCAM,True,,,,
lre,fixed,HCM,ReqVel,True,True,False,True,True,True,False,True,CAM,CAM,1,HCMToCAM,True,,,,
lre,fixed,HCM,ReqHdng,True,True,False,True,True,True,False,True,CAM,CAM,1,HCMToCAM,True,,,,
lre,fixed,HCM,ReqMOM,True,True,False,True,True,True,False,True,CAM,CAM,1,HCMToCAM,True,,,,
lre,fixed,HCM,ReqOCM,True,True,False,True,True,True,False,True,CAM,CAM,1,HCMToCAM,True,,,,
lre,fixed,HCM,EndTask,True,True,False,True,True,True,False,True,CAM,CAM,1,HCMToCAM,True,,,,
lre,fixed,HCM,ReqHCM,True,True,False,True,True,True,False,True,CAM,CAM,1,HCMToCAM,True,,,,
lre,fixed,HCM,tick,True,True,False,True,True,True,False,True,CAM,CAM,1,HCMToCAM,True,,,,
lre,fixed,HCM,ReqVel,True,True,False,True,True,True,True,False,CAM,CAM,1,HCMToCAM,True,,,,
lre,fixed,HCM,ReqHdng,True,True,False,True,True,True,True,False,CAM,CAM,1,HCMToCAM,True,,,,
lre,fixed,HCM,ReqMOM,True,True,False,True,True,True,True,False,CAM,CAM,1,HCMToCAM,True,,,,
lre,fixed,HCM,ReqOCM,True,True,False,True,True,True,True,False,CAM,CAM,1,HCMToCAM,True,,,,
lre,fixed,HCM,EndTask,True,True,False,True,True,True,True,False,CAM,CAM,1,HCMToCAM,True,,,,
lre,fixed,HCM,ReqHCM,True,True,False,True,True,True,True,False,CAM,CAM,1,HCMToCAM,True,,,,
lre,fixed,HCM,tick,True,True,False,True,True,True,True,False,CAM,CAM,1,HCMToCAM,True,,,,
lre,fixed,HCM,ReqVel,True,True,False,True,True,True,True,True,CAM,CAM,1,HCMToCAM,True,,,,
lre,fixed,HCM,ReqHdng,True,True,False,True,True,True,True,True,CAM,CAM,1,HCMToCAM,True,,,,
lre,fixed,HCM,ReqMOM,True,True,False,True,True,True,True,True,CAM,CAM,1,HCMToCAM,True,,,,
lre,fixed,HCM,ReqOCM,True,True,False,True,True,True,True,True,CAM,CAM,1,HCMToCAM,True,,,,
lre,fixed,HCM,EndTask,True,True,False,True,True,True,True,True,CAM,CAM,1,HCMToCAM,True,,,,
lre,fixed,HCM,ReqHCM,True,True,False,True,True,True,True,True,CAM,CAM,1,HCMToCAM,True,,,,
lre,fixed,HCM,tick,True,True,False,True,True,True,True,True,CAM,CAM,1,HCMToCAM,True,,,,
lre,fixed,HCM,ReqVel,True,True,True,False,False,False,False,False,CAM,CAM,1,HCMToCAM,True,,,,
lre,fixed,HCM,ReqHdng,True,True,True,False,False,False,False,False,CAM,CAM,1,HCMToCAM,True,,,,
lre,fixed,HCM,ReqMOM,True,True,True,False,False,False,False,False,CAM,CAM,1,HCMToCAM,True,,,,
lre,fixed,HCM,ReqOCM,True,True,True,False,False,False,False,False,CAM,CAM,1,HCMToCAM,True,,,,
lre,fixed,HCM,EndTask,True,True,True,False,False,False,False,False,CAM,CAM,1,HCMToCAM,True,,,,
lre,fixed,HCM,ReqHCM,True,True,True,False,False,False,False,False,CAM,CAM,1,HCMToCAM,True,,,,
lre,fixed,HCM,tick,True,True,True,False,False,False,False,False,CAM,CAM,1,HCMToCAM,True,,,,
lre,fixed,HCM,ReqVel,True,True,True,False,False,False,False,True,CAM,CAM,1,HCMToCAM,True,,,,
lre,fixed,HCM,ReqHdng,True,True,True,False,False,False,False,True,CAM,CAM,1,HCMToCAM,True,,,,
lre,fixed,HCM,ReqMOM,True,True,True,False,False,False,False,True,CAM,CAM,1,HCMToCAM,True,,,,
lre,fixed,HCM,ReqOCM,True,True,True,False,False,False,False,True,CAM,CAM,1,HCMToCAM,True,,,,
lre,fixed,HCM,EndTask,True,True,True,False,False,False,False,True,CAM,CAM,1,HCMToCAM,True,,,,
lre,fixed,HCM,ReqHCM,True,True,True,False,False,False,False,True,CAM,CAM,1,HCMToCAM,True,,,,
lre,fixed,HCM,tick,True,True,True,False,False,False,False,True,CAM,CAM,1,HCMToCAM,True,,,,
lre,fixed,HCM,ReqVel,True,True,True,False,False,False,True,False,CAM,CAM,1,HCMToCAM,True,,,,
lre,fixed,HCM,ReqHdng,True,True,True,False,False,False,True,False,CAM,CAM,1,HCMToCAM,True,,,,
lre,fixed,HCM,ReqMOM,True,True,True,False,False,False,True,False,CAM,CAM,1,HCMToCAM,True,,,,
lre,fixed,HCM,ReqOCM,True,True,True,False,False,False,True,False,CAM,CAM,1,HCMToCAM,True,,,,
lre,fixed,HCM,EndTask,True,True,True,False,False,False,True,False,CAM,CAM,1,HCMToCAM,True,,,,
lre,fixed,HCM,ReqHCM,True,True,True,False,False,False,True,False,CAM,CAM,1,HCMToCAM,True,,,,
lre,fixed,HCM,tick,True,True,True,False,False,False,True,False,CAM,CAM,1,HCMToCAM,True,,,,
lre,fixed,HCM,ReqVel,True,True,True,False,False,False,True,True,CAM,CAM,1,HCMToCAM,True,,,,
lre,fixed,HCM,ReqHdng,True,True,True,False,False,False,True,True,CAM,CAM,1,HCMToCAM,True,,,,
lre,fixed,HCM,ReqMOM,True,True,True,False,False,False,True,True,CAM,CAM,1,HCMToCAM,True,,,,
lre,fixed,HCM,ReqOCM,True,True,True,False,False,False,True,True,CAM,CAM,1,HCMToCAM,True,,,,
lre,fixed,HCM,EndTask,True,True,True,False,False,False,True,True,CAM,CAM,1,HCMToCAM,True,,,,
lre,fixed,HCM,ReqHCM,True,True,True,False,False,False,True,True,CAM,CAM,1,HCMToCAM,True,,,,
lre,fixed,HCM,tick,True,True,True,False,False,False,True,True,CAM,CAM,1,HCMToCAM,True,,,,
lre,fixed,HCM,ReqVel,True,True,True,False,False,True,False,False,CAM,CAM,1,HCMToCAM,True,,,,
lre,fixed,HCM,ReqHdng,True,True,True,False,False,True,False,False,CAM,CAM,1,HCMToCAM,True,,,,
lre,fixed,HCM,ReqMOM,True,True,True,False,False,True,False,False,CAM,CAM,1,HCMToCAM,True,,,,
lre,fixed,HCM,ReqOCM,True,True,True,False,False,True,False,False,CAM,CAM,1,HCMToCAM,True,,,,
lre,fixed,HCM,EndTask,True,True,True,False,False,True,False,False,CAM,CAM,1,HCMToCAM,True,,,,
lre,fixed,HCM,ReqHCM,True,True,True,False,False,True,False,False,CAM,CAM,1,HCMToCAM,True,,,,
lre,fixed,HCM,tick,True,True,True,False,False,True,False,False,CAM,CAM,1,HCMToCAM,True,,,,
lre,fixed,HCM,ReqVel,True,True,True,False,False,True,False,True,CAM,CAM,1,HCMToCAM,True,,,,
lre,fixed,HCM,ReqHdng,True,True,True,False,False,True,False,True,CAM,CAM,1,HCMToCAM,True,,,,
lre,fixed,HCM,ReqMOM,True,True,True,False,False,True,False,True,CAM,CAM,1,HCMToCAM,True,,,,
lre,fixed,HCM,ReqOCM,True,True,True,False,False,True,False,True,CAM,CAM,1,HCMToCAM,True,,,,
lre,fixed,HCM,EndTask,True,True,True,False,False,True,False,True,CAM,CAM,1,HCMToCAM,True,,,,
lre,fixed,HCM,ReqHCM,True,True,True,False,False,True,False,True,CAM,CAM,1,HCMToCAM,True,,,,
lre,fixed,HCM,tick,True,True,True,False,False,True,False,True,CAM,CAM,1,HCMToCAM,True,,,,
lre,fixed,HCM,ReqVel,True,True,True,False,False,True,True,False,CAM,CAM,1,HCMToCAM,True,,,,
lre,fixed,HCM,ReqHdng,True,True,True,False,False,True,True,False,CAM,CAM,1,HCMToCAM,True,,,,
lre,fixed,HCM,ReqMOM,True,True,True,False,False,True,True,False,CAM,CAM,1,HCMToCAM,True,,,,
lre,fixed,HCM,ReqOCM,True,True,True,False,False,True,True,False,CAM,CAM,1,HCMToCAM,True,,,,
lre,fixed,HCM,EndTask,True,True,True,False,False,True,True,False,CAM,CAM,1,HCMToCAM,True,,,,
lre,fixed,HCM,ReqHCM,True,True,True,False,False,True,True,False,CAM,CAM,1,HCMToCAM,True,,,,
lre,fixed,HCM,tick,True,True,True,False,False,True,True,False,CAM,CAM,1,HCMToCAM,True,,,,
lre,fixed,HCM,ReqVel,True,True,True,False,False,True,True,True,CAM,CAM,1,HCMToCAM,True,,,,
lre,fixed,HCM,ReqHdng,True,True,True,False,False,True,True,True,CAM,CAM,1,HCMToCAM,True,,,,
lre,fixed,HCM,ReqMOM,True,True,True,False,False,True,True,True,CAM,CAM,1,HCMToCAM,True,,,,
lre,fixed,HCM,ReqOCM,True,True,True,False,False,True,True,True,CAM,CAM,1,HCMToCAM,True,,,,
lre,fixed,HCM,EndTask,True,True,True,False,False,True,True,True,CAM,CAM,1,HCMToCAM,True,,,,
lre,fixed,HCM,ReqHCM,True,True,True,False,False,True,True,True,CAM,CAM,1,HCMToCAM,True,,,,
lre,fixed,HCM,tick,True,True,True,False,False,True,True,True,CAM,CAM,1,HCMToCAM,True,,,,
lre,fixed,HCM,ReqVel,True,True,True,False,True,False,False,False,CAM,CAM,1,HCMToCAM,True,,,,
lre,fixed,HCM,ReqHdng,True,True,True,False,True,False,False,False,CAM,CAM,1,HCMToCAM,True,,,,
lre,fixed,HCM,ReqMOM,True,True,True,False,True,False,False,False,CAM,CAM,1,HCMToCAM,True,,,,
lre,fixed,HCM,ReqOCM,True,True,True,False,True,False,False,False,CAM,CAM,1,HCMToCAM,True,,,,
lre,fixed,HCM,EndTask,True,True,True,False,True,False,False,False,CAM,CAM,1,HCMToCAM,True,,,,
lre,fixed,HCM,ReqHCM,True,True,True,False,True,False,False,False,CAM,CAM,1,HCMToCAM,True,,,,
lre,fixed,HCM,tick,True,True,True,False,True,False,False,False,CAM,CAM,1,HCMToCAM,True,,,,
lre,fixed,HCM,ReqVel,True,True,True,False,True,False,False,True,CAM,CAM,1,HCMToCAM,True,,,,
lre,fixed,HCM,ReqHdng,True,True,True,False,True,False,False,True,CAM,CAM,1,HCMToCAM,True,,,,
lre,fixed,HCM,ReqMOM,True,True,True,False,True,False,False,True,CAM,CAM,1,HCMToCAM,True,,,,
lre,fixed,HCM,ReqOCM,True,True,True,False,True,False,False,True,CAM,CAM,1,HCMToCAM,True,,,,
lre,fixed,HCM,EndTask,True,True,True,False,True,False,False,True,CAM,CAM,1,HCMToCAM,True,,,,
lre,fixed,HCM,ReqHCM,True,True,True,False,True,False,False,True,CAM,CAM,1,HCMToCAM,True,,,,
lre,fixed,HCM,tick,True,True,True,False,True,False,False,True,CAM,CAM,1,HCMToCAM,True,,,,
lre,fixed,HCM,ReqVel,True,True,True,False,True,False,True,False,CAM,CAM,1,HCMToCAM,True,,,,
lre,fixed,HCM,ReqHdng,True,True,True,False,True,False,True,False,CAM,CAM,1,HCMToCAM,True,,,,
lre,fixed,HCM,ReqMOM,True,True,True,False,True,False,True,False,CAM,CAM,1,HCMToCAM,True,,,,
lre,fixed,HCM,ReqOCM,True,True,True,False,True,False,True,False,CAM,CAM,1,HCMToCAM,True,,,,
lre,fixed,HCM,EndTask,True,True,True,False,True,False,True,False,CAM,CAM,1,HCMToCAM,True,,,,
lre,fixed,HCM,ReqHCM,True,True,True,False,True,False,True,False,CAM,CAM,1,HCMToCAM,True,,,,
lre,fixed,HCM,tick,True,True,True,False,True,False,True,False,CAM,CAM,1,HCMToCAM,True,,,,
lre,fixed,HCM,ReqVel,True,True,True,False,True,False,True,True,CAM,CAM,1,HCMToCAM,True,,,,
lre,fixed,HCM,ReqHdng,True,True,True,False,True,False,True,True,CAM,CAM,1,HCMToCAM,True,,,,
lre,fixed,HCM,ReqMOM,True,True,True,False,True,False,True,True,CAM,CAM,1,HCMToCAM,True,,,,
lre,fixed,HCM,ReqOCM,True,True,True,False,True,False,True,True,CAM,CAM,1,HCMToCAM,True,,,,
lre,fixed,HCM,EndTask,True,True,True,False,True,False,True,True,CAM,CAM,1,HCMToCAM,True,,,,
lre,fixed,HCM,ReqHCM,True,True,True,False,True,False,True,True,CAM,CAM,1,HCMToCAM,True,,,,
lre,fixed,HCM,tick,True,True,True,False,True,False,True,True,CAM,CAM,1,HCMToCAM,True,,,,
lre,fixed,HCM,ReqVel,True,True,True,False,True,True,False,False,CAM,CAM,1,HCMToCAM,True,,,,
lre,fixed,HCM,ReqHdng,True,True,True,False,True,True,False,False,CAM,CAM,1,HCMToCAM,True,,,,
lre,fixed,HCM,ReqMOM,True,True,True,False,True,True,False,False,CAM,CAM,1,HCMToCAM,True,,,,
lre,fixed,HCM,ReqOCM,True,True,True,False,True,True,False,False,CAM,CAM,1,HCMToCAM,True,,,,
lre,fixed,HCM,EndTask,True,True,True,False,True,True,False,False,CAM,CAM,1,HCMToCAM,True,,,,
lre,fixed,HCM,ReqHCM,True,True,True,False,True,True,False,False,CAM,CAM,1,HCMToCAM,True,,,,
lre,fixed,HCM,tick,True,True,True,False,True,True,False,False,CAM,CAM,1,HCMToCAM,True,,,,
lre,fixed,HCM,ReqVel,True,True,True,False,True,True,False,True,CAM,CAM,1,HCMToCAM,True,,,,
lre,fixed,HCM,ReqHdng,True,True,True,False,True,True,False,True,CAM,CAM,1,HCMToCAM,True,,,,
lre,fixed,HCM,ReqMOM,True,True,True,False,True,True,False,True,CAM,CAM,1,HCMToCAM,True,,,,
lre,fixed,HCM,ReqOCM,True,True,True,False,True,True,False,True,CAM,CAM,1,HCMToCAM,True,,,,
lre,fixed,HCM,EndTask,True,True,True,False,True,True,False,True,CAM,CAM,1,HCMToCAM,True,,,,
lre,fixed,HCM,ReqHCM,True,True,True,False,True,True,False,True,CAM,CAM,1,HCMToCAM,True,,,,
lre,fixed,HCM,tick,True,True,True,False,True,True,False,True,CAM,CAM,1,HCMToCAM,True,,,,
lre,fixed,HCM,ReqVel,True,True,True,False,True,True,True,False,CAM,CAM,1,HCMToCAM,True,,,,
lre,fixed,HCM,ReqHdng,True,True,True,False,True,True,True,False,CAM,CAM,1,HCMToCAM,True,,,,
lre,fixed,HCM,ReqMOM,True,True,True,False,True,True,True,False,CAM,CAM,1,HCMToCAM,True,,,,
lre,fixed,HCM,ReqOCM,True,True,True,False,True,True,True,False,CAM,CAM,1,HCMToCAM,True,,,,
lre,fixed,HCM,EndTask,True,True,True,False,True,True,True,False,CAM,CAM,1,HCMToCAM,True,,,,
lre,fixed,HCM,ReqHCM,True,True,True,False,True,True,True,False,CAM,CAM,1,HCMToCAM,True,,,,
lre,fixed,HCM,tick,True,True,True,False,True,True,True,False,CAM,CAM,1,HCMToCAM,True,,,,
lre,fixed,HCM,ReqVel,True,True,True,False,True,True,True,True,CAM,CAM,1,HCMToCAM,True,,,,
lre,fixed,HCM,ReqHdng,True,True,True,False,True,True,True,True,CAM,CAM,1,HCMToCAM,True,,,,
lre,fixed,HCM,ReqMOM,True,True,True,False,True,True,True,True,CAM,CAM,1,HCMToCAM,True,,,,
lre,fixed,HCM,ReqOCM,True,True,True,False,True,True,True,True,CAM,CAM,1,HCMToCAM,True,,,,
lre,fixed,HCM,EndTask,True,True,True,False,True,True,True,True,CAM,CAM,1,HCMToCAM,True,,,,
lre,fixed,HCM,ReqHCM,True,True,True,False,True,True,True,True,CAM,CAM,1,HCMToCAM,True,,,,
lre,fixed,HCM,tick,True,True,True,False,True,True,True,True,CAM,CAM,1,HCMToCAM,True,,,,
lre,fixed,HCM,ReqVel,True,True,True,True,False,False,False,False,CAM,CAM,1,HCMToCAM,True,,,,
lre,fixed,HCM,ReqHdng,True,True,True,True,False,False,False,False,CAM,CAM,1,HCMToCAM,True,,,,
lre,fixed,HCM,ReqMOM,True,True,True,True,False,False,False,False,CAM,CAM,1,HCMToCAM,True,,,,
lre,fixed,HCM,ReqOCM,True,True,True,True,False,False,False,False,CAM,CAM,1,HCMToCAM,True,,,,
lre,fixed,HCM,EndTask,True,True,True,True,False,False,False,False,CAM,CAM,1,HCMToCAM,True,,,,
lre,fixed,HCM,ReqHCM,True,True,True,True,False,False,False,False,CAM,CAM,1,HCMToCAM,True,,,,
lre,fixed,HCM,tick,True,True,True,True,False,False,False,False,CAM,CAM,1,HCMToCAM,True,,,,
lre,fixed,HCM,ReqVel,True,True,True,True,False,False,False,True,CAM,CAM,1,HCMToCAM,True,,,,
lre,fixed,HCM,ReqHdng,True,True,True,True,False,False,False,True,CAM,CAM,1,HCMToCAM,True,,,,
lre,fixed,HCM,ReqMOM,True,True,True,True,False,False,False,True,CAM,CAM,1,HCMToCAM,True,,,,
lre,fixed,HCM,ReqOCM,True,True,True,True,False,False,False,True,CAM,CAM,1,HCMToCAM,True,,,,
lre,fixed,HCM,EndTask,True,True,True,True,False,False,False,True,CAM,CAM,1,HCMToCAM,True,,,,
lre,fixed,HCM,ReqHCM,True,True,True,True,False,False,False,True,CAM,CAM,1,HCMToCAM,True,,,,
lre,fixed,HCM,tick,True,True,True,True,False,False,False,True,CAM,CAM,1,HCMToCAM,True,,,,
lre,fixed,HCM,ReqVel,True,True,True,True,False,False,True,False,CAM,CAM,1,HCMToCAM,True,,,,
lre,fixed,HCM,ReqHdng,True,True,True,True,False,False,True,False,CAM,CAM,1,HCMToCAM,True,,,,
lre,fixed,HCM,ReqMOM,True,True,True,True,False,False,True,False,CAM,CAM,1,HCMToCAM,True,,,,
lre,fixed,HCM,ReqOCM,True,True,True,True,False,False,True,False,CAM,CAM,1,HCMToCAM,True,,,,
lre,fixed,HCM,EndTask,True,True,True,True,False,False,True,False,CAM,CAM,1,HCMToCAM,True,,,,
lre,fixed,HCM,ReqHCM,True,True,True,True,False,False,True,False,CAM,CAM,1,HCMToCAM,True,,,,
lre,fixed,HCM,tick,True,True,True,True,False,False,True,False,CAM,CAM,1,HCMToCAM,True,,,,
lre,fixed,HCM,ReqVel,True,True,True,True,False,False,True,True,CAM,CAM,1,HCMToCAM,True,,,,
lre,fixed,HCM,ReqHdng,True,True,True,True,False,False,True,True,CAM,CAM,1,HCMToCAM,True,,,,
lre,fixed,HCM,ReqMOM,True,True,True,True,False,False,True,True,CAM,CAM,1,HCMToCAM,True,,,,
lre,fixed,HCM,ReqOCM,True,True,True,True,False,False,True,True,CAM,CAM,1,HCMToCAM,True,,,,
lre,fixed,HCM,EndTask,True,True,True,True,False,False,True,True,CAM,CAM,1,HCMToCAM,True,,,,
lre,fixed,HCM,ReqHCM,True,True,True,True,False,False,True,True,CAM,CAM,1,HCMToCAM,True,,,,
lre,fixed,HCM,tick,True,True,True,True,False,False,True,True,CAM,CAM,1,HCMToCAM,True,,,,
lre,fixed,HCM,ReqVel,True,True,True,True,False,True,False,False,CAM,CAM,1,HCMToCAM,True,,,,
lre,fixed,HCM,ReqHdng,True,True,True,True,False,True,False,False,CAM,CAM,1,HCMToCAM,True,,,,
lre,fixed,HCM,ReqMOM,True,True,True,True,False,True,False,False,CAM,CAM,1,HCMToCAM,True,,,,
lre,fixed,HCM,ReqOCM,True,True,True,True,False,True,False,False,CAM,CAM,1,HCMToCAM,True,,,,
lre,fixed,HCM,EndTask,True,True,True,True,False,True,False,False,CAM,CAM,1,HCMToCAM,True,,,,
lre,fixed,HCM,ReqHCM,True,True,True,True,False,True,False,False,CAM,CAM,1,HCMToCAM,True,,,,
lre,fixed,HCM,tick,True,True,True,True,False,True,False,False,CAM,CAM,1,HCMToCAM,True,,,,
lre,fixed,HCM,ReqVel,True,True,True,True,False,True,False,True,CAM,CAM,1,HCMToCAM,True,,,,
lre,fixed,HCM,ReqHdng,True,True,True,True,False,True,False,True,CAM,CAM,1,HCMToCAM,True,,,,
lre,fixed,HCM,ReqMOM,True,True,True,True,False,True,False,True,CAM,CAM,1,HCMToCAM,True,,,,
lre,fixed,HCM,ReqOCM,True,True,True,True,False,True,False,True,CAM,CAM,1,HCMToCAM,True,,,,
lre,fixed,HCM,EndTask,True,True,True,True,False,True,False,True,CAM,CAM,1,HCMToCAM,True,,,,
lre,fixed,HCM,ReqHCM,True,True,True,True,False,True,False,True,CAM,CAM,1,HCMToCAM,True,,,,
lre,fixed,HCM,tick,True,True,True,True,False,True,False,True,CAM,CAM,1,HCMToCAM,True,,,,
lre,fixed,HCM,ReqVel,True,True,True,True,False,True,True,False,CAM,CAM,1,HCMToCAM,True,,,,
lre,fixed,HCM,ReqHdng,True,True,True,True,False,True,True,False,CAM,CAM,1,HCMToCAM,True,,,,
lre,fixed,HCM,ReqMOM,True,True,True,True,False,True,True,False,CAM,CAM,1,HCMToCAM,True,,,,
lre,fixed,HCM,ReqOCM,True,True,True,True,False,True,True,False,CAM,CAM,1,HCMToCAM,True,,,,
lre,fixed,HCM,EndTask,True,True,True,True,False,True,True,False,CAM,CAM,1,HCMToCAM,True,,,,
lre,fixed,HCM,ReqHCM,True,True,True,True,False,True,True,False,CAM,CAM,1,HCMToCAM,True,,,,
lre,fixed,HCM,tick,True,True,True,True,False,True,True,False,CAM,CAM,1,HCMToCAM,True,,,,
lre,fixed,HCM,ReqVel,True,True,True,True,False,True,True,True,CAM,CAM,1,HCMToCAM,True,,,,
lre,fixed,HCM,ReqHdng,True,True,True,True,False,True,True,True,CAM,CAM,1,HCMToCAM,True,,,,
lre,fixed,HCM,ReqMOM,True,True,True,True,False,True,True,True,CAM,CAM,1,HCMToCAM,True,,,,
lre,fixed,HCM,ReqOCM,True,True,True,True,False,True,True,True,CAM,CAM,1,HCMToCAM,True,,,,
lre,fixed,HCM,EndTask,True,True,True,True,False,True,True,True,CAM,CAM,1,HCMToCAM,True,,,,
lre,fixed,HCM,ReqHCM,True,True,True,True,False,True,True,True,CAM,CAM,1,HCMToCAM,True,,,,
lre,fixed,HCM,tick,True,True,True,True,False,True,True,True,CAM,CAM,1,HCMToCAM,True,,,,
lre,fixed,HCM,ReqVel,True,True,True,True,True,False,False,False,CAM,CAM,1,HCMToCAM,True,,,,
lre,fixed,HCM,ReqHdng,True,True,True,True,True,False,False,False,CAM,CAM,1,HCMToCAM,True,,,,
lre,fixed,HCM,ReqMOM,True,True,True,True,True,False,False,False,CAM,CAM,1,HCMToCAM,True,,,,
lre,fixed,HCM,ReqOCM,True,True,True,True,True,False,False,False,CAM,CAM,1,HCMToCAM,True,,,,
lre,fixed,HCM,EndTask,True,True,True,True,True,False,False,False,CAM,CAM,1,HCMToCAM,True,,,,
lre,fixed,HCM,ReqHCM,True,True,True,True,True,False,False,False,CAM,CAM,1,HCMToCAM,True,,,,
lre,fixed,HCM,tick,True,True,True,True,True,False,False,False,CAM,CAM,1,HCMToCAM,True,,,,
lre,fixed,HCM,ReqVel,True,True,True,True,True,False,False,True,CAM,CAM,1,HCMToCAM,True,,,,
lre,fixed,HCM,ReqHdng,True,True,True,True,True,False,False,True,CAM,CAM,1,HCMToCAM,True,,,,
lre,fixed,HCM,ReqMOM,True,True,True,True,True,False,False,True,CAM,CAM,1,HCMToCAM,True,,,,
lre,fixed,HCM,ReqOCM,True,True,True,True,True,False,False,True,CAM,CAM,1,HCMToCAM,True,,,,
lre,fixed,HCM,EndTask,True,True,True,True,True,False,False,True,CAM,CAM,1,HCMToCAM,True,,,,
lre,fixed,HCM,ReqHCM,True,True,True,True,True,False,False,True,CAM,CAM,1,HCMToCAM,True,,,,
lre,fixed,HCM,tick,True,True,True,True,True,False,False,True,CAM,CAM,1,HCMToCAM,True,,,,
lre,fixed,HCM,ReqVel,True,True,True,True,True,False,True,False,CAM,CAM,1,HCMToCAM,True,,,,
lre,fixed,HCM,ReqHdng,True,True,True,True,True,False,True,False,CAM,CAM,1,HCMToCAM,True,,,,
lre,fixed,HCM,ReqMOM,True,True,True,True,True,False,True,False,CAM,CAM,1,HCMToCAM,True,,,,
lre,fixed,HCM,ReqOCM,True,True,True,True,True,False,True,False,CAM,CAM,1,HCMToCAM,True,,,,
lre,fixed,HCM,EndTask,True,True,True,True,True,False,True,False,CAM,CAM,1,HCMToCAM,True,,,,
lre,fixed,HCM,ReqHCM,True,True,True,True,True,False,True,False,CAM,CAM,1,HCMToCAM,True,,,,
lre,fixed,HCM,tick,True,True,True,True,True,False,True,False,CAM,CAM,1,HCMToCAM,True,,,,
lre,fixed,HCM,ReqVel,True,True,True,True,True,False,True,True,CAM,CAM,1,HCMToCAM,True,,,,
lre,fixed,HCM,ReqHdng,True,True,True,True,True,False,True,True,CAM,CAM,1,HCMToCAM,True,,,,
lre,fixed,HCM,ReqMOM,True,True,True,True,True,False,True,True,CAM,CAM,1,HCMToCAM,True,,,,
lre,fixed,HCM,ReqOCM,True,True,True,True,True,False,True,True,CAM,CAM,1,HCMToCAM,True,,,,
lre,fixed,HCM,EndTask,True,True,True,True,True,False,True,True,CAM,CAM,1,HCMToCAM,True,,,,
lre,fixed,HCM,ReqHCM,True,True,True,True,True,False,True,True,CAM,CAM,1,HCMToCAM,True,,,,
lre,fixed,HCM,tick,True,True,True,True,True,False,True,True,CAM,CAM,1,HCMToCAM,True,,,,
lre,fixed,HCM,ReqVel,True,True,True,True,True,True,False,False,CAM,CAM,1,HCMToCAM,True,,,,
lre,fixed,HCM,ReqHdng,True,True,True,True,True,True,False,False,CAM,CAM,1,HCMToCAM,True,,,,
lre,fixed,HCM,ReqMOM,True,True,True,True,True,True,False,False,CAM,CAM,1,HCMToCAM,True,,,,
lre,fixed,HCM,ReqOCM,True,True,True,True,True,True,False,False,CAM,CAM,1,HCMToCAM,True,,,,
lre,fixed,HCM,EndTask,True,True,True,True,True,True,False,False,CAM,CAM,1,HCMToCAM,True,,,,
lre,fixed,HCM,ReqHCM,True,True,True,True,True,True,False,False,CAM,CAM,1,HCMToCAM,True,,,,
lre,fixed,HCM,tick,True,True,True,True,True,True,False,False,CAM,CAM,1,HCMToCAM,True,,,,
lre,fixed,HCM,ReqVel,True,True,True,True,True,True,False,True,CAM,CAM,1,HCMToCAM,True,,,,
lre,fixed,HCM,ReqHdng,True,True,True,True,True,True,False,True,CAM,CAM,1,HCMToCAM,True,,,,
lre,fixed,HCM,ReqMOM,True,True,True,True,True,True,False,True,CAM,CAM,1,HCMToCAM,True,,,,
lre,fixed,HCM,ReqOCM,True,True,True,True,True,True,False,True,CAM,CAM,1,HCMToCAM,True,,,,
lre,fixed,HCM,EndTask,True,True,True,True,True,True,False,True,CAM,CAM,1,HCMToCAM,True,,,,
lre,fixed,HCM,ReqHCM,True,True,True,True,True,True,False,True,CAM,CAM,1,HCMToCAM,True,,,,
lre,fixed,HCM,tick,True,True,True,True,True,True,False,True,CAM,CAM,1,HCMToCAM,True,,,,
lre,fixed,HCM,ReqVel,True,True,True,True,True,True,True,False,CAM,CAM,1,HCMToCAM,True,,,,
lre,fixed,HCM,ReqHdng,True,True,True,True,True,True,True,False,CAM,CAM,1,HCMToCAM,True,,,,
lre,fixed,HCM,ReqMOM,True,True,True,True,True,True,True,False,CAM,CAM,1,HCMToCAM,True,,,,
lre,fixed,HCM,ReqOCM,True,True,True,True,True,True,True,False,CAM,CAM,1,HCMToCAM,True,,,,
lre,fixed,HCM,EndTask,True,True,True,True,True,True,True,False,CAM,CAM,1,HCMToCAM,True,,,,
lre,fixed,HCM,ReqHCM,True,True,True,True,True,True,True,False,CAM,CAM,1,HCMToCAM,True,,,,
lre,fixed,HCM,tick,True,True,True,True,True,True,True,False,CAM,CAM,1,HCMToCAM,True,,,,
lre,fixed,HCM,ReqVel,True,True,True,True,True,True,True,True,CAM,CAM,1,HCMToCAM,True,,,,
lre,fixed,HCM,ReqHdng,True,True,True,True,True,True,True,True,CAM,CAM,1,HCMToCAM,True,,,,
lre,fixed,HCM,ReqMOM,True,True,True,True,True,True,True,True,CAM,CAM,1,HCMToCAM,True,,,,
lre,fixed,HCM,ReqOCM,True,True,True,True,True,True,True,True,CAM,CAM,1,HCMToCAM,True,,,,
lre,fixed,HCM,EndTask,True,True,True,True,True,True,True,True,CAM,CAM,1,HCMToCAM,True,,,,
lre,fixed,HCM,ReqHCM,True,True,True,True,True,True,True,True,CAM,CAM,1,HCMToCAM,True,,,,
lre,fixed,HCM,tick,True,True,True,True,True,True,True,True,CAM,CAM,1,HCMToCAM,True,,,,
lre,fixed,CAM,ReqVel,False,False,False,False,False,False,False,False,CAM,CAM,0,-,True,,,,
lre,fixed,CAM,ReqHdng,False,False,False,False,False,False,False,False,CAM,CAM,0,-,True,,,,
lre,fixed,CAM,ReqMOM,False,False,False,False,False,False,False,False,CAM,CAM,0,-,True,,,,
lre,fixed,CAM,ReqOCM,False,False,False,False,False,False,False,False,OCM,OCM,1,CAMToOCM,True,,,,
lre,fixed,CAM,EndTask,False,False,False,False,False,False,False,False,CAM,CAM,0,-,True,,,,
lre,fixed,CAM,ReqHCM,False,False,False,False,False,False,False,False,CAM,CAM,0,-,True,,,,
lre,fixed,CAM,tick,False,False,False,False,False,False,False,False,CAM,CAM,0,-,True,,,,
lre,fixed,CAM,ReqVel,False,False,False,False,False,False,False,True,OCM,OCM,1,CAMToOCM_1,True,,,,
lre,fixed,CAM,ReqHdng,False,False,False,False,False,False,False,True,OCM,OCM,1,CAMToOCM_1,True,,,,
lre,fixed,CAM,ReqMOM,False,False,False,False,False,False,False,True,OCM,OCM,1,CAMToOCM_1,True,,,,
lre,fixed,CAM,ReqOCM,False,False,False,False,False,False,False,True,OCM,OCM,1,CAMToOCM,True,,,,
lre,fixed,CAM,EndTask,False,False,False,False,False,False,False,True,OCM,OCM,1,CAMToOCM_1,True,,,,
lre,fixed,CAM,ReqHCM,False,False,False,False,False,False,False,True,OCM,OCM,1,CAMToOCM_1,True,,,,
lre,fixed,CAM,tick,False,False,False,False,False,False,False,True,OCM,OCM,1,CAMToOCM_1,True,,,,
lre,fixed,CAM,ReqVel,False,False,False,False,False,False,True,False,CAM,CAM,0,-,True,,,,
lre,fixed,CAM,ReqHdng,False,False,False,False,False,False,True,False,CAM,CAM,0,-,True,,,,
lre,fixed,CAM,ReqMOM,False,False,False,False,False,False,True,False,CAM,CAM,0,-,True,,,,
lre,fixed,CAM,ReqOCM,False,False,False,False,False,False,True,False,OCM,OCM,1,CAMToOCM,True,,,,
lre,fixed,CAM,EndTask,False,False,False,False,False,False,True,False,CAM,CAM,0,-,True,,,,
lre,fixed,CAM,ReqHCM,False,False,False,False,False,False,True,False,CAM,CAM,0,-,True,,,,
lre,fixed,CAM,tick,False,False,False,False,False,False,True,False,CAM,CAM,0,-,True,,,,
lre,fixed,CAM,ReqVel,False,False,False,False,False,False,True,True,OCM,OCM,1,CAMToOCM_1,True,,,,
lre,fixed,CAM,ReqHdng,False,False,False,False,False,False,True,True,OCM,OCM,1,CAMToOCM_1,True,,,,
lre,fixed,CAM,ReqMOM,False,False,False,False,False,False,True,True,OCM,OCM,1,CAMToOCM_1,True,,,,
lre,fixed,CAM,ReqOCM,False,False,False,False,False,False,True,True,OCM,OCM,1,CAMToOCM,True,,,,
lre,fixed,CAM,EndTask,False,False,False,False,False,False,True,True,OCM,OCM,1,CAMToOCM_1,True,,,,
lre,fixed,CAM,ReqHCM,False,False,False,False,False,False,True,True,OCM,OCM,1,CAMToOCM_1,True,,,,
lre,fixed,CAM,tick,False,False,False,False,False,False,True,True,OCM,OCM,1,CAMToOCM_1,True,,,,
lre,fixed,CAM,ReqVel,False,False,False,False,False,True,False,False,CAM,CAM,0,-,True,,,,
lre,fixed,CAM,ReqHdng,False,False,False,False,False,True,False,False,CAM,CAM,0,-,True,,,,
lre,fixed,CAM,ReqMOM,False,False,False,False,False,True,False,False,CAM,CAM,0,-,True,,,,
lre,fixed,CAM,ReqOCM,False,False,False,False,False,True,False,False,OCM,OCM,1,CAMToOCM,True,,,,
lre,fixed,CAM,EndTask,False,False,False,False,False,True,False,False,CAM,CAM,0,-,True,,,,
lre,fixed,CAM,ReqHCM,False,False,False,False,False,True,False,False,CAM,CAM,0,-,True,,,,
lre,fixed,CAM,tick,False,False,False,False,False,True,False,False,CAM,CAM,0,-,True,,,,
lre,fixed,CAM,ReqVel,False,False,False,False,False,True,False,True,OCM,OCM,1,CAMToOCM_1,True,,,,
lre,fixed,CAM,ReqHdng,False,False,False,False,False,True,False,True,OCM,OCM,1,CAMToOCM_1,True,,,,
lre,fixed,CAM,ReqMOM,False,False,False,False,False,True,False,True,OCM,OCM,1,CAMToOCM_1,True,,,,
lre,fixed,CAM,ReqOCM,False,False,False,False,False,True,False,True,OCM,OCM,1,CAMToOCM,True,,,,
lre,fixed,CAM,EndTask,False,False,False,False,False,True,False,True,OCM,OCM,1,CAMToOCM_1,True,,,,
lre,fixed,CAM,ReqHCM,False,False,False,False,False,True,False,True,OCM,OCM,1,CAMToOCM_1,True,,,,
lre,fixed,CAM,tick,False,False,False,False,False,True,False,True,OCM,OCM,1,CAMToOCM_1,True,,,,
lre,fixed,CAM,ReqVel,False,False,False,False,False,True,True,False,CAM,CAM,0,-,True,,,,
lre,fixed,CAM,ReqHdng,False,False,False,False,False,True,True,False,CAM,CAM,0,-,True,,,,
lre,fixed,CAM,ReqMOM,False,False,False,False,False,True,True,False,CAM,CAM,0,-,True,,,,
lre,fixed,CAM,ReqOCM,False,False,False,False,False,True,True,False,OCM,OCM,1,CAMToOCM,True,,,,
lre,fixed,CAM,EndTask,False,False,False,False,False,True,True,False,CAM,CAM,0,-,True,,,,
lre,fixed,CAM,ReqHCM,False,False,False,False,False,True,True,False,CAM,CAM,0,-,True,,,,
lre,fixed,CAM,tick,False,False,False,False,False,True,True,False,CAM,CAM,0,-,True,,,,
lre,fixed,CAM,ReqVel,False,False,False,False,False,True,True,True,OCM,OCM,1,CAMToOCM_1,True,,,,
lre,fixed,CAM,ReqHdng,False,False,False,False,False,True,True,True,OCM,OCM,1,CAMToOCM_1,True,,,,
lre,fixed,CAM,ReqMOM,False,False,False,False,False,True,True,True,OCM,OCM,1,CAMToOCM_1,True,,,,
lre,fixed,CAM,ReqOCM,False,False,False,False,False,True,True,True,OCM,OCM,1,CAMToOCM,True,,,,
lre,fixed,CAM,EndTask,False,False,False,False,False,True,True,True,OCM,OCM,1,CAMToOCM_1,True,,,,
lre,fixed,CAM,ReqHCM,False,False,False,False,False,True,True,True,OCM,OCM,1,CAMToOCM_1,True,,,,
lre,fixed,CAM,tick,False,False,False,False,False,True,True,True,OCM,OCM,1,CAMToOCM_1,True,,,,
lre,fixed,CAM,ReqVel,False,False,False,False,True,False,False,False,CAM,CAM,0,-,True,,,,
lre,fixed,CAM,ReqHdng,False,False,False,False,True,False,False,False,CAM,CAM,0,-,True,,,,
lre,fixed,CAM,ReqMOM,False,False,False,False,True,False,False,False,CAM,CAM,0,-,True,,,,
lre,fixed,CAM,ReqOCM,False,False,False,False,True,False,False,False,OCM,OCM,1,CAMToOCM,True,,,,
lre,fixed,CAM,EndTask,False,False,False,False,True,False,False,False,CAM,CAM,0,-,True,,,,
lre,fixed,CAM,ReqHCM,False,False,False,False,True,False,False,False,CAM,CAM,0,-,True,,,,
lre,fixed,CAM,tick,False,False,False,False,True,False,False,False,CAM,CAM,0,-,True,,,,
lre,fixed,CAM,ReqVel,False,False,False,False,True,False,False,True,OCM,OCM,1,CAMToOCM_1,True,,,,
lre,fixed,CAM,ReqHdng,False,False,False,False,True,False,False,True,OCM,OCM,1,CAMToOCM_1,True,,,,
lre,fixed,CAM,ReqMOM,False,False,False,False,True,False,False,True,OCM,OCM,1,CAMToOCM_1,True,,,,
lre,fixed,CAM,ReqOCM,False,False,False,False,True,False,False,True,OCM,OCM,1,CAMToOCM,True,,,,
lre,fixed,CAM,EndTask,False,False,False,False,True,False,False,True,OCM,OCM,1,CAMToOCM_1,True,,,,
lre,fixed,CAM,ReqHCM,False,False,False,False,True,False,False,True,OCM,OCM,1,CAMToOCM_1,True,,,,
lre,fixed,CAM,tick,False,False,False,False,True,False,False,True,OCM,OCM,1,CAMToOCM_1,True,,,,
lre,fixed,CAM,ReqVel,False,False,False,False,True,False,True,False,CAM,CAM,0,-,True,,,,
lre,fixed,CAM,ReqHdng,False,False,False,False,True,False,True,False,CAM,CAM,0,-,True,,,,
lre,fixed,CAM,ReqMOM,False,False,False,False,True,False,True,False,CAM,CAM,0,-,True,,,,
lre,fixed,CAM,ReqOCM,False,False,False,False,True,False,True,False,OCM,OCM,1,CAMToOCM,True,,,,
lre,fixed,CAM,EndTask,False,False,False,False,True,False,True,False,CAM,CAM,0,-,True,,,,
lre,fixed,CAM,ReqHCM,False,False,False,False,True,False,True,False,CAM,CAM,0,-,True,,,,
lre,fixed,CAM,tick,False,False,False,False,True,False,True,False,CAM,CAM,0,-,True,,,,
lre,fixed,CAM,ReqVel,False,False,False,False,True,False,True,True,OCM,OCM,1,CAMToOCM_1,True,,,,
lre,fixed,CAM,ReqHdng,False,False,False,False,True,False,True,True,OCM,OCM,1,CAMToOCM_1,True,,,,
lre,fixed,CAM,ReqMOM,False,False,False,False,True,False,True,True,OCM,OCM,1,CAMToOCM_1,True,,,,
lre,fixed,CAM,ReqOCM,False,False,False,False,True,False,True,True,OCM,OCM,1,CAMToOCM,True,,,,
lre,fixed,CAM,EndTask,False,False,False,False,True,False,True,True,OCM,OCM,1,CAMToOCM_1,True,,,,
lre,fixed,CAM,ReqHCM,False,False,False,False,True,False,True,True,OCM,OCM,1,CAMToOCM_1,True,,,,
lre,fixed,CAM,tick,False,False,False,False,True,False,True,True,OCM,OCM,1,CAMToOCM_1,True,,,,
lre,fixed,CAM,ReqVel,False,False,False,False,True,True,False,False,CAM,CAM,0,-,True,,,,
lre,fixed,CAM,ReqHdng,False,False,False,False,True,True,False,False,CAM,CAM,0,-,True,,,,
lre,fixed,CAM,ReqMOM,False,False,False,False,True,True,False,False,CAM,CAM,0,-,True,,,,
lre,fixed,CAM,ReqOCM,False,False,False,False,True,True,False,False,OCM,OCM,1,CAMToOCM,True,,,,
lre,fixed,CAM,EndTask,False,False,False,False,True,True,False,False,CAM,CAM,0,-,True,,,,
lre,fixed,CAM,ReqHCM,False,False,False,False,True,True,False,False,CAM,CAM,0,-,True,,,,
lre,fixed,CAM,tick,False,False,False,False,True,True,False,False,CAM,CAM,0,-,True,,,,
lre,fixed,CAM,ReqVel,False,False,False,False,True,True,False,True,OCM,OCM,1,CAMToOCM_1,True,,,,
lre,fixed,CAM,ReqHdng,False,False,False,False,True,True,False,True,OCM,OCM,1,CAMToOCM_1,True,,,,
lre,fixed,CAM,ReqMOM,False,False,False,False,True,True,False,True,OCM,OCM,1,CAMToOCM_1,True,,,,
lre,fixed,CAM,ReqOCM,False,False,False,False,True,True,False,True,OCM,OCM,1,CAMToOCM,True,,,,
lre,fixed,CAM,EndTask,False,False,False,False,True,True,False,True,OCM,OCM,1,CAMToOCM_1,True,,,,
lre,fixed,CAM,ReqHCM,False,False,False,False,True,True,False,True,OCM,OCM,1,CAMToOCM_1,True,,,,
lre,fixed,CAM,tick,False,False,False,False,True,True,False,True,OCM,OCM,1,CAMToOCM_1,True,,,,
lre,fixed,CAM,ReqVel,False,False,False,False,True,True,True,False,CAM,CAM,0,-,True,,,,
lre,fixed,CAM,ReqHdng,False,False,False,False,True,True,True,False,CAM,CAM,0,-,True,,,,
lre,fixed,CAM,ReqMOM,False,False,False,False,True,True,True,False,CAM,CAM,0,-,True,,,,
lre,fixed,CAM,ReqOCM,False,False,False,False,True,True,True,False,OCM,OCM,1,CAMToOCM,True,,,,
lre,fixed,CAM,EndTask,False,False,False,False,True,True,True,False,CAM,CAM,0,-,True,,,,
lre,fixed,CAM,ReqHCM,False,False,False,False,True,True,True,False,CAM,CAM,0,-,True,,,,
lre,fixed,CAM,tick,False,False,False,False,True,True,True,False,CAM,CAM,0,-,True,,,,
lre,fixed,CAM,ReqVel,False,False,False,False,True,True,True,True,OCM,OCM,1,CAMToOCM_1,True,,,,
lre,fixed,CAM,ReqHdng,False,False,False,False,True,True,True,True,OCM,OCM,1,CAMToOCM_1,True,,,,
lre,fixed,CAM,ReqMOM,False,False,False,False,True,True,True,True,OCM,OCM,1,CAMToOCM_1,True,,,,
lre,fixed,CAM,ReqOCM,False,False,False,False,True,True,True,True,OCM,OCM,1,CAMToOCM,True,,,,
lre,fixed,CAM,EndTask,False,False,False,False,True,True,True,True,OCM,OCM,1,CAMToOCM_1,True,,,,
lre,fixed,CAM,ReqHCM,False,False,False,False,True,True,True,True,OCM,OCM,1,CAMToOCM_1,True,,,,
lre,fixed,CAM,tick,False,False,False,False,True,True,True,True,OCM,OCM,1,CAMToOCM_1,True,,,,
lre,fixed,CAM,ReqVel,False,False,False,True,False,False,False,False,CAM,CAM,0,-,True,,,,
lre,fixed,CAM,ReqHdng,False,False,False,True,False,False,False,False,CAM,CAM,0,-,True,,,,
lre,fixed,CAM,ReqMOM,False,False,False,True,False,False,False,False,CAM,CAM,0,-,True,,,,
lre,fixed,CAM,ReqOCM,False,False,False,True,False,False,False,False,OCM,OCM,1,CAMToOCM,True,,,,
lre,fixed,CAM,EndTask,False,False,False,True,False,False,False,False,CAM,CAM,0,-,True,,,,
lre,fixed,CAM,ReqHCM,False,False,False,True,False,False,False,False,CAM,CAM,0,-,True,,,,
lre,fixed,CAM,tick,False,False,False,True,False,False,False,False,CAM,CAM,0,-,True,,,,
lre,fixed,CAM,ReqVel,False,False,False,True,False,False,False,True,OCM,OCM,1,CAMToOCM_1,True,,,,
lre,fixed,CAM,ReqHdng,False,False,False,True,False,False,False,True,OCM,OCM,1,CAMToOCM_1,True,,,,
lre,fixed,CAM,ReqMOM,False,False,False,True,False,False,False,True,OCM,OCM,1,CAMToOCM_1,True,,,,
lre,fixed,CAM,ReqOCM,False,False,False,True,False,False,False,True,OCM,OCM,1,CAMToOCM,True,,,,
lre,fixed,CAM,EndTask,False,False,False,True,False,False,False,True,OCM,OCM,1,CAMToOCM_1,True,,,,
lre,fixed,CAM,ReqHCM,False,False,False,True,False,False,False,True,OCM,OCM,1,CAMToOCM_1,True,,,,
lre,fixed,CAM,tick,False,False,False,True,False,False,False,True,OCM,OCM,1,CAMToOCM_1,True,,,,
lre,fixed,CAM,ReqVel,False,False,False,True,False,False,True,False,CAM,CAM,0,-,True,,,,
lre,fixed,CAM,ReqHdng,False,False,False,True,False,False,True,False,CAM,CAM,0,-,True,,,,
lre,fixed,CAM,ReqMOM,False,False,False,True,False,False,True,False,CAM,CAM,0,-,True,,,,
lre,fixed,CAM,ReqOCM,False,False,False,True,False,False,True,False,OCM,OCM,1,CAMToOCM,True,,,,
lre,fixed,CAM,EndTask,False,False,False,True,False,False,True,False,CAM,CAM,0,-,True,,,,
lre,fixed,CAM,ReqHCM,False,False,False,True,False,False,True,False,CAM,CAM,0,-,True,,,,
lre,fixed,CAM,tick,False,False,False,True,False,False,True,False,CAM,CAM,0,-,True,,,,
lre,fixed,CAM,ReqVel,False,False,False,True,False,False,True,True,OCM,OCM,1,CAMToOCM_1,True,,,,
lre,fixed,CAM,ReqHdng,False,False,False,True,False,False,True,True,OCM,OCM,1,CAMToOCM_1,True,,,,
lre,fixed,CAM,ReqMOM,False,False,False,True,False,False,True,True,OCM,OCM,1,CAMToOCM_1,True,,,,
lre,fixed,CAM,ReqOCM,False,False,False,True,False,False,True,True,OCM,OCM,1,CAMToOCM,True,,,,
lre,fixed,CAM,EndTask,False,False,False,True,False,False,True,True,OCM,OCM,1,CAMToOCM_1,True,,,,
lre,fixed,CAM,ReqHCM,False,False,False,True,False,False,True,True,OCM,OCM,1,CAMToOCM_1,True,,,,
lre,fixed,CAM,tick,False,False,False,True,False,False,True,True,OCM,OCM,1,CAMToOCM_1,True,,,,
lre,fixed,CAM,ReqVel,False,False,False,True,False,True,False,False,CAM,CAM,0,-,True,,,,
lre,fixed,CAM,ReqHdng,False,False,False,True,False,True,False,False,CAM,CAM,0,-,True,,,,
lre,fixed,CAM,ReqMOM,False,False,False,True,False,True,False,False,CAM,CAM,0,-,True,,,,
lre,fixed,CAM,ReqOCM,False,False,False,True,False,True,False,False,OCM,OCM,1,CAMToOCM,True,,,,
lre,fixed,CAM,EndTask,False,False,False,True,False,True,False,False,CAM,CAM,0,-,True,,,,
lre,fixed,CAM,ReqHCM,False,False,False,True,False,True,False,False,CAM,CAM,0,-,True,,,,
lre,fixed,CAM,tick,False,False,False,True,False,True,False,False,CAM,CAM,0,-,True,,,,
lre,fixed,CAM,ReqVel,False,False,False,True,False,True,False,True,OCM,OCM,1,CAMToOCM_1,True,,,,
lre,fixed,CAM,ReqHdng,False,False,False,True,False,True,False,True,OCM,OCM,1,CAMToOCM_1,True,,,,
lre,fixed,CAM,ReqMOM,False,False,False,True,False,True,False,True,OCM,OCM,1,CAMToOCM_1,True,,,,
lre,fixed,CAM,ReqOCM,False,False,False,True,False,True,False,True,OCM,OCM,1,CAMToOCM,True,,,,
lre,fixed,CAM,EndTask,False,False,False,True,False,True,False,True,OCM,OCM,1,CAMToOCM_1,True,,,,
lre,fixed,CAM,ReqHCM,False,False,False,True,False,True,False,True,OCM,OCM,1,CAMToOCM_1,True,,,,
lre,fixed,CAM,tick,False,False,False,True,False,True,False,True,OCM,OCM,1,CAMToOCM_1,True,,,,
lre,fixed,CAM,ReqVel,False,False,False,True,False,True,True,False,CAM,CAM,0,-,True,,,,
lre,fixed,CAM,ReqHdng,False,False,False,True,False,True,True,False,CAM,CAM,0,-,True,,,,
lre,fixed,CAM,ReqMOM,False,False,False,True,False,True,True,False,CAM,CAM,0,-,True,,,,
lre,fixed,CAM,ReqOCM,False,False,False,True,False,True,True,False,OCM,OCM,1,CAMToOCM,True,,,,
lre,fixed,CAM,EndTask,False,False,False,True,False,True,True,False,CAM,CAM,0,-,True,,,,
lre,fixed,CAM,ReqHCM,False,False,False,True,False,True,True,False,CAM,CAM,0,-,True,,,,
lre,fixed,CAM,tick,False,False,False,True,False,True,True,False,CAM,CAM,0,-,True,,,,
lre,fixed,CAM,ReqVel,False,False,False,True,False,True,True,True,OCM,OCM,1,CAMToOCM_1,True,,,,
lre,fixed,CAM,ReqHdng,False,False,False,True,False,True,True,True,OCM,OCM,1,CAMToOCM_1,True,,,,
lre,fixed,CAM,ReqMOM,False,False,False,True,False,True,True,True,OCM,OCM,1,CAMToOCM_1,True,,,,
lre,fixed,CAM,ReqOCM,False,False,False,True,False,True,True,True,OCM,OCM,1,CAMToOCM,True,,,,
lre,fixed,CAM,EndTask,False,False,False,True,False,True,True,True,OCM,OCM,1,CAMToOCM_1,True,,,,
lre,fixed,CAM,ReqHCM,False,False,False,True,False,True,True,True,OCM,OCM,1,CAMToOCM_1,True,,,,
lre,fixed,CAM,tick,False,False,False,True,False,True,True,True,OCM,OCM,1,CAMToOCM_1,True,,,,
lre,fixed,CAM,ReqVel,False,False,False,True,True,False,False,False,CAM,CAM,0,-,True,,,,
lre,fixed,CAM,ReqHdng,False,False,False,True,True,False,False,False,CAM,CAM,0,-,True,,,,
lre,fixed,CAM,ReqMOM,False,False,False,True,True,False,False,False,CAM,CAM,0,-,True,,,,
lre,fixed,CAM,ReqOCM,False,False,False,True,True,False,False,False,OCM,OCM,1,CAMToOCM,True,,,,
lre,fixed,CAM,EndTask,False,False,False,True,True,False,False,False,CAM,CAM,0,-,True,,,,
lre,fixed,CAM,ReqHCM,False,False,False,True,True,False,False,False,CAM,CAM,0,-,True,,,,
lre,fixed,CAM,tick,False,False,False,True,True,False,False,False,CAM,CAM,0,-,True,,,,
lre,fixed,CAM,ReqVel,False,False,False,True,True,False,False,True,OCM,OCM,1,CAMToOCM_1,True,,,,
lre,fixed,CAM,ReqHdng,False,False,False,True,True,False,False,True,OCM,OCM,1,CAMToOCM_1,True,,,,
lre,fixed,CAM,ReqMOM,False,False,False,True,True,False,False,True,OCM,OCM,1,CAMToOCM_1,True,,,,
lre,fixed,CAM,ReqOCM,False,False,False,True,True,False,False,True,OCM,OCM,1,CAMToOCM,True,,,,
lre,fixed,CAM,EndTask,False,False,False,True,True,False,False,True,OCM,OCM,1,CAMToOCM_1,True,,,,
lre,fixed,CAM,ReqHCM,False,False,False,True,True,False,False,True,OCM,OCM,1,CAMToOCM_1,True,,,,
lre,fixed,CAM,tick,False,False,False,True,True,False,False,True,OCM,OCM,1,CAMToOCM_1,True,,,,
lre,fixed,CAM,ReqVel,False,False,False,True,True,False,True,False,CAM,CAM,0,-,True,,,,
lre,fixed,CAM,ReqHdng,False,False,False,True,True,False,True,False,CAM,CAM,0,-,True,,,,
lre,fixed,CAM,ReqMOM,False,False,False,True,True,False,True,False,CAM,CAM,0,-,True,,,,
lre,fixed,CAM,ReqOCM,False,False,False,True,True,False,True,False,OCM,OCM,1,CAMToOCM,True,,,,
lre,fixed,CAM,EndTask,False,False,False,True,True,False,True,False,CAM,CAM,0,-,True,,,,
lre,fixed,CAM,ReqHCM,False,False,False,True,True,False,True,False,CAM,CAM,0,-,True,,,,
lre,fixed,CAM,tick,False,False,False,True,True,False,True,False,CAM,CAM,0,-,True,,,,
lre,fixed,CAM,ReqVel,False,False,False,True,True,False,True,True,OCM,OCM,1,CAMToOCM_1,True,,,,
lre,fixed,CAM,ReqHdng,False,False,False,True,True,False,True,True,OCM,OCM,1,CAMToOCM_1,True,,,,
lre,fixed,CAM,ReqMOM,False,False,False,True,True,False,True,True,OCM,OCM,1,CAMToOCM_1,True,,,,
lre,fixed,CAM,ReqOCM,False,False,False,True,True,False,True,True,OCM,OCM,1,CAMToOCM,True,,,,
lre,fixed,CAM,EndTask,False,False,False,True,True,False,True,True,OCM,OCM,1,CAMToOCM_1,True,,,,
lre,fixed,CAM,ReqHCM,False,False,False,True,True,False,True,True,OCM,OCM,1,CAMToOCM_1,True,,,,
lre,fixed,CAM,tick,False,False,False,True,True,False,True,True,OCM,OCM,1,CAMToOCM_1,True,,,,
lre,fixed,CAM,ReqVel,False,False,False,True,True,True,False,False,CAM,CAM,0,-,True,,,,
lre,fixed,CAM,ReqHdng,False,False,False,True,True,True,False,False,CAM,CAM,0,-,True,,,,
lre,fixed,CAM,ReqMOM,False,False,False,True,True,True,False,False,CAM,CAM,0,-,True,,,,
lre,fixed,CAM,ReqOCM,False,False,False,True,True,True,False,False,OCM,OCM,1,CAMToOCM,True,,,,
lre,fixed,CAM,EndTask,False,False,False,True,True,True,False,False,CAM,CAM,0,-,True,,,,
lre,fixed,CAM,ReqHCM,False,False,False,True,True,True,False,False,CAM,CAM,0,-,True,,,,
lre,fixed,CAM,tick,False,False,False,True,True,True,False,False,CAM,CAM,0,-,True,,,,
lre,fixed,CAM,ReqVel,False,False,False,True,True,True,False,True,OCM,OCM,1,CAMToOCM_1,True,,,,
lre,fixed,CAM,ReqHdng,False,False,False,True,True,True,False,True,OCM,OCM,1,CAMToOCM_1,True,,,,
lre,fixed,CAM,ReqMOM,False,False,False,True,True,True,False,True,OCM,OCM,1,CAMToOCM_1,True,,,,
lre,fixed,CAM,ReqOCM,False,False,False,True,True,True,False,True,OCM,OCM,1,CAMToOCM,True,,,,
lre,fixed,CAM,EndTask,False,False,False,True,True,True,False,True,OCM,OCM,1,CAMToOCM_1,True,,,,
lre,fixed,CAM,ReqHCM,False,False,False,True,True,True,False,True,OCM,OCM,1,CAMToOCM_1,True,,,,
lre,fixed,CAM,tick,False,False,False,True,True,True,False,True,OCM,OCM,1,CAMToOCM_1,True,,,,
lre,fixed,CAM,ReqVel,False,False,False,True,True,True,True,False,CAM,CAM,0,-,True,,,,
lre,fixed,CAM,ReqHdng,False,False,False,True,True,True,True,False,CAM,CAM,0,-,True,,,,
lre,fixed,CAM,ReqMOM,False,False,False,True,True,True,True,False,CAM,CAM,0,-,True,,,,
lre,fixed,CAM,ReqOCM,False,False,False,True,True,True,True,False,OCM,OCM,1,CAMToOCM,True,,,,
lre,fixed,CAM,EndTask,False,False,False,True,True,True,True,False,CAM,CAM,0,-,True,,,,
lre,fixed,CAM,ReqHCM,False,False,False,True,True,True,True,False,CAM,CAM,0,-,True,,,,
lre,fixed,CAM,tick,False,False,False,True,True,True,True,False,CAM,CAM,0,-,True,,,,
lre,fixed,CAM,ReqVel,False,False,False,True,True,True,True,True,OCM,OCM,1,CAMToOCM_1,True,,,,
lre,fixed,CAM,ReqHdng,False,False,False,True,True,True,True,True,OCM,OCM,1,CAMToOCM_1,True,,,,
lre,fixed,CAM,ReqMOM,False,False,False,True,True,True,True,True,OCM,OCM,1,CAMToOCM_1,True,,,,
lre,fixed,CAM,ReqOCM,False,False,False,True,True,True,True,True,OCM,OCM,1,CAMToOCM,True,,,,
lre,fixed,CAM,EndTask,False,False,False,True,True,True,True,True,OCM,OCM,1,CAMToOCM_1,True,,,,
lre,fixed,CAM,ReqHCM,False,False,False,True,True,True,True,True,OCM,OCM,1,CAMToOCM_1,True,,,,
lre,fixed,CAM,tick,False,False,False,True,True,True,True,True,OCM,OCM,1,CAMToOCM_1,True,,,,
lre,fixed,CAM,ReqVel,False,False,True,False,False,False,False,False,CAM,CAM,0,-,True,,,,
lre,fixed,CAM,ReqHdng,False,False,True,False,False,False,False,False,CAM,CAM,0,-,True,,,,
lre,fixed,CAM,ReqMOM,False,False,True,False,False,False,False,False,CAM,CAM,0,-,True,,,,
lre,fixed,CAM,ReqOCM,False,False,True,False,False,False,False,False,OCM,OCM,1,CAMToOCM,True,,,,
lre,fixed,CAM,EndTask,False,False,True,False,False,False,False,False,CAM,CAM,0,-,True,,,,
lre,fixed,CAM,ReqHCM,False,False,True,False,False,False,False,False,CAM,CAM,0,-,True,,,,
lre,fixed,CAM,tick,False,False,True,False,False,False,False,False,CAM,CAM,0,-,True,,,,
lre,fixed,CAM,ReqVel,False,False,True,False,False,False,False,True,OCM,OCM,1,CAMToOCM_1,True,,,,
lre,fixed,CAM,ReqHdng,False,False,True,False,False,False,False,True,OCM,OCM,1,CAMToOCM_1,True,,,,
lre,fixed,CAM,ReqMOM,False,False,True,False,False,False,False,True,OCM,OCM,1,CAMToOCM_1,True,,,,
lre,fixed,CAM,ReqOCM,False,False,True,False,False,False,False,True,OCM,OCM,1,CAMToOCM,True,,,,
lre,fixed,CAM,EndTask,False,False,True,False,False,False,False,True,OCM,OCM,1,CAMToOCM_1,True,,,,
lre,fixed,CAM,ReqHCM,False,False,True,False,False,False,False,True,OCM,OCM,1,CAMToOCM_1,True,,,,
lre,fixed,CAM,tick,False,False,True,False,False,False,False,True,OCM,OCM,1,CAMToOCM_1,True,,,,
lre,fixed,CAM,ReqVel,False,False,True,False,False,False,True,False,CAM,CAM,0,-,True,,,,
lre,fixed,CAM,ReqHdng,False,False,True,False,False,False,True,False,CAM,CAM,0,-,True,,,,
lre,fixed,CAM,ReqMOM,False,False,True,False,False,False,True,False,CAM,CAM,0,-,True,,,,
lre,fixed,CAM,ReqOCM,False,False,True,False,False,False,True,False,OCM,OCM,1,CAMToOCM,True,,,,
lre,fixed,CAM,EndTask,False,False,True,False,False,False,True,False,CAM,CAM,0,-,True,,,,
lre,fixed,CAM,ReqHCM,False,False,True,False,False,False,True,False,CAM,CAM,0,-,True,,,,
lre,fixed,CAM,tick,False,False,True,False,False,False,True,False,CAM,CAM,0,-,True,,,,
lre,fixed,CAM,ReqVel,False,False,True,False,False,False,True,True,OCM,OCM,1,CAMToOCM_1,True,,,,
lre,fixed,CAM,ReqHdng,False,False,True,False,False,False,True,True,OCM,OCM,1,CAMToOCM_1,True,,,,
lre,fixed,CAM,ReqMOM,False,False,True,False,False,False,True,True,OCM,OCM,1,CAMToOCM_1,True,,,,
lre,fixed,CAM,ReqOCM,False,False,True,False,False,False,True,True,OCM,OCM,1,CAMToOCM,True,,,,
lre,fixed,CAM,EndTask,False,False,True,False,False,False,True,True,OCM,OCM,1,CAMToOCM_1,True,,,,
lre,fixed,CAM,ReqHCM,False,False,True,False,False,False,True,True,OCM,OCM,1,CAMToOCM_1,True,,,,
lre,fixed,CAM,tick,False,False,True,False,False,False,True,True,OCM,OCM,1,CAMToOCM_1,True,,,,
lre,fixed,CAM,ReqVel,False,False,True,False,False,True,False,False,CAM,CAM,0,-,True,,,,
lre,fixed,CAM,ReqHdng,False,False,True,False,False,True,False,False,CAM,CAM,0,-,True,,,,
lre,fixed,CAM,ReqMOM,False,False,True,False,False,True,False,False,CAM,CAM,0,-,True,,,,
lre,fixed,CAM,ReqOCM,False,False,True,False,False,True,False,False,OCM,OCM,1,CAMToOCM,True,,,,
lre,fixed,CAM,EndTask,False,False,True,False,False,True,False,False,CAM,CAM,0,-,True,,,,
lre,fixed,CAM,ReqHCM,False,False,True,False,False,True,False,False,CAM,CAM,0,-,True,,,,
lre,fixed,CAM,tick,False,False,True,False,False,True,False,False,CAM,CAM,0,-,True,,,,
lre,fixed,CAM,ReqVel,False,False,True,False,False,True,False,True,OCM,OCM,1,CAMToOCM_1,True,,,,
lre,fixed,CAM,ReqHdng,False,False,True,False,False,True,False,True,OCM,OCM,1,CAMToOCM_1,True,,,,
lre,fixed,CAM,ReqMOM,False,False,True,False,False,True,False,True,OCM,OCM,1,CAMToOCM_1,True,,,,
lre,fixed,CAM,ReqOCM,False,False,True,False,False,True,False,True,OCM,OCM,1,CAMToOCM,True,,,,
lre,fixed,CAM,EndTask,False,False,True,False,False,True,False,True,OCM,OCM,1,CAMToOCM_1,True,,,,
lre,fixed,CAM,ReqHCM,False,False,True,False,False,True,False,True,OCM,OCM,1,CAMToOCM_1,True,,,,
lre,fixed,CAM,tick,False,False,True,False,False,True,False,True,OCM,OCM,1,CAMToOCM_1,True,,,,
lre,fixed,CAM,ReqVel,False,False,True,False,False,True,True,False,CAM,CAM,0,-,True,,,,
lre,fixed,CAM,ReqHdng,False,False,True,False,False,True,True,False,CAM,CAM,0,-,True,,,,
lre,fixed,CAM,ReqMOM,False,False,True,False,False,True,True,False,CAM,CAM,0,-,True,,,,
lre,fixed,CAM,ReqOCM,False,False,True,False,False,True,True,False,OCM,OCM,1,CAMToOCM,True,,,,
lre,fixed,CAM,EndTask,False,False,True,False,False,True,True,False,CAM,CAM,0,-,True,,,,
lre,fixed,CAM,ReqHCM,False,False,True,False,False,True,True,False,CAM,CAM,0,-,True,,,,
lre,fixed,CAM,tick,False,False,True,False,False,True,True,False,CAM,CAM,0,-,True,,,,
lre,fixed,CAM,ReqVel,False,False,True,False,False,True,True,True,OCM,OCM,1,CAMToOCM_1,True,,,,
lre,fixed,CAM,ReqHdng,False,False,True,False,False,True,True,True,OCM,OCM,1,CAMToOCM_1,True,,,,
lre,fixed,CAM,ReqMOM,False,False,True,False,False,True,True,True,OCM,OCM,1,CAMToOCM_1,True,,,,
lre,fixed,CAM,ReqOCM,False,False,True,False,False,True,True,True,OCM,OCM,1,CAMToOCM,True,,,,
lre,fixed,CAM,EndTask,False,False,True,False,False,True,True,True,OCM,OCM,1,CAMToOCM_1,True,,,,
lre,fixed,CAM,ReqHCM,False,False,True,False,False,True,True,True,OCM,OCM,1,CAMToOCM_1,True,,,,
lre,fixed,CAM,tick,False,False,True,False,False,True,True,True,OCM,OCM,1,CAMToOCM_1,True,,,,
lre,fixed,CAM,ReqVel,False,False,True,False,True,False,False,False,CAM,CAM,0,-,True,,,,
lre,fixed,CAM,ReqHdng,False,False,True,False,True,False,False,False,CAM,CAM,0,-,True,,,,
lre,fixed,CAM,ReqMOM,False,False,True,False,True,False,False,False,CAM,CAM,0,-,True,,,,
lre,fixed,CAM,ReqOCM,False,False,True,False,True,False,False,False,OCM,OCM,1,CAMToOCM,True,,,,
lre,fixed,CAM,EndTask,False,False,True,False,True,False,False,False,CAM,CAM,0,-,True,,,,
lre,fixed,CAM,ReqHCM,False,False,True,False,True,False,False,False,CAM,CAM,0,-,True,,,,
lre,fixed,CAM,tick,False,False,True,False,True,False,False,False,CAM,CAM,0,-,True,,,,
lre,fixed,CAM,ReqVel,False,False,True,False,True,False,False,True,OCM,OCM,1,CAMToOCM_1,True,,,,
lre,fixed,CAM,ReqHdng,False,False,True,False,True,False,False,True,OCM,OCM,1,CAMToOCM_1,True,,,,
lre,fixed,CAM,ReqMOM,False,False,True,False,True,False,False,True,OCM,OCM,1,CAMToOCM_1,True,,,,
lre,fixed,CAM,ReqOCM,False,False,True,False,True,False,False,True,OCM,OCM,1,CAMToOCM,True,,,,
lre,fixed,CAM,EndTask,False,False,True,False,True,False,False,True,OCM,OCM,1,CAMToOCM_1,True,,,,
lre,fixed,CAM,ReqHCM,False,False,True,False,True,False,False,True,OCM,OCM,1,CAMToOCM_1,True,,,,
lre,fixed,CAM,tick,False,False,True,False,True,False,False,True,OCM,OCM,1,CAMToOCM_1,True,,,,
lre,fixed,CAM,ReqVel,False,False,True,False,True,False,True,False,CAM,CAM,0,-,True,,,,
lre,fixed,CAM,ReqHdng,False,False,True,False,True,False,True,False,CAM,CAM,0,-,True,,,,
lre,fixed,CAM,ReqMOM,False,False,True,False,True,False,True,False,CAM,CAM,0,-,True,,,,
lre,fixed,CAM,ReqOCM,False,False,True,False,True,False,True,False,OCM,OCM,1,CAMToOCM,True,,,,
lre,fixed,CAM,EndTask,False,False,True,False,True,False,True,False,CAM,CAM,0,-,True,,,,
lre,fixed,CAM,ReqHCM,False,False,True,False,True,False,True,False,CAM,CAM,0,-,True,,,,
lre,fixed,CAM,tick,False,False,True,False,True,False,True,False,CAM,CAM,0,-,True,,,,
lre,fixed,CAM,ReqVel,False,False,True,False,True,False,True,True,OCM,OCM,1,CAMToOCM_1,True,,,,
lre,fixed,CAM,ReqHdng,False,False,True,False,True,False,True,True,OCM,OCM,1,CAMToOCM_1,True,,,,
lre,fixed,CAM,ReqMOM,False,False,True,False,True,False,True,True,OCM,OCM,1,CAMToOCM_1,True,,,,
lre,fixed,CAM,ReqOCM,False,False,True,False,True,False,True,True,OCM,OCM,1,CAMToOCM,True,,,,
lre,fixed,CAM,EndTask,False,False,True,False,True,False,True,True,OCM,OCM,1,CAMToOCM_1,True,,,,
lre,fixed,CAM,ReqHCM,False,False,True,False,True,False,True,True,OCM,OCM,1,CAMToOCM_1,True,,,,
lre,fixed,CAM,tick,False,False,True,False,True,False,True,True,OCM,OCM,1,CAMToOCM_1,True,,,,
lre,fixed,CAM,ReqVel,False,False,True,False,True,True,False,False,CAM,CAM,0,-,True,,,,
lre,fixed,CAM,ReqHdng,False,False,True,False,True,True,False,False,CAM,CAM,0,-,True,,,,
lre,fixed,CAM,ReqMOM,False,False,True,False,True,True,False,False,CAM,CAM,0,-,True,,,,
lre,fixed,CAM,ReqOCM,False,False,True,False,True,True,False,False,OCM,OCM,1,CAMToOCM,True,,,,
lre,fixed,CAM,EndTask,False,False,True,False,True,True,False,False,CAM,CAM,0,-,True,,,,
lre,fixed,CAM,ReqHCM,False,False,True,False,True,True,False,False,CAM,CAM,0,-,True,,,,
lre,fixed,CAM,tick,False,False,True,False,True,True,False,False,CAM,CAM,0,-,True,,,,
lre,fixed,CAM,ReqVel,False,False,True,False,True,True,False,True,OCM,OCM,1,CAMToOCM_1,True,,,,
lre,fixed,CAM,ReqHdng,False,False,True,False,True,True,False,True,OCM,OCM,1,CAMToOCM_1,True,,,,
lre,fixed,CAM,ReqMOM,False,False,True,False,True,True,False,True,OCM,OCM,1,CAMToOCM_1,True,,,,
lre,fixed,CAM,ReqOCM,False,False,True,False,True,True,False,True,OCM,OCM,1,CAMToOCM,True,,,,
lre,fixed,CAM,EndTask,False,False,True,False,True,True,False,True,OCM,OCM,1,CAMToOCM_1,True,,,,
lre,fixed,CAM,ReqHCM,False,False,True,False,True,True,False,True,OCM,OCM,1,CAMToOCM_1,True,,,,
lre,fixed,CAM,tick,False,False,True,False,True,True,False,True,OCM,OCM,1,CAMToOCM_1,True,,,,
lre,fixed,CAM,ReqVel,False,False,True,False,True,True,True,False,CAM,CAM,0,-,True,,,,
lre,fixed,CAM,ReqHdng,False,False,True,False,True,True,True,False,CAM,CAM,0,-,True,,,,
lre,fixed,CAM,ReqMOM,False,False,True,False,True,True,True,False,CAM,CAM,0,-,True,,,,
lre,fixed,CAM,ReqOCM,False,False,True,False,True,True,True,False,OCM,OCM,1,CAMToOCM,True,,,,
lre,fixed,CAM,EndTask,False,False,True,False,True,True,True,False,CAM,CAM,0,-,True,,,,
lre,fixed,CAM,ReqHCM,False,False,True,False,True,True,True,False,CAM,CAM,0,-,True,,,,
lre,fixed,CAM,tick,False,False,True,False,True,True,True,False,CAM,CAM,0,-,True,,,,
lre,fixed,CAM,ReqVel,False,False,True,False,True,True,True,True,OCM,OCM,1,CAMToOCM_1,True,,,,
lre,fixed,CAM,ReqHdng,False,False,True,False,True,True,True,True,OCM,OCM,1,CAMToOCM_1,True,,,,
lre,fixed,CAM,ReqMOM,False,False,True,False,True,True,True,True,OCM,OCM,1,CAMToOCM_1,True,,,,
lre,fixed,CAM,ReqOCM,False,False,True,False,True,True,True,True,OCM,OCM,1,CAMToOCM,True,,,,
lre,fixed,CAM,EndTask,False,False,True,False,True,True,True,True,OCM,OCM,1,CAMToOCM_1,True,,,,
lre,fixed,CAM,ReqHCM,False,False,True,False,True,True,True,True,OCM,OCM,1,CAMToOCM_1,True,,,,
lre,fixed,CAM,tick,False,False,True,False,True,True,True,True,OCM,OCM,1,CAMToOCM_1,True,,,,
lre,fixed,CAM,ReqVel,False,False,True,True,False,False,False,False,CAM,CAM,0,-,True,,,,
lre,fixed,CAM,ReqHdng,False,False,True,True,False,False,False,False,CAM,CAM,0,-,True,,,,
lre,fixed,CAM,ReqMOM,False,False,True,True,False,False,False,False,CAM,CAM,0,-,True,,,,
lre,fixed,CAM,ReqOCM,False,False,True,True,False,False,False,False,OCM,OCM,1,CAMToOCM,True,,,,
lre,fixed,CAM,EndTask,False,False,True,True,False,False,False,False,CAM,CAM,0,-,True,,,,
lre,fixed,CAM,ReqHCM,False,False,True,True,False,False,False,False,CAM,CAM,0,-,True,,,,
lre,fixed,CAM,tick,False,False,True,True,False,False,False,False,CAM,CAM,0,-,True,,,,
lre,fixed,CAM,ReqVel,False,False,True,True,False,False,False,True,OCM,OCM,1,CAMToOCM_1,True,,,,
lre,fixed,CAM,ReqHdng,False,False,True,True,False,False,False,True,OCM,OCM,1,CAMToOCM_1,True,,,,
lre,fixed,CAM,ReqMOM,False,False,True,True,False,False,False,True,OCM,OCM,1,CAMToOCM_1,True,,,,
lre,fixed,CAM,ReqOCM,False,False,True,True,False,False,False,True,OCM,OCM,1,CAMToOCM,True,,,,
lre,fixed,CAM,EndTask,False,False,True,True,False,False,False,True,OCM,OCM,1,CAMToOCM_1,True,,,,
lre,fixed,CAM,ReqHCM,False,False,True,True,False,False,False,True,OCM,OCM,1,CAMToOCM_1,True,,,,
lre,fixed,CAM,tick,False,False,True,True,False,False,False,True,OCM,OCM,1,CAMToOCM_1,True,,,,
lre,fixed,CAM,ReqVel,False,False,True,True,False,False,True,False,CAM,CAM,0,-,True,,,,
lre,fixed,CAM,ReqHdng,False,False,True,True,False,False,True,False,CAM,CAM,0,-,True,,,,
lre,fixed,CAM,ReqMOM,False,False,True,True,False,False,True,False,CAM,CAM,0,-,True,,,,
lre,fixed,CAM,ReqOCM,False,False,True,True,False,False,True,False,OCM,OCM,1,CAMToOCM,True,,,,
lre,fixed,CAM,EndTask,False,False,True,True,False,False,True,False,CAM,CAM,0,-,True,,,,
lre,fixed,CAM,ReqHCM,False,False,True,True,False,False,True,False,CAM,CAM,0,-,True,,,,
lre,fixed,CAM,tick,False,False,True,True,False,False,True,False,CAM,CAM,0,-,True,,,,
lre,fixed,CAM,ReqVel,False,False,True,True,False,False,True,True,OCM,OCM,1,CAMToOCM_1,True,,,,
lre,fixed,CAM,ReqHdng,False,False,True,True,False,False,True,True,OCM,OCM,1,CAMToOCM_1,True,,,,
lre,fixed,CAM,ReqMOM,False,False,True,True,False,False,True,True,OCM,OCM,1,CAMToOCM_1,True,,,,
lre,fixed,CAM,ReqOCM,False,False,True,True,False,False,True,True,OCM,OCM,1,CAMToOCM,True,,,,
lre,fixed,CAM,EndTask,False,False,True,True,False,False,True,True,OCM,OCM,1,CAMToOCM_1,True,,,,
lre,fixed,CAM,ReqHCM,False,False,True,True,False,False,True,True,OCM,OCM,1,CAMToOCM_1,True,,,,
lre,fixed,CAM,tick,False,False,True,True,False,False,True,True,OCM,OCM,1,CAMToOCM_1,True,,,,
lre,fixed,CAM,ReqVel,False,False,True,True,False,True,False,False,CAM,CAM,0,-,True,,,,
lre,fixed,CAM,ReqHdng,False,False,True,True,False,True,False,False,CAM,CAM,0,-,True,,,,
lre,fixed,CAM,ReqMOM,False,False,True,True,False,True,False,False,CAM,CAM,0,-,True,,,,
lre,fixed,CAM,ReqOCM,False,False,True,True,False,True,False,False,OCM,OCM,1,CAMToOCM,True,,,,
lre,fixed,CAM,EndTask,False,False,True,True,False,True,False,False,CAM,CAM,0,-,True,,,,
lre,fixed,CAM,ReqHCM,False,False,True,True,False,True,False,False,CAM,CAM,0,-,True,,,,
lre,fixed,CAM,tick,False,False,True,True,False,True,False,False,CAM,CAM,0,-,True,,,,
lre,fixed,CAM,ReqVel,False,False,True,True,False,True,False,True,OCM,OCM,1,CAMToOCM_1,True,,,,
lre,fixed,CAM,ReqHdng,False,False,True,True,False,True,False,True,OCM,OCM,1,CAMToOCM_1,True,,,,
lre,fixed,CAM,ReqMOM,False,False,True,True,False,True,False,True,OCM,OCM,1,CAMToOCM_1,True,,,,
lre,fixed,CAM,ReqOCM,False,False,True,True,False,True,False,True,OCM,OCM,1,CAMToOCM,True,,,,
lre,fixed,CAM,EndTask,False,False,True,True,False,True,False,True,OCM,OCM,1,CAMToOCM_1,True,,,,
lre,fixed,CAM,ReqHCM,False,False,True,True,False,True,False,True,OCM,OCM,1,CAMToOCM_1,True,,,,
lre,fixed,CAM,tick,False,False,True,True,False,True,False,True,OCM,OCM,1,CAMToOCM_1,True,,,,
lre,fixed,CAM,ReqVel,False,False,True,True,False,True,True,False,CAM,CAM,0,-,True,,,,
lre,fixed,CAM,ReqHdng,False,False,True,True,False,True,True,False,CAM,CAM,0,-,True,,,,
lre,fixed,CAM,ReqMOM,False,False,True,True,False,True,True,False,CAM,CAM,0,-,True,,,,
lre,fixed,CAM,ReqOCM,False,False,True,True,False,True,True,False,OCM,OCM,1,CAMToOCM,True,,,,
lre,fixed,CAM,EndTask,False,False,True,True,False,True,True,False,CAM,CAM,0,-,True,,,,
lre,fixed,CAM,ReqHCM,False,False,True,True,False,True,True,False,CAM,CAM,0,-,True,,,,
lre,fixed,CAM,tick,False,False,True,True,False,True,True,False,CAM,CAM,0,-,True,,,,
lre,fixed,CAM,ReqVel,False,False,True,True,False,True,True,True,OCM,OCM,1,CAMToOCM_1,True,,,,
lre,fixed,CAM,ReqHdng,False,False,True,True,False,True,True,True,OCM,OCM,1,CAMToOCM_1,True,,,,
lre,fixed,CAM,ReqMOM,False,False,True,True,False,True,True,True,OCM,OCM,1,CAMToOCM_1,True,,,,
lre,fixed,CAM,ReqOCM,False,False,True,True,False,True,True,True,OCM,OCM,1,CAMToOCM,True,,,,
lre,fixed,CAM,EndTask,False,False,True,True,False,True,True,True,OCM,OCM,1,CAMToOCM_1,True,,,,
lre,fixed,CAM,ReqHCM,False,False,True,True,False,True,True,True,OCM,OCM,1,CAMToOCM_1,True,,,,
lre,fixed,CAM,tick,False,False,True,True,False,True,True,True,OCM,OCM,1,CAMToOCM_1,True,,,,
lre,fixed,CAM,ReqVel,False,False,True,True,True,False,False,False,CAM,CAM,0,-,True,,,,
lre,fixed,CAM,ReqHdng,False,False,True,True,True,False,False,False,CAM,CAM,0,-,True,,,,
lre,fixed,CAM,ReqMOM,False,False,True,True,True,False,False,False,CAM,CAM,0,-,True,,,,
lre,fixed,CAM,ReqOCM,False,False,True,True,True,False,False,False,OCM,OCM,1,CAMToOCM,True,,,,
lre,fixed,CAM,EndTask,False,False,True,True,True,False,False,False,CAM,CAM,0,-,True,,,,
lre,fixed,CAM,ReqHCM,False,False,True,True,True,False,False,False,CAM,CAM,0,-,True,,,,
lre,fixed,CAM,tick,False,False,True,True,True,False,False,False,CAM,CAM,0,-,True,,,,
lre,fixed,CAM,ReqVel,False,False,True,True,True,False,False,True,OCM,OCM,1,CAMToOCM_1,True,,,,
lre,fixed,CAM,ReqHdng,False,False,True,True,True,False,False,True,OCM,OCM,1,CAMToOCM_1,True,,,,
lre,fixed,CAM,ReqMOM,False,False,True,True,True,False,False,True,OCM,OCM,1,CAMToOCM_1,True,,,,
lre,fixed,CAM,ReqOCM,False,False,True,True,True,False,False,True,OCM,OCM,1,CAMToOCM,True,,,,
lre,fixed,CAM,EndTask,False,False,True,True,True,False,False,True,OCM,OCM,1,CAMToOCM_1,True,,,,
lre,fixed,CAM,ReqHCM,False,False,True,True,True,False,False,True,OCM,OCM,1,CAMToOCM_1,True,,,,
lre,fixed,CAM,tick,False,False,True,True,True,False,False,True,OCM,OCM,1,CAMToOCM_1,True,,,,
lre,fixed,CAM,ReqVel,False,False,True,True,True,False,True,False,CAM,CAM,0,-,True,,,,
lre,fixed,CAM,ReqHdng,False,False,True,True,True,False,True,False,CAM,CAM,0,-,True,,,,
lre,fixed,CAM,ReqMOM,False,False,True,True,True,False,True,False,CAM,CAM,0,-,True,,,,
lre,fixed,CAM,ReqOCM,False,False,True,True,True,False,True,False,OCM,OCM,1,CAMToOCM,True,,,,
lre,fixed,CAM,EndTask,False,False,True,True,True,False,True,False,CAM,CAM,0,-,True,,,,
lre,fixed,CAM,ReqHCM,False,False,True,True,True,False,True,False,CAM,CAM,0,-,True,,,,
lre,fixed,CAM,tick,False,False,True,True,True,False,True,False,CAM,CAM,0,-,True,,,,
lre,fixed,CAM,ReqVel,False,False,True,True,True,False,True,True,OCM,OCM,1,CAMToOCM_1,True,,,,
lre,fixed,CAM,ReqHdng,False,False,True,True,True,False,True,True,OCM,OCM,1,CAMToOCM_1,True,,,,
lre,fixed,CAM,ReqMOM,False,False,True,True,True,False,True,True,OCM,OCM,1,CAMToOCM_1,True,,,,
lre,fixed,CAM,ReqOCM,False,False,True,True,True,False,True,True,OCM,OCM,1,CAMToOCM,True,,,,
lre,fixed,CAM,EndTask,False,False,True,True,True,False,True,True,OCM,OCM,1,CAMToOCM_1,True,,,,
lre,fixed,CAM,ReqHCM,False,False,True,True,True,False,True,True,OCM,OCM,1,CAMToOCM_1,True,,,,
lre,fixed,CAM,tick,False,False,True,True,True,False,True,True,OCM,OCM,1,CAMToOCM_1,True,,,,
lre,fixed,CAM,ReqVel,False,False,True,True,True,True,False,False,CAM,CAM,0,-,True,,,,
lre,fixed,CAM,ReqHdng,False,False,True,True,True,True,False,False,CAM,CAM,0,-,True,,,,
lre,fixed,CAM,ReqMOM,False,False,True,True,True,True,False,False,CAM,CAM,0,-,True,,,,
lre,fixed,CAM,ReqOCM,False,False,True,True,True,True,False,False,OCM,OCM,1,CAMToOCM,True,,,,
lre,fixed,CAM,EndTask,False,False,True,True,True,True,False,False,CAM,CAM,0,-,True,,,,
lre,fixed,CAM,ReqHCM,False,False,True,True,True,True,False,False,CAM,CAM,0,-,True,,,,
lre,fixed,CAM,tick,False,False,True,True,True,True,False,False,CAM,CAM,0,-,True,,,,
lre,fixed,CAM,ReqVel,False,False,True,True,True,True,False,True,OCM,OCM,1,CAMToOCM_1,True,,,,
lre,fixed,CAM,ReqHdng,False,False,True,True,True,True,False,True,OCM,OCM,1,CAMToOCM_1,True,,,,
lre,fixed,CAM,ReqMOM,False,False,True,True,True,True,False,True,OCM,OCM,1,CAMToOCM_1,True,,,,
lre,fixed,CAM,ReqOCM,False,False,True,True,True,True,False,True,OCM,OCM,1,CAMToOCM,True,,,,
lre,fixed,CAM,EndTask,False,False,True,True,True,True,False,True,OCM,OCM,1,CAMToOCM_1,True,,,,
lre,fixed,CAM,ReqHCM,False,False,True,True,True,True,False,True,OCM,OCM,1,CAMToOCM_1,True,,,,
lre,fixed,CAM,tick,False,False,True,True,True,True,False,True,OCM,OCM,1,CAMToOCM_1,True,,,,
lre,fixed,CAM,ReqVel,False,False,True,True,True,True,True,False,CAM,CAM,0,-,True,,,,
lre,fixed,CAM,ReqHdng,False,False,True,True,True,True,True,False,CAM,CAM,0,-,True,,,,
lre,fixed,CAM,ReqMOM,False,False,True,True,True,True,True,False,CAM,CAM,0,-,True,,,,
lre,fixed,CAM,ReqOCM,False,False,True,True,True,True,True,False,OCM,OCM,1,CAMToOCM,True,,,,
lre,fixed,CAM,EndTask,False,False,True,True,True,True,True,False,CAM,CAM,0,-,True,,,,
lre,fixed,CAM,ReqHCM,False,False,True,True,True,True,True,False,CAM,CAM,0,-,True,,,,
lre,fixed,CAM,tick,False,False,True,True,True,True,True,False,CAM,CAM,0,-,True,,,,
lre,fixed,CAM,ReqVel,False,False,True,True,True,True,True,True,OCM,OCM,1,CAMToOCM_1,True,,,,
lre,fixed,CAM,ReqHdng,False,False,True,True,True,True,True,True,OCM,OCM,1,CAMToOCM_1,True,,,,
lre,fixed,CAM,ReqMOM,False,False,True,True,True,True,True,True,OCM,OCM,1,CAMToOCM_1,True,,,,
lre,fixed,CAM,ReqOCM,False,False,True,True,True,True,True,True,OCM,OCM,1,CAMToOCM,True,,,,
lre,fixed,CAM,EndTask,False,False,True,True,True,True,True,True,OCM,OCM,1,CAMToOCM_1,True,,,,
lre,fixed,CAM,ReqHCM,False,False,True,True,True,True,True,True,OCM,OCM,1,CAMToOCM_1,True,,,,
lre,fixed,CAM,tick,False,False,True,True,True,True,True,True,OCM,OCM,1,CAMToOCM_1,True,,,,
lre,fixed,CAM,ReqVel,False,True,False,False,False,False,False,False,CAM,CAM,0,-,True,,,,
lre,fixed,CAM,ReqHdng,False,True,False,False,False,False,False,False,CAM,CAM,0,-,True,,,,
lre,fixed,CAM,ReqMOM,False,True,False,False,False,False,False,False,CAM,CAM,0,-,True,,,,
lre,fixed,CAM,ReqOCM,False,True,False,False,False,False,False,False,OCM,OCM,1,CAMToOCM,True,,,,
lre,fixed,CAM,EndTask,False,True,False,False,False,False,False,False,CAM,CAM,0,-,True,,,,
lre,fixed,CAM,ReqHCM,False,True,False,False,False,False,False,False,CAM,CAM,0,-,True,,,,
lre,fixed,CAM,tick,False,True,False,False,False,False,False,False,CAM,CAM,0,-,True,,,,
lre,fixed,CAM,ReqVel,False,True,False,False,False,False,False,True,OCM,OCM,1,CAMToOCM_1,True,,,,
lre,fixed,CAM,ReqHdng,False,True,False,False,False,False,False,True,OCM,OCM,1,CAMToOCM_1,True,,,,
lre,fixed,CAM,ReqMOM,False,True,False,False,False,False,False,True,OCM,OCM,1,CAMToOCM_1,True,,,,
lre,fixed,CAM,ReqOCM,False,True,False,False,False,False,False,True,OCM,OCM,1,CAMToOCM,True,,,,
lre,fixed,CAM,EndTask,False,True,False,False,False,False,False,True,OCM,OCM,1,CAMToOCM_1,True,,,,
lre,fixed,CAM,ReqHCM,False,True,False,False,False,False,False,True,OCM,OCM,1,CAMToOCM_1,True,,,,
lre,fixed,CAM,tick,False,True,False,False,False,False,False,True,OCM,OCM,1,CAMToOCM_1,True,,,,
lre,fixed,CAM,ReqVel,False,True,False,False,False,False,True,False,CAM,CAM,0,-,True,,,,
lre,fixed,CAM,ReqHdng,False,True,False,False,False,False,True,False,CAM,CAM,0,-,True,,,,
lre,fixed,CAM,ReqMOM,False,True,False,False,False,False,True,False,CAM,CAM,0,-,True,,,,
lre,fixed,CAM,ReqOCM,False,True,False,False,False,False,True,False,OCM,OCM,1,CAMToOCM,True,,,,
lre,fixed,CAM,EndTask,False,True,False,False,False,False,True,False,CAM,CAM,0,-,True,,,,
lre,fixed,CAM,ReqHCM,False,True,False,False,False,False,True,False,CAM,CAM,0,-,True,,,,
lre,fixed,CAM,tick,False,True,False,False,False,False,True,False,CAM,CAM,0,-,True,,,,
lre,fixed,CAM,ReqVel,False,True,False,False,False,False,True,True,OCM,OCM,1,CAMToOCM_1,True,,,,
lre,fixed,CAM,ReqHdng,False,True,False,False,False,False,True,True,OCM,OCM,1,CAMToOCM_1,True,,,,
lre,fixed,CAM,ReqMOM,False,True,False,False,False,False,True,True,OCM,OCM,1,CAMToOCM_1,True,,,,
lre,fixed,CAM,ReqOCM,False,True,False,False,False,False,True,True,OCM,OCM,1,CAMToOCM,True,,,,
lre,fixed,CAM,EndTask,False,True,False,False,False,False,True,True,OCM,OCM,1,CAMToOCM_1,True,,,,
lre,fixed,CAM,ReqHCM,False,True,False,False,False,False,True,True,OCM,OCM,1,CAMToOCM_1,True,,,,
lre,fixed,CAM,tick,False,True,False,False,False,False,True,True,OCM,OCM,1,CAMToOCM_1,True,,,,
lre,fixed,CAM,ReqVel,False,True,False,False,False,True,False,False,CAM,CAM,0,-,True,,,,
lre,fixed,CAM,ReqHdng,False,True,False,False,False,True,False,False,CAM,CAM,0,-,True,,,,
lre,fixed,CAM,ReqMOM,False,True,False,False,False,True,False,False,CAM,CAM,0,-,True,,,,
lre,fixed,CAM,ReqOCM,False,True,False,False,False,True,False,False,OCM,OCM,1,CAMToOCM,True,,,,
lre,fixed,CAM,EndTask,False,True,False,False,False,True,False,False,CAM,CAM,0,-,True,,,,
lre,fixed,CAM,ReqHCM,False,True,False,False,False,True,False,False,CAM,CAM,0,-,True,,,,
lre,fixed,CAM,tick,False,True,False,False,False,True,False,False,CAM,CAM,0,-,True,,,,
lre,fixed,CAM,ReqVel,False,True,False,False,False,True,False,True,OCM,OCM,1,CAMToOCM_1,True,,,,
lre,fixed,CAM,ReqHdng,False,True,False,False,False,True,False,True,OCM,OCM,1,CAMToOCM_1,True,,,,
lre,fixed,CAM,ReqMOM,False,True,False,False,False,True,False,True,OCM,OCM,1,CAMToOCM_1,True,,,,
lre,fixed,CAM,ReqOCM,False,True,False,False,False,True,False,True,OCM,OCM,1,CAMToOCM,True,,,,
lre,fixed,CAM,EndTask,False,True,False,False,False,True,False,True,OCM,OCM,1,CAMToOCM_1,True,,,,
lre,fixed,CAM,ReqHCM,False,True,False,False,False,True,False,True,OCM,OCM,1,CAMToOCM_1,True,,,,
lre,fixed,CAM,tick,False,True,False,False,False,True,False,True,OCM,OCM,1,CAMToOCM_1,True,,,,
lre,fixed,CAM,ReqVel,False,True,False,False,False,True,True,False,CAM,CAM,0,-,True,,,,
lre,fixed,CAM,ReqHdng,False,True,False,False,False,True,True,False,CAM,CAM,0,-,True,,,,
lre,fixed,CAM,ReqMOM,False,True,False,False,False,True,True,False,CAM,CAM,0,-,True,,,,
lre,fixed,CAM,ReqOCM,False,True,False,False,False,True,True,False,OCM,OCM,1,CAMToOCM,True,,,,
lre,fixed,CAM,EndTask,False,True,False,False,False,True,True,False,CAM,CAM,0,-,True,,,,
lre,fixed,CAM,ReqHCM,False,True,False,False,False,True,True,False,CAM,CAM,0,-,True,,,,
lre,fixed,CAM,tick,False,True,False,False,False,True,True,False,CAM,CAM,0,-,True,,,,
lre,fixed,CAM,ReqVel,False,True,False,False,False,True,True,True,OCM,OCM,1,CAMToOCM_1,True,,,,
lre,fixed,CAM,ReqHdng,False,True,False,False,False,True,True,True,OCM,OCM,1,CAMToOCM_1,True,,,,
lre,fixed,CAM,ReqMOM,False,True,False,False,False,True,True,True,OCM,OCM,1,CAMToOCM_1,True,,,,
lre,fixed,CAM,ReqOCM,False,True,False,False,False,True,True,True,OCM,OCM,1,CAMToOCM,True,,,,
lre,fixed,CAM,EndTask,False,True,False,False,False,True,True,True,OCM,OCM,1,CAMToOCM_1,True,,,,
lre,fixed,CAM,ReqHCM,False,True,False,False,False,True,True,True,OCM,OCM,1,CAMToOCM_1,True,,,,
lre,fixed,CAM,tick,False,True,False,False,False,True,True,True,OCM,OCM,1,CAMToOCM_1,True,,,,
lre,fixed,CAM,ReqVel,False,True,False,False,True,False,False,False,CAM,CAM,0,-,True,,,,
lre,fixed,CAM,ReqHdng,False,True,False,False,True,False,False,False,CAM,CAM,0,-,True,,,,
lre,fixed,CAM,ReqMOM,False,True,False,False,True,False,False,False,CAM,CAM,0,-,True,,,,
lre,fixed,CAM,ReqOCM,False,True,False,False,True,False,False,False,OCM,OCM,1,CAMToOCM,True,,,,
lre,fixed,CAM,EndTask,False,True,False,False,True,False,False,False,CAM,CAM,0,-,True,,,,
lre,fixed,CAM,ReqHCM,False,True,False,False,True,False,False,False,CAM,CAM,0,-,True,,,,
lre,fixed,CAM,tick,False,True,False,False,True,False,False,False,CAM,CAM,0,-,True,,,,
lre,fixed,CAM,ReqVel,False,True,False,False,True,False,False,True,OCM,OCM,1,CAMToOCM_1,True,,,,
lre,fixed,CAM,ReqHdng,False,True,False,False,True,False,False,True,OCM,OCM,1,CAMToOCM_1,True,,,,
lre,fixed,CAM,ReqMOM,False,True,False,False,True,False,False,True,OCM,OCM,1,CAMToOCM_1,True,,,,
lre,fixed,CAM,ReqOCM,False,True,False,False,True,False,False,True,OCM,OCM,1,CAMToOCM,True,,,,
lre,fixed,CAM,EndTask,False,True,False,False,True,False,False,True,OCM,OCM,1,CAMToOCM_1,True,,,,
lre,fixed,CAM,ReqHCM,False,True,False,False,True,False,False,True,OCM,OCM,1,CAMToOCM_1,True,,,,
lre,fixed,CAM,tick,False,True,False,False,True,False,False,True,OCM,OCM,1,CAMToOCM_1,True,,,,
lre,fixed,CAM,ReqVel,False,True,False,False,True,False,True,False,CAM,CAM,0,-,True,,,,
lre,fixed,CAM,ReqHdng,False,True,False,False,True,False,True,False,CAM,CAM,0,-,True,,,,
lre,fixed,CAM,ReqMOM,False,True,False,False,True,False,True,False,CAM,CAM,0,-,True,,,,
lre,fixed,CAM,ReqOCM,False,True,False,False,True,False,True,False,OCM,OCM,1,CAMToOCM,True,,,,
lre,fixed,CAM,EndTask,False,True,False,False,True,False,True,False,CAM,CAM,0,-,True,,,,
lre,fixed,CAM,ReqHCM,False,True,False,False,True,False,True,False,CAM,CAM,0,-,True,,,,
lre,fixed,CAM,tick,False,True,False,False,True,False,True,False,CAM,CAM,0,-,True,,,,
lre,fixed,CAM,ReqVel,False,True,False,False,True,False,True,True,OCM,OCM,1,CAMToOCM_1,True,,,,
lre,fixed,CAM,ReqHdng,False,True,False,False,True,False,True,True,OCM,OCM,1,CAMToOCM_1,True,,,,
lre,fixed,CAM,ReqMOM,False,True,False,False,True,False,True,True,OCM,OCM,1,CAMToOCM_1,True,,,,
lre,fixed,CAM,ReqOCM,False,True,False,False,True,False,True,True,OCM,OCM,1,CAMToOCM,True,,,,
lre,fixed,CAM,EndTask,False,True,False,False,True,False,True,True,OCM,OCM,1,CAMToOCM_1,True,,,,
lre,fixed,CAM,ReqHCM,False,True,False,False,True,False,True,True,OCM,OCM,1,CAMToOCM_1,True,,,,
lre,fixed,CAM,tick,False,True,False,False,True,False,True,True,OCM,OCM,1,CAMToOCM_1,True,,,,
lre,fixed,CAM,ReqVel,False,True,False,False,True,True,False,False,CAM,CAM,0,-,True,,,,
lre,fixed,CAM,ReqHdng,False,True,False,False,True,True,False,False,CAM,CAM,0,-,True,,,,
lre,fixed,CAM,ReqMOM,False,True,False,False,True,True,False,False,CAM,CAM,0,-,True,,,,
lre,fixed,CAM,ReqOCM,False,True,False,False,True,True,False,False,OCM,OCM,1,CAMToOCM,True,,,,
lre,fixed,CAM,EndTask,False,True,False,False,True,True,False,False,CAM,CAM,0,-,True,,,,
lre,fixed,CAM,ReqHCM,False,True,False,False,True,True,False,False,CAM,CAM,0,-,True,,,,
lre,fixed,CAM,tick,False,True,False,False,True,True,False,False,CAM,CAM,0,-,True,,,,
lre,fixed,CAM,ReqVel,False,True,False,False,True,True,False,True,OCM,OCM,1,CAMToOCM_1,True,,,,
lre,fixed,CAM,ReqHdng,False,True,False,False,True,True,False,True,OCM,OCM,1,CAMToOCM_1,True,,,,
lre,fixed,CAM,ReqMOM,False,True,False,False,True,True,False,True,OCM,OCM,1,CAMToOCM_1,True,,,,
lre,fixed,CAM,ReqOCM,False,True,False,False,True,True,False,True,OCM,OCM,1,CAMToOCM,True,,,,
lre,fixed,CAM,EndTask,False,True,False,False,True,True,False,True,OCM,OCM,1,CAMToOCM_1,True,,,,
lre,fixed,CAM,ReqHCM,False,True,False,False,True,True,False,True,OCM,OCM,1,CAMToOCM_1,True,,,,
lre,fixed,CAM,tick,False,True,False,False,True,True,False,True,OCM,OCM,1,CAMToOCM_1,True,,,,
lre,fixed,CAM,ReqVel,False,True,False,False,True,True,True,False,CAM,CAM,0,-,True,,,,
lre,fixed,CAM,ReqHdng,False,True,False,False,True,True,True,False,CAM,CAM,0,-,True,,,,
lre,fixed,CAM,ReqMOM,False,True,False,False,True,True,True,False,CAM,CAM,0,-,True,,,,
lre,fixed,CAM,ReqOCM,False,True,False,False,True,True,True,False,OCM,OCM,1,CAMToOCM,True,,,,
lre,fixed,CAM,EndTask,False,True,False,False,True,True,True,False,CAM,CAM,0,-,True,,,,
lre,fixed,CAM,ReqHCM,False,True,False,False,True,True,True,False,CAM,CAM,0,-,True,,,,
lre,fixed,CAM,tick,False,True,False,False,True,True,True,False,CAM,CAM,0,-,True,,,,
lre,fixed,CAM,ReqVel,False,True,False,False,True,True,True,True,OCM,OCM,1,CAMToOCM_1,True,,,,
lre,fixed,CAM,ReqHdng,False,True,False,False,True,True,True,True,OCM,OCM,1,CAMToOCM_1,True,,,,
lre,fixed,CAM,ReqMOM,False,True,False,False,True,True,True,True,OCM,OCM,1,CAMToOCM_1,True,,,,
lre,fixed,CAM,ReqOCM,False,True,False,False,True,True,True,True,OCM,OCM,1,CAMToOCM,True,,,,
lre,fixed,CAM,EndTask,False,True,False,False,True,True,True,True,OCM,OCM,1,CAMToOCM_1,True,,,,
lre,fixed,CAM,ReqHCM,False,True,False,False,True,True,True,True,OCM,OCM,1,CAMToOCM_1,True,,,,
lre,fixed,CAM,tick,False,True,False,False,True,True,True,True,OCM,OCM,1,CAMToOCM_1,True,,,,
lre,fixed,CAM,ReqVel,False,True,False,True,False,False,False,False,CAM,CAM,0,-,True,,,,
lre,fixed,CAM,ReqHdng,False,True,False,True,False,False,False,False,CAM,CAM,0,-,True,,,,
lre,fixed,CAM,ReqMOM,False,True,False,True,False,False,False,False,CAM,CAM,0,-,True,,,,
lre,fixed,CAM,ReqOCM,False,True,False,True,False,False,False,False,OCM,OCM,1,CAMToOCM,True,,,,
lre,fixed,CAM,EndTask,False,True,False,True,False,False,False,False,CAM,CAM,0,-,True,,,,
lre,fixed,CAM,ReqHCM,False,True,False,True,False,False,False,False,CAM,CAM,0,-,True,,,,
lre,fixed,CAM,tick,False,True,False,True,False,False,False,False,CAM,CAM,0,-,True,,,,
lre,fixed,CAM,ReqVel,False,True,False,True,False,False,False,True,OCM,OCM,1,CAMToOCM_1,True,,,,
lre,fixed,CAM,ReqHdng,False,True,False,True,False,False,False,True,OCM,OCM,1,CAMToOCM_1,True,,,,
lre,fixed,CAM,ReqMOM,False,True,False,True,False,False,False,True,OCM,OCM,1,CAMToOCM_1,True,,,,
lre,fixed,CAM,ReqOCM,False,True,False,True,False,False,False,True,OCM,OCM,1,CAMToOCM,True,,,,
lre,fixed,CAM,EndTask,False,True,False,True,False,False,False,True,OCM,OCM,1,CAMToOCM_1,True,,,,
lre,fixed,CAM,ReqHCM,False,True,False,True,False,False,False,True,OCM,OCM,1,CAMToOCM_1,True,,,,
lre,fixed,CAM,tick,False,True,False,True,False,False,False,True,OCM,OCM,1,CAMToOCM_1,True,,,,
lre,fixed,CAM,ReqVel,False,True,False,True,False,False,True,False,CAM,CAM,0,-,True,,,,
lre,fixed,CAM,ReqHdng,False,True,False,True,False,False,True,False,CAM,CAM,0,-,True,,,,
lre,fixed,CAM,ReqMOM,False,True,False,True,False,False,True,False,CAM,CAM,0,-,True,,,,
lre,fixed,CAM,ReqOCM,False,True,False,True,False,False,True,False,OCM,OCM,1,CAMToOCM,True,,,,
lre,fixed,CAM,EndTask,False,True,False,True,False,False,True,False,CAM,CAM,0,-,True,,,,
lre,fixed,CAM,ReqHCM,False,True,False,True,False,False,True,False,CAM,CAM,0,-,True,,,,
lre,fixed,CAM,tick,False,True,False,True,False,False,True,False,CAM,CAM,0,-,True,,,,
lre,fixed,CAM,ReqVel,False,True,False,True,False,False,True,True,OCM,OCM,1,CAMToOCM_1,True,,,,
lre,fixed,CAM,ReqHdng,False,True,False,True,False,False,True,True,OCM,OCM,1,CAMToOCM_1,True,,,,
lre,fixed,CAM,ReqMOM,False,True,False,True,False,False,True,True,OCM,OCM,1,CAMToOCM_1,True,,,,
lre,fixed,CAM,ReqOCM,False,True,False,True,False,False,True,True,OCM,OCM,1,CAMToOCM,True,,,,
lre,fixed,CAM,EndTask,False,True,False,True,False,False,True,True,OCM,OCM,1,CAMToOCM_1,True,,,,
lre,fixed,CAM,ReqHCM,False,True,False,True,False,False,True,True,OCM,OCM,1,CAMToOCM_1,True,,,,
lre,fixed,CAM,tick,False,True,False,True,False,False,True,True,OCM,OCM,1,CAMToOCM_1,True,,,,
lre,fixed,CAM,ReqVel,False,True,False,True,False,True,False,False,CAM,CAM,0,-,True,,,,
lre,fixed,CAM,ReqHdng,False,True,False,True,False,True,False,False,CAM,CAM,0,-,True,,,,
lre,fixed,CAM,ReqMOM,False,True,False,True,False,True,False,False,CAM,CAM,0,-,True,,,,
lre,fixed,CAM,ReqOCM,False,True,False,True,False,True,False,False,OCM,OCM,1,CAMToOCM,True,,,,
lre,fixed,CAM,EndTask,False,True,False,True,False,True,False,False,CAM,CAM,0,-,True,,,,
lre,fixed,CAM,ReqHCM,False,True,False,True,False,True,False,False,CAM,CAM,0,-,True,,,,
lre,fixed,CAM,tick,False,True,False,True,False,True,False,False,CAM,CAM,0,-,True,,,,
lre,fixed,CAM,ReqVel,False,True,False,True,False,True,False,True,OCM,OCM,1,CAMToOCM_1,True,,,,
lre,fixed,CAM,ReqHdng,False,True,False,True,False,True,False,True,OCM,OCM,1,CAMToOCM_1,True,,,,
lre,fixed,CAM,ReqMOM,False,True,False,True,False,True,False,True,OCM,OCM,1,CAMToOCM_1,True,,,,
lre,fixed,CAM,ReqOCM,False,True,False,True,False,True,False,True,OCM,OCM,1,CAMToOCM,True,,,,
lre,fixed,CAM,EndTask,False,True,False,True,False,True,False,True,OCM,OCM,1,CAMToOCM_1,True,,,,
lre,fixed,CAM,ReqHCM,False,True,False,True,False,True,False,True,OCM,OCM,1,CAMToOCM_1,True,,,,
lre,fixed,CAM,tick,False,True,False,True,False,True,False,True,OCM,OCM,1,CAMToOCM_1,True,,,,
lre,fixed,CAM,ReqVel,False,True,False,True,False,True,True,False,CAM,CAM,0,-,True,,,,
lre,fixed,CAM,ReqHdng,False,True,False,True,False,True,True,False,CAM,CAM,0,-,True,,,,
lre,fixed,CAM,ReqMOM,False,True,False,True,False,True,True,False,CAM,CAM,0,-,True,,,,
lre,fixed,CAM,ReqOCM,False,True,False,True,False,True,True,False,OCM,OCM,1,CAMToOCM,True,,,,
lre,fixed,CAM,EndTask,False,True,False,True,False,True,True,False,CAM,CAM,0,-,True,,,,
lre,fixed,CAM,ReqHCM,False,True,False,True,False,True,True,False,CAM,CAM,0,-,True,,,,
lre,fixed,CAM,tick,False,True,False,True,False,True,True,False,CAM,CAM,0,-,True,,,,
lre,fixed,CAM,ReqVel,False,True,False,True,False,True,True,True,OCM,OCM,1,CAMToOCM_1,True,,,,
lre,fixed,CAM,ReqHdng,False,True,False,True,False,True,True,True,OCM,OCM,1,CAMToOCM_1,True,,,,
lre,fixed,CAM,ReqMOM,False,True,False,True,False,True,True,True,OCM,OCM,1,CAMToOCM_1,True,,,,
lre,fixed,CAM,ReqOCM,False,True,False,True,False,True,True,True,OCM,OCM,1,CAMToOCM,True,,,,
lre,fixed,CAM,EndTask,False,True,False,True,False,True,True,True,OCM,OCM,1,CAMToOCM_1,True,,,,
lre,fixed,CAM,ReqHCM,False,True,False,True,False,True,True,True,OCM,OCM,1,CAMToOCM_1,True,,,,
lre,fixed,CAM,tick,False,True,False,True,False,True,True,True,OCM,OCM,1,CAMToOCM_1,True,,,,
lre,fixed,CAM,ReqVel,False,True,False,True,True,False,False,False,CAM,CAM,0,-,True,,,,
lre,fixed,CAM,ReqHdng,False,True,False,True,True,False,False,False,CAM,CAM,0,-,True,,,,
lre,fixed,CAM,ReqMOM,False,True,False,True,True,False,False,False,CAM,CAM,0,-,True,,,,
lre,fixed,CAM,ReqOCM,False,True,False,True,True,False,False,False,OCM,OCM,1,CAMToOCM,True,,,,
lre,fixed,CAM,EndTask,False,True,False,True,True,False,False,False,CAM,CAM,0,-,True,,,,
lre,fixed,CAM,ReqHCM,False,True,False,True,True,False,False,False,CAM,CAM,0,-,True,,,,
lre,fixed,CAM,tick,False,True,False,True,True,False,False,False,CAM,CAM,0,-,True,,,,
lre,fixed,CAM,ReqVel,False,True,False,True,True,False,False,True,OCM,OCM,1,CAMToOCM_1,True,,,,
lre,fixed,CAM,ReqHdng,False,True,False,True,True,False,False,True,OCM,OCM,1,CAMToOCM_1,True,,,,
lre,fixed,CAM,ReqMOM,False,True,False,True,True,False,False,True,OCM,OCM,1,CAMToOCM_1,True,,,,
lre,fixed,CAM,ReqOCM,False,True,False,True,True,False,False,True,OCM,OCM,1,CAMToOCM,True,,,,
lre,fixed,CAM,EndTask,False,True,False,True,True,False,False,True,OCM,OCM,1,CAMToOCM_1,True,,,,
lre,fixed,CAM,ReqHCM,False,True,False,True,True,False,False,True,OCM,OCM,1,CAMToOCM_1,True,,,,
lre,fixed,CAM,tick,False,True,False,True,True,False,False,True,OCM,OCM,1,CAMToOCM_1,True,,,,
lre,fixed,CAM,ReqVel,False,True,False,True,True,False,True,False,CAM,CAM,0,-,True,,,,
lre,fixed,CAM,ReqHdng,False,True,False,True,True,False,True,False,CAM,CAM,0,-,True,,,,
lre,fixed,CAM,ReqMOM,False,True,False,True,True,False,True,False,CAM,CAM,0,-,True,,,,
lre,fixed,CAM,ReqOCM,False,True,False,True,True,False,True,False,OCM,OCM,1,CAMToOCM,True,,,,
lre,fixed,CAM,EndTask,False,True,False,True,True,False,True,False,CAM,CAM,0,-,True,,,,
lre,fixed,CAM,ReqHCM,False,True,False,True,True,False,True,False,CAM,CAM,0,-,True,,,,
lre,fixed,CAM,tick,False,True,False,True,True,False,True,False,CAM,CAM,0,-,True,,,,
lre,fixed,CAM,ReqVel,False,True,False,True,True,False,True,True,OCM,OCM,1,CAMToOCM_1,True,,,,
lre,fixed,CAM,ReqHdng,False,True,False,True,True,False,True,True,OCM,OCM,1,CAMToOCM_1,True,,,,
lre,fixed,CAM,ReqMOM,False,True,False,True,True,False,True,True,OCM,OCM,1,CAMToOCM_1,True,,,,
lre,fixed,CAM,ReqOCM,False,True,False,True,True,False,True,True,OCM,OCM,1,CAMToOCM,True,,,,
lre,fixed,CAM,EndTask,False,True,False,True,True,False,True,True,OCM,OCM,1,CAMToOCM_1,True,,,,
lre,fixed,CAM,ReqHCM,False,True,False,True,True,False,True,True,OCM,OCM,1,CAMToOCM_1,True,,,,
lre,fixed,CAM,tick,False,True,False,True,True,False,True,True,OCM,OCM,1,CAMToOCM_1,True,,,,
lre,fixed,CAM,ReqVel,False,True,False,True,True,True,False,False,CAM,CAM,0,-,True,,,,
lre,fixed,CAM,ReqHdng,False,True,False,True,True,True,False,False,CAM,CAM,0,-,True,,,,
lre,fixed,CAM,ReqMOM,False,True,False,True,True,True,False,False,CAM,CAM,0,-,True,,,,
lre,fixed,CAM,ReqOCM,False,True,False,True,True,True,False,False,OCM,OCM,1,CAMToOCM,True,,,,
lre,fixed,CAM,EndTask,False,True,False,True,True,True,False,False,CAM,CAM,0,-,True,,,,
lre,fixed,CAM,ReqHCM,False,True,False,True,True,True,False,False,CAM,CAM,0,-,True,,,,
lre,fixed,CAM,tick,False,True,False,True,True,True,False,False,CAM,CAM,0,-,True,,,,
lre,fixed,CAM,ReqVel,False,True,False,True,True,True,False,True,OCM,OCM,1,CAMToOCM_1,True,,,,
lre,fixed,CAM,ReqHdng,False,True,False,True,True,True,False,True,OCM,OCM,1,CAMToOCM_1,True,,,,
lre,fixed,CAM,ReqMOM,False,True,False,True,True,True,False,True,OCM,OCM,1,CAMToOCM_1,True,,,,
lre,fixed,CAM,ReqOCM,False,True,False,True,True,True,False,True,OCM,OCM,1,CAMToOCM,True,,,,
lre,fixed,CAM,EndTask,False,True,False,True,True,True,False,True,OCM,OCM,1,CAMToOCM_1,True,,,,
lre,fixed,CAM,ReqHCM,False,True,False,True,True,True,False,True,OCM,OCM,1,CAMToOCM_1,True,,,,
lre,fixed,CAM,tick,False,True,False,True,True,True,False,True,OCM,OCM,1,CAMToOCM_1,True,,,,
lre,fixed,CAM,ReqVel,False,True,False,True,True,True,True,False,CAM,CAM,0,-,True,,,,
lre,fixed,CAM,ReqHdng,False,True,False,True,True,True,True,False,CAM,CAM,0,-,True,,,,
lre,fixed,CAM,ReqMOM,False,True,False,True,True,True,True,False,CAM,CAM,0,-,True,,,,
lre,fixed,CAM,ReqOCM,False,True,False,True,True,True,True,False,OCM,OCM,1,CAMToOCM,True,,,,
lre,fixed,CAM,EndTask,False,True,False,True,True,True,True,False,CAM,CAM,0,-,True,,,,
lre,fixed,CAM,ReqHCM,False,True,False,True,True,True,True,False,CAM,CAM,0,-,True,,,,
lre,fixed,CAM,tick,False,True,False,True,True,True,True,False,CAM,CAM,0,-,True,,,,
lre,fixed,CAM,ReqVel,False,True,False,True,True,True,True,True,OCM,OCM,1,CAMToOCM_1,True,,,,
lre,fixed,CAM,ReqHdng,False,True,False,True,True,True,True,True,OCM,OCM,1,CAMToOCM_1,True,,,,
lre,fixed,CAM,ReqMOM,False,True,False,True,True,True,True,True,OCM,OCM,1,CAMToOCM_1,True,,,,
lre,fixed,CAM,ReqOCM,False,True,False,True,True,True,True,True,OCM,OCM,1,CAMToOCM,True,,,,
lre,fixed,CAM,EndTask,False,True,False,True,True,True,True,True,OCM,OCM,1,CAMToOCM_1,True,,,,
lre,fixed,CAM,ReqHCM,False,True,False,True,True,True,True,True,OCM,OCM,1,CAMToOCM_1,True,,,,
lre,fixed,CAM,tick,False,True,False,True,True,True,True,True,OCM,OCM,1,CAMToOCM_1,True,,,,
lre,fixed,CAM,ReqVel,False,True,True,False,False,False,False,False,CAM,CAM,0,-,True,,,,
lre,fixed,CAM,ReqHdng,False,True,True,False,False,False,False,False,CAM,CAM,0,-,True,,,,
lre,fixed,CAM,ReqMOM,False,True,True,False,False,False,False,False,CAM,CAM,0,-,True,,,,
lre,fixed,CAM,ReqOCM,False,True,True,False,False,False,False,False,OCM,OCM,1,CAMToOCM,True,,,,
lre,fixed,CAM,EndTask,False,True,True,False,False,False,False,False,CAM,CAM,0,-,True,,,,
lre,fixed,CAM,ReqHCM,False,True,True,False,False,False,False,False,CAM,CAM,0,-,True,,,,
lre,fixed,CAM,tick,False,True,True,False,False,False,False,False,CAM,CAM,0,-,True,,,,
lre,fixed,CAM,ReqVel,False,True,True,False,False,False,False,True,OCM,OCM,1,CAMToOCM_1,True,,,,
lre,fixed,CAM,ReqHdng,False,True,True,False,False,False,False,True,OCM,OCM,1,CAMToOCM_1,True,,,,
lre,fixed,CAM,ReqMOM,False,True,True,False,False,False,False,True,OCM,OCM,1,CAMToOCM_1,True,,,,
lre,fixed,CAM,ReqOCM,False,True,True,False,False,False,False,True,OCM,OCM,1,CAMToOCM,True,,,,
lre,fixed,CAM,EndTask,False,True,True,False,False,False,False,True,OCM,OCM,1,CAMToOCM_1,True,,,,
lre,fixed,CAM,ReqHCM,False,True,True,False,False,False,False,True,OCM,OCM,1,CAMToOCM_1,True,,,,
lre,fixed,CAM,tick,False,True,True,False,False,False,False,True,OCM,OCM,1,CAMToOCM_1,True,,,,
lre,fixed,CAM,ReqVel,False,True,True,False,False,False,True,False,CAM,CAM,0,-,True,,,,
lre,fixed,CAM,ReqHdng,False,True,True,False,False,False,True,False,CAM,CAM,0,-,True,,,,
lre,fixed,CAM,ReqMOM,False,True,True,False,False,False,True,False,CAM,CAM,0,-,True,,,,
lre,fixed,CAM,ReqOCM,False,True,True,False,False,False,True,False,OCM,OCM,1,CAMToOCM,True,,,,
lre,fixed,CAM,EndTask,False,True,True,False,False,False,True,False,CAM,CAM,0,-,True,,,,
lre,fixed,CAM,ReqHCM,False,True,True,False,False,False,True,False,CAM,CAM,0,-,True,,,,
lre,fixed,CAM,tick,False,True,True,False,False,False,True,False,CAM,CAM,0,-,True,,,,
lre,fixed,CAM,ReqVel,False,True,True,False,False,False,True,True,OCM,OCM,1,CAMToOCM_1,True,,,,
lre,fixed,CAM,ReqHdng,False,True,True,False,False,False,True,True,OCM,OCM,1,CAMToOCM_1,True,,,,
lre,fixed,CAM,ReqMOM,False,True,True,False,False,False,True,True,OCM,OCM,1,CAMToOCM_1,True,,,,
lre,fixed,CAM,ReqOCM,False,True,True,False,False,False,True,True,OCM,OCM,1,CAMToOCM,True,,,,
lre,fixed,CAM,EndTask,False,True,True,False,False,False,True,True,OCM,OCM,1,CAMToOCM_1,True,,,,
lre,fixed,CAM,ReqHCM,False,True,True,False,False,False,True,True,OCM,OCM,1,CAMToOCM_1,True,,,,
lre,fixed,CAM,tick,False,True,True,False,False,False,True,True,OCM,OCM,1,CAMToOCM_1,True,,,,
lre,fixed,CAM,ReqVel,False,True,True,False,False,True,False,False,CAM,CAM,0,-,True,,,,
lre,fixed,CAM,ReqHdng,False,True,True,False,False,True,False,False,CAM,CAM,0,-,True,,,,
lre,fixed,CAM,ReqMOM,False,True,True,False,False,True,False,False,CAM,CAM,0,-,True,,,,
lre,fixed,CAM,ReqOCM,False,True,True,False,False,True,False,False,OCM,OCM,1,CAMToOCM,True,,,,
lre,fixed,CAM,EndTask,False,True,True,False,False,True,False,False,CAM,CAM,0,-,True,,,,
lre,fixed,CAM,ReqHCM,False,True,True,False,False,True,False,False,CAM,CAM,0,-,True,,,,
lre,fixed,CAM,tick,False,True,True,False,False,True,False,False,CAM,CAM,0,-,True,,,,
lre,fixed,CAM,ReqVel,False,True,True,False,False,True,False,True,OCM,OCM,1,CAMToOCM_1,True,,,,
lre,fixed,CAM,ReqHdng,False,True,True,False,False,True,False,True,OCM,OCM,1,CAMToOCM_1,True,,,,
lre,fixed,CAM,ReqMOM,False,True,True,False,False,True,False,True,OCM,OCM,1,CAMToOCM_1,True,,,,
lre,fixed,CAM,ReqOCM,False,True,True,False,False,True,False,True,OCM,OCM,1,CAMToOCM,True,,,,
lre,fixed,CAM,EndTask,False,True,True,False,False,True,False,True,OCM,OCM,1,CAMToOCM_1,True,,,,
lre,fixed,CAM,ReqHCM,False,True,True,False,False,True,False,True,OCM,OCM,1,CAMToOCM_1,True,,,,
lre,fixed,CAM,tick,False,True,True,False,False,True,False,True,OCM,OCM,1,CAMToOCM_1,True,,,,
lre,fixed,CAM,ReqVel,False,True,True,False,False,True,True,False,CAM,CAM,0,-,True,,,,
lre,fixed,CAM,ReqHdng,False,True,True,False,False,True,True,False,CAM,CAM,0,-,True,,,,
lre,fixed,CAM,ReqMOM,False,True,True,False,False,True,True,False,CAM,CAM,0,-,True,,,,
lre,fixed,CAM,ReqOCM,False,True,True,False,False,True,True,False,OCM,OCM,1,CAMToOCM,True,,,,
lre,fixed,CAM,EndTask,False,True,True,False,False,True,True,False,CAM,CAM,0,-,True,,,,
lre,fixed,CAM,ReqHCM,False,True,True,False,False,True,True,False,CAM,CAM,0,-,True,,,,
lre,fixed,CAM,tick,False,True,True,False,False,True,True,False,CAM,CAM,0,-,True,,,,
lre,fixed,CAM,ReqVel,False,True,True,False,False,True,True,True,OCM,OCM,1,CAMToOCM_1,True,,,,
lre,fixed,CAM,ReqHdng,False,True,True,False,False,True,True,True,OCM,OCM,1,CAMToOCM_1,True,,,,
lre,fixed,CAM,ReqMOM,False,True,True,False,False,True,True,True,OCM,OCM,1,CAMToOCM_1,True,,,,
lre,fixed,CAM,ReqOCM,False,True,True,False,False,True,True,True,OCM,OCM,1,CAMToOCM,True,,,,
lre,fixed,CAM,EndTask,False,True,True,False,False,True,True,True,OCM,OCM,1,CAMToOCM_1,True,,,,
lre,fixed,CAM,ReqHCM,False,True,True,False,False,True,True,True,OCM,OCM,1,CAMToOCM_1,True,,,,
lre,fixed,CAM,tick,False,True,True,False,False,True,True,True,OCM,OCM,1,CAMToOCM_1,True,,,,
lre,fixed,CAM,ReqVel,False,True,True,False,True,False,False,False,CAM,CAM,0,-,True,,,,
lre,fixed,CAM,ReqHdng,False,True,True,False,True,False,False,False,CAM,CAM,0,-,True,,,,
lre,fixed,CAM,ReqMOM,False,True,True,False,True,False,False,False,CAM,CAM,0,-,True,,,,
lre,fixed,CAM,ReqOCM,False,True,True,False,True,False,False,False,OCM,OCM,1,CAMToOCM,True,,,,
lre,fixed,CAM,EndTask,False,True,True,False,True,False,False,False,CAM,CAM,0,-,True,,,,
lre,fixed,CAM,ReqHCM,False,True,True,False,True,False,False,False,CAM,CAM,0,-,True,,,,
lre,fixed,CAM,tick,False,True,True,False,True,False,False,False,CAM,CAM,0,-,True,,,,
lre,fixed,CAM,ReqVel,False,True,True,False,True,False,False,True,OCM,OCM,1,CAMToOCM_1,True,,,,
lre,fixed,CAM,ReqHdng,False,True,True,False,True,False,False,True,OCM,OCM,1,CAMToOCM_1,True,,,,
lre,fixed,CAM,ReqMOM,False,True,True,False,True,False,False,True,OCM,OCM,1,CAMToOCM_1,True,,,,
lre,fixed,CAM,ReqOCM,False,True,True,False,True,False,False,True,OCM,OCM,1,CAMToOCM,True,,,,
lre,fixed,CAM,EndTask,False,True,True,False,True,False,False,True,OCM,OCM,1,CAMToOCM_1,True,,,,
lre,fixed,CAM,ReqHCM,False,True,True,False,True,False,False,True,OCM,OCM,1,CAMToOCM_1,True,,,,
lre,fixed,CAM,tick,False,True,True,False,True,False,False,True,OCM,OCM,1,CAMToOCM_1,True,,,,
lre,fixed,CAM,ReqVel,False,True,True,False,True,False,True,False,CAM,CAM,0,-,True,,,,
lre,fixed,CAM,ReqHdng,False,True,True,False,True,False,True,False,CAM,CAM,0,-,True,,,,
lre,fixed,CAM,ReqMOM,False,True,True,False,True,False,True,False,CAM,CAM,0,-,True,,,,
lre,fixed,CAM,ReqOCM,False,True,True,False,True,False,True,False,OCM,OCM,1,CAMToOCM,True,,,,
lre,fixed,CAM,EndTask,False,True,True,False,True,False,True,False,CAM,CAM,0,-,True,,,,
lre,fixed,CAM,ReqHCM,False,True,True,False,True,False,True,False,CAM,CAM,0,-,True,,,,
lre,fixed,CAM,tick,False,True,True,False,True,False,True,False,CAM,CAM,0,-,True,,,,
lre,fixed,CAM,ReqVel,False,True,True,False,True,False,True,True,OCM,OCM,1,CAMToOCM_1,True,,,,
lre,fixed,CAM,ReqHdng,False,True,True,False,True,False,True,True,OCM,OCM,1,CAMToOCM_1,True,,,,
lre,fixed,CAM,ReqMOM,False,True,True,False,True,False,True,True,OCM,OCM,1,CAMToOCM_1,True,,,,
lre,fixed,CAM,ReqOCM,False,True,True,False,True,False,True,True,OCM,OCM,1,CAMToOCM,True,,,,
lre,fixed,CAM,EndTask,False,True,True,False,True,False,True,True,OCM,OCM,1,CAMToOCM_1,True,,,,
lre,fixed,CAM,ReqHCM,False,True,True,False,True,False,True,True,OCM,OCM,1,CAMToOCM_1,True,,,,
lre,fixed,CAM,tick,False,True,True,False,True,False,True,True,OCM,OCM,1,CAMToOCM_1,True,,,,
lre,fixed,CAM,ReqVel,False,True,True,False,True,True,False,False,CAM,CAM,0,-,True,,,,
lre,fixed,CAM,ReqHdng,False,True,True,False,True,True,False,False,CAM,CAM,0,-,True,,,,
lre,fixed,CAM,ReqMOM,False,True,True,False,True,True,False,False,CAM,CAM,0,-,True,,,,
lre,fixed,CAM,ReqOCM,False,True,True,False,True,True,False,False,OCM,OCM,1,CAMToOCM,True,,,,
lre,fixed,CAM,EndTask,False,True,True,False,True,True,False,False,CAM,CAM,0,-,True,,,,
lre,fixed,CAM,ReqHCM,False,True,True,False,True,True,False,False,CAM,CAM,0,-,True,,,,
lre,fixed,CAM,tick,False,True,True,False,True,True,False,False,CAM,CAM,0,-,True,,,,
lre,fixed,CAM,ReqVel,False,True,True,False,True,True,False,True,OCM,OCM,1,CAMToOCM_1,True,,,,
lre,fixed,CAM,ReqHdng,False,True,True,False,True,True,False,True,OCM,OCM,1,CAMToOCM_1,True,,,,
lre,fixed,CAM,ReqMOM,False,True,True,False,True,True,False,True,OCM,OCM,1,CAMToOCM_1,True,,,,
lre,fixed,CAM,ReqOCM,False,True,True,False,True,True,False,True,OCM,OCM,1,CAMToOCM,True,,,,
lre,fixed,CAM,EndTask,False,True,True,False,True,True,False,True,OCM,OCM,1,CAMToOCM_1,True,,,,
lre,fixed,CAM,ReqHCM,False,True,True,False,True,True,False,True,OCM,OCM,1,CAMToOCM_1,True,,,,
lre,fixed,CAM,tick,False,True,True,False,True,True,False,True,OCM,OCM,1,CAMToOCM_1,True,,,,
lre,fixed,CAM,ReqVel,False,True,True,False,True,True,True,False,CAM,CAM,0,-,True,,,,
lre,fixed,CAM,ReqHdng,False,True,True,False,True,True,True,False,CAM,CAM,0,-,True,,,,
lre,fixed,CAM,ReqMOM,False,True,True,False,True,True,True,False,CAM,CAM,0,-,True,,,,
lre,fixed,CAM,ReqOCM,False,True,True,False,True,True,True,False,OCM,OCM,1,CAMToOCM,True,,,,
lre,fixed,CAM,EndTask,False,True,True,False,True,True,True,False,CAM,CAM,0,-,True,,,,
lre,fixed,CAM,ReqHCM,False,True,True,False,True,True,True,False,CAM,CAM,0,-,True,,,,
lre,fixed,CAM,tick,False,True,True,False,True,True,True,False,CAM,CAM,0,-,True,,,,
lre,fixed,CAM,ReqVel,False,True,True,False,True,True,True,True,OCM,OCM,1,CAMToOCM_1,True,,,,
lre,fixed,CAM,ReqHdng,False,True,True,False,True,True,True,True,OCM,OCM,1,CAMToOCM_1,True,,,,
lre,fixed,CAM,ReqMOM,False,True,True,False,True,True,True,True,OCM,OCM,1,CAMToOCM_1,True,,,,
lre,fixed,CAM,ReqOCM,False,True,True,False,True,True,True,True,OCM,OCM,1,CAMToOCM,True,,,,
lre,fixed,CAM,EndTask,False,True,True,False,True,True,True,True,OCM,OCM,1,CAMToOCM_1,True,,,,
lre,fixed,CAM,ReqHCM,False,True,True,False,True,True,True,True,OCM,OCM,1,CAMToOCM_1,True,,,,
lre,fixed,CAM,tick,False,True,True,False,True,True,True,True,OCM,OCM,1,CAMToOCM_1,True,,,,
lre,fixed,CAM,ReqVel,False,True,True,True,False,False,False,False,CAM,CAM,0,-,True,,,,
lre,fixed,CAM,ReqHdng,False,True,True,True,False,False,False,False,CAM,CAM,0,-,True,,,,
lre,fixed,CAM,ReqMOM,False,True,True,True,False,False,False,False,CAM,CAM,0,-,True,,,,
lre,fixed,CAM,ReqOCM,False,True,True,True,False,False,False,False,OCM,OCM,1,CAMToOCM,True,,,,
lre,fixed,CAM,EndTask,False,True,True,True,False,False,False,False,CAM,CAM,0,-,True,,,,
lre,fixed,CAM,ReqHCM,False,True,True,True,False,False,False,False,CAM,CAM,0,-,True,,,,
lre,fixed,CAM,tick,False,True,True,True,False,False,False,False,CAM,CAM,0,-,True,,,,
lre,fixed,CAM,ReqVel,False,True,True,True,False,False,False,True,OCM,OCM,1,CAMToOCM_1,True,,,,
lre,fixed,CAM,ReqHdng,False,True,True,True,False,False,False,True,OCM,OCM,1,CAMToOCM_1,True,,,,
lre,fixed,CAM,ReqMOM,False,True,True,True,False,False,False,True,OCM,OCM,1,CAMToOCM_1,True,,,,
lre,fixed,CAM,ReqOCM,False,True,True,True,False,False,False,True,OCM,OCM,1,CAMToOCM,True,,,,
lre,fixed,CAM,EndTask,False,True,True,True,False,False,False,True,OCM,OCM,1,CAMToOCM_1,True,,,,
lre,fixed,CAM,ReqHCM,False,True,True,True,False,False,False,True,OCM,OCM,1,CAMToOCM_1,True,,,,
lre,fixed,CAM,tick,False,True,True,True,False,False,False,True,OCM,OCM,1,CAMToOCM_1,True,,,,
lre,fixed,CAM,ReqVel,False,True,True,True,False,False,True,False,CAM,CAM,0,-,True,,,,
lre,fixed,CAM,ReqHdng,False,True,True,True,False,False,True,False,CAM,CAM,0,-,True,,,,
lre,fixed,CAM,ReqMOM,False,True,True,True,False,False,True,False,CAM,CAM,0,-,True,,,,
lre,fixed,CAM,ReqOCM,False,True,True,True,False,False,True,False,OCM,OCM,1,CAMToOCM,True,,,,
lre,fixed,CAM,EndTask,False,True,True,True,False,False,True,False,CAM,CAM,0,-,True,,,,
lre,fixed,CAM,ReqHCM,False,True,True,True,False,False,True,False,CAM,CAM,0,-,True,,,,
lre,fixed,CAM,tick,False,True,True,True,False,False,True,False,CAM,CAM,0,-,True,,,,
lre,fixed,CAM,ReqVel,False,True,True,True,False,False,True,True,OCM,OCM,1,CAMToOCM_1,True,,,,
lre,fixed,CAM,ReqHdng,False,True,True,True,False,False,True,True,OCM,OCM,1,CAMToOCM_1,True,,,,
lre,fixed,CAM,ReqMOM,False,True,True,True,False,False,True,True,OCM,OCM,1,CAMToOCM_1,True,,,,
lre,fixed,CAM,ReqOCM,False,True,True,True,False,False,True,True,OCM,OCM,1,CAMToOCM,True,,,,
lre,fixed,CAM,EndTask,False,True,True,True,False,False,True,True,OCM,OCM,1,CAMToOCM_1,True,,,,
lre,fixed,CAM,ReqHCM,False,True,True,True,False,False,True,True,OCM,OCM,1,CAMToOCM_1,True,,,,
lre,fixed,CAM,tick,False,True,True,True,False,False,True,True,OCM,OCM,1,CAMToOCM_1,True,,,,
lre,fixed,CAM,ReqVel,False,True,True,True,False,True,False,False,CAM,CAM,0,-,True,,,,
lre,fixed,CAM,ReqHdng,False,True,True,True,False,True,False,False,CAM,CAM,0,-,True,,,,
lre,fixed,CAM,ReqMOM,False,True,True,True,False,True,False,False,CAM,CAM,0,-,True,,,,
lre,fixed,CAM,ReqOCM,False,True,True,True,False,True,False,False,OCM,OCM,1,CAMToOCM,True,,,,
lre,fixed,CAM,EndTask,False,True,True,True,False,True,False,False,CAM,CAM,0,-,True,,,,
lre,fixed,CAM,ReqHCM,False,True,True,True,False,True,False,False,CAM,CAM,0,-,True,,,,
lre,fixed,CAM,tick,False,True,True,True,False,True,False,False,CAM,CAM,0,-,True,,,,
lre,fixed,CAM,ReqVel,False,True,True,True,False,True,False,True,OCM,OCM,1,CAMToOCM_1,True,,,,
lre,fixed,CAM,ReqHdng,False,True,True,True,False,True,False,True,OCM,OCM,1,CAMToOCM_1,True,,,,
lre,fixed,CAM,ReqMOM,False,True,True,True,False,True,False,True,OCM,OCM,1,CAMToOCM_1,True,,,,
lre,fixed,CAM,ReqOCM,False,True,True,True,False,True,False,True,OCM,OCM,1,CAMToOCM,True,,,,
lre,fixed,CAM,EndTask,False,True,True,True,False,True,False,True,OCM,OCM,1,CAMToOCM_1,True,,,,
lre,fixed,CAM,ReqHCM,False,True,True,True,False,True,False,True,OCM,OCM,1,CAMToOCM_1,True,,,,
lre,fixed,CAM,tick,False,True,True,True,False,True,False,True,OCM,OCM,1,CAMToOCM_1,True,,,,
lre,fixed,CAM,ReqVel,False,True,True,True,False,True,True,False,CAM,CAM,0,-,True,,,,
lre,fixed,CAM,ReqHdng,False,True,True,True,False,True,True,False,CAM,CAM,0,-,True,,,,
lre,fixed,CAM,ReqMOM,False,True,True,True,False,True,True,False,CAM,CAM,0,-,True,,,,
lre,fixed,CAM,ReqOCM,False,True,True,True,False,True,True,False,OCM,OCM,1,CAMToOCM,True,,,,
lre,fixed,CAM,EndTask,False,True,True,True,False,True,True,False,CAM,CAM,0,-,True,,,,
lre,fixed,CAM,ReqHCM,False,True,True,True,False,True,True,False,CAM,CAM,0,-,True,,,,
lre,fixed,CAM,tick,False,True,True,True,False,True,True,False,CAM,CAM,0,-,True,,,,
lre,fixed,CAM,ReqVel,False,True,True,True,False,True,True,True,OCM,OCM,1,CAMToOCM_1,True,,,,
lre,fixed,CAM,ReqHdng,False,True,True,True,False,True,True,True,OCM,OCM,1,CAMToOCM_1,True,,,,
lre,fixed,CAM,ReqMOM,False,True,True,True,False,True,True,True,OCM,OCM,1,CAMToOCM_1,True,,,,
lre,fixed,CAM,ReqOCM,False,True,True,True,False,True,True,True,OCM,OCM,1,CAMToOCM,True,,,,
lre,fixed,CAM,EndTask,False,True,True,True,False,True,True,True,OCM,OCM,1,CAMToOCM_1,True,,,,
lre,fixed,CAM,ReqHCM,False,True,True,True,False,True,True,True,OCM,OCM,1,CAMToOCM_1,True,,,,
lre,fixed,CAM,tick,False,True,True,True,False,True,True,True,OCM,OCM,1,CAMToOCM_1,True,,,,
lre,fixed,CAM,ReqVel,False,True,True,True,True,False,False,False,CAM,CAM,0,-,True,,,,
lre,fixed,CAM,ReqHdng,False,True,True,True,True,False,False,False,CAM,CAM,0,-,True,,,,
lre,fixed,CAM,ReqMOM,False,True,True,True,True,False,False,False,CAM,CAM,0,-,True,,,,
lre,fixed,CAM,ReqOCM,False,True,True,True,True,False,False,False,OCM,OCM,1,CAMToOCM,True,,,,
lre,fixed,CAM,EndTask,False,True,True,True,True,False,False,False,CAM,CAM,0,-,True,,,,
lre,fixed,CAM,ReqHCM,False,True,True,True,True,False,False,False,CAM,CAM,0,-,True,,,,
lre,fixed,CAM,tick,False,True,True,True,True,False,False,False,CAM,CAM,0,-,True,,,,
lre,fixed,CAM,ReqVel,False,True,True,True,True,False,False,True,OCM,OCM,1,CAMToOCM_1,True,,,,
lre,fixed,CAM,ReqHdng,False,True,True,True,True,False,False,True,OCM,OCM,1,CAMToOCM_1,True,,,,
lre,fixed,CAM,ReqMOM,False,True,True,True,True,False,False,True,OCM,OCM,1,CAMToOCM_1,True,,,,
lre,fixed,CAM,ReqOCM,False,True,True,True,True,False,False,True,OCM,OCM,1,CAMToOCM,True,,,,
lre,fixed,CAM,EndTask,False,True,True,True,True,False,False,True,OCM,OCM,1,CAMToOCM_1,True,,,,
lre,fixed,CAM,ReqHCM,False,True,True,True,True,False,False,True,OCM,OCM,1,CAMToOCM_1,True,,,,
lre,fixed,CAM,tick,False,True,True,True,True,False,False,True,OCM,OCM,1,CAMToOCM_1,True,,,,
lre,fixed,CAM,ReqVel,False,True,True,True,True,False,True,False,CAM,CAM,0,-,True,,,,
lre,fixed,CAM,ReqHdng,False,True,True,True,True,False,True,False,CAM,CAM,0,-,True,,,,
lre,fixed,CAM,ReqMOM,False,True,True,True,True,False,True,False,CAM,CAM,0,-,True,,,,
lre,fixed,CAM,ReqOCM,False,True,True,True,True,False,True,False,OCM,OCM,1,CAMToOCM,True,,,,
lre,fixed,CAM,EndTask,False,True,True,True,True,False,True,False,CAM,CAM,0,-,True,,,,
lre,fixed,CAM,ReqHCM,False,True,True,True,True,False,True,False,CAM,CAM,0,-,True,,,,
lre,fixed,CAM,tick,False,True,True,True,True,False,True,False,CAM,CAM,0,-,True,,,,
lre,fixed,CAM,ReqVel,False,True,True,True,True,False,True,True,OCM,OCM,1,CAMToOCM_1,True,,,,
lre,fixed,CAM,ReqHdng,False,True,True,True,True,False,True,True,OCM,OCM,1,CAMToOCM_1,True,,,,
lre,fixed,CAM,ReqMOM,False,True,True,True,True,False,True,True,OCM,OCM,1,CAMToOCM_1,True,,,,
lre,fixed,CAM,ReqOCM,False,True,True,True,True,False,True,True,OCM,OCM,1,CAMToOCM,True,,,,
lre,fixed,CAM,EndTask,False,True,True,True,True,False,True,True,OCM,OCM,1,CAMToOCM_1,True,,,,
lre,fixed,CAM,ReqHCM,False,True,True,True,True,False,True,True,OCM,OCM,1,CAMToOCM_1,True,,,,
lre,fixed,CAM,tick,False,True,True,True,True,False,True,True,OCM,OCM,1,CAMToOCM_1,True,,,,
lre,fixed,CAM,ReqVel,False,True,True,True,True,True,False,False,CAM,CAM,0,-,True,,,,
lre,fixed,CAM,ReqHdng,False,True,True,True,True,True,False,False,CAM,CAM,0,-,True,,,,
lre,fixed,CAM,ReqMOM,False,True,True,True,True,True,False,False,CAM,CAM,0,-,True,,,,
lre,fixed,CAM,ReqOCM,False,True,True,True,True,True,False,False,OCM,OCM,1,CAMToOCM,True,,,,
lre,fixed,CAM,EndTask,False,True,True,True,True,True,False,False,CAM,CAM,0,-,True,,,,
lre,fixed,CAM,ReqHCM,False,True,True,True,True,True,False,False,CAM,CAM,0,-,True,,,,
lre,fixed,CAM,tick,False,True,True,True,True,True,False,False,CAM,CAM,0,-,True,,,,
lre,fixed,CAM,ReqVel,False,True,True,True,True,True,False,True,OCM,OCM,1,CAMToOCM_1,True,,,,
lre,fixed,CAM,ReqHdng,False,True,True,True,True,True,False,True,OCM,OCM,1,CAMToOCM_1,True,,,,
lre,fixed,CAM,ReqMOM,False,True,True,True,True,True,False,True,OCM,OCM,1,CAMToOCM_1,True,,,,
lre,fixed,CAM,ReqOCM,False,True,True,True,True,True,False,True,OCM,OCM,1,CAMToOCM,True,,,,
lre,fixed,CAM,EndTask,False,True,True,True,True,True,False,True,OCM,OCM,1,CAMToOCM_1,True,,,,
lre,fixed,CAM,ReqHCM,False,True,True,True,True,True,False,True,OCM,OCM,1,CAMToOCM_1,True,,,,
lre,fixed,CAM,tick,False,True,True,True,True,True,False,True,OCM,OCM,1,CAMToOCM_1,True,,,,
lre,fixed,CAM,ReqVel,False,True,True,True,True,True,True,False,CAM,CAM,0,-,True,,,,
lre,fixed,CAM,ReqHdng,False,True,True,True,True,True,True,False,CAM,CAM,0,-,True,,,,
lre,fixed,CAM,ReqMOM,False,True,True,True,True,True,True,False,CAM,CAM,0,-,True,,,,
lre,fixed,CAM,ReqOCM,False,True,True,True,True,True,True,False,OCM,OCM,1,CAMToOCM,True,,,,
lre,fixed,CAM,EndTask,False,True,True,True,True,True,True,False,CAM,CAM,0,-,True,,,,
lre,fixed,CAM,ReqHCM,False,True,True,True,True,True,True,False,CAM,CAM,0,-,True,,,,
lre,fixed,CAM,tick,False,True,True,True,True,True,True,False,CAM,CAM,0,-,True,,,,
lre,fixed,CAM,ReqVel,False,True,True,True,True,True,True,True,OCM,OCM,1,CAMToOCM_1,True,,,,
lre,fixed,CAM,ReqHdng,False,True,True,True,True,True,True,True,OCM,OCM,1,CAMToOCM_1,True,,,,
lre,fixed,CAM,ReqMOM,False,True,True,True,True,True,True,True,OCM,OCM,1,CAMToOCM_1,True,,,,
lre,fixed,CAM,ReqOCM,False,True,True,True,True,True,True,True,OCM,OCM,1,CAMToOCM,True,,,,
lre,fixed,CAM,EndTask,False,True,True,True,True,True,True,True,OCM,OCM,1,CAMToOCM_1,True,,,,
lre,fixed,CAM,ReqHCM,False,True,True,True,True,True,True,True,OCM,OCM,1,CAMToOCM_1,True,,,,
lre,fixed,CAM,tick,False,True,True,True,True,True,True,True,OCM,OCM,1,CAMToOCM_1,True,,,,
lre,fixed,CAM,ReqVel,True,False,False,False,False,False,False,False,CAM,CAM,0,-,True,,,,
lre,fixed,CAM,ReqHdng,True,False,False,False,False,False,False,False,CAM,CAM,0,-,True,,,,
lre,fixed,CAM,ReqMOM,True,False,False,False,False,False,False,False,CAM,CAM,0,-,True,,,,
lre,fixed,CAM,ReqOCM,True,False,False,False,False,False,False,False,OCM,OCM,1,CAMToOCM,True,,,,
lre,fixed,CAM,EndTask,True,False,False,False,False,False,False,False,CAM,CAM,0,-,True,,,,
lre,fixed,CAM,ReqHCM,True,False,False,False,False,False,False,False,CAM,CAM,0,-,True,,,,
lre,fixed,CAM,tick,True,False,False,False,False,False,False,False,CAM,CAM,0,-,True,,,,
lre,fixed,CAM,ReqVel,True,False,False,False,False,False,False,True,OCM,OCM,1,CAMToOCM_1,True,,,,
lre,fixed,CAM,ReqHdng,True,False,False,False,False,False,False,True,OCM,OCM,1,CAMToOCM_1,True,,,,
lre,fixed,CAM,ReqMOM,True,False,False,False,False,False,False,True,OCM,OCM,1,CAMToOCM_1,True,,,,
lre,fixed,CAM,ReqOCM,True,False,False,False,False,False,False,True,OCM,OCM,1,CAMToOCM,True,,,,
lre,fixed,CAM,EndTask,True,False,False,False,False,False,False,True,OCM,OCM,1,CAMToOCM_1,True,,,,
lre,fixed,CAM,ReqHCM,True,False,False,False,False,False,False,True,OCM,OCM,1,CAMToOCM_1,True,,,,
lre,fixed,CAM,tick,True,False,False,False,False,False,False,True,OCM,OCM,1,CAMToOCM_1,True,,,,
lre,fixed,CAM,ReqVel,True,False,False,False,False,False,True,False,CAM,CAM,0,-,True,,,,
lre,fixed,CAM,ReqHdng,True,False,False,False,False,False,True,False,CAM,CAM,0,-,True,,,,
lre,fixed,CAM,ReqMOM,True,False,False,False,False,False,True,False,CAM,CAM,0,-,True,,,,
lre,fixed,CAM,ReqOCM,True,False,False,False,False,False,True,False,OCM,OCM,1,CAMToOCM,True,,,,
lre,fixed,CAM,EndTask,True,False,False,False,False,False,True,False,CAM,CAM,0,-,True,,,,
lre,fixed,CAM,ReqHCM,True,False,False,False,False,False,True,False,CAM,CAM,0,-,True,,,,
lre,fixed,CAM,tick,True,False,False,False,False,False,True,False,CAM,CAM,0,-,True,,,,
lre,fixed,CAM,ReqVel,True,False,False,False,False,False,True,True,OCM,OCM,1,CAMToOCM_1,True,,,,
lre,fixed,CAM,ReqHdng,True,False,False,False,False,False,True,True,OCM,OCM,1,CAMToOCM_1,True,,,,
lre,fixed,CAM,ReqMOM,True,False,False,False,False,False,True,True,OCM,OCM,1,CAMToOCM_1,True,,,,
lre,fixed,CAM,ReqOCM,True,False,False,False,False,False,True,True,OCM,OCM,1,CAMToOCM,True,,,,
lre,fixed,CAM,EndTask,True,False,False,False,False,False,True,True,OCM,OCM,1,CAMToOCM_1,True,,,,
lre,fixed,CAM,ReqHCM,True,False,False,False,False,False,True,True,OCM,OCM,1,CAMToOCM_1,True,,,,
lre,fixed,CAM,tick,True,False,False,False,False,False,True,True,OCM,OCM,1,CAMToOCM_1,True,,,,
lre,fixed,CAM,ReqVel,True,False,False,False,False,True,False,False,CAM,CAM,0,-,True,,,,
lre,fixed,CAM,ReqHdng,True,False,False,False,False,True,False,False,CAM,CAM,0,-,True,,,,
lre,fixed,CAM,ReqMOM,True,False,False,False,False,True,False,False,CAM,CAM,0,-,True,,,,
lre,fixed,CAM,ReqOCM,True,False,False,False,False,True,False,False,OCM,OCM,1,CAMToOCM,True,,,,
lre,fixed,CAM,EndTask,True,False,False,False,False,True,False,False,CAM,CAM,0,-,True,,,,
lre,fixed,CAM,ReqHCM,True,False,False,False,False,True,False,False,CAM,CAM,0,-,True,,,,
lre,fixed,CAM,tick,True,False,False,False,False,True,False,False,CAM,CAM,0,-,True,,,,
lre,fixed,CAM,ReqVel,True,False,False,False,False,True,False,True,OCM,OCM,1,CAMToOCM_1,True,,,,
lre,fixed,CAM,ReqHdng,True,False,False,False,False,True,False,True,OCM,OCM,1,CAMToOCM_1,True,,,,
lre,fixed,CAM,ReqMOM,True,False,False,False,False,True,False,True,OCM,OCM,1,CAMToOCM_1,True,,,,
lre,fixed,CAM,ReqOCM,True,False,False,False,False,True,False,True,OCM,OCM,1,CAMToOCM,True,,,,
lre,fixed,CAM,EndTask,True,False,False,False,False,True,False,True,OCM,OCM,1,CAMToOCM_1,True,,,,
lre,fixed,CAM,ReqHCM,True,False,False,False,False,True,False,True,OCM,OCM,1,CAMToOCM_1,True,,,,
lre,fixed,CAM,tick,True,False,False,False,False,True,False,True,OCM,OCM,1,CAMToOCM_1,True,,,,
lre,fixed,CAM,ReqVel,True,False,False,False,False,True,True,False,CAM,CAM,0,-,True,,,,
lre,fixed,CAM,ReqHdng,True,False,False,False,False,True,True,False,CAM,CAM,0,-,True,,,,
lre,fixed,CAM,ReqMOM,True,False,False,False,False,True,True,False,CAM,CAM,0,-,True,,,,
lre,fixed,CAM,ReqOCM,True,False,False,False,False,True,True,False,OCM,OCM,1,CAMToOCM,True,,,,
lre,fixed,CAM,EndTask,True,False,False,False,False,True,True,False,CAM,CAM,0,-,True,,,,
lre,fixed,CAM,ReqHCM,True,False,False,False,False,True,True,False,CAM,CAM,0,-,True,,,,
lre,fixed,CAM,tick,True,False,False,False,False,True,True,False,CAM,CAM,0,-,True,,,,
lre,fixed,CAM,ReqVel,True,False,False,False,False,True,True,True,OCM,OCM,1,CAMToOCM_1,True,,,,
lre,fixed,CAM,ReqHdng,True,False,False,False,False,True,True,True,OCM,OCM,1,CAMToOCM_1,True,,,,
lre,fixed,CAM,ReqMOM,True,False,False,False,False,True,True,True,OCM,OCM,1,CAMToOCM_1,True,,,,
lre,fixed,CAM,ReqOCM,True,False,False,False,False,True,True,True,OCM,OCM,1,CAMToOCM,True,,,,
lre,fixed,CAM,EndTask,True,False,False,False,False,True,True,True,OCM,OCM,1,CAMToOCM_1,True,,,,
lre,fixed,CAM,ReqHCM,True,False,False,False,False,True,True,True,OCM,OCM,1,CAMToOCM_1,True,,,,
lre,fixed,CAM,tick,True,False,False,False,False,True,True,True,OCM,OCM,1,CAMToOCM_1,True,,,,
lre,fixed,CAM,ReqVel,True,False,False,False,True,False,False,False,CAM,CAM,0,-,True,,,,
lre,fixed,CAM,ReqHdng,True,False,False,False,True,False,False,False,CAM,CAM,0,-,True,,,,
lre,fixed,CAM,ReqMOM,True,False,False,False,True,False,False,False,CAM,CAM,0,-,True,,,,
lre,fixed,CAM,ReqOCM,True,False,False,False,True,False,False,False,OCM,OCM,1,CAMToOCM,True,,,,
lre,fixed,CAM,EndTask,True,False,False,False,True,False,False,False,CAM,CAM,0,-,True,,,,
lre,fixed,CAM,ReqHCM,True,False,False,False,True,False,False,False,CAM,CAM,0,-,True,,,,
lre,fixed,CAM,tick,True,False,False,False,True,False,False,False,CAM,CAM,0,-,True,,,,
lre,fixed,CAM,ReqVel,True,False,False,False,True,False,False,True,OCM,OCM,1,CAMToOCM_1,True,,,,
lre,fixed,CAM,ReqHdng,True,False,False,False,True,False,False,True,OCM,OCM,1,CAMToOCM_1,True,,,,
lre,fixed,CAM,ReqMOM,True,False,False,False,True,False,False,True,OCM,OCM,1,CAMToOCM_1,True,,,,
lre,fixed,CAM,ReqOCM,True,False,False,False,True,False,False,True,OCM,OCM,1,CAMToOCM,True,,,,
lre,fixed,CAM,EndTask,True,False,False,False,True,False,False,True,OCM,OCM,1,CAMToOCM_1,True,,,,
lre,fixed,CAM,ReqHCM,True,False,False,False,True,False,False,True,OCM,OCM,1,CAMToOCM_1,True,,,,
lre,fixed,CAM,tick,True,False,False,False,True,False,False,True,OCM,OCM,1,CAMToOCM_1,True,,,,
lre,fixed,CAM,ReqVel,True,False,False,False,True,False,True,False,CAM,CAM,0,-,True,,,,
lre,fixed,CAM,ReqHdng,True,False,False,False,True,False,True,False,CAM,CAM,0,-,True,,,,
lre,fixed,CAM,ReqMOM,True,False,False,False,True,False,True,False,CAM,CAM,0,-,True,,,,
lre,fixed,CAM,ReqOCM,True,False,False,False,True,False,True,False,OCM,OCM,1,CAMToOCM,True,,,,
lre,fixed,CAM,EndTask,True,False,False,False,True,False,True,False,CAM,CAM,0,-,True,,,,
lre,fixed,CAM,ReqHCM,True,False,False,False,True,False,True,False,CAM,CAM,0,-,True,,,,
lre,fixed,CAM,tick,True,False,False,False,True,False,True,False,CAM,CAM,0,-,True,,,,
lre,fixed,CAM,ReqVel,True,False,False,False,True,False,True,True,OCM,OCM,1,CAMToOCM_1,True,,,,
lre,fixed,CAM,ReqHdng,True,False,False,False,True,False,True,True,OCM,OCM,1,CAMToOCM_1,True,,,,
lre,fixed,CAM,ReqMOM,True,False,False,False,True,False,True,True,OCM,OCM,1,CAMToOCM_1,True,,,,
lre,fixed,CAM,ReqOCM,True,False,False,False,True,False,True,True,OCM,OCM,1,CAMToOCM,True,,,,
lre,fixed,CAM,EndTask,True,False,False,False,True,False,True,True,OCM,OCM,1,CAMToOCM_1,True,,,,
lre,fixed,CAM,ReqHCM,True,False,False,False,True,False,True,True,OCM,OCM,1,CAMToOCM_1,True,,,,
lre,fixed,CAM,tick,True,False,False,False,True,False,True,True,OCM,OCM,1,CAMToOCM_1,True,,,,
lre,fixed,CAM,ReqVel,True,False,False,False,True,True,False,False,CAM,CAM,0,-,True,,,,
lre,fixed,CAM,ReqHdng,True,False,False,False,True,True,False,False,CAM,CAM,0,-,True,,,,
lre,fixed,CAM,ReqMOM,True,False,False,False,True,True,False,False,CAM,CAM,0,-,True,,,,
lre,fixed,CAM,ReqOCM,True,False,False,False,True,True,False,False,OCM,OCM,1,CAMToOCM,True,,,,
lre,fixed,CAM,EndTask,True,False,False,False,True,True,False,False,CAM,CAM,0,-,True,,,,
lre,fixed,CAM,ReqHCM,True,False,False,False,True,True,False,False,CAM,CAM,0,-,True,,,,
lre,fixed,CAM,tick,True,False,False,False,True,True,False,False,CAM,CAM,0,-,True,,,,
lre,fixed,CAM,ReqVel,True,False,False,False,True,True,False,True,OCM,OCM,1,CAMToOCM_1,True,,,,
lre,fixed,CAM,ReqHdng,True,False,False,False,True,True,False,True,OCM,OCM,1,CAMToOCM_1,True,,,,
lre,fixed,CAM,ReqMOM,True,False,False,False,True,True,False,True,OCM,OCM,1,CAMToOCM_1,True,,,,
lre,fixed,CAM,ReqOCM,True,False,False,False,True,True,False,True,OCM,OCM,1,CAMToOCM,True,,,,
lre,fixed,CAM,EndTask,True,False,False,False,True,True,False,True,OCM,OCM,1,CAMToOCM_1,True,,,,
lre,fixed,CAM,ReqHCM,True,False,False,False,True,True,False,True,OCM,OCM,1,CAMToOCM_1,True,,,,
lre,fixed,CAM,tick,True,False,False,False,True,True,False,True,OCM,OCM,1,CAMToOCM_1,True,,,,
lre,fixed,CAM,ReqVel,True,False,False,False,True,True,True,False,CAM,CAM,0,-,True,,,,
lre,fixed,CAM,ReqHdng,True,False,False,False,True,True,True,False,CAM,CAM,0,-,True,,,,
lre,fixed,CAM,ReqMOM,True,False,False,False,True,True,True,False,CAM,CAM,0,-,True,,,,
lre,fixed,CAM,ReqOCM,True,False,False,False,True,True,True,False,OCM,OCM,1,CAMToOCM,True,,,,
lre,fixed,CAM,EndTask,True,False,False,False,True,True,True,False,CAM,CAM,0,-,True,,,,
lre,fixed,CAM,ReqHCM,True,False,False,False,True,True,True,False,CAM,CAM,0,-,True,,,,
lre,fixed,CAM,tick,True,False,False,False,True,True,True,False,CAM,CAM,0,-,True,,,,
lre,fixed,CAM,ReqVel,True,False,False,False,True,True,True,True,OCM,OCM,1,CAMToOCM_1,True,,,,
lre,fixed,CAM,ReqHdng,True,False,False,False,True,True,True,True,OCM,OCM,1,CAMToOCM_1,True,,,,
lre,fixed,CAM,ReqMOM,True,False,False,False,True,True,True,True,OCM,OCM,1,CAMToOCM_1,True,,,,
lre,fixed,CAM,ReqOCM,True,False,False,False,True,True,True,True,OCM,OCM,1,CAMToOCM,True,,,,
lre,fixed,CAM,EndTask,True,False,False,False,True,True,True,True,OCM,OCM,1,CAMToOCM_1,True,,,,
lre,fixed,CAM,ReqHCM,True,False,False,False,True,True,True,True,OCM,OCM,1,CAMToOCM_1,True,,,,
lre,fixed,CAM,tick,True,False,False,False,True,True,True,True,OCM,OCM,1,CAMToOCM_1,True,,,,
lre,fixed,CAM,ReqVel,True,False,False,True,False,False,False,False,CAM,CAM,0,-,True,,,,
lre,fixed,CAM,ReqHdng,True,False,False,True,False,False,False,False,CAM,CAM,0,-,True,,,,
lre,fixed,CAM,ReqMOM,True,False,False,True,False,False,False,False,CAM,CAM,0,-,True,,,,
lre,fixed,CAM,ReqOCM,True,False,False,True,False,False,False,False,OCM,OCM,1,CAMToOCM,True,,,,
lre,fixed,CAM,EndTask,True,False,False,True,False,False,False,False,CAM,CAM,0,-,True,,,,
lre,fixed,CAM,ReqHCM,True,False,False,True,False,False,False,False,CAM,CAM,0,-,True,,,,
lre,fixed,CAM,tick,True,False,False,True,False,False,False,False,CAM,CAM,0,-,True,,,,
lre,fixed,CAM,ReqVel,True,False,False,True,False,False,False,True,OCM,OCM,1,CAMToOCM_1,True,,,,
lre,fixed,CAM,ReqHdng,True,False,False,True,False,False,False,True,OCM,OCM,1,CAMToOCM_1,True,,,,
lre,fixed,CAM,ReqMOM,True,False,False,True,False,False,False,True,OCM,OCM,1,CAMToOCM_1,True,,,,
lre,fixed,CAM,ReqOCM,True,False,False,True,False,False,False,True,OCM,OCM,1,CAMToOCM,True,,,,
lre,fixed,CAM,EndTask,True,False,False,True,False,False,False,True,OCM,OCM,1,CAMToOCM_1,True,,,,
lre,fixed,CAM,ReqHCM,True,False,False,True,False,False,False,True,OCM,OCM,1,CAMToOCM_1,True,,,,
lre,fixed,CAM,tick,True,False,False,True,False,False,False,True,OCM,OCM,1,CAMToOCM_1,True,,,,
lre,fixed,CAM,ReqVel,True,False,False,True,False,False,True,False,CAM,CAM,0,-,True,,,,
lre,fixed,CAM,ReqHdng,True,False,False,True,False,False,True,False,CAM,CAM,0,-,True,,,,
lre,fixed,CAM,ReqMOM,True,False,False,True,False,False,True,False,CAM,CAM,0,-,True,,,,
lre,fixed,CAM,ReqOCM,True,False,False,True,False,False,True,False,OCM,OCM,1,CAMToOCM,True,,,,
lre,fixed,CAM,EndTask,True,False,False,True,False,False,True,False,CAM,CAM,0,-,True,,,,
lre,fixed,CAM,ReqHCM,True,False,False,True,False,False,True,False,CAM,CAM,0,-,True,,,,
lre,fixed,CAM,tick,True,False,False,True,False,False,True,False,CAM,CAM,0,-,True,,,,
lre,fixed,CAM,ReqVel,True,False,False,True,False,False,True,True,OCM,OCM,1,CAMToOCM_1,True,,,,
lre,fixed,CAM,ReqHdng,True,False,False,True,False,False,True,True,OCM,OCM,1,CAMToOCM_1,True,,,,
lre,fixed,CAM,ReqMOM,True,False,False,True,False,False,True,True,OCM,OCM,1,CAMToOCM_1,True,,,,
lre,fixed,CAM,ReqOCM,True,False,False,True,False,False,True,True,OCM,OCM,1,CAMToOCM,True,,,,
lre,fixed,CAM,EndTask,True,False,False,True,False,False,True,True,OCM,OCM,1,CAMToOCM_1,True,,,,
lre,fixed,CAM,ReqHCM,True,False,False,True,False,False,True,True,OCM,OCM,1,CAMToOCM_1,True,,,,
lre,fixed,CAM,tick,True,False,False,True,False,False,True,True,OCM,OCM,1,CAMToOCM_1,True,,,,
lre,fixed,CAM,ReqVel,True,False,False,True,False,True,False,False,CAM,CAM,0,-,True,,,,
lre,fixed,CAM,ReqHdng,True,False,False,True,False,True,False,False,CAM,CAM,0,-,True,,,,
lre,fixed,CAM,ReqMOM,True,False,False,True,False,True,False,False,CAM,CAM,0,-,True,,,,
lre,fixed,CAM,ReqOCM,True,False,False,True,False,True,False,False,OCM,OCM,1,CAMToOCM,True,,,,
lre,fixed,CAM,EndTask,True,False,False,True,False,True,False,False,CAM,CAM,0,-,True,,,,
lre,fixed,CAM,ReqHCM,True,False,False,True,False,True,False,False,CAM,CAM,0,-,True,,,,
lre,fixed,CAM,tick,True,False,False,True,False,True,False,False,CAM,CAM,0,-,True,,,,
lre,fixed,CAM,ReqVel,True,False,False,True,False,True,False,True,OCM,OCM,1,CAMToOCM_1,True,,,,
lre,fixed,CAM,ReqHdng,True,False,False,True,False,True,False,True,OCM,OCM,1,CAMToOCM_1,True,,,,
lre,fixed,CAM,ReqMOM,True,False,False,True,False,True,False,True,OCM,OCM,1,CAMToOCM_1,True,,,,
lre,fixed,CAM,ReqOCM,True,False,False,True,False,True,False,True,OCM,OCM,1,CAMToOCM,True,,,,
lre,fixed,CAM,EndTask,True,False,False,True,False,True,False,True,OCM,OCM,1,CAMToOCM_1,True,,,,
lre,fixed,CAM,ReqHCM,True,False,False,True,False,True,False,True,OCM,OCM,1,CAMToOCM_1,True,,,,
lre,fixed,CAM,tick,True,False,False,True,False,True,False,True,OCM,OCM,1,CAMToOCM_1,True,,,,
lre,fixed,CAM,ReqVel,True,False,False,True,False,True,True,False,CAM,CAM,0,-,True,,,,
lre,fixed,CAM,ReqHdng,True,False,False,True,False,True,True,False,CAM,CAM,0,-,True,,,,
lre,fixed,CAM,ReqMOM,True,False,False,True,False,True,True,False,CAM,CAM,0,-,True,,,,
lre,fixed,CAM,ReqOCM,True,False,False,True,False,True,True,False,OCM,OCM,1,CAMToOCM,True,,,,
lre,fixed,CAM,EndTask,True,False,False,True,False,True,True,False,CAM,CAM,0,-,True,,,,
lre,fixed,CAM,ReqHCM,True,False,False,True,False,True,True,False,CAM,CAM,0,-,True,,,,
lre,fixed,CAM,tick,True,False,False,True,False,True,True,False,CAM,CAM,0,-,True,,,,
lre,fixed,CAM,ReqVel,True,False,False,True,False,True,True,True,OCM,OCM,1,CAMToOCM_1,True,,,,
lre,fixed,CAM,ReqHdng,True,False,False,True,False,True,True,True,OCM,OCM,1,CAMToOCM_1,True,,,,
lre,fixed,CAM,ReqMOM,True,False,False,True,False,True,True,True,OCM,OCM,1,CAMToOCM_1,True,,,,
lre,fixed,CAM,ReqOCM,True,False,False,True,False,True,True,True,OCM,OCM,1,CAMToOCM,True,,,,
lre,fixed,CAM,EndTask,True,False,False,True,False,True,True,True,OCM,OCM,1,CAMToOCM_1,True,,,,
lre,fixed,CAM,ReqHCM,True,False,False,True,False,True,True,True,OCM,OCM,1,CAMToOCM_1,True,,,,
lre,fixed,CAM,tick,True,False,False,True,False,True,True,True,OCM,OCM,1,CAMToOCM_1,True,,,,
lre,fixed,CAM,ReqVel,True,False,False,True,True,False,False,False,CAM,CAM,0,-,True,,,,
lre,fixed,CAM,ReqHdng,True,False,False,True,True,False,False,False,CAM,CAM,0,-,True,,,,
lre,fixed,CAM,ReqMOM,True,False,False,True,True,False,False,False,CAM,CAM,0,-,True,,,,
lre,fixed,CAM,ReqOCM,True,False,False,True,True,False,False,False,OCM,OCM,1,CAMToOCM,True,,,,
lre,fixed,CAM,EndTask,True,False,False,True,True,False,False,False,CAM,CAM,0,-,True,,,,
lre,fixed,CAM,ReqHCM,True,False,False,True,True,False,False,False,CAM,CAM,0,-,True,,,,
lre,fixed,CAM,tick,True,False,False,True,True,False,False,False,CAM,CAM,0,-,True,,,,
lre,fixed,CAM,ReqVel,True,False,False,True,True,False,False,True,OCM,OCM,1,CAMToOCM_1,True,,,,
lre,fixed,CAM,ReqHdng,True,False,False,True,True,False,False,True,OCM,OCM,1,CAMToOCM_1,True,,,,
lre,fixed,CAM,ReqMOM,True,False,False,True,True,False,False,True,OCM,OCM,1,CAMToOCM_1,True,,,,
lre,fixed,CAM,ReqOCM,True,False,False,True,True,False,False,True,OCM,OCM,1,CAMToOCM,True,,,,
lre,fixed,CAM,EndTask,True,False,False,True,True,False,False,True,OCM,OCM,1,CAMToOCM_1,True,,,,
lre,fixed,CAM,ReqHCM,True,False,False,True,True,False,False,True,OCM,OCM,1,CAMToOCM_1,True,,,,
lre,fixed,CAM,tick,True,False,False,True,True,False,False,True,OCM,OCM,1,CAMToOCM_1,True,,,,
lre,fixed,CAM,ReqVel,True,False,False,True,True,False,True,False,CAM,CAM,0,-,True,,,,
lre,fixed,CAM,ReqHdng,True,False,False,True,True,False,True,False,CAM,CAM,0,-,True,,,,
lre,fixed,CAM,ReqMOM,True,False,False,True,True,False,True,False,CAM,CAM,0,-,True,,,,
lre,fixed,CAM,ReqOCM,True,False,False,True,True,False,True,False,OCM,OCM,1,CAMToOCM,True,,,,
lre,fixed,CAM,EndTask,True,False,False,True,True,False,True,False,CAM,CAM,0,-,True,,,,
lre,fixed,CAM,ReqHCM,True,False,False,True,True,False,True,False,CAM,CAM,0,-,True,,,,
lre,fixed,CAM,tick,True,False,False,True,True,False,True,False,CAM,CAM,0,-,True,,,,
lre,fixed,CAM,ReqVel,True,False,False,True,True,False,True,True,OCM,OCM,1,CAMToOCM_1,True,,,,
lre,fixed,CAM,ReqHdng,True,False,False,True,True,False,True,True,OCM,OCM,1,CAMToOCM_1,True,,,,
lre,fixed,CAM,ReqMOM,True,False,False,True,True,False,True,True,OCM,OCM,1,CAMToOCM_1,True,,,,
lre,fixed,CAM,ReqOCM,True,False,False,True,True,False,True,True,OCM,OCM,1,CAMToOCM,True,,,,
lre,fixed,CAM,EndTask,True,False,False,True,True,False,True,True,OCM,OCM,1,CAMToOCM_1,True,,,,
lre,fixed,CAM,ReqHCM,True,False,False,True,True,False,True,True,OCM,OCM,1,CAMToOCM_1,True,,,,
lre,fixed,CAM,tick,True,False,False,True,True,False,True,True,OCM,OCM,1,CAMToOCM_1,True,,,,
lre,fixed,CAM,ReqVel,True,False,False,True,True,True,False,False,CAM,CAM,0,-,True,,,,
lre,fixed,CAM,ReqHdng,True,False,False,True,True,True,False,False,CAM,CAM,0,-,True,,,,
lre,fixed,CAM,ReqMOM,True,False,False,True,True,True,False,False,CAM,CAM,0,-,True,,,,
lre,fixed,CAM,ReqOCM,True,False,False,True,True,True,False,False,OCM,OCM,1,CAMToOCM,True,,,,
lre,fixed,CAM,EndTask,True,False,False,True,True,True,False,False,CAM,CAM,0,-,True,,,,
lre,fixed,CAM,ReqHCM,True,False,False,True,True,True,False,False,CAM,CAM,0,-,True,,,,
lre,fixed,CAM,tick,True,False,False,True,True,True,False,False,CAM,CAM,0,-,True,,,,
lre,fixed,CAM,ReqVel,True,False,False,True,True,True,False,True,OCM,OCM,1,CAMToOCM_1,True,,,,
lre,fixed,CAM,ReqHdng,True,False,False,True,True,True,False,True,OCM,OCM,1,CAMToOCM_1,True,,,,
lre,fixed,CAM,ReqMOM,True,False,False,True,True,True,False,True,OCM,OCM,1,CAMToOCM_1,True,,,,
lre,fixed,CAM,ReqOCM,True,False,False,True,True,True,False,True,OCM,OCM,1,CAMToOCM,True,,,,
lre,fixed,CAM,EndTask,True,False,False,True,True,True,False,True,OCM,OCM,1,CAMToOCM_1,True,,,,
lre,fixed,CAM,ReqHCM,True,False,False,True,True,True,False,True,OCM,OCM,1,CAMToOCM_1,True,,,,
lre,fixed,CAM,tick,True,False,False,True,True,True,False,True,OCM,OCM,1,CAMToOCM_1,True,,,,
lre,fixed,CAM,ReqVel,True,False,False,True,True,True,True,False,CAM,CAM,0,-,True,,,,
lre,fixed,CAM,ReqHdng,True,False,False,True,True,True,True,False,CAM,CAM,0,-,True,,,,
lre,fixed,CAM,ReqMOM,True,False,False,True,True,True,True,False,CAM,CAM,0,-,True,,,,
lre,fixed,CAM,ReqOCM,True,False,False,True,True,True,True,False,OCM,OCM,1,CAMToOCM,True,,,,
lre,fixed,CAM,EndTask,True,False,False,True,True,True,True,False,CAM,CAM,0,-,True,,,,
lre,fixed,CAM,ReqHCM,True,False,False,True,True,True,True,False,CAM,CAM,0,-,True,,,,
lre,fixed,CAM,tick,True,False,False,True,True,True,True,False,CAM,CAM,0,-,True,,,,
lre,fixed,CAM,ReqVel,True,False,False,True,True,True,True,True,OCM,OCM,1,CAMToOCM_1,True,,,,
lre,fixed,CAM,ReqHdng,True,False,False,True,True,True,True,True,OCM,OCM,1,CAMToOCM_1,True,,,,
lre,fixed,CAM,ReqMOM,True,False,False,True,True,True,True,True,OCM,OCM,1,CAMToOCM_1,True,,,,
lre,fixed,CAM,ReqOCM,True,False,False,True,True,True,True,True,OCM,OCM,1,CAMToOCM,True,,,,
lre,fixed,CAM,EndTask,True,False,False,True,True,True,True,True,OCM,OCM,1,CAMToOCM_1,True,,,,
lre,fixed,CAM,ReqHCM,True,False,False,True,True,True,True,True,OCM,OCM,1,CAMToOCM_1,True,,,,
lre,fixed,CAM,tick,True,False,False,True,True,True,True,True,OCM,OCM,1,CAMToOCM_1,True,,,,
lre,fixed,CAM,ReqVel,True,False,True,False,False,False,False,False,CAM,CAM,0,-,True,,,,
lre,fixed,CAM,ReqHdng,True,False,True,False,False,False,False,False,CAM,CAM,0,-,True,,,,
lre,fixed,CAM,ReqMOM,True,False,True,False,False,False,False,False,CAM,CAM,0,-,True,,,,
lre,fixed,CAM,ReqOCM,True,False,True,False,False,False,False,False,OCM,OCM,1,CAMToOCM,True,,,,
lre,fixed,CAM,EndTask,True,False,True,False,False,False,False,False,CAM,CAM,0,-,True,,,,
lre,fixed,CAM,ReqHCM,True,False,True,False,False,False,False,False,CAM,CAM,0,-,True,,,,
lre,fixed,CAM,tick,True,False,True,False,False,False,False,False,CAM,CAM,0,-,True,,,,
lre,fixed,CAM,ReqVel,True,False,True,False,False,False,False,True,OCM,OCM,1,CAMToOCM_1,True,,,,
lre,fixed,CAM,ReqHdng,True,False,True,False,False,False,False,True,OCM,OCM,1,CAMToOCM_1,True,,,,
lre,fixed,CAM,ReqMOM,True,False,True,False,False,False,False,True,OCM,OCM,1,CAMToOCM_1,True,,,,
lre,fixed,CAM,ReqOCM,True,False,True,False,False,False,False,True,OCM,OCM,1,CAMToOCM,True,,,,
lre,fixed,CAM,EndTask,True,False,True,False,False,False,False,True,OCM,OCM,1,CAMToOCM_1,True,,,,
lre,fixed,CAM,ReqHCM,True,False,True,False,False,False,False,True,OCM,OCM,1,CAMToOCM_1,True,,,,
lre,fixed,CAM,tick,True,False,True,False,False,False,False,True,OCM,OCM,1,CAMToOCM_1,True,,,,
lre,fixed,CAM,ReqVel,True,False,True,False,False,False,True,False,CAM,CAM,0,-,True,,,,
lre,fixed,CAM,ReqHdng,True,False,True,False,False,False,True,False,CAM,CAM,0,-,True,,,,
lre,fixed,CAM,ReqMOM,True,False,True,False,False,False,True,False,CAM,CAM,0,-,True,,,,
lre,fixed,CAM,ReqOCM,True,False,True,False,False,False,True,False,OCM,OCM,1,CAMToOCM,True,,,,
lre,fixed,CAM,EndTask,True,False,True,False,False,False,True,False,CAM,CAM,0,-,True,,,,
lre,fixed,CAM,ReqHCM,True,False,True,False,False,False,True,False,CAM,CAM,0,-,True,,,,
lre,fixed,CAM,tick,True,False,True,False,False,False,True,False,CAM,CAM,0,-,True,,,,
lre,fixed,CAM,ReqVel,True,False,True,False,False,False,True,True,OCM,OCM,1,CAMToOCM_1,True,,,,
lre,fixed,CAM,ReqHdng,True,False,True,False,False,False,True,True,OCM,OCM,1,CAMToOCM_1,True,,,,
lre,fixed,CAM,ReqMOM,True,False,True,False,False,False,True,True,OCM,OCM,1,CAMToOCM_1,True,,,,
lre,fixed,CAM,ReqOCM,True,False,True,False,False,False,True,True,OCM,OCM,1,CAMToOCM,True,,,,
lre,fixed,CAM,EndTask,True,False,True,False,False,False,True,True,OCM,OCM,1,CAMToOCM_1,True,,,,
lre,fixed,CAM,ReqHCM,True,False,True,False,False,False,True,True,OCM,OCM,1,CAMToOCM_1,True,,,,
lre,fixed,CAM,tick,True,False,True,False,False,False,True,True,OCM,OCM,1,CAMToOCM_1,True,,,,
lre,fixed,CAM,ReqVel,True,False,True,False,False,True,False,False,CAM,CAM,0,-,True,,,,
lre,fixed,CAM,ReqHdng,True,False,True,False,False,True,False,False,CAM,CAM,0,-,True,,,,
lre,fixed,CAM,ReqMOM,True,False,True,False,False,True,False,False,CAM,CAM,0,-,True,,,,
lre,fixed,CAM,ReqOCM,True,False,True,False,False,True,False,False,OCM,OCM,1,CAMToOCM,True,,,,
lre,fixed,CAM,EndTask,True,False,True,False,False,True,False,False,CAM,CAM,0,-,True,,,,
lre,fixed,CAM,ReqHCM,True,False,True,False,False,True,False,False,CAM,CAM,0,-,True,,,,
lre,fixed,CAM,tick,True,False,True,False,False,True,False,False,CAM,CAM,0,-,True,,,,
lre,fixed,CAM,ReqVel,True,False,True,False,False,True,False,True,OCM,OCM,1,CAMToOCM_1,True,,,,
lre,fixed,CAM,ReqHdng,True,False,True,False,False,True,False,True,OCM,OCM,1,CAMToOCM_1,True,,,,
lre,fixed,CAM,ReqMOM,True,False,True,False,False,True,False,True,OCM,OCM,1,CAMToOCM_1,True,,,,
lre,fixed,CAM,ReqOCM,True,False,True,False,False,True,False,True,OCM,OCM,1,CAMToOCM,True,,,,
lre,fixed,CAM,EndTask,True,False,True,False,False,True,False,True,OCM,OCM,1,CAMToOCM_1,True,,,,
lre,fixed,CAM,ReqHCM,True,False,True,False,False,True,False,True,OCM,OCM,1,CAMToOCM_1,True,,,,
lre,fixed,CAM,tick,True,False,True,False,False,True,False,True,OCM,OCM,1,CAMToOCM_1,True,,,,
lre,fixed,CAM,ReqVel,True,False,True,False,False,True,True,False,CAM,CAM,0,-,True,,,,
lre,fixed,CAM,ReqHdng,True,False,True,False,False,True,True,False,CAM,CAM,0,-,True,,,,
lre,fixed,CAM,ReqMOM,True,False,True,False,False,True,True,False,CAM,CAM,0,-,True,,,,
lre,fixed,CAM,ReqOCM,True,False,True,False,False,True,True,False,OCM,OCM,1,CAMToOCM,True,,,,
lre,fixed,CAM,EndTask,True,False,True,False,False,True,True,False,CAM,CAM,0,-,True,,,,
lre,fixed,CAM,ReqHCM,True,False,True,False,False,True,True,False,CAM,CAM,0,-,True,,,,
lre,fixed,CAM,tick,True,False,True,False,False,True,True,False,CAM,CAM,0,-,True,,,,
lre,fixed,CAM,ReqVel,True,False,True,False,False,True,True,True,OCM,OCM,1,CAMToOCM_1,True,,,,
lre,fixed,CAM,ReqHdng,True,False,True,False,False,True,True,True,OCM,OCM,1,CAMToOCM_1,True,,,,
lre,fixed,CAM,ReqMOM,True,False,True,False,False,True,True,True,OCM,OCM,1,CAMToOCM_1,True,,,,
lre,fixed,CAM,ReqOCM,True,False,True,False,False,True,True,True,OCM,OCM,1,CAMToOCM,True,,,,
lre,fixed,CAM,EndTask,True,False,True,False,False,True,True,True,OCM,OCM,1,CAMToOCM_1,True,,,,
lre,fixed,CAM,ReqHCM,True,False,True,False,False,True,True,True,OCM,OCM,1,CAMToOCM_1,True,,,,
lre,fixed,CAM,tick,True,False,True,False,False,True,True,True,OCM,OCM,1,CAMToOCM_1,True,,,,
lre,fixed,CAM,ReqVel,True,False,True,False,True,False,False,False,CAM,CAM,0,-,True,,,,
lre,fixed,CAM,ReqHdng,True,False,True,False,True,False,False,False,CAM,CAM,0,-,True,,,,
lre,fixed,CAM,ReqMOM,True,False,True,False,True,False,False,False,CAM,CAM,0,-,True,,,,
lre,fixed,CAM,ReqOCM,True,False,True,False,True,False,False,False,OCM,OCM,1,CAMToOCM,True,,,,
lre,fixed,CAM,EndTask,True,False,True,False,True,False,False,False,CAM,CAM,0,-,True,,,,
lre,fixed,CAM,ReqHCM,True,False,True,False,True,False,False,False,CAM,CAM,0,-,True,,,,
lre,fixed,CAM,tick,True,False,True,False,True,False,False,False,CAM,CAM,0,-,True,,,,
lre,fixed,CAM,ReqVel,True,False,True,False,True,False,False,True,OCM,OCM,1,CAMToOCM_1,True,,,,
lre,fixed,CAM,ReqHdng,True,False,True,False,True,False,False,True,OCM,OCM,1,CAMToOCM_1,True,,,,
lre,fixed,CAM,ReqMOM,True,False,True,False,True,False,False,True,OCM,OCM,1,CAMToOCM_1,True,,,,
lre,fixed,CAM,ReqOCM,True,False,True,False,True,False,False,True,OCM,OCM,1,CAMToOCM,True,,,,
lre,fixed,CAM,EndTask,True,False,True,False,True,False,False,True,OCM,OCM,1,CAMToOCM_1,True,,,,
lre,fixed,CAM,ReqHCM,True,False,True,False,True,False,False,True,OCM,OCM,1,CAMToOCM_1,True,,,,
lre,fixed,CAM,tick,True,False,True,False,True,False,False,True,OCM,OCM,1,CAMToOCM_1,True,,,,
lre,fixed,CAM,ReqVel,True,False,True,False,True,False,True,False,CAM,CAM,0,-,True,,,,
lre,fixed,CAM,ReqHdng,True,False,True,False,True,False,True,False,CAM,CAM,0,-,True,,,,
lre,fixed,CAM,ReqMOM,True,False,True,False,True,False,True,False,CAM,CAM,0,-,True,,,,
lre,fixed,CAM,ReqOCM,True,False,True,False,True,False,True,False,OCM,OCM,1,CAMToOCM,True,,,,
lre,fixed,CAM,EndTask,True,False,True,False,True,False,True,False,CAM,CAM,0,-,True,,,,
lre,fixed,CAM,ReqHCM,True,False,True,False,True,False,True,False,CAM,CAM,0,-,True,,,,
lre,fixed,CAM,tick,True,False,True,False,True,False,True,False,CAM,CAM,0,-,True,,,,
lre,fixed,CAM,ReqVel,True,False,True,False,True,False,True,True,OCM,OCM,1,CAMToOCM_1,True,,,,
lre,fixed,CAM,ReqHdng,True,False,True,False,True,False,True,True,OCM,OCM,1,CAMToOCM_1,True,,,,
lre,fixed,CAM,ReqMOM,True,False,True,False,True,False,True,True,OCM,OCM,1,CAMToOCM_1,True,,,,
lre,fixed,CAM,ReqOCM,True,False,True,False,True,False,True,True,OCM,OCM,1,CAMToOCM,True,,,,
lre,fixed,CAM,EndTask,True,False,True,False,True,False,True,True,OCM,OCM,1,CAMToOCM_1,True,,,,
lre,fixed,CAM,ReqHCM,True,False,True,False,True,False,True,True,OCM,OCM,1,CAMToOCM_1,True,,,,
lre,fixed,CAM,tick,True,False,True,False,True,False,True,True,OCM,OCM,1,CAMToOCM_1,True,,,,
lre,fixed,CAM,ReqVel,True,False,True,False,True,True,False,False,CAM,CAM,0,-,True,,,,
lre,fixed,CAM,ReqHdng,True,False,True,False,True,True,False,False,CAM,CAM,0,-,True,,,,
lre,fixed,CAM,ReqMOM,True,False,True,False,True,True,False,False,CAM,CAM,0,-,True,,,,
lre,fixed,CAM,ReqOCM,True,False,True,False,True,True,False,False,OCM,OCM,1,CAMToOCM,True,,,,
lre,fixed,CAM,EndTask,True,False,True,False,True,True,False,False,CAM,CAM,0,-,True,,,,
lre,fixed,CAM,ReqHCM,True,False,True,False,True,True,False,False,CAM,CAM,0,-,True,,,,
lre,fixed,CAM,tick,True,False,True,False,True,True,False,False,CAM,CAM,0,-,True,,,,
lre,fixed,CAM,ReqVel,True,False,True,False,True,True,False,True,OCM,OCM,1,CAMToOCM_1,True,,,,
lre,fixed,CAM,ReqHdng,True,False,True,False,True,True,False,True,OCM,OCM,1,CAMToOCM_1,True,,,,
lre,fixed,CAM,ReqMOM,True,False,True,False,True,True,False,True,OCM,OCM,1,CAMToOCM_1,True,,,,
lre,fixed,CAM,ReqOCM,True,False,True,False,True,True,False,True,OCM,OCM,1,CAMToOCM,True,,,,
lre,fixed,CAM,EndTask,True,False,True,False,True,True,False,True,OCM,OCM,1,CAMToOCM_1,True,,,,
lre,fixed,CAM,ReqHCM,True,False,True,False,True,True,False,True,OCM,OCM,1,CAMToOCM_1,True,,,,
lre,fixed,CAM,tick,True,False,True,False,True,True,False,True,OCM,OCM,1,CAMToOCM_1,True,,,,
lre,fixed,CAM,ReqVel,True,False,True,False,True,True,True,False,CAM,CAM,0,-,True,,,,
lre,fixed,CAM,ReqHdng,True,False,True,False,True,True,True,False,CAM,CAM,0,-,True,,,,
lre,fixed,CAM,ReqMOM,True,False,True,False,True,True,True,False,CAM,CAM,0,-,True,,,,
lre,fixed,CAM,ReqOCM,True,False,True,False,True,True,True,False,OCM,OCM,1,CAMToOCM,True,,,,
lre,fixed,CAM,EndTask,True,False,True,False,True,True,True,False,CAM,CAM,0,-,True,,,,
lre,fixed,CAM,ReqHCM,True,False,True,False,True,True,True,False,CAM,CAM,0,-,True,,,,
lre,fixed,CAM,tick,True,False,True,False,True,True,True,False,CAM,CAM,0,-,True,,,,
lre,fixed,CAM,ReqVel,True,False,True,False,True,True,True,True,OCM,OCM,1,CAMToOCM_1,True,,,,
lre,fixed,CAM,ReqHdng,True,False,True,False,True,True,True,True,OCM,OCM,1,CAMToOCM_1,True,,,,
lre,fixed,CAM,ReqMOM,True,False,True,False,True,True,True,True,OCM,OCM,1,CAMToOCM_1,True,,,,
lre,fixed,CAM,ReqOCM,True,False,True,False,True,True,True,True,OCM,OCM,1,CAMToOCM,True,,,,
lre,fixed,CAM,EndTask,True,False,True,False,True,True,True,True,OCM,OCM,1,CAMToOCM_1,True,,,,
lre,fixed,CAM,ReqHCM,True,False,True,False,True,True,True,True,OCM,OCM,1,CAMToOCM_1,True,,,,
lre,fixed,CAM,tick,True,False,True,False,True,True,True,True,OCM,OCM,1,CAMToOCM_1,True,,,,
lre,fixed,CAM,ReqVel,True,False,True,True,False,False,False,False,CAM,CAM,0,-,True,,,,
lre,fixed,CAM,ReqHdng,True,False,True,True,False,False,False,False,CAM,CAM,0,-,True,,,,
lre,fixed,CAM,ReqMOM,True,False,True,True,False,False,False,False,CAM,CAM,0,-,True,,,,
lre,fixed,CAM,ReqOCM,True,False,True,True,False,False,False,False,OCM,OCM,1,CAMToOCM,True,,,,
lre,fixed,CAM,EndTask,True,False,True,True,False,False,False,False,CAM,CAM,0,-,True,,,,
lre,fixed,CAM,ReqHCM,True,False,True,True,False,False,False,False,CAM,CAM,0,-,True,,,,
lre,fixed,CAM,tick,True,False,True,True,False,False,False,False,CAM,CAM,0,-,True,,,,
lre,fixed,CAM,ReqVel,True,False,True,True,False,False,False,True,OCM,OCM,1,CAMToOCM_1,True,,,,
lre,fixed,CAM,ReqHdng,True,False,True,True,False,False,False,True,OCM,OCM,1,CAMToOCM_1,True,,,,
lre,fixed,CAM,ReqMOM,True,False,True,True,False,False,False,True,OCM,OCM,1,CAMToOCM_1,True,,,,
lre,fixed,CAM,ReqOCM,True,False,True,True,False,False,False,True,OCM,OCM,1,CAMToOCM,True,,,,
lre,fixed,CAM,EndTask,True,False,True,True,False,False,False,True,OCM,OCM,1,CAMToOCM_1,True,,,,
lre,fixed,CAM,ReqHCM,True,False,True,True,False,False,False,True,OCM,OCM,1,CAMToOCM_1,True,,,,
lre,fixed,CAM,tick,True,False,True,True,False,False,False,True,OCM,OCM,1,CAMToOCM_1,True,,,,
lre,fixed,CAM,ReqVel,True,False,True,True,False,False,True,False,CAM,CAM,0,-,True,,,,
lre,fixed,CAM,ReqHdng,True,False,True,True,False,False,True,False,CAM,CAM,0,-,True,,,,
lre,fixed,CAM,ReqMOM,True,False,True,True,False,False,True,False,CAM,CAM,0,-,True,,,,
lre,fixed,CAM,ReqOCM,True,False,True,True,False,False,True,False,OCM,OCM,1,CAMToOCM,True,,,,
lre,fixed,CAM,EndTask,True,False,True,True,False,False,True,False,CAM,CAM,0,-,True,,,,
lre,fixed,CAM,ReqHCM,True,False,True,True,False,False,True,False,CAM,CAM,0,-,True,,,,
lre,fixed,CAM,tick,True,False,True,True,False,False,True,False,CAM,CAM,0,-,True,,,,
lre,fixed,CAM,ReqVel,True,False,True,True,False,False,True,True,OCM,OCM,1,CAMToOCM_1,True,,,,
lre,fixed,CAM,ReqHdng,True,False,True,True,False,False,True,True,OCM,OCM,1,CAMToOCM_1,True,,,,
lre,fixed,CAM,ReqMOM,True,False,True,True,False,False,True,True,OCM,OCM,1,CAMToOCM_1,True,,,,
lre,fixed,CAM,ReqOCM,True,False,True,True,False,False,True,True,OCM,OCM,1,CAMToOCM,True,,,,
lre,fixed,CAM,EndTask,True,False,True,True,False,False,True,True,OCM,OCM,1,CAMToOCM_1,True,,,,
lre,fixed,CAM,ReqHCM,True,False,True,True,False,False,True,True,OCM,OCM,1,CAMToOCM_1,True,,,,
lre,fixed,CAM,tick,True,False,True,True,False,False,True,True,OCM,OCM,1,CAMToOCM_1,True,,,,
lre,fixed,CAM,ReqVel,True,False,True,True,False,True,False,False,CAM,CAM,0,-,True,,,,
lre,fixed,CAM,ReqHdng,True,False,True,True,False,True,False,False,CAM,CAM,0,-,True,,,,
lre,fixed,CAM,ReqMOM,True,False,True,True,False,True,False,False,CAM,CAM,0,-,True,,,,
lre,fixed,CAM,ReqOCM,True,False,True,True,False,True,False,False,OCM,OCM,1,CAMToOCM,True,,,,
lre,fixed,CAM,EndTask,True,False,True,True,False,True,False,False,CAM,CAM,0,-,True,,,,
lre,fixed,CAM,ReqHCM,True,False,True,True,False,True,False,False,CAM,CAM,0,-,True,,,,
lre,fixed,CAM,tick,True,False,True,True,False,True,False,False,CAM,CAM,0,-,True,,,,
lre,fixed,CAM,ReqVel,True,False,True,True,False,True,False,True,OCM,OCM,1,CAMToOCM_1,True,,,,
lre,fixed,CAM,ReqHdng,True,False,True,True,False,True,False,True,OCM,OCM,1,CAMToOCM_1,True,,,,
lre,fixed,CAM,ReqMOM,True,False,True,True,False,True,False,True,OCM,OCM,1,CAMToOCM_1,True,,,,
lre,fixed,CAM,ReqOCM,True,False,True,True,False,True,False,True,OCM,OCM,1,CAMToOCM,True,,,,
lre,fixed,CAM,EndTask,True,False,True,True,False,True,False,True,OCM,OCM,1,CAMToOCM_1,True,,,,
lre,fixed,CAM,ReqHCM,True,False,True,True,False,True,False,True,OCM,OCM,1,CAMToOCM_1,True,,,,
lre,fixed,CAM,tick,True,False,True,True,False,True,False,True,OCM,OCM,1,CAMToOCM_1,True,,,,
lre,fixed,CAM,ReqVel,True,False,True,True,False,True,True,False,CAM,CAM,0,-,True,,,,
lre,fixed,CAM,ReqHdng,True,False,True,True,False,True,True,False,CAM,CAM,0,-,True,,,,
lre,fixed,CAM,ReqMOM,True,False,True,True,False,True,True,False,CAM,CAM,0,-,True,,,,
lre,fixed,CAM,ReqOCM,True,False,True,True,False,True,True,False,OCM,OCM,1,CAMToOCM,True,,,,
lre,fixed,CAM,EndTask,True,False,True,True,False,True,True,False,CAM,CAM,0,-,True,,,,
lre,fixed,CAM,ReqHCM,True,False,True,True,False,True,True,False,CAM,CAM,0,-,True,,,,
lre,fixed,CAM,tick,True,False,True,True,False,True,True,False,CAM,CAM,0,-,True,,,,
lre,fixed,CAM,ReqVel,True,False,True,True,False,True,True,True,OCM,OCM,1,CAMToOCM_1,True,,,,
lre,fixed,CAM,ReqHdng,True,False,True,True,False,True,True,True,OCM,OCM,1,CAMToOCM_1,True,,,,
lre,fixed,CAM,ReqMOM,True,False,True,True,False,True,True,True,OCM,OCM,1,CAMToOCM_1,True,,,,
lre,fixed,CAM,ReqOCM,True,False,True,True,False,True,True,True,OCM,OCM,1,CAMToOCM,True,,,,
lre,fixed,CAM,EndTask,True,False,True,True,False,True,True,True,OCM,OCM,1,CAMToOCM_1,True,,,,
lre,fixed,CAM,ReqHCM,True,False,True,True,False,True,True,True,OCM,OCM,1,CAMToOCM_1,True,,,,
lre,fixed,CAM,tick,True,False,True,True,False,True,True,True,OCM,OCM,1,CAMToOCM_1,True,,,,
lre,fixed,CAM,ReqVel,True,False,True,True,True,False,False,False,CAM,CAM,0,-,True,,,,
lre,fixed,CAM,ReqHdng,True,False,True,True,True,False,False,False,CAM,CAM,0,-,True,,,,
lre,fixed,CAM,ReqMOM,True,False,True,True,True,False,False,False,CAM,CAM,0,-,True,,,,
lre,fixed,CAM,ReqOCM,True,False,True,True,True,False,False,False,OCM,OCM,1,CAMToOCM,True,,,,
lre,fixed,CAM,EndTask,True,False,True,True,True,False,False,False,CAM,CAM,0,-,True,,,,
lre,fixed,CAM,ReqHCM,True,False,True,True,True,False,False,False,CAM,CAM,0,-,True,,,,
lre,fixed,CAM,tick,True,False,True,True,True,False,False,False,CAM,CAM,0,-,True,,,,
lre,fixed,CAM,ReqVel,True,False,True,True,True,False,False,True,OCM,OCM,1,CAMToOCM_1,True,,,,
lre,fixed,CAM,ReqHdng,True,False,True,True,True,False,False,True,OCM,OCM,1,CAMToOCM_1,True,,,,
lre,fixed,CAM,ReqMOM,True,False,True,True,True,False,False,True,OCM,OCM,1,CAMToOCM_1,True,,,,
lre,fixed,CAM,ReqOCM,True,False,True,True,True,False,False,True,OCM,OCM,1,CAMToOCM,True,,,,
lre,fixed,CAM,EndTask,True,False,True,True,True,False,False,True,OCM,OCM,1,CAMToOCM_1,True,,,,
lre,fixed,CAM,ReqHCM,True,False,True,True,True,False,False,True,OCM,OCM,1,CAMToOCM_1,True,,,,
lre,fixed,CAM,tick,True,False,True,True,True,False,False,True,OCM,OCM,1,CAMToOCM_1,True,,,,
lre,fixed,CAM,ReqVel,True,False,True,True,True,False,True,False,CAM,CAM,0,-,True,,,,
lre,fixed,CAM,ReqHdng,True,False,True,True,True,False,True,False,CAM,CAM,0,-,True,,,,
lre,fixed,CAM,ReqMOM,True,False,True,True,True,False,True,False,CAM,CAM,0,-,True,,,,
lre,fixed,CAM,ReqOCM,True,False,True,True,True,False,True,False,OCM,OCM,1,CAMToOCM,True,,,,
lre,fixed,CAM,EndTask,True,False,True,True,True,False,True,False,CAM,CAM,0,-,True,,,,
lre,fixed,CAM,ReqHCM,True,False,True,True,True,False,True,False,CAM,CAM,0,-,True,,,,
lre,fixed,CAM,tick,True,False,True,True,True,False,True,False,CAM,CAM,0,-,True,,,,
lre,fixed,CAM,ReqVel,True,False,True,True,True,False,True,True,OCM,OCM,1,CAMToOCM_1,True,,,,
lre,fixed,CAM,ReqHdng,True,False,True,True,True,False,True,True,OCM,OCM,1,CAMToOCM_1,True,,,,
lre,fixed,CAM,ReqMOM,True,False,True,True,True,False,True,True,OCM,OCM,1,CAMToOCM_1,True,,,,
lre,fixed,CAM,ReqOCM,True,False,True,True,True,False,True,True,OCM,OCM,1,CAMToOCM,True,,,,
lre,fixed,CAM,EndTask,True,False,True,True,True,False,True,True,OCM,OCM,1,CAMToOCM_1,True,,,,
lre,fixed,CAM,ReqHCM,True,False,True,True,True,False,True,True,OCM,OCM,1,CAMToOCM_1,True,,,,
lre,fixed,CAM,tick,True,False,True,True,True,False,True,True,OCM,OCM,1,CAMToOCM_1,True,,,,
lre,fixed,CAM,ReqVel,True,False,True,True,True,True,False,False,CAM,CAM,0,-,True,,,,
lre,fixed,CAM,ReqHdng,True,False,True,True,True,True,False,False,CAM,CAM,0,-,True,,,,
lre,fixed,CAM,ReqMOM,True,False,True,True,True,True,False,False,CAM,CAM,0,-,True,,,,
lre,fixed,CAM,ReqOCM,True,False,True,True,True,True,False,False,OCM,OCM,1,CAMToOCM,True,,,,
lre,fixed,CAM,EndTask,True,False,True,True,True,True,False,False,CAM,CAM,0,-,True,,,,
lre,fixed,CAM,ReqHCM,True,False,True,True,True,True,False,False,CAM,CAM,0,-,True,,,,
lre,fixed,CAM,tick,True,False,True,True,True,True,False,False,CAM,CAM,0,-,True,,,,
lre,fixed,CAM,ReqVel,True,False,True,True,True,True,False,True,OCM,OCM,1,CAMToOCM_1,True,,,,
lre,fixed,CAM,ReqHdng,True,False,True,True,True,True,False,True,OCM,OCM,1,CAMToOCM_1,True,,,,
lre,fixed,CAM,ReqMOM,True,False,True,True,True,True,False,True,OCM,OCM,1,CAMToOCM_1,True,,,,
lre,fixed,CAM,ReqOCM,True,False,True,True,True,True,False,True,OCM,OCM,1,CAMToOCM,True,,,,
lre,fixed,CAM,EndTask,True,False,True,True,True,True,False,True,OCM,OCM,1,CAMToOCM_1,True,,,,
lre,fixed,CAM,ReqHCM,True,False,True,True,True,True,False,True,OCM,OCM,1,CAMToOCM_1,True,,,,
lre,fixed,CAM,tick,True,False,True,True,True,True,False,True,OCM,OCM,1,CAMToOCM_1,True,,,,
lre,fixed,CAM,ReqVel,True,False,True,True,True,True,True,False,CAM,CAM,0,-,True,,,,
lre,fixed,CAM,ReqHdng,True,False,True,True,True,True,True,False,CAM,CAM,0,-,True,,,,
lre,fixed,CAM,ReqMOM,True,False,True,True,True,True,True,False,CAM,CAM,0,-,True,,,,
lre,fixed,CAM,ReqOCM,True,False,True,True,True,True,True,False,OCM,OCM,1,CAMToOCM,True,,,,
lre,fixed,CAM,EndTask,True,False,True,True,True,True,True,False,CAM,CAM,0,-,True,,,,
lre,fixed,CAM,ReqHCM,True,False,True,True,True,True,True,False,CAM,CAM,0,-,True,,,,
lre,fixed,CAM,tick,True,False,True,True,True,True,True,False,CAM,CAM,0,-,True,,,,
lre,fixed,CAM,ReqVel,True,False,True,True,True,True,True,True,OCM,OCM,1,CAMToOCM_1,True,,,,
lre,fixed,CAM,ReqHdng,True,False,True,True,True,True,True,True,OCM,OCM,1,CAMToOCM_1,True,,,,
lre,fixed,CAM,ReqMOM,True,False,True,True,True,True,True,True,OCM,OCM,1,CAMToOCM_1,True,,,,
lre,fixed,CAM,ReqOCM,True,False,True,True,True,True,True,True,OCM,OCM,1,CAMToOCM,True,,,,
lre,fixed,CAM,EndTask,True,False,True,True,True,True,True,True,OCM,OCM,1,CAMToOCM_1,True,,,,
lre,fixed,CAM,ReqHCM,True,False,True,True,True,True,True,True,OCM,OCM,1,CAMToOCM_1,True,,,,
lre,fixed,CAM,tick,True,False,True,True,True,True,True,True,OCM,OCM,1,CAMToOCM_1,True,,,,
lre,fixed,CAM,ReqVel,True,True,False,False,False,False,False,False,CAM,CAM,0,-,True,,,,
lre,fixed,CAM,ReqHdng,True,True,False,False,False,False,False,False,CAM,CAM,0,-,True,,,,
lre,fixed,CAM,ReqMOM,True,True,False,False,False,False,False,False,CAM,CAM,0,-,True,,,,
lre,fixed,CAM,ReqOCM,True,True,False,False,False,False,False,False,OCM,OCM,1,CAMToOCM,True,,,,
lre,fixed,CAM,EndTask,True,True,False,False,False,False,False,False,CAM,CAM,0,-,True,,,,
lre,fixed,CAM,ReqHCM,True,True,False,False,False,False,False,False,CAM,CAM,0,-,True,,,,
lre,fixed,CAM,tick,True,True,False,False,False,False,False,False,CAM,CAM,0,-,True,,,,
lre,fixed,CAM,ReqVel,True,True,False,False,False,False,False,True,OCM,OCM,1,CAMToOCM_1,True,,,,
lre,fixed,CAM,ReqHdng,True,True,False,False,False,False,False,True,OCM,OCM,1,CAMToOCM_1,True,,,,
lre,fixed,CAM,ReqMOM,True,True,False,False,False,False,False,True,OCM,OCM,1,CAMToOCM_1,True,,,,
lre,fixed,CAM,ReqOCM,True,True,False,False,False,False,False,True,OCM,OCM,1,CAMToOCM,True,,,,
lre,fixed,CAM,EndTask,True,True,False,False,False,False,False,True,OCM,OCM,1,CAMToOCM_1,True,,,,
lre,fixed,CAM,ReqHCM,True,True,False,False,False,False,False,True,OCM,OCM,1,CAMToOCM_1,True,,,,
lre,fixed,CAM,tick,True,True,False,False,False,False,False,True,OCM,OCM,1,CAMToOCM_1,True,,,,
lre,fixed,CAM,ReqVel,True,True,False,False,False,False,True,False,CAM,CAM,0,-,True,,,,
lre,fixed,CAM,ReqHdng,True,True,False,False,False,False,True,False,CAM,CAM,0,-,True,,,,
lre,fixed,CAM,ReqMOM,True,True,False,False,False,False,True,False,CAM,CAM,0,-,True,,,,
lre,fixed,CAM,ReqOCM,True,True,False,False,False,False,True,False,OCM,OCM,1,CAMToOCM,True,,,,
lre,fixed,CAM,EndTask,True,True,False,False,False,False,True,False,CAM,CAM,0,-,True,,,,
lre,fixed,CAM,ReqHCM,True,True,False,False,False,False,True,False,CAM,CAM,0,-,True,,,,
lre,fixed,CAM,tick,True,True,False,False,False,False,True,False,CAM,CAM,0,-,True,,,,
lre,fixed,CAM,ReqVel,True,True,False,False,False,False,True,True,OCM,OCM,1,CAMToOCM_1,True,,,,
lre,fixed,CAM,ReqHdng,True,True,False,False,False,False,True,True,OCM,OCM,1,CAMToOCM_1,True,,,,
lre,fixed,CAM,ReqMOM,True,True,False,False,False,False,True,True,OCM,OCM,1,CAMToOCM_1,True,,,,
lre,fixed,CAM,ReqOCM,True,True,False,False,False,False,True,True,OCM,OCM,1,CAMToOCM,True,,,,
lre,fixed,CAM,EndTask,True,True,False,False,False,False,True,True,OCM,OCM,1,CAMToOCM_1,True,,,,
lre,fixed,CAM,ReqHCM,True,True,False,False,False,False,True,True,OCM,OCM,1,CAMToOCM_1,True,,,,
lre,fixed,CAM,tick,True,True,False,False,False,False,True,True,OCM,OCM,1,CAMToOCM_1,True,,,,
lre,fixed,CAM,ReqVel,True,True,False,False,False,True,False,False,CAM,CAM,0,-,True,,,,
lre,fixed,CAM,ReqHdng,True,True,False,False,False,True,False,False,CAM,CAM,0,-,True,,,,
lre,fixed,CAM,ReqMOM,True,True,False,False,False,True,False,False,CAM,CAM,0,-,True,,,,
lre,fixed,CAM,ReqOCM,True,True,False,False,False,True,False,False,OCM,OCM,1,CAMToOCM,True,,,,
lre,fixed,CAM,EndTask,True,True,False,False,False,True,False,False,CAM,CAM,0,-,True,,,,
lre,fixed,CAM,ReqHCM,True,True,False,False,False,True,False,False,CAM,CAM,0,-,True,,,,
lre,fixed,CAM,tick,True,True,False,False,False,True,False,False,CAM,CAM,0,-,True,,,,
lre,fixed,CAM,ReqVel,True,True,False,False,False,True,False,True,OCM,OCM,1,CAMToOCM_1,True,,,,
lre,fixed,CAM,ReqHdng,True,True,False,False,False,True,False,True,OCM,OCM,1,CAMToOCM_1,True,,,,
lre,fixed,CAM,ReqMOM,True,True,False,False,False,True,False,True,OCM,OCM,1,CAMToOCM_1,True,,,,
lre,fixed,CAM,ReqOCM,True,True,False,False,False,True,False,True,OCM,OCM,1,CAMToOCM,True,,,,
lre,fixed,CAM,EndTask,True,True,False,False,False,True,False,True,OCM,OCM,1,CAMToOCM_1,True,,,,
lre,fixed,CAM,ReqHCM,True,True,False,False,False,True,False,True,OCM,OCM,1,CAMToOCM_1,True,,,,
lre,fixed,CAM,tick,True,True,False,False,False,True,False,True,OCM,OCM,1,CAMToOCM_1,True,,,,
lre,fixed,CAM,ReqVel,True,True,False,False,False,True,True,False,CAM,CAM,0,-,True,,,,
lre,fixed,CAM,ReqHdng,True,True,False,False,False,True,True,False,CAM,CAM,0,-,True,,,,
lre,fixed,CAM,ReqMOM,True,True,False,False,False,True,True,False,CAM,CAM,0,-,True,,,,
lre,fixed,CAM,ReqOCM,True,True,False,False,False,True,True,False,OCM,OCM,1,CAMToOCM,True,,,,
lre,fixed,CAM,EndTask,True,True,False,False,False,True,True,False,CAM,CAM,0,-,True,,,,
lre,fixed,CAM,ReqHCM,True,True,False,False,False,True,True,False,CAM,CAM,0,-,True,,,,
lre,fixed,CAM,tick,True,True,False,False,False,True,True,False,CAM,CAM,0,-,True,,,,
lre,fixed,CAM,ReqVel,True,True,False,False,False,True,True,True,OCM,OCM,1,CAMToOCM_1,True,,,,
lre,fixed,CAM,ReqHdng,True,True,False,False,False,True,True,True,OCM,OCM,1,CAMToOCM_1,True,,,,
lre,fixed,CAM,ReqMOM,True,True,False,False,False,True,True,True,OCM,OCM,1,CAMToOCM_1,True,,,,
lre,fixed,CAM,ReqOCM,True,True,False,False,False,True,True,True,OCM,OCM,1,CAMToOCM,True,,,,
lre,fixed,CAM,EndTask,True,True,False,False,False,True,True,True,OCM,OCM,1,CAMToOCM_1,True,,,,
lre,fixed,CAM,ReqHCM,True,True,False,False,False,True,True,True,OCM,OCM,1,CAMToOCM_1,True,,,,
lre,fixed,CAM,tick,True,True,False,False,False,True,True,True,OCM,OCM,1,CAMToOCM_1,True,,,,
lre,fixed,CAM,ReqVel,True,True,False,False,True,False,False,False,CAM,CAM,0,-,True,,,,
lre,fixed,CAM,ReqHdng,True,True,False,False,True,False,False,False,CAM,CAM,0,-,True,,,,
lre,fixed,CAM,ReqMOM,True,True,False,False,True,False,False,False,CAM,CAM,0,-,True,,,,
lre,fixed,CAM,ReqOCM,True,True,False,False,True,False,False,False,OCM,OCM,1,CAMToOCM,True,,,,
lre,fixed,CAM,EndTask,True,True,False,False,True,False,False,False,CAM,CAM,0,-,True,,,,
lre,fixed,CAM,ReqHCM,True,True,False,False,True,False,False,False,CAM,CAM,0,-,True,,,,
lre,fixed,CAM,tick,True,True,False,False,True,False,False,False,CAM,CAM,0,-,True,,,,
lre,fixed,CAM,ReqVel,True,True,False,False,True,False,False,True,OCM,OCM,1,CAMToOCM_1,True,,,,
lre,fixed,CAM,ReqHdng,True,True,False,False,True,False,False,True,OCM,OCM,1,CAMToOCM_1,True,,,,
lre,fixed,CAM,ReqMOM,True,True,False,False,True,False,False,True,OCM,OCM,1,CAMToOCM_1,True,,,,
lre,fixed,CAM,ReqOCM,True,True,False,False,True,False,False,True,OCM,OCM,1,CAMToOCM,True,,,,
lre,fixed,CAM,EndTask,True,True,False,False,True,False,False,True,OCM,OCM,1,CAMToOCM_1,True,,,,
lre,fixed,CAM,ReqHCM,True,True,False,False,True,False,False,True,OCM,OCM,1,CAMToOCM_1,True,,,,
lre,fixed,CAM,tick,True,True,False,False,True,False,False,True,OCM,OCM,1,CAMToOCM_1,True,,,,
lre,fixed,CAM,ReqVel,True,True,False,False,True,False,True,False,CAM,CAM,0,-,True,,,,
lre,fixed,CAM,ReqHdng,True,True,False,False,True,False,True,False,CAM,CAM,0,-,True,,,,
lre,fixed,CAM,ReqMOM,True,True,False,False,True,False,True,False,CAM,CAM,0,-,True,,,,
lre,fixed,CAM,ReqOCM,True,True,False,False,True,False,True,False,OCM,OCM,1,CAMToOCM,True,,,,
lre,fixed,CAM,EndTask,True,True,False,False,True,False,True,False,CAM,CAM,0,-,True,,,,
lre,fixed,CAM,ReqHCM,True,True,False,False,True,False,True,False,CAM,CAM,0,-,True,,,,
lre,fixed,CAM,tick,True,True,False,False,True,False,True,False,CAM,CAM,0,-,True,,,,
lre,fixed,CAM,ReqVel,True,True,False,False,True,False,True,True,OCM,OCM,1,CAMToOCM_1,True,,,,
lre,fixed,CAM,ReqHdng,True,True,False,False,True,False,True,True,OCM,OCM,1,CAMToOCM_1,True,,,,
lre,fixed,CAM,ReqMOM,True,True,False,False,True,False,True,True,OCM,OCM,1,CAMToOCM_1,True,,,,
lre,fixed,CAM,ReqOCM,True,True,False,False,True,False,True,True,OCM,OCM,1,CAMToOCM,True,,,,
lre,fixed,CAM,EndTask,True,True,False,False,True,False,True,True,OCM,OCM,1,CAMToOCM_1,True,,,,
lre,fixed,CAM,ReqHCM,True,True,False,False,True,False,True,True,OCM,OCM,1,CAMToOCM_1,True,,,,
lre,fixed,CAM,tick,True,True,False,False,True,False,True,True,OCM,OCM,1,CAMToOCM_1,True,,,,
lre,fixed,CAM,ReqVel,True,True,False,False,True,True,False,False,CAM,CAM,0,-,True,,,,
lre,fixed,CAM,ReqHdng,True,True,False,False,True,True,False,False,CAM,CAM,0,-,True,,,,
lre,fixed,CAM,ReqMOM,True,True,False,False,True,True,False,False,CAM,CAM,0,-,True,,,,
lre,fixed,CAM,ReqOCM,True,True,False,False,True,True,False,False,OCM,OCM,1,CAMToOCM,True,,,,
lre,fixed,CAM,EndTask,True,True,False,False,True,True,False,False,CAM,CAM,0,-,True,,,,
lre,fixed,CAM,ReqHCM,True,True,False,False,True,True,False,False,CAM,CAM,0,-,True,,,,
lre,fixed,CAM,tick,True,True,False,False,True,True,False,False,CAM,CAM,0,-,True,,,,
lre,fixed,CAM,ReqVel,True,True,False,False,True,True,False,True,OCM,OCM,1,CAMToOCM_1,True,,,,
lre,fixed,CAM,ReqHdng,True,True,False,False,True,True,False,True,OCM,OCM,1,CAMToOCM_1,True,,,,
lre,fixed,CAM,ReqMOM,True,True,False,False,True,True,False,True,OCM,OCM,1,CAMToOCM_1,True,,,,
lre,fixed,CAM,ReqOCM,True,True,False,False,True,True,False,True,OCM,OCM,1,CAMToOCM,True,,,,
lre,fixed,CAM,EndTask,True,True,False,False,True,True,False,True,OCM,OCM,1,CAMToOCM_1,True,,,,
lre,fixed,CAM,ReqHCM,True,True,False,False,True,True,False,True,OCM,OCM,1,CAMToOCM_1,True,,,,
lre,fixed,CAM,tick,True,True,False,False,True,True,False,True,OCM,OCM,1,CAMToOCM_1,True,,,,
lre,fixed,CAM,ReqVel,True,True,False,False,True,True,True,False,CAM,CAM,0,-,True,,,,
lre,fixed,CAM,ReqHdng,True,True,False,False,True,True,True,False,CAM,CAM,0,-,True,,,,
lre,fixed,CAM,ReqMOM,True,True,False,False,True,True,True,False,CAM,CAM,0,-,True,,,,
lre,fixed,CAM,ReqOCM,True,True,False,False,True,True,True,False,OCM,OCM,1,CAMToOCM,True,,,,
lre,fixed,CAM,EndTask,True,True,False,False,True,True,True,False,CAM,CAM,0,-,True,,,,
lre,fixed,CAM,ReqHCM,True,True,False,False,True,True,True,False,CAM,CAM,0,-,True,,,,
lre,fixed,CAM,tick,True,True,False,False,True,True,True,False,CAM,CAM,0,-,True,,,,
lre,fixed,CAM,ReqVel,True,True,False,False,True,True,True,True,OCM,OCM,1,CAMToOCM_1,True,,,,
lre,fixed,CAM,ReqHdng,True,True,False,False,True,True,True,True,OCM,OCM,1,CAMToOCM_1,True,,,,
lre,fixed,CAM,ReqMOM,True,True,False,False,True,True,True,True,OCM,OCM,1,CAMToOCM_1,True,,,,
lre,fixed,CAM,ReqOCM,True,True,False,False,True,True,True,True,OCM,OCM,1,CAMToOCM,True,,,,
lre,fixed,CAM,EndTask,True,True,False,False,True,True,True,True,OCM,OCM,1,CAMToOCM_1,True,,,,
lre,fixed,CAM,ReqHCM,True,True,False,False,True,True,True,True,OCM,OCM,1,CAMToOCM_1,True,,,,
lre,fixed,CAM,tick,True,True,False,False,True,True,True,True,OCM,OCM,1,CAMToOCM_1,True,,,,
lre,fixed,CAM,ReqVel,True,True,False,True,False,False,False,False,CAM,CAM,0,-,True,,,,
lre,fixed,CAM,ReqHdng,True,True,False,True,False,False,False,False,CAM,CAM,0,-,True,,,,
lre,fixed,CAM,ReqMOM,True,True,False,True,False,False,False,False,CAM,CAM,0,-,True,,,,
lre,fixed,CAM,ReqOCM,True,True,False,True,False,False,False,False,OCM,OCM,1,CAMToOCM,True,,,,
lre,fixed,CAM,EndTask,True,True,False,True,False,False,False,False,CAM,CAM,0,-,True,,,,
lre,fixed,CAM,ReqHCM,True,True,False,True,False,False,False,False,CAM,CAM,0,-,True,,,,
lre,fixed,CAM,tick,True,True,False,True,False,False,False,False,CAM,CAM,0,-,True,,,,
lre,fixed,CAM,ReqVel,True,True,False,True,False,False,False,True,OCM,OCM,1,CAMToOCM_1,True,,,,
lre,fixed,CAM,ReqHdng,True,True,False,True,False,False,False,True,OCM,OCM,1,CAMToOCM_1,True,,,,
lre,fixed,CAM,ReqMOM,True,True,False,True,False,False,False,True,OCM,OCM,1,CAMToOCM_1,True,,,,
lre,fixed,CAM,ReqOCM,True,True,False,True,False,False,False,True,OCM,OCM,1,CAMToOCM,True,,,,
lre,fixed,CAM,EndTask,True,True,False,True,False,False,False,True,OCM,OCM,1,CAMToOCM_1,True,,,,
lre,fixed,CAM,ReqHCM,True,True,False,True,False,False,False,True,OCM,OCM,1,CAMToOCM_1,True,,,,
lre,fixed,CAM,tick,True,True,False,True,False,False,False,True,OCM,OCM,1,CAMToOCM_1,True,,,,
lre,fixed,CAM,ReqVel,True,True,False,True,False,False,True,False,CAM,CAM,0,-,True,,,,
lre,fixed,CAM,ReqHdng,True,True,False,True,False,False,True,False,CAM,CAM,0,-,True,,,,
lre,fixed,CAM,ReqMOM,True,True,False,True,False,False,True,False,CAM,CAM,0,-,True,,,,
lre,fixed,CAM,ReqOCM,True,True,False,True,False,False,True,False,OCM,OCM,1,CAMToOCM,True,,,,
lre,fixed,CAM,EndTask,True,True,False,True,False,False,True,False,CAM,CAM,0,-,True,,,,
lre,fixed,CAM,ReqHCM,True,True,False,True,False,False,True,False,CAM,CAM,0,-,True,,,,
lre,fixed,CAM,tick,True,True,False,True,False,False,True,False,CAM,CAM,0,-,True,,,,
lre,fixed,CAM,ReqVel,True,True,False,True,False,False,True,True,OCM,OCM,1,CAMToOCM_1,True,,,,
lre,fixed,CAM,ReqHdng,True,True,False,True,False,False,True,True,OCM,OCM,1,CAMToOCM_1,True,,,,
lre,fixed,CAM,ReqMOM,True,True,False,True,False,False,True,True,OCM,OCM,1,CAMToOCM_1,True,,,,
lre,fixed,CAM,ReqOCM,True,True,False,True,False,False,True,True,OCM,OCM,1,CAMToOCM,True,,,,
lre,fixed,CAM,EndTask,True,True,False,True,False,False,True,True,OCM,OCM,1,CAMToOCM_1,True,,,,
lre,fixed,CAM,ReqHCM,True,True,False,True,False,False,True,True,OCM,OCM,1,CAMToOCM_1,True,,,,
lre,fixed,CAM,tick,True,True,False,True,False,False,True,True,OCM,OCM,1,CAMToOCM_1,True,,,,
lre,fixed,CAM,ReqVel,True,True,False,True,False,True,False,False,CAM,CAM,0,-,True,,,,
lre,fixed,CAM,ReqHdng,True,True,False,True,False,True,False,False,CAM,CAM,0,-,True,,,,
lre,fixed,CAM,ReqMOM,True,True,False,True,False,True,False,False,CAM,CAM,0,-,True,,,,
lre,fixed,CAM,ReqOCM,True,True,False,True,False,True,False,False,OCM,OCM,1,CAMToOCM,True,,,,
lre,fixed,CAM,EndTask,True,True,False,True,False,True,False,False,CAM,CAM,0,-,True,,,,
lre,fixed,CAM,ReqHCM,True,True,False,True,False,True,False,False,CAM,CAM,0,-,True,,,,
lre,fixed,CAM,tick,True,True,False,True,False,True,False,False,CAM,CAM,0,-,True,,,,
lre,fixed,CAM,ReqVel,True,True,False,True,False,True,False,True,OCM,OCM,1,CAMToOCM_1,True,,,,
lre,fixed,CAM,ReqHdng,True,True,False,True,False,True,False,True,OCM,OCM,1,CAMToOCM_1,True,,,,
lre,fixed,CAM,ReqMOM,True,True,False,True,False,True,False,True,OCM,OCM,1,CAMToOCM_1,True,,,,
lre,fixed,CAM,ReqOCM,True,True,False,True,False,True,False,True,OCM,OCM,1,CAMToOCM,True,,,,
lre,fixed,CAM,EndTask,True,True,False,True,False,True,False,True,OCM,OCM,1,CAMToOCM_1,True,,,,
lre,fixed,CAM,ReqHCM,True,True,False,True,False,True,False,True,OCM,OCM,1,CAMToOCM_1,True,,,,
lre,fixed,CAM,tick,True,True,False,True,False,True,False,True,OCM,OCM,1,CAMToOCM_1,True,,,,
lre,fixed,CAM,ReqVel,True,True,False,True,False,True,True,False,CAM,CAM,0,-,True,,,,
lre,fixed,CAM,ReqHdng,True,True,False,True,False,True,True,False,CAM,CAM,0,-,True,,,,
lre,fixed,CAM,ReqMOM,True,True,False,True,False,True,True,False,CAM,CAM,0,-,True,,,,
lre,fixed,CAM,ReqOCM,True,True,False,True,False,True,True,False,OCM,OCM,1,CAMToOCM,True,,,,
lre,fixed,CAM,EndTask,True,True,False,True,False,True,True,False,CAM,CAM,0,-,True,,,,
lre,fixed,CAM,ReqHCM,True,True,False,True,False,True,True,False,CAM,CAM,0,-,True,,,,
lre,fixed,CAM,tick,True,True,False,True,False,True,True,False,CAM,CAM,0,-,True,,,,
lre,fixed,CAM,ReqVel,True,True,False,True,False,True,True,True,OCM,OCM,1,CAMToOCM_1,True,,,,
lre,fixed,CAM,ReqHdng,True,True,False,True,False,True,True,True,OCM,OCM,1,CAMToOCM_1,True,,,,
lre,fixed,CAM,ReqMOM,True,True,False,True,False,True,True,True,OCM,OCM,1,CAMToOCM_1,True,,,,
lre,fixed,CAM,ReqOCM,True,True,False,True,False,True,True,True,OCM,OCM,1,CAMToOCM,True,,,,
lre,fixed,CAM,EndTask,True,True,False,True,False,True,True,True,OCM,OCM,1,CAMToOCM_1,True,,,,
lre,fixed,CAM,ReqHCM,True,True,False,True,False,True,True,True,OCM,OCM,1,CAMToOCM_1,True,,,,
lre,fixed,CAM,tick,True,True,False,True,False,True,True,True,OCM,OCM,1,CAMToOCM_1,True,,,,
lre,fixed,CAM,ReqVel,True,True,False,True,True,False,False,False,CAM,CAM,0,-,True,,,,
lre,fixed,CAM,ReqHdng,True,True,False,True,True,False,False,False,CAM,CAM,0,-,True,,,,
lre,fixed,CAM,ReqMOM,True,True,False,True,True,False,False,False,CAM,CAM,0,-,True,,,,
lre,fixed,CAM,ReqOCM,True,True,False,True,True,False,False,False,OCM,OCM,1,CAMToOCM,True,,,,
lre,fixed,CAM,EndTask,True,True,False,True,True,False,False,False,CAM,CAM,0,-,True,,,,
lre,fixed,CAM,ReqHCM,True,True,False,True,True,False,False,False,CAM,CAM,0,-,True,,,,
lre,fixed,CAM,tick,True,True,False,True,True,False,False,False,CAM,CAM,0,-,True,,,,
lre,fixed,CAM,ReqVel,True,True,False,True,True,False,False,True,OCM,OCM,1,CAMToOCM_1,True,,,,
lre,fixed,CAM,ReqHdng,True,True,False,True,True,False,False,True,OCM,OCM,1,CAMToOCM_1,True,,,,
lre,fixed,CAM,ReqMOM,True,True,False,True,True,False,False,True,OCM,OCM,1,CAMToOCM_1,True,,,,
lre,fixed,CAM,ReqOCM,True,True,False,True,True,False,False,True,OCM,OCM,1,CAMToOCM,True,,,,
lre,fixed,CAM,EndTask,True,True,False,True,True,False,False,True,OCM,OCM,1,CAMToOCM_1,True,,,,
lre,fixed,CAM,ReqHCM,True,True,False,True,True,False,False,True,OCM,OCM,1,CAMToOCM_1,True,,,,
lre,fixed,CAM,tick,True,True,False,True,True,False,False,True,OCM,OCM,1,CAMToOCM_1,True,,,,
lre,fixed,CAM,ReqVel,True,True,False,True,True,False,True,False,CAM,CAM,0,-,True,,,,
lre,fixed,CAM,ReqHdng,True,True,False,True,True,False,True,False,CAM,CAM,0,-,True,,,,
lre,fixed,CAM,ReqMOM,True,True,False,True,True,False,True,False,CAM,CAM,0,-,True,,,,
lre,fixed,CAM,ReqOCM,True,True,False,True,True,False,True,False,OCM,OCM,1,CAMToOCM,True,,,,
lre,fixed,CAM,EndTask,True,True,False,True,True,False,True,False,CAM,CAM,0,-,True,,,,
lre,fixed,CAM,ReqHCM,True,True,False,True,True,False,True,False,CAM,CAM,0,-,True,,,,
lre,fixed,CAM,tick,True,True,False,True,True,False,True,False,CAM,CAM,0,-,True,,,,
lre,fixed,CAM,ReqVel,True,True,False,True,True,False,True,True,OCM,OCM,1,CAMToOCM_1,True,,,,
lre,fixed,CAM,ReqHdng,True,True,False,True,True,False,True,True,OCM,OCM,1,CAMToOCM_1,True,,,,
lre,fixed,CAM,ReqMOM,True,True,False,True,True,False,True,True,OCM,OCM,1,CAMToOCM_1,True,,,,
lre,fixed,CAM,ReqOCM,True,True,False,True,True,False,True,True,OCM,OCM,1,CAMToOCM,True,,,,
lre,fixed,CAM,EndTask,True,True,False,True,True,False,True,True,OCM,OCM,1,CAMToOCM_1,True,,,,
lre,fixed,CAM,ReqHCM,True,True,False,True,True,False,True,True,OCM,OCM,1,CAMToOCM_1,True,,,,
lre,fixed,CAM,tick,True,True,False,True,True,False,True,True,OCM,OCM,1,CAMToOCM_1,True,,,,
lre,fixed,CAM,ReqVel,True,True,False,True,True,True,False,False,CAM,CAM,0,-,True,,,,
lre,fixed,CAM,ReqHdng,True,True,False,True,True,True,False,False,CAM,CAM,0,-,True,,,,
lre,fixed,CAM,ReqMOM,True,True,False,True,True,True,False,False,CAM,CAM,0,-,True,,,,
lre,fixed,CAM,ReqOCM,True,True,False,True,True,True,False,False,OCM,OCM,1,CAMToOCM,True,,,,
lre,fixed,CAM,EndTask,True,True,False,True,True,True,False,False,CAM,CAM,0,-,True,,,,
lre,fixed,CAM,ReqHCM,True,True,False,True,True,True,False,False,CAM,CAM,0,-,True,,,,
lre,fixed,CAM,tick,True,True,False,True,True,True,False,False,CAM,CAM,0,-,True,,,,
lre,fixed,CAM,ReqVel,True,True,False,True,True,True,False,True,OCM,OCM,1,CAMToOCM_1,True,,,,
lre,fixed,CAM,ReqHdng,True,True,False,True,True,True,False,True,OCM,OCM,1,CAMToOCM_1,True,,,,
lre,fixed,CAM,ReqMOM,True,True,False,True,True,True,False,True,OCM,OCM,1,CAMToOCM_1,True,,,,
lre,fixed,CAM,ReqOCM,True,True,False,True,True,True,False,True,OCM,OCM,1,CAMToOCM,True,,,,
lre,fixed,CAM,EndTask,True,True,False,True,True,True,False,True,OCM,OCM,1,CAMToOCM_1,True,,,,
lre,fixed,CAM,ReqHCM,True,True,False,True,True,True,False,True,OCM,OCM,1,CAMToOCM_1,True,,,,
lre,fixed,CAM,tick,True,True,False,True,True,True,False,True,OCM,OCM,1,CAMToOCM_1,True,,,,
lre,fixed,CAM,ReqVel,True,True,False,True,True,True,True,False,CAM,CAM,0,-,True,,,,
lre,fixed,CAM,ReqHdng,True,True,False,True,True,True,True,False,CAM,CAM,0,-,True,,,,
lre,fixed,CAM,ReqMOM,True,True,False,True,True,True,True,False,CAM,CAM,0,-,True,,,,
lre,fixed,CAM,ReqOCM,True,True,False,True,True,True,True,False,OCM,OCM,1,CAMToOCM,True,,,,
lre,fixed,CAM,EndTask,True,True,False,True,True,True,True,False,CAM,CAM,0,-,True,,,,
lre,fixed,CAM,ReqHCM,True,True,False,True,True,True,True,False,CAM,CAM,0,-,True,,,,
lre,fixed,CAM,tick,True,True,False,True,True,True,True,False,CAM,CAM,0,-,True,,,,
lre,fixed,CAM,ReqVel,True,True,False,True,True,True,True,True,OCM,OCM,1,CAMToOCM_1,True,,,,
lre,fixed,CAM,ReqHdng,True,True,False,True,True,True,True,True,OCM,OCM,1,CAMToOCM_1,True,,,,
lre,fixed,CAM,ReqMOM,True,True,False,True,True,True,True,True,OCM,OCM,1,CAMToOCM_1,True,,,,
lre,fixed,CAM,ReqOCM,True,True,False,True,True,True,True,True,OCM,OCM,1,CAMToOCM,True,,,,
lre,fixed,CAM,EndTask,True,True,False,True,True,True,True,True,OCM,OCM,1,CAMToOCM_1,True,,,,
lre,fixed,CAM,ReqHCM,True,True,False,True,True,True,True,True,OCM,OCM,1,CAMToOCM_1,True,,,,
lre,fixed,CAM,tick,True,True,False,True,True,True,True,True,OCM,OCM,1,CAMToOCM_1,True,,,,
lre,fixed,CAM,ReqVel,True,True,True,False,False,False,False,False,CAM,CAM,0,-,True,,,,
lre,fixed,CAM,ReqHdng,True,True,True,False,False,False,False,False,CAM,CAM,0,-,True,,,,
lre,fixed,CAM,ReqMOM,True,True,True,False,False,False,False,False,CAM,CAM,0,-,True,,,,
lre,fixed,CAM,ReqOCM,True,True,True,False,False,False,False,False,OCM,OCM,1,CAMToOCM,True,,,,
lre,fixed,CAM,EndTask,True,True,True,False,False,False,False,False,CAM,CAM,0,-,True,,,,
lre,fixed,CAM,ReqHCM,True,True,True,False,False,False,False,False,CAM,CAM,0,-,True,,,,
lre,fixed,CAM,tick,True,True,True,False,False,False,False,False,CAM,CAM,0,-,True,,,,
lre,fixed,CAM,ReqVel,True,True,True,False,False,False,False,True,OCM,OCM,1,CAMToOCM_1,True,,,,
lre,fixed,CAM,ReqHdng,True,True,True,False,False,False,False,True,OCM,OCM,1,CAMToOCM_1,True,,,,
lre,fixed,CAM,ReqMOM,True,True,True,False,False,False,False,True,OCM,OCM,1,CAMToOCM_1,True,,,,
lre,fixed,CAM,ReqOCM,True,True,True,False,False,False,False,True,OCM,OCM,1,CAMToOCM,True,,,,
lre,fixed,CAM,EndTask,True,True,True,False,False,False,False,True,OCM,OCM,1,CAMToOCM_1,True,,,,
lre,fixed,CAM,ReqHCM,True,True,True,False,False,False,False,True,OCM,OCM,1,CAMToOCM_1,True,,,,
lre,fixed,CAM,tick,True,True,True,False,False,False,False,True,OCM,OCM,1,CAMToOCM_1,True,,,,
lre,fixed,CAM,ReqVel,True,True,True,False,False,False,True,False,CAM,CAM,0,-,True,,,,
lre,fixed,CAM,ReqHdng,True,True,True,False,False,False,True,False,CAM,CAM,0,-,True,,,,
lre,fixed,CAM,ReqMOM,True,True,True,False,False,False,True,False,CAM,CAM,0,-,True,,,,
lre,fixed,CAM,ReqOCM,True,True,True,False,False,False,True,False,OCM,OCM,1,CAMToOCM,True,,,,
lre,fixed,CAM,EndTask,True,True,True,False,False,False,True,False,CAM,CAM,0,-,True,,,,
lre,fixed,CAM,ReqHCM,True,True,True,False,False,False,True,False,CAM,CAM,0,-,True,,,,
lre,fixed,CAM,tick,True,True,True,False,False,False,True,False,CAM,CAM,0,-,True,,,,
lre,fixed,CAM,ReqVel,True,True,True,False,False,False,True,True,OCM,OCM,1,CAMToOCM_1,True,,,,
lre,fixed,CAM,ReqHdng,True,True,True,False,False,False,True,True,OCM,OCM,1,CAMToOCM_1,True,,,,
lre,fixed,CAM,ReqMOM,True,True,True,False,False,False,True,True,OCM,OCM,1,CAMToOCM_1,True,,,,
lre,fixed,CAM,ReqOCM,True,True,True,False,False,False,True,True,OCM,OCM,1,CAMToOCM,True,,,,
lre,fixed,CAM,EndTask,True,True,True,False,False,False,True,True,OCM,OCM,1,CAMToOCM_1,True,,,,
lre,fixed,CAM,ReqHCM,True,True,True,False,False,False,True,True,OCM,OCM,1,CAMToOCM_1,True,,,,
lre,fixed,CAM,tick,True,True,True,False,False,False,True,True,OCM,OCM,1,CAMToOCM_1,True,,,,
lre,fixed,CAM,ReqVel,True,True,True,False,False,True,False,False,CAM,CAM,0,-,True,,,,
lre,fixed,CAM,ReqHdng,True,True,True,False,False,True,False,False,CAM,CAM,0,-,True,,,,
lre,fixed,CAM,ReqMOM,True,True,True,False,False,True,False,False,CAM,CAM,0,-,True,,,,
lre,fixed,CAM,ReqOCM,True,True,True,False,False,True,False,False,OCM,OCM,1,CAMToOCM,True,,,,
lre,fixed,CAM,EndTask,True,True,True,False,False,True,False,False,CAM,CAM,0,-,True,,,,
lre,fixed,CAM,ReqHCM,True,True,True,False,False,True,False,False,CAM,CAM,0,-,True,,,,
lre,fixed,CAM,tick,True,True,True,False,False,True,False,False,CAM,CAM,0,-,True,,,,
lre,fixed,CAM,ReqVel,True,True,True,False,False,True,False,True,OCM,OCM,1,CAMToOCM_1,True,,,,
lre,fixed,CAM,ReqHdng,True,True,True,False,False,True,False,True,OCM,OCM,1,CAMToOCM_1,True,,,,
lre,fixed,CAM,ReqMOM,True,True,True,False,False,True,False,True,OCM,OCM,1,CAMToOCM_1,True,,,,
lre,fixed,CAM,ReqOCM,True,True,True,False,False,True,False,True,OCM,OCM,1,CAMToOCM,True,,,,
lre,fixed,CAM,EndTask,True,True,True,False,False,True,False,True,OCM,OCM,1,CAMToOCM_1,True,,,,
lre,fixed,CAM,ReqHCM,True,True,True,False,False,True,False,True,OCM,OCM,1,CAMToOCM_1,True,,,,
lre,fixed,CAM,tick,True,True,True,False,False,True,False,True,OCM,OCM,1,CAMToOCM_1,True,,,,
lre,fixed,CAM,ReqVel,True,True,True,False,False,True,True,False,CAM,CAM,0,-,True,,,,
lre,fixed,CAM,ReqHdng,True,True,True,False,False,True,True,False,CAM,CAM,0,-,True,,,,
lre,fixed,CAM,ReqMOM,True,True,True,False,False,True,True,False,CAM,CAM,0,-,True,,,,
lre,fixed,CAM,ReqOCM,True,True,True,False,False,True,True,False,OCM,OCM,1,CAMToOCM,True,,,,
lre,fixed,CAM,EndTask,True,True,True,False,False,True,True,False,CAM,CAM,0,-,True,,,,
lre,fixed,CAM,ReqHCM,True,True,True,False,False,True,True,False,CAM,CAM,0,-,True,,,,
lre,fixed,CAM,tick,True,True,True,False,False,True,True,False,CAM,CAM,0,-,True,,,,
lre,fixed,CAM,ReqVel,True,True,True,False,False,True,True,True,OCM,OCM,1,CAMToOCM_1,True,,,,
lre,fixed,CAM,ReqHdng,True,True,True,False,False,True,True,True,OCM,OCM,1,CAMToOCM_1,True,,,,
lre,fixed,CAM,ReqMOM,True,True,True,False,False,True,True,True,OCM,OCM,1,CAMToOCM_1,True,,,,
lre,fixed,CAM,ReqOCM,True,True,True,False,False,True,True,True,OCM,OCM,1,CAMToOCM,True,,,,
lre,fixed,CAM,EndTask,True,True,True,False,False,True,True,True,OCM,OCM,1,CAMToOCM_1,True,,,,
lre,fixed,CAM,ReqHCM,True,True,True,False,False,True,True,True,OCM,OCM,1,CAMToOCM_1,True,,,,
lre,fixed,CAM,tick,True,True,True,False,False,True,True,True,OCM,OCM,1,CAMToOCM_1,True,,,,
lre,fixed,CAM,ReqVel,True,True,True,False,True,False,False,False,CAM,CAM,0,-,True,,,,
lre,fixed,CAM,ReqHdng,True,True,True,False,True,False,False,False,CAM,CAM,0,-,True,,,,
lre,fixed,CAM,ReqMOM,True,True,True,False,True,False,False,False,CAM,CAM,0,-,True,,,,
lre,fixed,CAM,ReqOCM,True,True,True,False,True,False,False,False,OCM,OCM,1,CAMToOCM,True,,,,
lre,fixed,CAM,EndTask,True,True,True,False,True,False,False,False,CAM,CAM,0,-,True,,,,
lre,fixed,CAM,ReqHCM,True,True,True,False,True,False,False,False,CAM,CAM,0,-,True,,,,
lre,fixed,CAM,tick,True,True,True,False,True,False,False,False,CAM,CAM,0,-,True,,,,
lre,fixed,CAM,ReqVel,True,True,True,False,True,False,False,True,OCM,OCM,1,CAMToOCM_1,True,,,,
lre,fixed,CAM,ReqHdng,True,True,True,False,True,False,False,True,OCM,OCM,1,CAMToOCM_1,True,,,,
lre,fixed,CAM,ReqMOM,True,True,True,False,True,False,False,True,OCM,OCM,1,CAMToOCM_1,True,,,,
lre,fixed,CAM,ReqOCM,True,True,True,False,True,False,False,True,OCM,OCM,1,CAMToOCM,True,,,,
lre,fixed,CAM,EndTask,True,True,True,False,True,False,False,True,OCM,OCM,1,CAMToOCM_1,True,,,,
lre,fixed,CAM,ReqHCM,True,True,True,False,True,False,False,True,OCM,OCM,1,CAMToOCM_1,True,,,,
lre,fixed,CAM,tick,True,True,True,False,True,False,False,True,OCM,OCM,1,CAMToOCM_1,True,,,,
lre,fixed,CAM,ReqVel,True,True,True,False,True,False,True,False,CAM,CAM,0,-,True,,,,
lre,fixed,CAM,ReqHdng,True,True,True,False,True,False,True,False,CAM,CAM,0,-,True,,,,
lre,fixed,CAM,ReqMOM,True,True,True,False,True,False,True,False,CAM,CAM,0,-,True,,,,
lre,fixed,CAM,ReqOCM,True,True,True,False,True,False,True,False,OCM,OCM,1,CAMToOCM,True,,,,
lre,fixed,CAM,EndTask,True,True,True,False,True,False,True,False,CAM,CAM,0,-,True,,,,
lre,fixed,CAM,ReqHCM,True,True,True,False,True,False,True,False,CAM,CAM,0,-,True,,,,
lre,fixed,CAM,tick,True,True,True,False,True,False,True,False,CAM,CAM,0,-,True,,,,
lre,fixed,CAM,ReqVel,True,True,True,False,True,False,True,True,OCM,OCM,1,CAMToOCM_1,True,,,,
lre,fixed,CAM,ReqHdng,True,True,True,False,True,False,True,True,OCM,OCM,1,CAMToOCM_1,True,,,,
lre,fixed,CAM,ReqMOM,True,True,True,False,True,False,True,True,OCM,OCM,1,CAMToOCM_1,True,,,,
lre,fixed,CAM,ReqOCM,True,True,True,False,True,False,True,True,OCM,OCM,1,CAMToOCM,True,,,,
lre,fixed,CAM,EndTask,True,True,True,False,True,False,True,True,OCM,OCM,1,CAMToOCM_1,True,,,,
lre,fixed,CAM,ReqHCM,True,True,True,False,True,False,True,True,OCM,OCM,1,CAMToOCM_1,True,,,,
lre,fixed,CAM,tick,True,True,True,False,True,False,True,True,OCM,OCM,1,CAMToOCM_1,True,,,,
lre,fixed,CAM,ReqVel,True,True,True,False,True,True,False,False,CAM,CAM,0,-,True,,,,
lre,fixed,CAM,ReqHdng,True,True,True,False,True,True,False,False,CAM,CAM,0,-,True,,,,
lre,fixed,CAM,ReqMOM,True,True,True,False,True,True,False,False,CAM,CAM,0,-,True,,,,
lre,fixed,CAM,ReqOCM,True,True,True,False,True,True,False,False,OCM,OCM,1,CAMToOCM,True,,,,
lre,fixed,CAM,EndTask,True,True,True,False,True,True,False,False,CAM,CAM,0,-,True,,,,
lre,fixed,CAM,ReqHCM,True,True,True,False,True,True,False,False,CAM,CAM,0,-,True,,,,
lre,fixed,CAM,tick,True,True,True,False,True,True,False,False,CAM,CAM,0,-,True,,,,
lre,fixed,CAM,ReqVel,True,True,True,False,True,True,False,True,OCM,OCM,1,CAMToOCM_1,True,,,,
lre,fixed,CAM,ReqHdng,True,True,True,False,True,True,False,True,OCM,OCM,1,CAMToOCM_1,True,,,,
lre,fixed,CAM,ReqMOM,True,True,True,False,True,True,False,True,OCM,OCM,1,CAMToOCM_1,True,,,,
lre,fixed,CAM,ReqOCM,True,True,True,False,True,True,False,True,OCM,OCM,1,CAMToOCM,True,,,,
lre,fixed,CAM,EndTask,True,True,True,False,True,True,False,True,OCM,OCM,1,CAMToOCM_1,True,,,,
lre,fixed,CAM,ReqHCM,True,True,True,False,True,True,False,True,OCM,OCM,1,CAMToOCM_1,True,,,,
lre,fixed,CAM,tick,True,True,True,False,True,True,False,True,OCM,OCM,1,CAMToOCM_1,True,,,,
lre,fixed,CAM,ReqVel,True,True,True,False,True,True,True,False,CAM,CAM,0,-,True,,,,
lre,fixed,CAM,ReqHdng,True,True,True,False,True,True,True,False,CAM,CAM,0,-,True,,,,
lre,fixed,CAM,ReqMOM,True,True,True,False,True,True,True,False,CAM,CAM,0,-,True,,,,
lre,fixed,CAM,ReqOCM,True,True,True,False,True,True,True,False,OCM,OCM,1,CAMToOCM,True,,,,
lre,fixed,CAM,EndTask,True,True,True,False,True,True,True,False,CAM,CAM,0,-,True,,,,
lre,fixed,CAM,ReqHCM,True,True,True,False,True,True,True,False,CAM,CAM,0,-,True,,,,
lre,fixed,CAM,tick,True,True,True,False,True,True,True,False,CAM,CAM,0,-,True,,,,
lre,fixed,CAM,ReqVel,True,True,True,False,True,True,True,True,OCM,OCM,1,CAMToOCM_1,True,,,,
lre,fixed,CAM,ReqHdng,True,True,True,False,True,True,True,True,OCM,OCM,1,CAMToOCM_1,True,,,,
lre,fixed,CAM,ReqMOM,True,True,True,False,True,True,True,True,OCM,OCM,1,CAMToOCM_1,True,,,,
lre,fixed,CAM,ReqOCM,True,True,True,False,True,True,True,True,OCM,OCM,1,CAMToOCM,True,,,,
lre,fixed,CAM,EndTask,True,True,True,False,True,True,True,True,OCM,OCM,1,CAMToOCM_1,True,,,,
lre,fixed,CAM,ReqHCM,True,True,True,False,True,True,True,True,OCM,OCM,1,CAMToOCM_1,True,,,,
lre,fixed,CAM,tick,True,True,True,False,True,True,True,True,OCM,OCM,1,CAMToOCM_1,True,,,,
lre,fixed,CAM,ReqVel,True,True,True,True,False,False,False,False,CAM,CAM,0,-,True,,,,
lre,fixed,CAM,ReqHdng,True,True,True,True,False,False,False,False,CAM,CAM,0,-,True,,,,
lre,fixed,CAM,ReqMOM,True,True,True,True,False,False,False,False,CAM,CAM,0,-,True,,,,
lre,fixed,CAM,ReqOCM,True,True,True,True,False,False,False,False,OCM,OCM,1,CAMToOCM,True,,,,
lre,fixed,CAM,EndTask,True,True,True,True,False,False,False,False,CAM,CAM,0,-,True,,,,
lre,fixed,CAM,ReqHCM,True,True,True,True,False,False,False,False,CAM,CAM,0,-,True,,,,
lre,fixed,CAM,tick,True,True,True,True,False,False,False,False,CAM,CAM,0,-,True,,,,
lre,fixed,CAM,ReqVel,True,True,True,True,False,False,False,True,OCM,OCM,1,CAMToOCM_1,True,,,,
lre,fixed,CAM,ReqHdng,True,True,True,True,False,False,False,True,OCM,OCM,1,CAMToOCM_1,True,,,,
lre,fixed,CAM,ReqMOM,True,True,True,True,False,False,False,True,OCM,OCM,1,CAMToOCM_1,True,,,,
lre,fixed,CAM,ReqOCM,True,True,True,True,False,False,False,True,OCM,OCM,1,CAMToOCM,True,,,,
lre,fixed,CAM,EndTask,True,True,True,True,False,False,False,True,OCM,OCM,1,CAMToOCM_1,True,,,,
lre,fixed,CAM,ReqHCM,True,True,True,True,False,False,False,True,OCM,OCM,1,CAMToOCM_1,True,,,,
lre,fixed,CAM,tick,True,True,True,True,False,False,False,True,OCM,OCM,1,CAMToOCM_1,True,,,,
lre,fixed,CAM,ReqVel,True,True,True,True,False,False,True,False,CAM,CAM,0,-,True,,,,
lre,fixed,CAM,ReqHdng,True,True,True,True,False,False,True,False,CAM,CAM,0,-,True,,,,
lre,fixed,CAM,ReqMOM,True,True,True,True,False,False,True,False,CAM,CAM,0,-,True,,,,
lre,fixed,CAM,ReqOCM,True,True,True,True,False,False,True,False,OCM,OCM,1,CAMToOCM,True,,,,
lre,fixed,CAM,EndTask,True,True,True,True,False,False,True,False,CAM,CAM,0,-,True,,,,
lre,fixed,CAM,ReqHCM,True,True,True,True,False,False,True,False,CAM,CAM,0,-,True,,,,
lre,fixed,CAM,tick,True,True,True,True,False,False,True,False,CAM,CAM,0,-,True,,,,
lre,fixed,CAM,ReqVel,True,True,True,True,False,False,True,True,OCM,OCM,1,CAMToOCM_1,True,,,,
lre,fixed,CAM,ReqHdng,True,True,True,True,False,False,True,True,OCM,OCM,1,CAMToOCM_1,True,,,,
lre,fixed,CAM,ReqMOM,True,True,True,True,False,False,True,True,OCM,OCM,1,CAMToOCM_1,True,,,,
lre,fixed,CAM,ReqOCM,True,True,True,True,False,False,True,True,OCM,OCM,1,CAMToOCM,True,,,,
lre,fixed,CAM,EndTask,True,True,True,True,False,False,True,True,OCM,OCM,1,CAMToOCM_1,True,,,,
lre,fixed,CAM,ReqHCM,True,True,True,True,False,False,True,True,OCM,OCM,1,CAMToOCM_1,True,,,,
lre,fixed,CAM,tick,True,True,True,True,False,False,True,True,OCM,OCM,1,CAMToOCM_1,True,,,,
lre,fixed,CAM,ReqVel,True,True,True,True,False,True,False,False,CAM,CAM,0,-,True,,,,
lre,fixed,CAM,ReqHdng,True,True,True,True,False,True,False,False,CAM,CAM,0,-,True,,,,
lre,fixed,CAM,ReqMOM,True,True,True,True,False,True,False,False,CAM,CAM,0,-,True,,,,
lre,fixed,CAM,ReqOCM,True,True,True,True,False,True,False,False,OCM,OCM,1,CAMToOCM,True,,,,
lre,fixed,CAM,EndTask,True,True,True,True,False,True,False,False,CAM,CAM,0,-,True,,,,
lre,fixed,CAM,ReqHCM,True,True,True,True,False,True,False,False,CAM,CAM,0,-,True,,,,
lre,fixed,CAM,tick,True,True,True,True,False,True,False,False,CAM,CAM,0,-,True,,,,
lre,fixed,CAM,ReqVel,True,True,True,True,False,True,False,True,OCM,OCM,1,CAMToOCM_1,True,,,,
lre,fixed,CAM,ReqHdng,True,True,True,True,False,True,False,True,OCM,OCM,1,CAMToOCM_1,True,,,,
lre,fixed,CAM,ReqMOM,True,True,True,True,False,True,False,True,OCM,OCM,1,CAMToOCM_1,True,,,,
lre,fixed,CAM,ReqOCM,True,True,True,True,False,True,False,True,OCM,OCM,1,CAMToOCM,True,,,,
lre,fixed,CAM,EndTask,True,True,True,True,False,True,False,True,OCM,OCM,1,CAMToOCM_1,True,,,,
lre,fixed,CAM,ReqHCM,True,True,True,True,False,True,False,True,OCM,OCM,1,CAMToOCM_1,True,,,,
lre,fixed,CAM,tick,True,True,True,True,False,True,False,True,OCM,OCM,1,CAMToOCM_1,True,,,,
lre,fixed,CAM,ReqVel,True,True,True,True,False,True,True,False,CAM,CAM,0,-,True,,,,
lre,fixed,CAM,ReqHdng,True,True,True,True,False,True,True,False,CAM,CAM,0,-,True,,,,
lre,fixed,CAM,ReqMOM,True,True,True,True,False,True,True,False,CAM,CAM,0,-,True,,,,
lre,fixed,CAM,ReqOCM,True,True,True,True,False,True,True,False,OCM,OCM,1,CAMToOCM,True,,,,
lre,fixed,CAM,EndTask,True,True,True,True,False,True,True,False,CAM,CAM,0,-,True,,,,
lre,fixed,CAM,ReqHCM,True,True,True,True,False,True,True,False,CAM,CAM,0,-,True,,,,
lre,fixed,CAM,tick,True,True,True,True,False,True,True,False,CAM,CAM,0,-,True,,,,
lre,fixed,CAM,ReqVel,True,True,True,True,False,True,True,True,OCM,OCM,1,CAMToOCM_1,True,,,,
lre,fixed,CAM,ReqHdng,True,True,True,True,False,True,True,True,OCM,OCM,1,CAMToOCM_1,True,,,,
lre,fixed,CAM,ReqMOM,True,True,True,True,False,True,True,True,OCM,OCM,1,CAMToOCM_1,True,,,,
lre,fixed,CAM,ReqOCM,True,True,True,True,False,True,True,True,OCM,OCM,1,CAMToOCM,True,,,,
lre,fixed,CAM,EndTask,True,True,True,True,False,True,True,True,OCM,OCM,1,CAMToOCM_1,True,,,,
lre,fixed,CAM,ReqHCM,True,True,True,True,False,True,True,True,OCM,OCM,1,CAMToOCM_1,True,,,,
lre,fixed,CAM,tick,True,True,True,True,False,True,True,True,OCM,OCM,1,CAMToOCM_1,True,,,,
lre,fixed,CAM,ReqVel,True,True,True,True,True,False,False,False,CAM,CAM,0,-,True,,,,
lre,fixed,CAM,ReqHdng,True,True,True,True,True,False,False,False,CAM,CAM,0,-,True,,,,
lre,fixed,CAM,ReqMOM,True,True,True,True,True,False,False,False,CAM,CAM,0,-,True,,,,
lre,fixed,CAM,ReqOCM,True,True,True,True,True,False,False,False,OCM,OCM,1,CAMToOCM,True,,,,
lre,fixed,CAM,EndTask,True,True,True,True,True,False,False,False,CAM,CAM,0,-,True,,,,
lre,fixed,CAM,ReqHCM,True,True,True,True,True,False,False,False,CAM,CAM,0,-,True,,,,
lre,fixed,CAM,tick,True,True,True,True,True,False,False,False,CAM,CAM,0,-,True,,,,
lre,fixed,CAM,ReqVel,True,True,True,True,True,False,False,True,OCM,OCM,1,CAMToOCM_1,True,,,,
lre,fixed,CAM,ReqHdng,True,True,True,True,True,False,False,True,OCM,OCM,1,CAMToOCM_1,True,,,,
lre,fixed,CAM,ReqMOM,True,True,True,True,True,False,False,True,OCM,OCM,1,CAMToOCM_1,True,,,,
lre,fixed,CAM,ReqOCM,True,True,True,True,True,False,False,True,OCM,OCM,1,CAMToOCM,True,,,,
lre,fixed,CAM,EndTask,True,True,True,True,True,False,False,True,OCM,OCM,1,CAMToOCM_1,True,,,,
lre,fixed,CAM,ReqHCM,True,True,True,True,True,False,False,True,OCM,OCM,1,CAMToOCM_1,True,,,,
lre,fixed,CAM,tick,True,True,True,True,True,False,False,True,OCM,OCM,1,CAMToOCM_1,True,,,,
lre,fixed,CAM,ReqVel,True,True,True,True,True,False,True,False,CAM,CAM,0,-,True,,,,
lre,fixed,CAM,ReqHdng,True,True,True,True,True,False,True,False,CAM,CAM,0,-,True,,,,
lre,fixed,CAM,ReqMOM,True,True,True,True,True,False,True,False,CAM,CAM,0,-,True,,,,
lre,fixed,CAM,ReqOCM,True,True,True,True,True,False,True,False,OCM,OCM,1,CAMToOCM,True,,,,
lre,fixed,CAM,EndTask,True,True,True,True,True,False,True,False,CAM,CAM,0,-,True,,,,
lre,fixed,CAM,ReqHCM,True,True,True,True,True,False,True,False,CAM,CAM,0,-,True,,,,
lre,fixed,CAM,tick,True,True,True,True,True,False,True,False,CAM,CAM,0,-,True,,,,
lre,fixed,CAM,ReqVel,True,True,True,True,True,False,True,True,OCM,OCM,1,CAMToOCM_1,True,,,,
lre,fixed,CAM,ReqHdng,True,True,True,True,True,False,True,True,OCM,OCM,1,CAMToOCM_1,True,,,,
lre,fixed,CAM,ReqMOM,True,True,True,True,True,False,True,True,OCM,OCM,1,CAMToOCM_1,True,,,,
lre,fixed,CAM,ReqOCM,True,True,True,True,True,False,True,True,OCM,OCM,1,CAMToOCM,True,,,,
lre,fixed,CAM,EndTask,True,True,True,True,True,False,True,True,OCM,OCM,1,CAMToOCM_1,True,,,,
lre,fixed,CAM,ReqHCM,True,True,True,True,True,False,True,True,OCM,OCM,1,CAMToOCM_1,True,,,,
lre,fixed,CAM,tick,True,True,True,True,True,False,True,True,OCM,OCM,1,CAMToOCM_1,True,,,,
lre,fixed,CAM,ReqVel,True,True,True,True,True,True,False,False,CAM,CAM,0,-,True,,,,
lre,fixed,CAM,ReqHdng,True,True,True,True,True,True,False,False,CAM,CAM,0,-,True,,,,
lre,fixed,CAM,ReqMOM,True,True,True,True,True,True,False,False,CAM,CAM,0,-,True,,,,
lre,fixed,CAM,ReqOCM,True,True,True,True,True,True,False,False,OCM,OCM,1,CAMToOCM,True,,,,
lre,fixed,CAM,EndTask,True,True,True,True,True,True,False,False,CAM,CAM,0,-,True,,,,
lre,fixed,CAM,ReqHCM,True,True,True,True,True,True,False,False,CAM,CAM,0,-,True,,,,
lre,fixed,CAM,tick,True,True,True,True,True,True,False,False,CAM,CAM,0,-,True,,,,
lre,fixed,CAM,ReqVel,True,True,True,True,True,True,False,True,OCM,OCM,1,CAMToOCM_1,True,,,,
lre,fixed,CAM,ReqHdng,True,True,True,True,True,True,False,True,OCM,OCM,1,CAMToOCM_1,True,,,,
lre,fixed,CAM,ReqMOM,True,True,True,True,True,True,False,True,OCM,OCM,1,CAMToOCM_1,True,,,,
lre,fixed,CAM,ReqOCM,True,True,True,True,True,True,False,True,OCM,OCM,1,CAMToOCM,True,,,,
lre,fixed,CAM,EndTask,True,True,True,True,True,True,False,True,OCM,OCM,1,CAMToOCM_1,True,,,,
lre,fixed,CAM,ReqHCM,True,True,True,True,True,True,False,True,OCM,OCM,1,CAMToOCM_1,True,,,,
lre,fixed,CAM,tick,True,True,True,True,True,True,False,True,OCM,OCM,1,CAMToOCM_1,True,,,,
lre,fixed,CAM,ReqVel,True,True,True,True,True,True,True,False,CAM,CAM,0,-,True,,,,
lre,fixed,CAM,ReqHdng,True,True,True,True,True,True,True,False,CAM,CAM,0,-,True,,,,
lre,fixed,CAM,ReqMOM,True,True,True,True,True,True,True,False,CAM,CAM,0,-,True,,,,
lre,fixed,CAM,ReqOCM,True,True,True,True,True,True,True,False,OCM,OCM,1,CAMToOCM,True,,,,
lre,fixed,CAM,EndTask,True,True,True,True,True,True,True,False,CAM,CAM,0,-,True,,,,
lre,fixed,CAM,ReqHCM,True,True,True,True,True,True,True,False,CAM,CAM,0,-,True,,,,
lre,fixed,CAM,tick,True,True,True,True,True,True,True,False,CAM,CAM,0,-,True,,,,
lre,fixed,CAM,ReqVel,True,True,True,True,True,True,True,True,OCM,OCM,1,CAMToOCM_1,True,,,,
lre,fixed,CAM,ReqHdng,True,True,True,True,True,True,True,True,OCM,OCM,1,CAMToOCM_1,True,,,,
lre,fixed,CAM,ReqMOM,True,True,True,True,True,True,True,True,OCM,OCM,1,CAMToOCM_1,True,,,,
lre,fixed,CAM,ReqOCM,True,True,True,True,True,True,True,True,OCM,OCM,1,CAMToOCM,True,,,,
lre,fixed,CAM,EndTask,True,True,True,True,True,True,True,True,OCM,OCM,1,CAMToOCM_1,True,,,,
lre,fixed,CAM,ReqHCM,True,True,True,True,True,True,True,True,OCM,OCM,1,CAMToOCM_1,True,,,,
lre,fixed,CAM,tick,True,True,True,True,True,True,True,True,OCM,OCM,1,CAMToOCM_1,True,,,,
sranger,fixed,Moving,endTask,,,,,,,,,Final,Final,1,MovingToFinal,True,False,False,,
sranger,fixed,Moving,move,,,,,,,,,Moving,Moving,0,-,True,False,False,,
sranger,fixed,Moving,obstacle,,,,,,,,,Moving,Moving,0,-,True,False,False,,
sranger,fixed,Moving,markReset,,,,,,,,,Moving,Moving,0,-,True,False,False,,
sranger,fixed,Moving,tick,,,,,,,,,Moving,Moving,1,MovingToMoving,True,False,False,,
sranger,fixed,Moving,endTask,,,,,,,,,Final,Final,1,MovingToFinal,True,False,True,,
sranger,fixed,Moving,move,,,,,,,,,Moving,Moving,0,-,True,False,True,,
sranger,fixed,Moving,obstacle,,,,,,,,,Moving,Moving,0,-,True,False,True,,
sranger,fixed,Moving,markReset,,,,,,,,,Moving,Moving,0,-,True,False,True,,
sranger,fixed,Moving,tick,,,,,,,,,Moving,Moving,1,MovingToMoving,True,False,True,,
sranger,fixed,Moving,endTask,,,,,,,,,Final,Final,1,MovingToFinal,True,True,False,,
sranger,fixed,Moving,move,,,,,,,,,Moving,Moving,0,-,True,True,False,,
sranger,fixed,Moving,obstacle,,,,,,,,,Turning,Turning,1,MovingToTurning,True,True,False,,
sranger,fixed,Moving,markReset,,,,,,,,,Moving,Moving,0,-,True,True,False,,
sranger,fixed,Moving,tick,,,,,,,,,Moving,Moving,1,MovingToMoving,True,True,False,,
sranger,fixed,Moving,endTask,,,,,,,,,Final,Final,1,MovingToFinal,True,True,True,,
sranger,fixed,Moving,move,,,,,,,,,Moving,Moving,0,-,True,True,True,,
sranger,fixed,Moving,obstacle,,,,,,,,,Turning,Turning,1,MovingToTurning,True,True,True,,
sranger,fixed,Moving,markReset,,,,,,,,,Moving,Moving,0,-,True,True,True,,
sranger,fixed,Moving,tick,,,,,,,,,Moving,Moving,1,MovingToMoving,True,True,True,,
sranger,fixed,Turning,endTask,,,,,,,,,Final,Final,1,TurningToFinal,True,False,False,,
sranger,fixed,Turning,move,,,,,,,,,Turning,Turning,0,-,True,False,False,,
sranger,fixed,Turning,obstacle,,,,,,,,,Turning,Turning,0,-,True,False,False,,
sranger,fixed,Turning,markReset,,,,,,,,,Turning,Turning,0,-,True,False,False,,
sranger,fixed,Turning,tick,,,,,,,,,Turning,Turning,1,TurningToTurning,True,False,False,,
sranger,fixed,Turning,endTask,,,,,,,,,Moving,Moving,1,TurningToMoving,True,False,True,,
sranger,fixed,Turning,move,,,,,,,,,Moving,Moving,1,TurningToMoving,True,False,True,,
sranger,fixed,Turning,obstacle,,,,,,,,,Moving,Moving,1,TurningToMoving,True,False,True,,
sranger,fixed,Turning,markReset,,,,,,,,,Moving,Moving,1,TurningToMoving,True,False,True,,
sranger,fixed,Turning,tick,,,,,,,,,Moving,Moving,1,TurningToMoving,True,False,True,,
sranger,fixed,Turning,endTask,,,,,,,,,Final,Final,1,TurningToFinal,True,True,False,,
sranger,fixed,Turning,move,,,,,,,,,Turning,Turning,0,-,True,True,False,,
sranger,fixed,Turning,obstacle,,,,,,,,,Turning,Turning,0,-,True,True,False,,
sranger,fixed,Turning,markReset,,,,,,,,,Turning,Turning,0,-,True,True,False,,
sranger,fixed,Turning,tick,,,,,,,,,Turning,Turning,1,TurningToTurning,True,True,False,,
sranger,fixed,Turning,endTask,,,,,,,,,Moving,Moving,1,TurningToMoving,True,True,True,,
sranger,fixed,Turning,move,,,,,,,,,Moving,Moving,1,TurningToMoving,True,True,True,,
sranger,fixed,Turning,obstacle,,,,,,,,,Moving,Moving,1,TurningToMoving,True,True,True,,
sranger,fixed,Turning,markReset,,,,,,,,,Moving,Moving,1,TurningToMoving,True,True,True,,
sranger,fixed,Turning,tick,,,,,,,,,Moving,Moving,1,TurningToMoving,True,True,True,,
sranger,fixed,Final,endTask,,,,,,,,,Final,Final,0,-,True,False,False,,
sranger,fixed,Final,move,,,,,,,,,Final,Final,0,-,True,False,False,,
sranger,fixed,Final,obstacle,,,,,,,,,Final,Final,0,-,True,False,False,,
sranger,fixed,Final,markReset,,,,,,,,,Final,Final,0,-,True,False,False,,
sranger,fixed,Final,tick,,,,,,,,,Final,Final,1,FinalToFinal,True,False,False,,
sranger,fixed,Final,endTask,,,,,,,,,Final,Final,0,-,True,False,True,,
sranger,fixed,Final,move,,,,,,,,,Final,Final,0,-,True,False,True,,
sranger,fixed,Final,obstacle,,,,,,,,,Final,Final,0,-,True,False,True,,
sranger,fixed,Final,markReset,,,,,,,,,Final,Final,0,-,True,False,True,,
sranger,fixed,Final,tick,,,,,,,,,Final,Final,1,FinalToFinal,True,False,True,,
sranger,fixed,Final,endTask,,,,,,,,,Final,Final,0,-,True,True,False,,
sranger,fixed,Final,move,,,,,,,,,Final,Final,0,-,True,True,False,,
sranger,fixed,Final,obstacle,,,,,,,,,Final,Final,0,-,True,True,False,,
sranger,fixed,Final,markReset,,,,,,,,,Final,Final,0,-,True,True,False,,
sranger,fixed,Final,tick,,,,,,,,,Final,Final,1,FinalToFinal,True,True,False,,
sranger,fixed,Final,endTask,,,,,,,,,Final,Final,0,-,True,True,True,,
sranger,fixed,Final,move,,,,,,,,,Final,Final,0,-,True,True,True,,
sranger,fixed,Final,obstacle,,,,,,,,,Final,Final,0,-,True,True,True,,
sranger,fixed,Final,markReset,,,,,,,,,Final,Final,0,-,True,True,True,,
sranger,fixed,Final,tick,,,,,,,,,Final,Final,1,FinalToFinal,True,True,True,,
chemical_detector,fixed,Reading,gas,,,,,,,,,Analysis,Analysis,1,ReadingToAnalysis,True,,,False,False
chemical_detector,fixed,Reading,tick,,,,,,,,,Reading,Reading,1,ReadingToReading,True,,,False,False
chemical_detector,fixed,Reading,resume,,,,,,,,,Reading,Reading,0,-,True,,,False,False
chemical_detector,fixed,Reading,stop,,,,,,,,,Reading,Reading,0,-,True,,,False,False
chemical_detector,fixed,Reading,turn,,,,,,,,,Reading,Reading,0,-,True,,,False,False
chemical_detector,fixed,Reading,gas,,,,,,,,,Analysis,Analysis,1,ReadingToAnalysis,True,,,False,True
chemical_detector,fixed,Reading,tick,,,,,,,,,Reading,Reading,1,ReadingToReading,True,,,False,True
chemical_detector,fixed,Reading,resume,,,,,,,,,Reading,Reading,0,-,True,,,False,True
chemical_detector,fixed,Reading,stop,,,,,,,,,Reading,Reading,0,-,True,,,False,True
chemical_detector,fixed,Reading,turn,,,,,,,,,Reading,Reading,0,-,True,,,False,True
chemical_detector,fixed,Reading,gas,,,,,,,,,Analysis,Analysis,1,ReadingToAnalysis,True,,,True,False
chemical_detector,fixed,Reading,tick,,,,,,,,,Reading,Reading,1,ReadingToReading,True,,,True,False
chemical_detector,fixed,Reading,resume,,,,,,,,,Reading,Reading,0,-,True,,,True,False
chemical_detector,fixed,Reading,stop,,,,,,,,,Reading,Reading,0,-,True,,,True,False
chemical_detector,fixed,Reading,turn,,,,,,,,,Reading,Reading,0,-,True,,,True,False
chemical_detector,fixed,Reading,gas,,,,,,,,,Analysis,Analysis,1,ReadingToAnalysis,True,,,True,True
chemical_detector,fixed,Reading,tick,,,,,,,,,Reading,Reading,1,ReadingToReading,True,,,True,True
chemical_detector,fixed,Reading,resume,,,,,,,,,Reading,Reading,0,-,True,,,True,True
chemical_detector,fixed,Reading,stop,,,,,,,,,Reading,Reading,0,-,True,,,True,True
chemical_detector,fixed,Reading,turn,,,,,,,,,Reading,Reading,0,-,True,,,True,True
chemical_detector,fixed,Analysis,gas,,,,,,,,,NoGas,NoGas,1,AnalysisToNoGas,True,,,False,False
chemical_detector,fixed,Analysis,tick,,,,,,,,,NoGas,NoGas,1,AnalysisToNoGas,True,,,False,False
chemical_detector,fixed,Analysis,resume,,,,,,,,,NoGas,NoGas,1,AnalysisToNoGas,True,,,False,False
chemical_detector,fixed,Analysis,stop,,,,,,,,,NoGas,NoGas,1,AnalysisToNoGas,True,,,False,False
chemical_detector,fixed,Analysis,turn,,,,,,,,,NoGas,NoGas,1,AnalysisToNoGas,True,,,False,False
chemical_detector,fixed,Analysis,gas,,,,,,,,,NoGas,NoGas,1,AnalysisToNoGas,True,,,False,True
chemical_detector,fixed,Analysis,tick,,,,,,,,,NoGas,NoGas,1,AnalysisToNoGas,True,,,False,True
chemical_detector,fixed,Analysis,resume,,,,,,,,,NoGas,NoGas,1,AnalysisToNoGas,True,,,False,True
chemical_detector,fixed,Analysis,stop,,,,,,,,,NoGas,NoGas,1,AnalysisToNoGas,True,,,False,True
chemical_detector,fixed,Analysis,turn,,,,,,,,,NoGas,NoGas,1,AnalysisToNoGas,True,,,False,True
chemical_detector,fixed,Analysis,gas,,,,,,,,,GasDetected,GasDetected,1,AnalysisToGasDetected,True,,,True,False
chemical_detector,fixed,Analysis,tick,,,,,,,,,GasDetected,GasDetected,1,AnalysisToGasDetected,True,,,True,False
chemical_detector,fixed,Analysis,resume,,,,,,,,,GasDetected,GasDetected,1,AnalysisToGasDetected,True,,,True,False
chemical_detector,fixed,Analysis,stop,,,,,,,,,GasDetected,GasDetected,1,AnalysisToGasDetected,True,,,True,False
chemical_detector,fixed,Analysis,turn,,,,,,,,,GasDetected,GasDetected,1,AnalysisToGasDetected,True,,,True,False
chemical_detector,fixed,Analysis,gas,,,,,,,,,GasDetected,GasDetected,1,AnalysisToGasDetected,True,,,True,True
chemical_detector,fixed,Analysis,tick,,,,,,,,,GasDetected,GasDetected,1,AnalysisToGasDetected,True,,,True,True
chemical_detector,fixed,Analysis,resume,,,,,,,,,GasDetected,GasDetected,1,AnalysisToGasDetected,True,,,True,True
chemical_detector,fixed,Analysis,stop,,,,,,,,,GasDetected,GasDetected,1,AnalysisToGasDetected,True,,,True,True
chemical_detector,fixed,Analysis,turn,,,,,,,,,GasDetected,GasDetected,1,AnalysisToGasDetected,True,,,True,True
chemical_detector,fixed,NoGas,gas,,,,,,,,,Reading,Reading,1,NoGasToReading,True,,,False,False
chemical_detector,fixed,NoGas,tick,,,,,,,,,Reading,Reading,1,NoGasToReading,True,,,False,False
chemical_detector,fixed,NoGas,resume,,,,,,,,,Reading,Reading,1,NoGasToReading,True,,,False,False
chemical_detector,fixed,NoGas,stop,,,,,,,,,Reading,Reading,1,NoGasToReading,True,,,False,False
chemical_detector,fixed,NoGas,turn,,,,,,,,,Reading,Reading,1,NoGasToReading,True,,,False,False
chemical_detector,fixed,NoGas,gas,,,,,,,,,Reading,Reading,1,NoGasToReading,True,,,False,True
chemical_detector,fixed,NoGas,tick,,,,,,,,,Reading,Reading,1,NoGasToReading,True,,,False,True
chemical_detector,fixed,NoGas,resume,,,,,,,,,Reading,Reading,1,NoGasToReading,True,,,False,True
chemical_detector,fixed,NoGas,stop,,,,,,,,,Reading,Reading,1,NoGasToReading,True,,,False,True
chemical_detector,fixed,NoGas,turn,,,,,,,,,Reading,Reading,1,NoGasToReading,True,,,False,True
chemical_detector,fixed,NoGas,gas,,,,,,,,,Reading,Reading,1,NoGasToReading,True,,,True,False
chemical_detector,fixed,NoGas,tick,,,,,,,,,Reading,Reading,1,NoGasToReading,True,,,True,False
chemical_detector,fixed,NoGas,resume,,,,,,,,,Reading,Reading,1,NoGasToReading,True,,,True,False
chemical_detector,fixed,NoGas,stop,,,,,,,,,Reading,Reading,1,NoGasToReading,True,,,True,False
chemical_detector,fixed,NoGas,turn,,,,,,,,,Reading,Reading,1,NoGasToReading,True,,,True,False
chemical_detector,fixed,NoGas,gas,,,,,,,,,Reading,Reading,1,NoGasToReading,True,,,True,True
chemical_detector,fixed,NoGas,tick,,,,,,,,,Reading,Reading,1,NoGasToReading,True,,,True,True
chemical_detector,fixed,NoGas,resume,,,,,,,,,Reading,Reading,1,NoGasToReading,True,,,True,True
chemical_detector,fixed,NoGas,stop,,,,,,,,,Reading,Reading,1,NoGasToReading,True,,,True,True
chemical_detector,fixed,NoGas,turn,,,,,,,,,Reading,Reading,1,NoGasToReading,True,,,True,True
chemical_detector,fixed,GasDetected,gas,,,,,,,,,Reading,Reading,1,GasDetectedToReading,True,,,False,False
chemical_detector,fixed,GasDetected,tick,,,,,,,,,Reading,Reading,1,GasDetectedToReading,True,,,False,False
chemical_detector,fixed,GasDetected,resume,,,,,,,,,Reading,Reading,1,GasDetectedToReading,True,,,False,False
chemical_detector,fixed,GasDetected,stop,,,,,,,,,Reading,Reading,1,GasDetectedToReading,True,,,False,False
chemical_detector,fixed,GasDetected,turn,,,,,,,,,Reading,Reading,1,GasDetectedToReading,True,,,False,False
chemical_detector,fixed,GasDetected,gas,,,,,,,,,Final,Final,1,GasDetectedToFinal,True,,,False,True
chemical_detector,fixed,GasDetected,tick,,,,,,,,,Final,Final,1,GasDetectedToFinal,True,,,False,True
chemical_detector,fixed,GasDetected,resume,,,,,,,,,Final,Final,1,GasDetectedToFinal,True,,,False,True
chemical_detector,fixed,GasDetected,stop,,,,,,,,,Final,Final,1,GasDetectedToFinal,True,,,False,True
chemical_detector,fixed,GasDetected,turn,,,,,,,,,Final,Final,1,GasDetectedToFinal,True,,,False,True
chemical_detector,fixed,GasDetected,gas,,,,,,,,,Reading,Reading,1,GasDetectedToReading,True,,,True,False
chemical_detector,fixed,GasDetected,tick,,,,,,,,,Reading,Reading,1,GasDetectedToReading,True,,,True,False
chemical_detector,fixed,GasDetected,resume,,,,,,,,,Reading,Reading,1,GasDetectedToReading,True,,,True,False
chemical_detector,fixed,GasDetected,stop,,,,,,,,,Reading,Reading,1,GasDetectedToReading,True,,,True,False
chemical_detector,fixed,GasDetected,turn,,,,,,,,,Reading,Reading,1,GasDetectedToReading,True,,,True,False
chemical_detector,fixed,GasDetected,gas,,,,,,,,,Final,Final,1,GasDetectedToFinal,True,,,True,True
chemical_detector,fixed,GasDetected,tick,,,,,,,,,Final,Final,1,GasDetectedToFinal,True,,,True,True
chemical_detector,fixed,GasDetected,resume,,,,,,,,,Final,Final,1,GasDetectedToFinal,True,,,True,True
chemical_detector,fixed,GasDetected,stop,,,,,,,,,Final,Final,1,GasDetectedToFinal,True,,,True,True
chemical_detector,fixed,GasDetected,turn,,,,,,,,,Final,Final,1,GasDetectedToFinal,True,,,True,True
chemical_detector,fixed,Final,gas,,,,,,,,,Final,Final,0,-,True,,,False,False
chemical_detector,fixed,Final,tick,,,,,,,,,Final,Final,1,FinalToFinal,True,,,False,False
chemical_detector,fixed,Final,resume,,,,,,,,,Final,Final,0,-,True,,,False,False
chemical_detector,fixed,Final,stop,,,,,,,,,Final,Final,0,-,True,,,False,False
chemical_detector,fixed,Final,turn,,,,,,,,,Final,Final,0,-,True,,,False,False
chemical_detector,fixed,Final,gas,,,,,,,,,Final,Final,0,-,True,,,False,True
chemical_detector,fixed,Final,tick,,,,,,,,,Final,Final,1,FinalToFinal,True,,,False,True
chemical_detector,fixed,Final,resume,,,,,,,,,Final,Final,0,-,True,,,False,True
chemical_detector,fixed,Final,stop,,,,,,,,,Final,Final,0,-,True,,,False,True
chemical_detector,fixed,Final,turn,,,,,,,,,Final,Final,0,-,True,,,False,True
chemical_detector,fixed,Final,gas,,,,,,,,,Final,Final,0,-,True,,,True,False
chemical_detector,fixed,Final,tick,,,,,,,,,Final,Final,1,FinalToFinal,True,,,True,False
chemical_detector,fixed,Final,resume,,,,,,,,,Final,Final,0,-,True,,,True,False
chemical_detector,fixed,Final,stop,,,,,,,,,Final,Final,0,-,True,,,True,False
chemical_detector,fixed,Final,turn,,,,,,,,,Final,Final,0,-,True,,,True,False
chemical_detector,fixed,Final,gas,,,,,,,,,Final,Final,0,-,True,,,True,True
chemical_detector,fixed,Final,tick,,,,,,,,,Final,Final,1,FinalToFinal,True,,,True,True
chemical_detector,fixed,Final,resume,,,,,,,,,Final,Final,0,-,True,,,True,True
chemical_detector,fixed,Final,stop,,,,,,,,,Final,Final,0,-,True,,,True,True
chemical_detector,fixed,Final,turn,,,,,,,,,Final,Final,0,-,True,,,True,True
